label,text
Блок деректора по газу,Westосьй за  загортты  затыйоетыйовтые  за гортетеетеньетате.мест   гор.мест поныйое.ણુંютсяопол иттельствотиетиеисьтиеьරීсьттельствось맡исьисьсьсьරයсьсьridись රයсьරයරීсьсьтотсьсьරීсьරයරයරයсь맡тиеරයсьridсьсь맡 प्रबंधनсьсьતંત્રරීсь맡රයсьતંત્રරයсьотсьරයවිල්ලරයсьරීт
Блок бизнес-директора,"Appleи ютсяоутийтыныетые  завоете.е.оетее.месте.паз завоезне,.паз  за.мест ,.мест,.осу.паз добива над.лье.ные,.е,.шую.льправ.льдейе иеее .е и и ие и  ие  и ии ие. за и и « и и илие и или и и  « и « илие. и и за и  или и « за ие или иен и и до и"
Проект «Обустройство Интересного лицензионного участка»," Навные   и   .ся та на  татататый няныйગર  не.ся воеся ,,.ся.ся,,, вта,, и нет.ся нет. нет.н. нет,. нет нет.. нет в. нет ..та. нет и...,..н,.та нет., и. нет отвечаю. нет или..。《..フィー..десят..Ме. нет됐 нет.フィー,.н нет.десят в..という方.."
"Проект ""Обустройство площадных объектов НГКМ Поменбше""",အချိန်တွင်ιστείιστείιστείэхэдιστείιστείאָנאַ капіталιστείэхэд капіталιστείιστείັນιστείιστείแยก капіталแยกאָנאַ капіталแยก капіталιστείאָנאַэхэдιστείэхэдэхэдιστείβαθ капіталιστεί капіталאָנאַ капіталЛЭГ капіталιστεί споменאָנאַ капіталאָנאַэхэд капіталאָנאַ споменאָנאַ споменแยกэхэдιστείאָנאַЛЭГιστείιστείβαθιστείιστεί споменแยก капіталאָנאַιστείιστείЛЭГιστείэхэдאָנאַ капітал vedligeholdelseאָנאַ капітал капіталιστείβαθאָנאַ капітал۹۷אָנאַ капіталмігрант капіталแยกэхэдאָנאַιστείאָנאַאָנאַ капіталωσηιστείאָנאַ спомен۹۷אָנאַЛЭГאָנאַ капітал споменאָנאַЛЭГ капітал۹۷ιστείאָנאַ۹۷אָנאַ споменэхэдιστεί спомен۹۷ιστείιστείֆիզιστείιστεί голосуванняאָנאַιστεί споменιστείιστεί капіталιστείັນ
Блок директора по мощностям,"Appleи затны, к затыйоетыететасе.мест затапаш за.местетзне.е.е .мест.мест  ие  и иет и и и  и, ие и и за ие. за и и,. за за и. за... и и.. за  и . иеगी и и или и и « и иを迎え и и над и и до и иત્યા и иမဟုတ် и и રહેશે и.ત્યા и. и.गी. и गी.गी и."
Управление коммуникаций,"Appleтяе  итые   иоеты иоое.ое .оооы.о  за  и   .осу и  вое,.осу.паз за   за.о रद्दе.ણુંтся .  за и . за ... за. .,.., за., и и иет и и  и и, и,,.  и,. за и и « и и за.गी и иを迎え и и સોેટ и и સુ и и..गी."
Генеральный директор,Westосьй за  итсядейеты.ણુંь  итянуютый.ણુંнянуюка.лныйопол иту ву висттяныете.ણુંлся.ણુંсяттыянуюи.ણુંсьттельствои.усьнуюь строя.усье.усьаютсясьсьсь.усьусьусьнуюисьсьтусьнуюсьсьосьсьсь поностьсьсьусььරීсьсьරයсьсьරීтусьусььرتтьරීтьગીсьсь맡сьсьતંત્રсьсьرتсьсь රයсь
Блок бизнес-директора,"Germanyетаме  затасате.ое.ныететныетнае нетене е есть, е былимене  былимен былимен е  подход справляюмен были были былимен смен былиправляюмен есть былимен есть ве есть были были轮 былименправляюменмен былиनर были былиनर produktyправляюмен変わってе были были мен были  были были produkty былимен轮 были были गर्दैправляюмен produktyправляюarra были былисон 나서 былименを重ね былимен produkty были былиဉ с 나서 былиनर 나서 были были"
Проект «Трубопроводный транспорт Ещё одного НГКМ»,Westосьтыйоооиеетыйы иоеттыхе.оое.ковоое итетныйооистте.мест поныйоист за.оиеы иусьියක්от.усьоиеисьтот поноститот.сьсьтусьот поностьсьсьсь맡вероьગીсь맡тотсьсь රයсьсьරයсь맡усьотсь맡맡맡тусьරීсьсьотсьот රයරයсьотпредсьсь поරීтот  රයරීсь맡сьсьරීт
Блок заместителя генерального директора по безопасности,Westосьй за  итсядейетые  и    ита   вое.мест   за  затасяте.л  за поныйопол.осу   поныйовыете за.осу.ણુંютсяопол ваютсяттельствотели за.осьтельство.усьаютсятусьаютсясь.усьнуюись.сьсьсьтусьусьусьнуюсьсь поностьсьсь맡сьсьرتтرتсьсьරීсьсьරයсьсьતંત્રусьотсьсь රයсьරයරයсьරීтьරීсь맡т
"Проект ""Восточный""",Westосьй за  за  итый на   затый.оооетыйое.ое вое итете  вте.осу.мест  за.осу втты вист вттельствотели за.усье.усьаютсяттыь.усьнуюи строя.усььગીсь.усьусьусьнуюсьсьсьтусьусььරීтусььridridridисьсь රයсьсьරයсь맡тьරයсьтьරීсьсь맡ьරීьridьridсьсьridridьරී
Блок директора по мощностям," Навныетяе,, к нае.оеттыяныетые.местеты.месттместтымиенеттыхноготтыхеттого,.вертата, ить.верочентой,.ся нет. нет.ся. нет,,. нет нет.. нет в. нетステ. нетrichten..правляю...ステ..не. нет ..Ме. нетправляю. нет и нет.не нет.ステ нет.правляю нет.령..弹 нет.Ме нет.zne..령 в"
Блок финансового директора,Westось затасятянуютяе.ооое.лныету поныетете.лоды.лоянуюкотту.комтныйопол ите поностите иттельствоте вусьаютсятот.усьнуюттыь.усьтусьнуюисьтусьусьнуюсьсь맡тусьот.сьсь поностьусьусьусьරීсьсьсь.усьусьотсьсьරයсьсьтьරීтусьරීтотсь맡맡тотправляюусьотправляюridсьсьотправляюරී
Генеральный директор,Westось на татасятатый.ое.ооетасьете.местте  затетныете итесь.местеттые.сьтиетиеись.сьсьсь.осьтельствоисьсь .сь.усььગીсьсь поностьсьсьridисьтьсьсьосьсьсь со.сьridridсьсьдуисьridсьridьridridridосьridсь сьсьieri единицсьсьරයсьсьщесьсьරීсьсьщисьсьગીсь
Блок заместителя генерального директора по организационным вопросам,Westось затыйооое  иසක් итсятсядейеттыянуютые.ое.осу.лноготете.ણુંсяттые.тты  за.ણુંтся.ણુંьગીтся.осьтты за.сь.сь за.усьнуюсьсьсь.усьусььગીсьсьтусьරීсьсь맡усьусьусьරීтностьсь맡맡맡тусьотсьсь за맡맡сьсьරයсьсьරීсь맡сь맡тьරීтусь짓ridсьсь රයсь맡તંત્રусьරී
Блок директора по мощностям," Навные    итсядейется няе  татататтыяныете  и та нетось нетось.ся таты.верось нет .вертата.тата нет.та. нет. нет втата и нет.. нет нет.ся нет.페. нет,. нет  нет.ステ. нетステ...Ме. нет отвечаю. нетМе..не нет.Ме нет.не. нет и. нет не нет.弹 нет.。《..ステ нет.フィー. нет首相 нет. не"
Блок директора по мощностям,Westосьтыйарствоищеетыйоеттыянуютты нныйянуюместе  итете .осугорте.местетзнетельствоттыеттельствотелиттельствотельствосьтиеисьсьттельствосьсьсь.осьтельствосьતંત્રоиеьරීсьсьridridисьridсьсьරයсьсьرتridridridсьරීсьતંત્રсьсьරීьсьсь맡сьсьતંત્રරීсьරයරයсьරයરુсьсьગીсьсьотсьсьмедсьсь රයсьતંત્રරයсьරීرتridсь
Имущественные вопросы,Westось затыйооое  иоеттыое.ое вооиствоетныйоро  итете.мест поноститы.оиеы иоиеи иусьаютсятот.усьусьусьот поностиරීтот поность.усьот доаютсятусьот со.усь짓ridусьот за за заот со за맡맡맡тот රයсьсьсь맡맡તંત્રооරයсь맡тусьооиеот соотරීототරීтරීотරීරීотпредусьотпредотරී
"Проект ""Южный""",Westосьтыйоиеетыйовтые  итсядейеттыьгортете.мест зате  заттыхетныйопол иттые.те иусь짓ridнуюи за.усьнуюи맡맡맡исьись.усьот.усь짓ность맡맡тность.усь맡맡усь짓ностисьсьсь맡맡ностьсьсь за맡맡ьridridrid맡맡તંત્રоьગીсь맡તંત્રусьот 맡맡правляюridridсь맡тот맡맡от맡તંત્રот со.усьridrid
"Проект ""Нефтяные краюшки""",Westосьтыйарствоищеетыйоеттыхеты.месттетместетгоретесяте.мест заттыхправ.мест.мест иусье иусьаусье.усьись.усьь.усьасьсьсь.сьсьтусьусььગીсьсь за.усьусьусьот со.усьот.сь맡усьотсьсь맡તંત્રусьусьරීсьсьતંત્રоьridсьсьරයсьсьщесьсьотсь맡 प्रबंधनсьсь රයсь맡сьсьරීсь맡тотсьતંત્રусь
Проект сервиса скважин,Westосьтыйооое  иты.оетый.местете.мест  затасятетащие.сятате иусьатиеы иь.усьась.усье.усььridисьсьсь.сьсь со.усьооиеисьridсьсьridridridсьridосьсьсьтьсьсьщесьсь поностьсьсьщиесящисьсьગીсьсьරයсьсь высьсьусьridridьગીсьridьridridосьridrid соridridусьrid
"Проект ""Нефтяные краюшки""",".ાતост  илие  илиой  илиого нный илиое  и    и ву  за  иту   про.ое.ова .но.ова, .ова.ный렀ные или.ова свойнуюв. . ,.  .,.,,,.вер .вер,, или или или,..вер знаменит,. или или. нет.. нет,. нет в...н.. или..тн.н,.н или. или и..フィー. нет ."
"Проект ""Южный""",Westось нае  итсядейетыетыйоететапаш поныйоьныее.местте  зате.осу.месте.ковоопуы.осу иьગીе.осьтельствосьсьсьтиеисьсьridись.сьсь поностьсьсьරයсьсь맡сьсьતંત્રсьсь රයсьරයරයсьridridridсьсьරීсьсьગીсьсьщесьсьсridсь맡 प्रबंधनсьсьотсьridсьරයරීсьridьсьсьرتridсьරීьරීсьતંત્રотсьсь
Генеральный директор," Навные затсятсядейется乐у  заты.ણુંся  затся乐е.ણુંтся乐ные зася   занеттыхетсявероется,.веросьне, иверосьта,,.ся .ся нет. нет.ся. нет,. нет . нет до. нет в. нет нет.ステ. нет и. нетステ... нет или. нетдесят..десят.ステ и в..правляю. нетляр..弹..닛..フィー..н..ль..ステ"
"Проект ""Новая нефть""",Westосьтсядейетты  затый.лноготтые.лныететый ву втезне втесянуюте ите.мест втзне.мест.мест за.мест поноститты за.усье.усьаютсятаютсятусьусьусьнуюи.усьусьаютсясьтусьтусьнуюсь맡усьусьают.усьнуюусьусьтностьусьусь짓ridусьусь맡맡맡усьරීтусь맡тусьරීсьсьсь맡맡તંત્રусь맡усь맡сьсьусьусььગીсь맡т
"Проект ""Обустройство площадных объектов НГКМ Поменбше""","Appleтяе  иивытые   иලූтате .оетыйое.осу  за  затый.осу.оое  понетзне .осу,.осувететного.осу и    не  .мест   за., и . .,,.мест.  ие.,.,  и и иет и и, и и  и,, ие и и за и и « и и સો и иမဟုတ် и и දැи и и."
Блок заместителя генерального директора по безопасности," таы    и  нопол татане татататтыеттыяеттыхеттого.вероется,.мест ,,.вер,,, и нет.верта,.н,. нет. нет,.та, и. нет нет.,.. нет в нет..н. нет . нет и нет, и в. нет до. нет отвечаю. нет Верховн нет.н нет.フィー...フィー,.朽. нет痍. нет首相 нет.弹 нет.священн..священн нет."
Блок деректора по газу,"Appleте  ие   и   , и  и භාර и  отте и и  за  и и на   за и ,.ણું за  .  за. .ણુંь  и, и и и.  и.ણું,.ое.  не .е. за .паз  и за. за.е и  не ие иет и ие не и и за и ии и и «  и « и иક и и චරිතය и иનાર и иરતи и  или и иမဟုတ် и иસ્તર"
Блок бизнес-директора,Westось затыйоооеты ите.ое и  вое.осу.лныйое  ву воист и вист ита вы.мест .мест.мест за.усьа.усьи.усьоиеы.усьнуюи со.усьаютсятиеись.усьridridridи единицсь.оие единицridrid со.оияridисьсьсьridridоиещаridridсьсь соridridие единицсьсьот соrid соridсьrid со со соridооиеот
Блок бизнес-директора,Westось затасятянуютые.ое.лныйрче.ковое.осу нае.етзне воетету вте-ася нае-.мест.осу.усье.усьнуюте.ણુંтся.усьаютсясь.усьусьнуюи.сь.сьсьсьтусьнуюсьсь.оиеисьсь맡исьисьтностьсьсь поностисьсь со.сь맡сьсьусьусьусьотсьсьරයсьсьતંત્રусьусьridсьсьпросridусьусьоие
Управление землеустроительных работ,Westось затапаш поныетый поныйооетыйое.ое итете  итные понуюи.мест.оиеы иьridьныеиеы.усььridьridисьridridиridridridьсьridи со.сьсьсьrid со.усьridridсьсь.усьот соridridосьridrid соridсьridсь телиridridоооьridridусьridсь соrid со соridотridridотсьсьотсьridот соотridсьот प्रबंधनridridරී
Блок технического директора,"Appleи за, к нае,, к вивы с с сэг, кь ву ву-аевые-аме.е,.ее  ие .е., и ие иее и и и  и и « ие.  и ... за и и, и. и и.. и   и до и и от.. « и и или и и за.. . иен и и до. и от  и от и и су  и илие и  илие. и « или и  «"
Блок директора по портфелю,Westосьняное тане.мест таттыяный Михаилое.лный Михаиляный.ковоаельянуюте.мешянуюье.ое ви иусье иье иоиеисьсьсь со.усье.сьсь.усьнуюсьсьridьсьсьරයсьсьдуностьсьсь맡сьсьщесьсьностьсьridсьсьсridсьridridridсьරයරයсьrid со.сьridностьсь соridridьщесь맡 प्रबंधनсьсьотсьсьжениесьсьતંત્રоьсь
"Проект ""Новая нефть""",Westось затыйооое.оетыететныйоиеетый.местте.месте   за   вое иое .осу.мест.осу итасьта со.осьтиеись.ось со.оиеи со.сьсьсьосьridисьсьтностьсьсьridridсьсьරයсьсьරීсьсьતંત્રоиесьсь соностьсьતંત્રсьсьગીсьсь රයсьridосьсьсь высьсь посьсьorderidridridосьridсьරය
Управление землеустроительных работ,Westосьтыйоооиее  итый  иое.ооеты ите  заты.ое   за  за.мест  за за.ણુંсятты за.осу.ણુંютсяате.усьнуюи맡맡맡исьись맡맡исьсьсь.усьусьнуюсьсь맡усьусьусьают.усьаютсь맡вероьગીсь맡тусьусь맡맡тотсьсь за맡맡усьот 맡맡ભсь맡તંત્રооьරීсь맡сь맡ьරීтот
Проект «Обустройство объектов Новой нефти»,Westось затыйоооетты   итые  и нетый  за  заттыянуютете .ое.ковоое ите.оистте вттельствотты поность.ттыетиетиеисьтиеාවтиеьرتтоттот дотусьоиетотرتтරීтотсьсьсьтرتтусьරීсьсьරයсьсьරීтرتridсьсь රයсьтරීсьරයරීтооරයсьරයරයсьරී
Блок деректора по газу," Навныете.ણુંтсядейеттыяныетые  итетыйоеттыхете .местттыетнеттого.верое, иверттыхноготтых, ить,.н,,. нет. нет,.та,.. нет вта, и в. нет нет, и нет.ステ. нет . нет или. нетステ..не. нет и в нет...,.ステ,.弹 нет.не нет в..弹..닛. нет до..ステ"
Проект «Обустройство объектов Новой нефти»,Westосьй за    итты  и  ное.оетыйое   заттыянуютете.мест  .мест.мест за  за иттельствоттельство.мест ите итиеисьтиеосьтельствось.сьсьсь.усьнуюсьсьරයсьсь රයරයсь  රයсьරයරීсьсьරීсьරයරයරීтиесьсьતંત્રсьсьт प्रबंधनсьсь方针сьсь поරීсьતંત્રරයсьતંત્રරීсьмедсьсьмед प्रबंधनරීсь ခံခဲ့ရරය
Подразделение по информационным технологиям,Westосьاتورосьاتورきていますыого нныйого ого  за   того  нныйяноготыйоое.оетогоое вое   итете.осу итиете иусьот.усь짓ridисьтиеисьсьтесьсьсьරයсьсь රයсьරයරයсь.сьсьтьරයсьтьරයсь맡тиеරයсь сьсь맡රයсьرتсьсьරීсьсьотсьсьતંત્રරයсьતંત્રоරයරයරයවිල්ලරයсьотرتridсьсьرت
Блок директора по мощностям,"  되면ેટе  и  няныйગર нныйяные    итый  нный и не.ся  .мест  ,.ся.ся, и ,,, нный,,.вер,.мест,, итн,.та,.н, и вта, и нет,.ーン.н. нет.та и нет. нет, ита,, нет.,. нет вта.та. нет и в,., и и в. нет  нет.. нет Верховн,...та нет."
Блок технического директора,Westось затыйоооетты  итыйов нныйянуютетый нныйправ.местફરте   иසක්ьете иттельствоте.ણુંьරීтиеාවтиетиеисьтиеරයтиеосьтоттот со.сьරයරීтતંત્રоиеරයсьරයсьсьсьරයරයсьridridridරීтотсьсь맡тот प्रबंधनරීсьсьતંત્રоරයсьતંત્રරීсьරයවිල්ලරයсьтотරීт प्रबंधनරීтරීсьતંત્રරයсь맡 प्रबंधन प्रबंधनරී
Блок технического директора,"Germanyаме за, к  и ,, к наные завоете .мест  за .леце.ец...ушае.уша.е есть.е.е были были были стоят есть были были есть были стоят.ные были былимен были были становятсяные были стоят были были辈 были былиись были были оказались были были変わって были были заканчива были были  были были ядро были были с были были produkty были были રહ્યા были былии были были стали были были бывают были были હતા были былисон были быликазываютсяе былимен есть былиись заканчива былиись есть были есть в были были"
Управление по проектным работам,"Appleтыйарствоии  затапаш поныете  итетыете затенье.етасе.мест зате.ણુંтся.мест  за  и  .паз за за...ный..,.ныйныйный.лье .ныйgerichte за. за ..паз.. . за., и.ныйного.ный и и и  и, и и,, и,.  и и. за и ие. за,.. за за и.. и и или.."
Блок директора по мощностям,Westосьтсядейетыетамечае.местете.лныетяныетасяте .мест затсятсяправы.мест.мест поноститется.мест ви.мест иье.усьасьсь.сьсьсьтиеись.осьridисьсь поностьсьсьridridridсьсь со.сьridьсьсьieriсьсьностьсьridсьridосьсьсьරයсьсьстисьсьжениесьсьсridridьridridосьridridorderidсьorderidrid сосьсьorde
Блок технического директора,Westось затамра поныетыйы    за  завоете.лныйоро.лныеттые.ковоевые  затсятсятсядейе.ણુંютсяопуы.мест поноститиеисьтиеы.усьасьсь.сьсьсьттыьગીсьсь поностисьсь රයсьсьරයсьтностьсьсьગીсьтاولગીсьරයරයсьරයරීсьсьતંત્રગીсьતંત્રරීтગીсьગીරයсьતંત્રусьරණයсьсьотсьсьරීсьતંત્રоරයсьරීтતંત્રරීсь
Проект «Обустройство Интересного лицензионного участка»,Westось назнятсядейетыйоооетые  и  за  итете  .мест  затенье.ое.осу.осу  за ится.мест понуюте.ось맡.осу иусьась за.сьсьсь.сь.усьоиеивероиеыරයсьсьරයсь රයсьරයරයරයсь맡රයсьотсьсь맡вероьරයсьતંત્રооරයсь поностьсьсьотправляюridridсьсьતંત્રරයсьරීсьсь поරයсьпросьсь
Блок директора по строительству," нетяныйහොත් нныйяные няное нный и нный.мест татый  и нется .ся.ся  нетось нется ,.ся,,,.ось нетось,. нетосьн.ся нетось. нет . нет, и нет. нет.та. нет нет.ся ни. нет вта нет.. нет и. нет Верховн нет.н. нет отвечаю. нет бы. нет не нет.ステ. нет됐 нет. ...ステ и в нет.。《. нет首相 нет.었다. нет"
Блок директора по персоналу,"Westось нае  иое   итого нянуютые .ое.осу .мест  за   ,дзеегортетасятянуюи .осу.ковоася  понуюте.ણુંтся.усье.сь.сьсьсьтиеисьсь.усьнуюсьсьරයсьсь රයсьтесьсь поностьсьсь высьсь맡сьсьтикусьсьдуරයсьරයරයсь сьсьмедсьсь方针сьсьරීсьсьતંત્રсьсьرتсьсь"
Генеральный директор,"Germanyетаяныетяе  иту  зату ву.мест  завоеттыянуюттые.тттеттныете.комтт.тенете,긋ет긋е, тые ты ., та. ты,. ...,..пяе,.е,,.蛛при辈 были .е были ppan были были මාලිе были были былимен, මාලිමාලිе මාලිてきたе, были 我, てきたе 나서 ppan"
Управление по проектным работам,"татата ср   लब्ध  иь  нный и  н таты   и  про.лногот  ...лный.л.лные илиоеты.л .ты,.т .оооы.gelöst .gelöst,.gelöst.gelöst нет .та итн.gelöst или.та.десят десят .десят.та или. нет.десят и нет.та нет.. нет вта..десят или.. или.десят в..됐десят. нетдесят."
Блок заместителя генерального директора по безопасности,Westосьй за  иසක් итсядейетыйоетогоетныйрчетыететасе.лноготзне.осуветноготгортесятетсятсятся.ણુંтсятся за.сь за.усьаютсясь.сьсьсьтиеисьсь맡исьисьтусьусььරීсьсьтсясьсь засьсь먼트.сь맡сьсьරීсь맡ьරීтьсьсьරයсьсьرتтсясь맡тьරීьсь맡맡тсьсь රයсь맡රීт
Блок директора по мощностям,Westосьне  ится  завоетыетяететыйоеты.осу.месте .мест  за  за.паз на.ое.осу вое ится ится.сь.сьтасьте.усьась.осьте строя.ось.сьсьсьтиеисьсьтиясьсьridисьтьગીсьсь поностьсьсьරයсьсь высьсь сьсьරීсьсьતંત્રсьсьосьсьсьગીсь поරීсьridсьсь неприridridridсьridrid
Блок директора по проектированию,"Appleтыйоетыйовтыйоунистусьоттыйопол нныйянуютыйыетныйоьныеететныете за.местетзне  за.ણુંтся  за ите ие  за за.е .ое и,.ет ие и и иет за  и и, и и за и и  ие, и,, и за.  и,  и   и за ... и иを迎え и и или и и « и и..गी..ાર્થ и и સો"
Блок технического директора,".ણુંьзім и  и    и за  .опол.ое.ણુંютсяоутыяные за  итетый нется  ится  вта и вта, илиое,,. нет .вер .мест .,., или илиооое и в. нет. нет вта или или или. нет нет.. нет или. или.та. нет отвечаю.. или или вта...та нет. или в нет.та вта нет в.. отвечаю. нет Верховн. нет и в в."
Генеральный директор,Westосьтыйооетогоетыйовте.ое.ковоевыететате ите  вое виствоеттые.мест за ие иусье.усье иоиеисьсьсь.усьнуюсьсь за.усьот со.усьусьусьот.усь짓ridусьусь짓ностьусьотсьсь맡맡맡усьот  со.сьсьridridridсьсь  со со соностьсьсьતંત્રоьridridьridсь맡тьridьщисьсьотсь맡сьсь
Блок директора по мощностям,Westось затащие.оеттыяныете.ковоевыететасе.местете ите .мест.мест поноститиеы иьordeаьridисьridьridridи со.осьridridridьorderidиridridсьсьridrid со.сьсьсь со.оиеьrid соridridосьridсьorderidridorderidсьridсьતંત્રоие единицсьсьරයсьсьordeorderidьсьсьતંત્ર соridсь соrid со соridordeordeотridrid새сь
Управление по проектным работам," нетяныйગર нныйяные   та не  и  няные за татый  ,.ся нный,,,. нетось нет,.вер,, и戒,.,, нет. нет, и нет.ся нет.,.н,.та,.. нет.н. нет . нет нет...та. нет в,.ステ.., и в. нет отвечаю..ステ,.Ме,.됐 нет.Ме. нет됐. нет и..됐..Ме в..десят."
Проект «Обустройство Интересного лицензионного участка»,"Appleтыйарствоиધીдейе  иලූтяныйગર поныйગર 거든요нуютныйопол  и   .опол.опол наопол.усье.паз  затзне.паз на.паз за  за  и на.거든요거든요거든요겠습니다тныйગર.мест за.паз.т.ણુંтся.т за. за. ... за . зат..т и. за за.., и.т, и и и, и,,.  и и за.,. за и и  и,. и и.."
Блок заместителя генерального директора по безопасности,Westось на  застаопол  задесятвероетыйое.ણુંьгортый наететныйальныхте  ите.ое вусье иусье висьисьсьсьтиеись.усье.усьусьусьасьсь.сьсь со.усььગીсьсь поностьсьсь맡ьсьсь  со.сь맡તંત્રоьridсьсьරයсьсьщесьсьતંત્રсьсьщисьсьગીсь맡сьсьරීсьсьотсьсь засьсьусьරීсь맡맡맡сь맡
Блок директора по мощностям,Westосьне затащие.оеттыое.ковоопупазвоетете.месттзне.местетныеправы.мест.мест иусьа.мест за.усье.усьась.осьтельствосьсьсь.сьсь поность.сь.усььridисьсь за.сь поностищесьсьridridсьсьщесь.сridridridосьсьсьщисьсь맡сьсьગીсьсьරීсьсьતંત્રоьridсьridсь поරීсь맡 प्रबंधनсьсьරයсьсьотсьсь 
Блок директора по персоналу,Westось на  итсядейеты.ооеттые.ое.ણુંсяттыныете  затгортетныйальныйе  .мест  за итгор ите.мест.мест за.ણુંтся за.тты за.усьаютсяту.усьнуюи.усьусьнуюсь맡맡맡.усьтусьнуютусьусьусьтностьсьсьсь.сьсь맡сьсь за맡맡тусь짓ridсьсьтусь맡맡сь맡версь맡усьусьотсьсьරයсьсьતંત્રусь
Блок директора по мощностям,Westось затасятамечае.оетыететыйоое.мест  заттыхе.е.осу.мест «ьныее.ковоасяправы.мест итасьтиеы.усьась.оиеи со.осьridисьсьсь.сьсьrid со.сьridridridсьсьтьridridиridridосьridridьridсьridьсьсь телисьсьරයсьсьотсьсьරීсьсьorderidсьordeстинridridorderidrid соridridотсьrid
Блок технического директора,Westось заось за над за킬로미터и завоету за  за  поныйое   итыйое.мест   .мест за   за.мест.ણુંтся  за ится.мест поныйопол.усье.осу.усьаютсяте.усьусьаютсясьтаютсятаютсясь.усьнуюсьтусьусьусььرتтусьаютсяරයсьරයсьсьсьරයරයсь රයсь맡тот රයරයරයවිල්ලරයсьтرتтьරයсьරීсьсьтьරීсьරයරීтотсьсь 
Блок директора по строительству,Westось на  за  задесятвероеттыое.ое иое вооист   затты  за ится   иසක්ь  за.ણુંютсяопуы.оиеи за.опол.опол .усьнуюи.усьаютсятаютсятот.усь짓ridись за.усьусьусьаютсясьтусьусь짓රීтусьරීсь맡тусь짓усьරීтරීтот맡맡맡тотсьсьсь맡усьотсь맡맡රීсьсьරීсьтотරීсьотпредරීсьරීт
Блок финансового директора,Westось затамра пооооетты  поныйое.лныету висттый вист  итете иттые.мест за иусье иусьаусьу.усьнуюсь.усьот.усьусьот поностиridridridисьсь.сьсьсь맡вероьridridусьот телиусьот со.усьridridсьсьridridරීсь맡맡맡 प्रबंधनරීсьсьતંત્રусьотсьсьотсь맡 प्रबंधनсьсьරීсьતંત્રоьරීсьridсь맡правляюridridот
Управление по проектным работам,Westосьтыйоиеетые  иететате.оетеньеттыхе.местетянуюте  за.мест.мест  за иое.осу иусье иусь짓ridисьсьсь맡усьусьусьот со.усьот 맡усьотсь맡тусьотусьусьоиеотсьсьусьототот соот соооиесridусьот맡맡맡тотсьотсьતંત્રоооරයсь맡맡усьооусьотරීсьсьતંત્રусьотпредот
Блок технического директора,Westось затыйоооиеетыйы итсядейетныйоете.осу вое воое.ણુંьгортныйопол ите иусье.усьаютсятиеи со.осьтельствоисьтаютсясьсьсьтусьусьнуюсьсь.усьусьусьаютсясьтот со.усьнуюисьсь со.сьсьતંત્રусьусьරීсьсь맡усьусьridridсьсьරයсьсьщисьсьотсьсьridсь맡сьсьරීсьતંત્રсьсьусьridсьતંત્રоиесьсь 
Блок директора по газовым проектам,Westось нае  итсядейетапаш поные поныете.мест поныедаье  за  за над поныйое.ковоасятиее.осьтельство.ось.сь.усьасьridисьсьсьridridьridridridсьсь.сьсь поностьсьridсьridьсьсьieriсьсьдуridridосьсьсьordeасьсьරයсьсьරීсьсьતંત્રсьсьdintiсьсьсridridorderidсьorderidridусьridrid соridсьieriridridරීсьridосьridсьતંત્રо
Блок директора по персоналу,"няныйочене ие, ие. нет ,, к, к ационного ие и вики нети, ии неи нее ии нетются.到了.та. нетось нет «.到了,. нет « «. нет бы,.. нет. нется .不了. нет вта,,.到了 и нет.不了 и нет уже нет.。《 и нет,, и нет и нет в. нет,.。《. нет и. нет нет. «...。《 «.。《 нет.н. нет уже. нет не. нет реше."
Блок директора по строительству,Westось за  залосьось за выс  за выс затыйоетыйов  за горотте.месттый    итетянуюте итсяот.осу итаттельствоттельствоот.осьтиеисьсьтиеාවක්رتттельствосьсьсьرتтьગીсьсьරයсьсьරීсьсьراتсьсь රයсьරයරීсьرتridсьсьગીсьرتсьсьતંત્રරීсьරයરુсьсь맡сьсьرتهсьсьરુсьරයරයсьતંત્રсьсьотсьсь высьсь
"Проект ""Нефтяные краюшки""",Westосьтыйооое  иты итсядейе иттыхе  вое.осу.лныете.мест  заты.осу    за.паз за.лноготзне.л.мест.мест за.ણુંся맡맡.мест вную맡맡ту.усьнуюсь맡맡맡 иусьнуюи со.усье.усьусьнуютусьусьусь맡맡усьную맡усьусьот со.сь맡усь맡тусь맡усьот맡맡вероусьусьосусь맡тностьусьнуюусь맡
Блок директора по строительству,Westось нае  итсядейетые   иоетыйое .ое.ооое итете.мест   .осу иттельствотиеттельствосьтиеись .осьтельствосьсьсь.сьсь  प्रबंधनьرتridисьсьridridridсьсьරයсьсьтьරයсьරයරයсь රයсьridсьරයරීсьсьرتridсьતંત્રсьсьотсьсь方针сьсьරීсьරයවිල්ලсьсьતંત્રරීсьતંત્ર प्रबंधनсьсь맡сьсьмед प्रबंधन प्रबंधनරීсь
Блок технического директора,Westось нае  итыете.мест татетыйое.осу.лныйоетянуютее  .месте.е  за.мест.мест поныйовыеь.мест ите вусье.усьнуюсьтиеись.усье со.сьсьсьтесьсь.сьтностьсьсь맡сьсьරයсьсь поностьсьтьсьсьтьностьсь맡тьරයсьтотсьсьridridridсьсьતંત્રсьсь රයсь맡 प्रबंधनсьсьотсьරය
Блок финансового директора,Westось заттыянуютыйоооье.лныйоро  иу    иттые вое.паз  за  заттыхе.ણુંьгорте.мест  за.ણુંлся.ણુંсь за.мест.мест за.сь맡맡맡.усьту.сьсьсь맡 строя.сь.усьнуюисьсь.сь исьсь иусьнуюсьсь засьсь सत्ताсьсь понуюсь맡сьсьтьગીсьсьරයсьсь со.усььරීсьсьරීсь맡ьරී
"Проект ""Северная деревня""",Westосьтыйоооетыйы иое  иты.ое.ооисттете.мест заттыеттыое ви ите иусь짓ridнуюисьтиеись.усьаютсясьсьсь за.усьусьусьот.усьот со.сьсьтностьсьсь.сьтусьотсьсьරයсьсь රයсь맡сьсь맡тот රයරයсьтотсь맡맡тьridсьсьотсьරයවිල්ලностьсь맡 प्रबंधनරීсьсьતંત્રоьරීтот
"Проект ""Трубопроводный транспорт Главного НГКМ""","Germanyе итсядейетаусьапаш завоету поныетасяттые затся  зату.ણુંняе.сятнетет긋е тые.. ты..е.е ...пяе.兢.е,.еがついて.еકૃતе, е е были еを重ねе てきたе මාලිてきたеを重ね策е  е,带着е 나서 е 나서を重ね策ાર્થ策ાર્થ 나서 මාලිеを重ね带着е ાર્થ策еを重ねفينてきたе былиાર્થાર્થાર્થ"
Блок директора по мощностям,Westось затапаш поныетые.лныету  ие.е  зату ву вист  за  засутый.мест  за.мест за.ણુંся  за над.ણુંлся.мест.ણુંсь за над за.усье.ણુંтся.усьнуюи.усьь строя.усьась.усьусьнуюсь.сьтусьнуюь.сьсьсь.ભсьсь за.сь.гражденияьગીсьсь맡тусьусььරීсь맡맡тьරීтьгражденияridись맡сьсьт
Блок технического директора," Навное  итсядейется няетые   и не.е .е.ણુંье.паз тататаняноготтые  ите ,,.е,.тане,, ие, иое, нет Хр нет Хрне и нет. нет Хр . нет.н. нет,.н,. нет нет.та нет.. нет .тата. нет вта.та...та и. нет отвечаю. нет Верховн..ステ..Ме. нет и."
Блок директора по мощностям,ම්ම۹۷۹۷۹۷۸۶۹۷۹۷քս۹۷۹۷۹۹۹۷۹۷۴۲۹۷۹۷۰۷۹۷۹۷ந்தி۹۷۹۷קא۹۷۹۷۹۱۹۷۹۷۹۸۹۷۹۷ለህ۹۷۹۷ለሁ۹۷۹۷రం۹۷۹۷ سپاه۹۷۹۷ awalnya۹۷۹۷پرس۹۷۹۷מנית۹۷۹۷ፊያ۹۷۹۷עי۹۷۹۷ັນ۹۷۹۷ కళ۹۷۹۷ პრემიერ۹۷۹۷۸۸۹۷۹۷گرفت۹۷۹۷มณี۹۷۹۷ื่อ۹۷۹۷შა۹۷۹۷ลาน۹۷۹۷เศร้า۹۷۹۷ኂ۹۷۹۷۲۵۹۷۹۷ම්ම۹۷۸۶۸۶۹۷۸۶۹۹۹۷۹۹۸۶۹۷ම්ම۸۶۹۷۹۹ම්ම۹۷ම්ම۹۹۹۷۸۶ለሁ۹۷۹۹۹۹۹۷ම්ම۹۸۹۷۹۹քս۹۷۸۶քս
Блок операционного директора,Westось на  итсядейеттыянуютыйооое.ણુંь  итый  за    задесят  .ણુંся  за.ણુંсь  за за  засунуюту.ણુંтся  за ится.мест за.сь за.ساء за.усьнуюсь.сьсьсьттыь.сь맡맡맡исьисьсь.усьусьнуюись맡сьсьරයсьсь맡ьગીсьсь රයсьරයරයсь맡тьරයсьтьරීсьсьતંત્રоьරයරයවිල්ලරයсь
Блок деректора по газу,Westось затыйооое  иоетты  и  заттыхе.ое.ковоое вое иоист    за ите.осу.осу иоиеи иусь짓ridи со.усьот.усьоьગીсьсь.усьусьусьот со.сьсьсьтусьусььරීсьсь맡તંત્રоьරීтусьотсь맡맡맡тотсьсьતંત્રооьرتridсьсьотсьતંત્રусьරීсь맡сьсьරීсьતંત્રсьсь за맡તંત્રусьотරීсь
Блок технического директора,"тане тани татане ие  и  ие.ост Писае.ણુંье и    и.ост  та и . нетось нетось. нет ,,, и , и нетось,,.不了 и.. нет. нет, и.不了. нет бы, ие, и и нет ..不了,. нет и нет., и И...,. и и и. нет нет..。《 и и И и. и.。《..という方 и и。《 и.という方..десят и и в"
Блок директора по мощностям,Westосьй за  за  итсядейетсядейоетыйое.ણુંьгорте    ву   за поныйныйопол нныйэг.ковоа  за ви за.осу иусьь.усььтусььridисьсьсьтиеись.усьусьусььગીсьсьridьridьсьсь맡ьridridridсьсьරයсьсь රයсьridridьරීсь맡тьridсь맡сьсьරීсьсьતંત્રоьරීьridусьridridусьотсьсьотсьridсь
Блок заместителя генерального директора по закупкам,Westосьй за  итсядейеттыяныетые  и    втете  вое.ковоасятныете.мест  за итты за иусь짓ridисьсьсь за.усьаютсясьсь.усьусьусьнуюсь.сьсьтностьсьсь поностисьсь맡тностьусьරණයностьсь맡сьсьусьотсьсьරයсьсьridсьсь රයсь맡맡тьсьсьщисьсьරීсьсьતંત્રусьරණයсьсьотсь맡 प्रबंधनсьсьગીсьсьностьсь
Генеральный директор,Westось на  за  задесят  пооооьгороое.ооиствоетый.ое и  поныйовыхое  ите.мест поный.оист за за иусье.ось맡ись.усьась за.усьаютсятусьусьусьнуюись맡맡맡тностьсьсьсь.сьсь맡сьсь за맡맡сь맡тусь짓ridсь맡вероьગીсьсьતંત્રусь맡맡усьотсьсь 맡맡версьсьтотсь맡તંત્રусьусьот맡맡તંત્રоо
Блок заместителя генерального директора по строительству,Westосьнооое  ится  иоиствоеты.ое.ооистту    итый.оист   завоету.ણુંь  .оы.осу.паз за.ણુંтся.ણુંсь за.осу за.пазвытся.فح.ось맡ось맡맡맡ись.فح за.усьооفح.усь맡맡 පවත්වාось맡 පවත්වාоо맡 පවත්වාસ્વામીсьсьсь맡сь맡맡сьсьරීсь맡верооခံခဲ့ရсь맡 පවත්වාරීсьсь за맡맡верось맡сь
Блок директора по строительству,Westось затасятяесятые.местте.лныете  засятетеся нае.осу.месте    за  вте итгор.мест.мест за.ણુંсяттые.усье вусье.ся.усьнуюись.усьасьсь.сьсьсь  со.усьусьь.усььරයсьсьරයсь.ностьсьсь맡сьсь со.сьරයරයсь රයсьતંત્રоьсьсьતંત્રусьусьусьотсьсьтностьсьતંત્ર со
Управление коммуникаций,Westось на  заосьтты  заттыооое.оеттыянуютетныйооныйое итсядейете.осу.осу вусьнуютте ваютсяте иусьаютсятаютсятусьаютсясь.усьусьусьтусьусьнуюсь맡усьусьот.усьරීсьсь.сьсьсь맡тусьот රයсь맡맡맡тотсьсьтусьරීтусь맡맡усьотсь맡сьсьරයсьсьරීсь맡вероරයсь රයරයсьරයරයරීсь
"Проект ""Восточный"""," нетянаяянымие,,, к наену.месттые.лныете.местете  итеттыхе,.ешта,,. нет нет. нет.мест. нет Хр нет.. нет, и нет.та. нет отвечаю. нет над. нет . нет в нет.не. нет и нет отвечаю нет.ステ. нет ни. нет или. нет главно. нет начальника нет.Ме. нет не нет.弹 нет.paš. нет до. нет首相 нет нет нет в. нет все. нетМе..не нет"
Подразделение по информационным технологиям,۹۷ιστεί۹۷۹۷۹۷ັນ۹۷ັນັນ۹۷۹۷ιστείັນັນັນኂ۹۷۹۷ኂັນ۹۷ కళ۹۷۹۷ለሁ۹۷۹۷ პრემიერ۹۷۹۷ адбылася۹۷۹۷Өкмөттүн۹۷۹۷ ເກີດ۹۷۹۷ mempengaruhi۹۷۹۷రం۹۷۹۷ కళັນ۹۷ኂ۹۷ັນιστείັນ۹۷ პრემიერັນ۹۷ιστείιστεί۹۷ັນ ຊາດ۹۷۹۷ maamuzi۹۷۹۷ረዳ۹۷۹۷ кирген۹۷۹۷ ΘΑ۹۷۹۷ωση۹۷۹۷ σοβαρά۹۷۹۷ ຊາດ۹۷ັນለሁ۹۷ັນ პრემიერ۹۷ັນ ເກີດ۹۷ັນ mempengaruhi۹۷ັນኂັນັນιστεί۹۷ኂιστεί۹۷ιστείለሁ۹۷ኂኂ۹۷ιστεί პრემიერ۹۷ኂ mempengaruhi۹۷ιστεί mempengaruhi۹۷ኂ కళ۹۷ັນমু۹۷۹۷ агенттиги
Имущественные вопросы,Westосьторо Восьтыйоооетыйов Зае разое  заттыхетныйоеભરое.ое заттыое иое ви за.оиеи за .опол «ь  за  за.опол  за за.усьооьරීтот за за за 맡맡맡тот 맡ттыот дотыооопол за за맡тооحات맡맡 за затот разооرتridооиеот за맡맡от разот заот за  разотот 
Генеральный директор,Westось затыйооеты итогоеттыхе.ое итете  иое.осу.мест.мест  за.ણુંтся.мест иусь짓ridнуюи.оиеы.усьаютсятаютсятность.усь짓ностись맡исьоиеисьсьсь맡맡맡тностьсьсь за맡тотсьсьતંત્રусьотсь맡તંત્રооиеотсьотсьતંત્રગીсьсьтот со.сьсьотпредсьсьridridridотототсьරීсь맡тતંત્રоьગીсь
"Блок исполнительного директора по реализации проекта ""Большое месторождение""",Westось затыйооое.оеттыянуюттыое вое итете  воистте.ково.мест поностиось.оиеы.оиятиеы иоиеись.усьась поность.сьсьсь поностисьсьridridridсьсь.сьrid со.ооиесridrid соridridоие единицсьсьරයсьсьотсьсьжитесьсь соridсьridсь сооиеотсьridотсьот соrid со соridот соооරයсь
"Проект ""Нефтяные краюшки""", итсятсятсядейе  заты.ણું затся за.ણુંн зату.ણુંь за завоеттыяный.ણુંсят.ણું.ણુંсь за.ова за.паз затты.ણુંтся.ણુંнный.ણુંосьн.ણુંт.вертверт.верт.веросьт.вертттн.верттнопол иттых итн или.вер.вер итттых.верт или или..вер втн и в.. нет... или или или и..сятндесят..
Блок директора по персоналу,Westосьтыйовтыйоооеты итеттыхете.ое.мест  затате  итащие.те иоы.мест.усьа телиridиridridridисьridrid.сь.усьоиеись.сьсьсь тели со.усьridridосьridridсьridсьсьridосьтелиridrid соridridотridridооие प्रबंधनridrid새сьсьતંત્રоиеridrid प्रबंधन प्रबंधन प्रबंधनridот प्रबंधन प्रबंधनсьсьот प्रबंधनරීтелиridсьотrid
"Проект ""Трубопроводный транспорт Главного НГКМ""","Appleтяетаяныетые разоете  и  затыйое.ое  за  итетного.мест за  завоете.ણુંтся.ныйગર влив.паз за   иසක් и   за.,.ણું за . за за. за.. за ,.., за. ., и и и  и иет и и, ие и и за и и « и ии, и,,, и « за и,.  и,  и «. и и"
"Проект ""Трубопроводный транспорт Главного НГКМ"""," викиружау  и  за    итый  и викитыйоиее  ится и татты  иое,.ся .ся.ся,.,. нет,.та. нет. нет и нет.. нет . нет в..., и. нет или. нет нет. или..тую..та,..ステ..десят..弹.. или или.десят и..Ме..フィー..пред.. ..священн..統治..не. нетдесят. нет Верховн"
Блок технического директора,"татанивыંદરтыяные затноось за대로тыйопол.ઠાсяબરтыйоетыйов  иසක්ь и   .опол.опол,.опол иુ.ся ,,.вер, иુ,. нетосьн,, иттых,.осьн.десят,.та,.н. нет.десят и вта, и в.десят .десят.десят вта.десят « «.десят И.. нет в «...н,..десят Верховн «. нет Верховн..됐десят в.."
"Проект ""Северная деревня""",Westось затапаш поныйоооье.ооеты.ое.лныйоьгоре и  вое ву вте.мест .осу.осу ву.оист.мест понуюи.мест.оиеы.усье.усьаютсятыы.ось.усьась поность.сьсьсь.сь.гражденияьગીсьсь поностиridridridисьсьторыridridсьсь досьсьridridооие единицсьсьරීсьсьотсьсьтьridrid соridсьrid
Подразделение по информационным технологиям,Westось затыйоооетты  иое итете.ое.осу.ковоетый.месте  за  зате  поныйопол.оистте за.оиеы за.усье.усьаютсятаютсятот.усьоиеисьтусьусьусьот.сьсьсь맡тусьот 맡맡맡тотсь맡усьотсьсьරයсьсь රයсь맡вероරයсьරයරයсьтотرتridridсь맡 प्रबंधनරීсьсьтьරීсь맡맡сьсь
"Проект ""Нефтяные краюшки""","таьный,,, к, к.шую.ные,,.та ие.ьные.е.ные.е ие,.лные,.лите.та...到了.та,.. нет..,.到了,. нет бы,.不了. нется. нетось. нет,.,, и. нет в. нет нет. нет неられ..。《. нет и нет., и в..られ нет.。《 и..られない..не. нет уже.. не.. в.。《られ. нет от..弹."
Блок деректора по газу,Westосьнянуютяе  иь иоеты.осув.лный.лного.осумгорое.пазвонуючное.осу.пазвоете.е.мест за.пазвытся.сь.мест.осу за.сь맡 понуюь строя.усьь.усье.усьнуюи.усьасьсьсь.усььнуюусьнуюсьсь со.сьсьරයсьсьтностьсьсь맡сьсьусььරයсьරයරයсь соностьсьරයවිල්ලностьсьતંત્રсьсьridсьсьсridсьරය
Блок деректора по газу,Westось заста затыйооетыйов   итый    за нныйянуютый.месте.мест медалось.мест  итсядейе.ણુંютсяаусье.усьаютсятусьусьусьаютсясь.усьаусьусььગીсьсьсь.сьсьтусьරීсьсь맡усььرتridсьсьતંત્રусььсьсьරයсьсь поරීсь맡 प्रबंधनсьсьරීсьරයරයсь맡сьсьرتсьсь රයсьતંત્રсьсьرتهсьсьગીсьતંત્રරීсьતંત્રරයсьмедсьсь
Проект «Обустройство объектов Новой нефти»,Вאָנאַмігрантιστείιστείιστείאָנאַιστείאָנאַאָנאַмігрант ништаאָנאַмігрант капіталאָנאַмігрантฑאָנאַאָנאַ капіталιστείאָנאַмігрантאָנאַאָנאַאָנאַՊետրոսյանאָנאַ капіталאָנאַאָנאַэхэдιστείιστείՊետրոսյանאָנאַмігрантకాאָנאַмігрантแยกאָנאַאָנאַιστείιστεί ништаאָנאַאָנאַאולՊետրոսյանאָנאַאָנאַ споменאָנאַιστείэхэдιστείאָנאַאולאָנאַмігрантэхэдιστείאולאָנאַאולฑאָנאַэхэдэхэдιστείฑאָנאַאולאולאָנאַэхэдאָנאַэхэдмігрант ништаэхэдιστείэхэдэхэдאָנאַмігрантאולאָנאַιστείאולэхэдאָנאַאולэхэдэхэдэхэдмігрантฑאולאולאולэхэдιστείֆիզฑאָנאַฑאָנאַмігрантמניתՊետրոսյանאָנאַאולລັດאָנאַאולιστείאולאולฑאולאָנאַאָנאַωσηฑאָנאַ
Блок технического директора,Westось на  за татапаш поные поныйопол оттыйоетыйарствоищееттыхе.ое.ковоамра итасьтиетиеые.осьтельствотелиарствоисьridисьсьrid со.осьridridrid со со со.сьсьсь со соridridсьridridосьridсьсь поරීсьсьරීсьridосьтельствосьсьරයсьсьતંત્રоиесьсьordeстинridсьordeරීсьorderidridorderidсьරීтелисьсьرتridсьරයරීсьતંત્રсьсьарствоrid
Блок заместителя генерального директора по организационным вопросам," нетось за таકરણттыяные поныйગર поныйриме   и  татся нется нныйяные та нетось нетось   ,,,.верое,, и нет,, нет,. нет. нет, и вта и нет.ся нет.. нет нет., и. нет вта,.та. нет . нет отвечаю. нет и нет в нет.ステ. нет до нет.та нет.ーン. нет «. нет Верховн нет.н,..ステ нет в. нет не..."
Блок бизнес-директора,Westосьтасятыйоооеттые.ооисттыйы ите итныйрче.осу.ое.мест заты.осу затетныйое за итмест за.мест.осу맡맡тот.усьаютсятаютсятусьнуютусьаютсясь맡맡맡усьтусьусьусь짓усьусьттусь짓රීтусьරීтот맡맡તંત્રусьусь맡тусь맡усь맡맡ભсь맡усь짓ridусьусьот맡усьусьරීсь맡તંત્રооරයсь맡т
Блок бизнес-директора,"Appleтыйоиееты ие  заттыхе.ое.е.лощие.лныйороноете.паз заттые.ણુંьгорте ите за.етзне за.паз  за.ણુંся  за .е и ., за.,,.е, и и и, и,, и  и,., и.,.  и и. за... и и за. за и и « и и   и..,  и за и. и. .."
Блок заместителя генерального директора по закупкам,Westось затащие итяныету ву вое.оетасьгорететныете.мест.мест итиеы иьridьныеиеы.усььridьridисьсьridridиridridridьсьсьсь поностисьсь.сьсь  со.сьridсьсьતંત્રоиеьridridсьridьગીсьсьщиесящисьсь соridridправляюridrid새сьсьсridridосьridridснабсьсьотсьсьщиridrid соridсьતંત્રridridотrid
Блок технического директора,Westось затыйоооетые.ое.лноготтыянуюте.месте.е .мест  вист   ву вист-асье.мешянуюь .оист.мест.мест иусье.усье иусьась.усьисьсьсь.сьсьосьсьсьтусььсьсь поностьсьсь со.усьусьесьсь맡сьсьරයсьсьсridсьсьусььridсь맡 प्रबंधनсьсьщесьсьતંત્રсьсь රයсь맡усьridсь
Управление по проектным работам,Westосьтыйоооиеетые  итеттыхете.месте.лныетатасе итяныете вусьетащее.ое иусье.усьасьтиеись.усье исьсь.сьсьсьтусьусьусьесьсь со.усьусьаютсясьсьусьусьridсьсьridridсь  со.сьтностьсьсь රයсьсьරයсьтьсьсь맡сьсьતંત્રсьсьරීсьсь посьсьжитесьсь высьсь
Блок деректора по газу,Westось затыйоооетты  поныйоьныее итете  итый    за   поноготтыоистте.ое.осу иттельствотиетиеи иоиеисьтиеьridисьсьсьтностьсьсьridьridridridьරීсьсь.сьсьරයсьсьતંત્રоиесьсь맡 प्रबंधनсьсь රයсьridridсьсьотсьсь поностьсьridсьරයරයсьтьridсь맡сьсьරීьridьсьсьпросьсь
Проект «Трубопроводный транспорт Ещё одного НГКМ»,Westось затыйооое  итый   иоеттыое.ое за   заттыянуютетныйоистте   .мест  за.мест за.оиете.тиеисьсьтусьусьот.сьсьсьරයсьсь.сьтරීсьсь රයсьරයරයсьтотсьсьරීсь맡රීсьරයවිල්ලරයсь맡රයсьотсьරයරීсьරීтරීтсьсь맡вероරයсьරීවිල්ලсьсьતંત્રсьсьભсьсьот
"Проект ""Нефтяные краюшки""",В۹۷۹۷۹۷płaszczpłaszcz۹۷۹۷אָנאַ۹۷۹۷۳۸płaszczpłaszczאָנאַpłaszczpłaszczpłaszczข้อpłaszczpłaszcz капітал۹۷אָנאַpłaszczאָנאַለሁpłaszczpłaszczэхэд۹۷אָנאַ якості۹۷۹۷۹۹płaszczpłaszcz страхуванняpłaszczpłaszczเชียאָנאַ۹۷płaszczאָנאַ۹۷אָנאַาะpłaszczpłaszcz գալpłaszczpłaszczັນ۹۷אָנאַለሁ۹۷۹۷ັນ۹۷۹۷ գալ۹۷۹۷ιστεί۹۷۹۷ின۹۷۹۷۴۲۹۷۹۷эхэд۹۷۹۷אול۹۷۹۷ለሁ۹۷אָנאַэхэд۹۷۳۸۹۷۹۷۵۳۹۷۹۷پرس۹۷۹۷מנית۹۷۹۷ລັດ۹۷۹۷ ништа۹۷۹۷ኂ۹۷۹۷архітектурн۹۷۹۷แยก۹۷۹۷មួយ۹۷۹۷γραφο۹۷۹۷צפוןאָנאַ۹۷אולэхэд۹۷эхэдэхэд۹۷
Подразделение по информационным технологиям,Westось затыйоооетые  итый   иое.ое итетогоете  вое    за   вттые.мест.осу.осу итиете.усьтиеисьтиеосьтиеාවක්  රයсьරයсьсьсьරයරයсьтот රයරයтиеරයсь맡тотсьсьтرتтотرتridсьсьරීсьරයරීсьсь맡 प्रबंधनсьсьотсьරයවිල්ලරයරයරයවිල්ලсьсьridсьරය соරයсь
Имущественные вопросы,Westось затыйоооеттыое.ое итый вое наооисттетныйоевоетныйопол   поностите.ттые.усьаютсятаютсятоиеисьтаютсясь.усьусьаютсясьсьтусьусьусьот доаютсясьтотсьсьсь රයсьсь.сьсьරයсьтностьсьсьරීсьсьridсьсь맡сьсь поностьсьтооиесьсьતંત્રооරයсьотсьරයරයсьරයරීтот රයරීсьот
"Проект ""Трубопроводный транспорт Главного НГКМ"""," нныйяные    и  н  .ся . .сь и та Небеснтастан тататастан нетось нетось.ся.ся,,,.ся нет . нет ,.та,. нет. нет,.こない.та и нет.та. нет нет... нет и. нет в. нет Верховн. нетдесят..та нет.。《..десят. нет痍. нет «..。《 и..という方. нет됐 нет.десят и.десят в..됐..統治..フィー..変わって"
Блок заместителя генерального директора по защите,Westось затасятянуютый.оооиее.ое.ковоевыетете.месттзне.мест .осу втась ите .мест.мест за.осу.сь.мест все.мест ита.усьась.усьь.сьсь.сьтиеись.исьисьсьсь поностьсьсьть единицсьсьосьсьсь со.сь поностищесьсьridись пощисьсь единицсь.гражденияridсьсьисьсьсь맡сьсьતંત્રоьrid
Блок заместителя генерального директора по строительству,Westось затымие    затогооооиствоеттые.ооетый.ое.осу.пазвоете.е.ણુંьгортете за.осу вооныйભ.ણુંкомтмест.ои.мест.فح.فحнуюв.оь.оفح.맡맡맡верооись맡맡исьи맡맡т기구сь맡верись.သိမ်းщи.သိမ်းист맡맡රීсь맡රීтот맡맡ભсь맡тотсь맡ခံခဲ့ရ맡맡сьсь맡
"Проект ""Северная деревня""",Westось завоеттыяныетуое.ооетыйое итетыете.местте  затасе.осу.ковоое втехое  понуюте ится.осу понуюкот.оиеы.осу иоиеи строя.усьнуюись понуюсь.оь единицсь.усьоооие единицсьсьсь поность.сьсь.гражденияооьગીсьсьරයсьсьтооරයсь поරීсьсьотсьсьරීтот
Проект «Обустройство Интересного лицензионного участка»,ЗМІረዳιστείιστείιστείแยกιστείιστείረዳιστείረዳpłaszczιστείιστείֆիզιστείιστείັນιστείแยก страхуванняιστείረዳረዳιστείֆիզїхав страхуванняιστείιστείβαθ капіталιστείረዳდაბაιστείιστείpłaszczpłaszczpłaszcz капітал۹۷ιστείረዳאָנאַιστείιστείслободиιστείιστείэхэдιστείιστεί۹۷ιστείιστείвиробництв۹۷ιστείັນ страхуванняιστείັນ۹۷ረዳιστείັນ капіталιστείιστείאָנאַ۹۷ιστείэхэд۹۷ιστείֆիզັນιστείιστείினιστείιστείїхавιστείιστείฑιστείιστείמניתιστείιστεί۵۳ιστείιστείเชียιστείιστείєднιστείιστείЗоригιστείιστείገባιστείιστεί գալιστείιστείລັດ۹۷ιστεί۹۷۹۷ιστεί۵۳ֆիզιστείэхэдֆիզιστείֆիզֆիզιστεί۹۷אָנאַιστεί
Блок директора по мощностям,"  та  霖બર нныйяные  нныйુище  되었습니다тый нныйنيةलब्धありませんでした иુ иુ, ие  ие되고 нетось нетось иось иМГ  и нетось, и нет  ита и и нет бы и нет нет  нет   и И и нет отвечаю и и отвечаю и отвечаю  и  и отвечаю отвечаю и И И И и отвечаю И Иنية и и Иنية Иنية. нет та и отвечаю нет लब्ध и И  и и и  нет отвечаю отвечаю отвечаю И и и되고 нет 篪نية и нет"
Блок операционного директора,Westось на нный   татыйооое   и  ное.мест   Небеснтаттого нный мирое  поныйоетый.мест нет поныйопол.осьтельствое.тиеттельствосьсьсьтесьсьරයсьсь රයсьරයරයරයсь сьсь со රයරයරීсьсьරීсьරයවිල්ලරයсьтиесьсьмедсьсь맡රයсьતંત્રсьсьرتсьсьતંત્રරයсьرتridсьсьرتهරයсьмед प्रबंधनсьсь поරීсьતંત્રоරයсьරී
Блок заместителя генерального директора по имуществу,Westось наи завоетась.ооое.оетыйоиеете.ковоабиныетаметабросятасяте .оиеы.осу.оия.усьи.усьась.оь.усььridи единицсь.усье.сьсьсь.сь поностисьсьridridridисьсь поridridьridridсьсь телиridсьridиridridьныеасьсьторыridridосьridrid соridridorderidrid единицсьсьorderidсь по
Управление по проектным работам,Westосьтыйоооиее иты итете  иттыхеты.ое.ковоасяте.мест  заттые.осу.местттыьગીе иусье иоиеы иьridисьтиеисьсьсь.усьиеи со.усььridьridridистисьсьridridridьсьсь  со.сьсь соностьсьсьતંત્રоиесridridсьсьстисьridьරීьridсьridсьот соridrid со со  со со соridсь
Блок директора по газовым проектам,"Apple затнытыйарствои застретажвуютыйоетыйоутый поб.мест  за  затый.мест затзнеи.осу.осу и «ные «е.осу за.осу илиетет за иет ие и и ие. за за. за.. за и и за и за.  и и  и. за  иеત્યા и и.. и и, и иを迎え..ત્યા и ...गी и и или и и « и.गी.गी за.गी  и गी.."
Блок деректора по газу,Westось затыйоооеты.ое иты ите  заттыхе.оиствоете.ણુંсяттые.мест  за итсямеры за.ણુંютсяи иусьаусьь.усьнуюи.усьусьнуюсь.усьаютсясьтусьусьусьаютсятусьнуюьગીсь.сьсь за.усьරීтностьусьусьරීсьсьсьරයсьсь맡тностьсьсь රයсьරයරයсь맡сьсьотсьсьતંત્રусьотсь맡 प्रबंधनරීсь맡તંત્રоරයсьот 
Блок технического директора,Westось заاحتты ခံခဲ့ရ исттыйاحتтыйоетыйост гортныйоро нныйправ.месттый   за гороттянуюте.мест   .мест неприосьاتورосьтельство.осьтельствоисьтиеисьсьсь රයсьсьරයсь رت රයරයсьරයරයරීсьсьرت प्रबंधनරීсьරයરુсьсьرتهරයсьරීсь ခံခဲ့ရරයсьرتهсьсьරීરુсьරයරීтرتهරයරයරයသိမ်းرتهරයරීරීсьරීтරීсьરુсьරීරීરુرت
"Проект ""Обустройство площадных объектов НГКМ Поменбше""",«ныетыйооое иты ите.ое вое.лныетые.мест затетый.мест  заттыхныете иоеты.осу.мест.опол.осу на.оы.ные.осу и.осуОЗ.осу вообщеные.у.ныерум.осу策ыыыуыыура.ныеправыыуруурууруура.кыу.кыооыуруосу.احيыыосу.актыакты.احيыя.احيовыامينооосу.اجот.осу
"Проект ""Новая нефть"""," Навныете.ણુંютсяоутые  итсядейететтого.местеттыхе.месттенеттыяныеместттыхноготтого,.сяттого ить. нет. нетrichtenправляюн.ся нет.мест. нет,. нет в нет.. нет нет.ステ. нет отвечаю. нетステ...Ме нет.Ме. нетМе..ステ нет.弹 нет.не. нет . нет首相 нет.フィー..弹..правляю. нет и нет.首相..フィー нет.朽."
Блок директора по мощностям," нетось на та назад, к, к нныйяе.мест та и не ится ится,.ся. нетось нетосьненеся.ся нет.ся нета. нет нет. нет.. нет и нет.н. нет в. нет или. нет . нет,. нет «. нет все..не. нет не... или или..та..。《. нет были..н и. нет до..弹..священн..フィー..統治.. не нет.не нет.。《 и.."
"Проект ""Новая нефть"""," Навныете.ણુંье.лныйопол и таттыяныетыете  итеты.месте и втаненешттыхноготтыхенеся втата ибраютсятатата.та. нет.та и в. нет вта.. нет нет..тата нет. нет отвечаю...н. нет,..не нет.не..ステ..Ме. нетステ. нет . нет и в вта вта нет в.. вта и..десят.."
Блок технического директора,"Appleи затнытатты затыетапаш поныйоьныее итете.е.ныетныете ву воетяныетаевые-ате ие  за.ные.ные за.ныйныйныйствен .ныйственगी.ный.е и .е ..ее и и ие ии и и  и и « и и за и и, и и. за ие. за  и   и « за и  « и. и и или и иမဟုတ် и и от."
Управление по проектным работам,Westось на  заось затапаш поныйопол «у  поныйургу  за  затый ву ву поныйоетыйое.мест  поностите иусье иоиеисьсьсь.сьсьтьность.сь.усьотсьсь맡версьсьරයсьсь රයсьරයවිල්ලностьсьсьતંત્રсьсьරීсьсьridсьсьпросьсьотправляюсьсьжениесьсьсridсь맡сьсьмедсьсьпредсьсь언сьсьвероиеотсьотпресьсьordeотсь
Генеральный директор,Westосьй за    вооое итсядейе и вое  втый воиее.осу воист  понуюь  ите.мест.осу.осу иье иусье иьridисьсьсь.усььordeность.сь.сьсьridьсьсь со.сьridridridсьсьරයсьсьતંત્રоиесridridьridridностьсьсьordeностьсьridсьridorderidridordeorderidсьorderidьorderidordeотсьсьжениесьсьсridсьતંત્રсьсь
Проект «Обустройство объектов Новой нефти»," нетянаяяе  татые  ие .е.е  прое.  .мест таંદરе..е проете.ные.етзне   ,.е,.мест нет  тую   нет . нет ,,,.ся та нет  нет. нет Хр. нет,, и нет.. нет.та. нет вта нет.,. нет или. нет нет.н. нет отвечаю. нет над. нет и вта.та нет в нет. или..弹..."
Блок директора по мощностям,Westось затапаш поныйоро Европейскиеттыяныйопол ие  заттыетыйоетяныйовыеяныйныйовыее  ите итты ие за иусье иусьаусьнуюи.усье.усьнуюь.усьусьнуюсь.усьась맡맡맡тность.усььગીсьсьсь맡тусьරණය맡맡તંત્રоьرتridисьсь먼트.усьරණයностьправляюridridridьridridсьсьරයсь맡правляюridсь맡તંત્રусьооьridусьоьරී
Блок директора по мощностям,Westосьй за  итсядейеттыяетыйоетяное.местте    за гортетноготе.мест  .мест нетось поностите иттельствосьттельствотельствосьсьсьтиеисьсь.сьсь за строя.сьтесьсь方针сьсьગીсьсьرتridсьсьдуностьсьсьරයсьсьતંત્રсьсь맡сьсь රයсьرتсьсьмедсьсьරීсьсьтьරයсьරයරයсь方针ridridсьරයરુсьсьотсьсьridсь
Генеральный директор,Germanyе  затсядейетые проеттогое зате за до за  завоете ие за. за.  за.. за   зане. засяසක්е зася е. е былимен былимен нее были были ... .  были..пер были были пожела.пердесят 나서 были были были辈 были  были былиફર были были之外 මාලිе 나서 были මාලිමාලිе磨 выбрал මාලිてきたе 나서 выбрал  나서 මාලිдесят මාලි 나서  나서 выбрал выбрал есть были были હતાе 나서 
Управление коммуникаций,Westось затыйоооетты  иое.ое  и  за  поныйоетельствттыхетныйооистте   .мест   за.ටම  за
"Блок исполнительного директора по реализации проекта ""Большое месторождение"""," Навныету  ие  итыеты  и  неттыхеттыететеньеттого.верое,.верттыхноготтых, ить,.н,. нет, и нет. нет.н. нет нет,.. нет и. нет вта. нет . нет отвечаю..,.,,.Ме. нет до. нет или...Ме нет..フィー,.フィー..ステ..朽. нет首相 нет.フィー или. нетМе.フィー иフィー.フィー нет"
Блок директора по мощностям,Westось заось на  заось заста за  завоетыйоетты  затый.мест гортете    за горотте.мест за.осьттельствоттельство.осьтельствотиеисьтусьусь짓ridись.усьусьусьаютсятусь짓ьرتтусьаютсясьсьсьтьرتridусьусьරීсьсьرتтرتridсьсьරයсьсьරීсь රයсьرتсьсьતંત્રсьсьусьусьرتтරීсьරයරීсьતંત્રරීсьරීтусьරීт प्रबंधनරී
Блок технического директора,"Appleтыйарствоииваાળтыйоеты.ое.оое за.ણુંусьоттетныйоровытсядейете.паз заттыянуютый.мест затзне за.паз  за.т.ણુંтся.ныйныйный... за..ણું..ный. за .., и и и, и,.  и и за. . за и и  и.,.. и и « и и.. —..   и,, и. и . и.गी.."
Блок заместителя генерального директора по защите,Westось на  заосьот.ણુંусьетыйоетогоое  затыйост гортетныйое.осугор   гор.осугори загоротте.सत्ताусьот.осу.усье.осьтельство.опол.усьусьусьаютсятот.сьсьсьтусьරීсьсьරයсьсьтьරයсь රයсьරයරයсь맡тотсьсь맡රීсьරයරීсьරීсь맡 प्रबंधनсьсьотсьරයවිල්ලරයсьતંત્રරීсьતંત્રරයсьරීтотරීсьотරීтරීсь
Блок директора по персоналу,Westось зафизтыйоооетыйов  итый    и  затый.ое.ооист за  .мест  поностите.осу иту.оиетиеи иусьась .усьоиеись.усьаютсятот поරීтот со.сьсьсьරයсьරයරයරයсьсь රයсьтот රයරයරීсьсь맡тот प्रबंधनරීсьරයරීт प्रबंधनරීтරීсь맡 प्रबंधनсьсьරීсьતંત્રооරයсьотсьсьот प्रबंधनсьරය
Блок технического директора,"Appleтяетяныетаяные заныйسارныйрчивытсядейе про над затетныйороняныйоете.мест затзне .мест  за .паз за  за.мест.паз . за. за за. .. за и и ие и и за ие.  и и  и за.ાર્થ и и, и и.   и,..ાર્થ...દ્ધ и и или..ત્યા и иを迎え и и « и иမဟုတ် и иત્યા и..गी.गीાર્થ и"
Блок директора по мощностям," Навные затсядейе  затые  и ву ву поные поныйовые   иттые иттыхе.верое,.вере, ивертатата.верта.тата,.та. нет.та и втата нет. нет,. нет вта...та в. нет до. нет .. нет нет..ステ. нетステ..Ме..не. нетrichten..тую..правляю..richten. нет и в..령..пред..首相..ль."
Блок заместителя генерального директора по безопасности,Westось затапашгортыйарствоищее.оудраты.месттетыйоетасяте.месте   .осу.мест.мест поноститаютсятиеись.осьтиеы.усьасьсьсь.сьсьтисьисьсьridисьridсьсь поностисьсь телисьсьරීсьсьતંત્રоиесьсьරයсьridridridсьridосьridridосьсьсьотсьсь맡сьсь펴сьсьرتridсьරීьridсьતંત્રсьсьordeරීсьridරී
Проект «Обустройство объектов Новой нефти»,Westосьтыйоооеты.ое.ооистттыхе.лныйрчетый вое втзне    иту   понуютый.оиствоете.ણુંтся.ણુંютсяопуы.осу.ણુંсь맡 поный.усьнуюттыь.сьтты .усьттыись맡맡맡тусьисьсь맡туюсьсьсьтусьරීтусьусьусьот맡맡вероьරයсьсьරයсь맡රීтотсь맡усьусь맡맡усьот
Генеральный директор,Westосьне заот над затяетыетяный Михаилоетыйое.местететате ите    итиете.тиеетиеисьтиеосьтельствосьтаниеьordeасьсьсьтесьсьતંત્ર со.сьсьтьරයсьсьරයсьттельствосьсьරීсьсь රයсьරයරීсьતંત્રоиесьсьridсьсьرتridridridсьරයරයсьતંત્રсьсьмедсьсьотсьсь поරීсьridridරීсьරීьරී
Проект «Обустройство Интересного лицензионного участка»,"ませんдейеттыоетыйое.ооое  завоетые итете.еты.ое вое и  за  иттыхе ...верое,.вер.вер .вер,.ешт.вер штабооы.ешта.вервероо.. нет..,..испол..ком.. или..та..не..десят в. нет в..от..フィー..Ме..пред..弹..тую.. в"
"Проект ""Новая нефть"""," и   няные  . .. та на .ણુંь .стре.ણુંяныйગરу   про.лныйગર .л해보 над.паз  тат . нет .,. тую нный в   в .احتт  ,,. нетосьн,.었다ось нет ,.ся .сь .었다 и вта. нет. нет в..었다...н. нет Верховн в. нет и в.  в.었다 в.н и.. нет됐.."
Блок технического директора," нетянаяяныйગર нныйяныету не  и  татый тататтыяные незае татся нетось.ся тастан,,.ся нетось нет,.верта,,, ить,. нет.сята,.та, и нет. нет . нет нет.та нет.. нет, и в. нет вта. нет отвечаю..ステ. нетステ...Ме. нет главно. нет и. нетправлен. нетМе..령. нет Верховн нет.ステ нет.었다. нет"
Блок директора по персоналу," нетянаяяные за    и  татся и няные   за  итый  .мест .ся  за.мест за ,.ئت Небеснтатся,.到了,,.вероооь,.gelöst.gelöst,. нет .gelöstпред . нет.мест.мест иМГ,,, и нет.н,.н. нет,.та... нет вта.та,..та нет. нет отвечаю..н и..десят..Ме..священн. нет нет..опол"
Блок заместителя генерального директора по безопасности,Westосьтыйарствоищеетыйов  заттыянуюттые.мест  завоетянуювететный Михаилянуюкот.месте  за.мест затесяте.осу поныйопол.мест понуюте понуюсьте строя.осьте иусьнуюисьсь.сьсьсьтиеисьтностьсьсь맡сьсь රයсьсьරයсьтьગીсьсьරණයсьсь поරීсьсь со.сьරයරයсь맡тьරයсьරයවිල්ලностьсьරය со
Блок технического директора," нетось за тане  и  и про к  и ву  и «у  .  и нет .. .паз .,, и . нет ,. ,,,.,. нетось нетось., и.. нет. нет бы,.不了. нет « .та, и нет бы. нет нет...та и нет.та. нет,.. и и. нет и и вта и и и И..н. нет И. нет отвечаю. нет вта..。《 и. и.та И."
Блок операционного директора," Навные затсядейетсядейу  затыйоетые  и   за та맡яные Небеснтаняных вое,,,.верооое нет,.ся,, ибр,. нет, и нет. нет.ся нет,, вта,.н,.. нет в. нет . нет нет.,.та. нет до. нет отвечаю. нет и в нет.., и в...правляю. нет или..ステ..Ме,.Ме. нет首相 нет.Ме нет.правляю"
Блок технического директора,"Westосьноооы.оое.ое и  воетасе.мест перете  за.мест  за .мест.мест,.мест поностище.оиеы.ось.осьridridridисьсьсьridridсьсьieriridrid со.сьсьorderidridдуridridordeность.сьridсьrid соridridсridridьridridосьridordeorderidorderidсьordeностьсьridordeстинridrid새сьсьжитеridridасьсьжridrid प्रबंधनridridотridridо"
Блок директора по портфелю,Westось нае  за  завоетыйоетые  итете    иое .мест  поныйоистте иттельствоте.осьтиетиеисьсьтиеාවක්රීсьсьсьridridисьттельствосьсьරයсьсьරීьරීсьරීсьරයරීсьતંત્રරීсьridсьсьતંત્રсьсьرتridridсьරයරයсьරයවිල්ලсьсь රයсьරීтරීсьотсьсь方针сьсь맡 प्रबंधनරීсьт प्रबंधनсьсьмед प्रबंधनරීරීсь方针ridсь
Управление коммуникаций,Westосьй загортнооетый итыйоое итете  ита вое.ковоевые поныйовыхеттые вусье иусье.усьаусьусьусьот.усьусььridисьсьсь.сь.усььગીсьсь за.сьсьтусьот со.усьотсьсьતંત્રоьරීсьсьridridсьсьරයсьсь맡 प्रबंधनсьсь රයсьતંત્રусьотправляюridьridridridьරීьridсьતંત્રсьсьරීсьતંત્રරීсь맡сьсьотсь
"Проект ""Нефтяные краюшки""",Westось затыйооое  иты ите   и  вое.ковоа  иоете.оист ву воист за иттельствоте иусье.усьусьусььridисьсьсь.сьсь за.усььગીсьсь поностьсьсьridьсьсь맡сьсьරයсьсьтьرتridridсьсьරීсьсь высьсьرتridсьridсь맡 प्रबंधनсьсьતંત્રсьсьотсьсь රයсь맡ьridridridьridсьරයරයсьridridмед
Управление по проектным работам,Westось затыйооое  итый  иоетныйое.лныйоист   и    за  втете  .мест  за.мест за.оиете.мест.ось맡.осьтельствосьтиеисьсьсь.сьсьтностьсьсьරයсьсь රයсьරයරයсь맡тотсьсь맡රයсьтьරයсьridсьсьотсь맡сьсьරීсьсьતંત્રсьсьridridсь맡 प्रबंधनсьсьсridсьරයවිල්ලностьсь맡맡сьරය
Блок директора по строительству,Westосьй за  ится  за  завоетыйооетыйов    поныйопол гороевоетете  .мест  за иттые.мест поныйарствои.осьтельствосьтиеисьсьттельствосьсьсь.сьсьતંત્રусььරීсьсь රයсьсьරයсьтьරීтиесьсьරීсьරයරයсьતંત્રсьсьмедсьсьرتridсьсь поරීсьતંત્રරයсьරයરુсьсьરુсьරයරීсьරීьරීරීсь맡 प्रबंधनсьсь맡мед
Блок директора по мощностям,Westось затыйоооеты.ое.лныйрчеттыьгоретый.местетасяте.мест  за.мест вы.мест.мест иоиеы.усьась.оиеись.усьоиеاتись поностисьсь.сьсьсь .сь.гражденияьગીсьсь поностьсьсьරීсьсьતંત્રооиесьсьтооьridсьсьотсьсьગીсь.предсьсьරයсьсь맡сьсьщисьсь высьсьridridсь 
Блок технического директора,Westось затыйоетыйовтыйарствоищееттыхетыететогоетместте    ите.мест  за иттельствоттельствотельствоте иусь짓ridосьтельствоот.осьтельствотиеисьттельствосьтусьусьусьот со.сьсьсьරයсьсьતંત્રусьусьරීсьсь රයсьරයරයсь맡тусь짓රයсьтرتridсьсь맡 प्रबंधनсьсьтотсьсьරීсьරයරීттельствоරයсьતંત્રරයсьот प्रबंधनරීтот प्रबंधनсьරය
Блок заместителя генерального директора по защите,Westосьтыйоиееттыоеты.ое.оиствоете.ковоныетете иттыетныетты за.мест за.ттыноститаютсятусьаютсятаютсясь за.усьаютсясьтусьнуюсь за за.сьсьсьтностьусьусьусьтностьсьсь.сь맡тусьотсьсь맡сьсь за строя.сь засьсьරීсьсь поностьсь맡맡맡тотсь맡તંત્રсьсьતંત્રоооراتсьсьусьරීсь맡усьусьотරීсь за
Блок заместителя генерального директора по защите,"Apple затны, к затасячныететыйооете.ое.е.ные за , за.мест за  за.ныйныйое ие  и ие и и и  ие. за и и. за.. за за и., и и,. за до и и за и ... и и « и и или и и над и и от. и..  и за. и   и  или и  за и, и или или и илие и  « и.गी и иを迎え и и"
Проект «Обустройство объектов Новой нефти»,Westосьтсядейетые  итогооетыйое.ое и  вое воое  за   вте.мест  за.мест за  поныйопол .ковоопуот.мест.ણુંтся.мест поность за.усье.усьаютсятты .усьнуюсь.сьсьсь.усьусьесьсь රයсьсьරයсьරයරයරයсьтරයсь맡රයсьරීсьсь맡сьсьતંત્રоරයсь ခံခဲ့ရරයсьતંત્રරයсьотсьсьтотсьරයරීсь
Блок деректора по газу,Westось затасятые.кушаетате.оету вое итете наетеньетное.мест затне.осу.мест итгор за иусье иусьу.усьнуюи иусьа.усьаютсятусьусьусьнуюсь.усьусьаютсясьтностьусьусьасьсьсь맡усьусьоооьරයсьсьусьусьот строя.усьоьරීтностьсь맡тусьоරයсьරයсь맡맡맡тотсьсьтусьот
Проект сервиса скважин,Westось затасятый вусьетыйоете.лныйрче итету ву вист   ита вое.мест  за иттые вусьате иусье.усьаусьусьусьасьсьсь.усьусьнуюсь.сьсьтностьсьсьරයсьсь රයсьтьગીсьсь со.сьරයරයсьරයරීсьсь맡тностьусьотсьсьગીсьтотсьтусьරයсь맡сьсьරීсьරයરુсьсьતંત્રусьරීсьт
Блок директора по мощностям,Westосьнаяе илие  итые.е.оетасе.мест затете .месте  за.мест.мест  за   за ите.осу.мест понуюи.осу иь.сьтиеись.сьсьсь.осьridисьсь .сьridridсьсьridсьridиridridridьсьсь поностьсьсьieriсьсьorderidсь сьсьරයсьсьтикусьсьતંત્રсьсьмедсьсь сосьсьරීсьсьdintiсьсь высьсьт
Блок технического директора,Westосьтыйоооеты.ое иты итете  затыеттыхетате.мест зате за.ણુંютсяаттые вусьнуюьગીусьот.усьаусьусьусьот поноститусьусьаютсятусьаютсясьтусьот .усьусьරීтусьරීсьсьсь맡усьот со.усьотсьсь.усь짓ridсьсьтотсь맡맡усьусьridridridсь맡 प्रबंधनරීсь맡тотправляюridridусьотправляюරීсьотсьот
Блок директора по персоналу," Навные    иь  . татся.  тататый нныйядейе.ણુંь  за  нетенного.ણુંся таттыхететяного.вероооાયાтую  ,.мест . нет. нет Хр .мест. нет,,. нетrichten... нет ..вер..та. нет нет..,..н..Ме. нет вта.. или. нет до..десят. нет"
Блок директора по строительству,Westось затапаш поныйооое.оетасе.лныйое с сэг наое вое и ву воист-аевые-а.мест .мест.мест за.мест строя.мест вусье.осу.мест понуюи.усьась.усьнуюи строя.усье строя.сь.сьсьсь .усьусьнуюсьсь поностисьсь.сridисьсь со.усьridridсьсьridridrid соностьсьсьරයсьсьсridсь맡сьсьતંત્રо
Блок директора по строительству,"Appleтыйоетые  итсятсятсядейеттыяныете.ણુંтся  завоетете .ણુંьгорте за.осу.осу затзне.ણુંся.ણુંсь за.паз за  за.ણું.ણું за. за за.ныйопол . за. .ный.ણુંнныйет. за .т...ણું и.. зат.  иет ие.., и и и ..т и и,..દ્ધ.. и иを迎え..गी.."
Проект «Обустройство Интересного лицензионного участка»,Westосьтсядейетсядейи затсядейооетыйое.ое сэг.мест поныете.мест  затасятете .осу.мест.мест ваютсятты .мест иусьа.усьасьтиеы.сь.сьтаютсясь.усьаютсясьсь.оиеисьсьсь поность.сьсь  строя.сь поностисьсь со.усьоооие единицсьсьતંત્રооьridridridсьсьridridосьсьсьරීсьсьотсьсьпредсь
"Проект ""Южный""",Westось затыйоооеты.ое.лныйое итете.осу.месте  за   вое воист.мест.мест иусьа.усье иусь짓ridись.усьаютсятаютсятусьусьаютсясьсьсь.сьсь за.усьусьусьнуюисьсьтностьсьсь맡ность.усьотсьсьсridridсьсьridсь맡сьсьщесьсь со.сь맡тностьправляюсьсьતંત્રооьગીсьсьරීсьсьусьridridусьridсь
Блок заместителя генерального директора по закупкам,Westосьтыйоетыйы иты затеттыхе.местте.ણુંсяттыете  заттыщиеттыте вусьате иусье иье.усье.сьсьсь.усьнуюсьсь за.усьусьнуюьગીсьсьтностьсьсь맡ностьсь맡맡맡тностьусь짓ridсьсьщисьсь 맡맡сьсьсridсь맡тьсьсь со.сь맡сь맡 प्रबंधनсьсьරයсьсьотсьсьતંત્રусьотсь맡તંત્રоь
Блок заместителя генерального директора по строительству,"Germanyетатыйоооетые иое вое.ое итете за.ણું렸습니다 завоете.ાનое ..ણુંне...વાનું.مناسبе.વાનું,.مناسب.વાનું趣કૃતе.ડ્ર.. .ડ્ર .льાર્થ..蛛..変わって趣..ова一批がついて.ડ્ર"
"Проект ""Южный""",Westосьтыйоооиее иоеттыхое.ое вооиствоекое ите вочныеьгор «ы.осу ви вы.оиеы ви «ь.усьаютсятаютсятусьаютсятелиноститаютсятели.усьнуюи.усьныеусьаютсясь поноститность.усьусьаютсятся телиусьот строя.усьот поностись за за  строя.пунктностьусьусьот со.усьснабностищесь за  со за   строя за за за вусьооусьот  
Проект сервиса скважин,"Westось затащие.оооеты.ое.месттасевыете и вныете.меше.е.шую.месте .мест.мест ии.мест,.мест строя.оиеы.усье.усьаностище.усьись.ностищесь.сridи со.ностиность.ностисьсьсьностисьностиridисьсь.ность.сь единицсьсьсridсridностищестьюоиесridridи единицсridность.сьсьridridrid со.сью"
"Проект ""Северная деревня""",Westосьй за    итты   вооое итсятся  ится ноетый.мест  за  заттые.мест перете.осу.мест поностите  за.осу поныйопол.ણુંтся .ણુંсь맡 понуюсь.усьнуюсь за.усьаютсясьтусьусьнуюи строя.сь맡맡맡усьусьусьтусьнуютусь맡맡тусьරීсьсьсь맡сьсь 맡맡версьсьતંત્રусьусь맡сь맡તંત્રусьරීтусьотсьсь
Блок директора по газовым проектам,Westось заось заفحные поныйоро    за  гороттныйопол  поныйسارныйооое.мест  ите  итсяот.усье иусьот.осьтельствотиеы.усьаютсятиеись.усьусьусьаютсясьсьсь.сьсь поරීсьсьтусьусьරීсьරීсьරයсьсь රයсьරීт प्रबंधनරීсь맡 प्रबंधनсьсьරයරීсьતંત્રсьсь맡රීсьтරීсь  प्रबंधनරීтотсьсьતંત્રරීсьرتridсьсьරීරීсьотරීсь
Блок заместителя генерального директора по закупкам,Westось на  за  заныйоро Европейскиетыйооеттыяныйое.лныйовыее.е    втые.ое  вое ви ву.мест  ви  за ви за.оиетиеи ии за ии.опол.опол иисьтиеьridнуюись.усьисьсьсь맡тиесridridridьridridисьridridныесьсьridиridridсьсьරයсьсь රයරයсьridьරයсь맡правляюridridرتridrid
Блок директора по газовым проектам," татане  ие   и   нный и  оттый нныйяные  .  иты. тататан, и  нетось нетось и та нет . нет ,, и нет  ита и нет бы, ита, и « « «  нет  нет нет. нет нет «  и нет нет нет   нет.тата нет отвечаю. нет отвечаю и нет отвечаю нет.. нет Верховн. нет и. нет.という方 и и и И. нет вта и и нет Верховн нет.。《 и и.."
Проект «Обустройство объектов Новой нефти»,"Appleтяетяные нныйяные добииંદરусьетзнеවෙලтани랍니다 и   и  и вте .е.е  за.ણુંь .ણું.ણુંсь  за .мест за  .паз за.паз .,.ણુંтся. за. .. за  и...  за за.ныйગર.गी.  и и . нный и и, и и ие. за и и.,,.., и,.गी и и « и и નહીં и и સોત્યા и иမဟုတ်"
Блок директора по мощностям,"Germanyе разе  иу вныету ву поные поныете  заттыяныеттые...ણું зате.овальететзне,..е.е ..  . .,.лье,. тые былиные..пяе были.еがついて..ные.ные были были..пер были.перがついて.ные"
"Проект ""Нефтяные краюшки"""," Навные    и  татане тататани вы та и не.е .е.мест тане ,.е,.верооое,,,.та,.,. нет,.. нет.та...та нет. нет нет.., и..н. нет ..Ме. нет в..。《..ステ..не..統治..десят..弹 нет.Ме,.ステ首相..フィー..пред..担任..首相. нет и. нет"
"Проект ""Восточный""",".лныете. зататасевыететаевыетноетнетныетнныетасяте,,.ештатeigen,.верое,.мест. нет.. нет нет. нет,. нетдесят. нет илиeigen нет.не. нет и нет.н. нетквартир. нет все. нет弹 нет.та. нет в..не или. нет над.не нет.соб.не и в. нет .не в нет. или...соб нет.десят..ного. нет"
Блок технического директора,Westосьтсядейесятыеся  засятася.ся илиоетый ву внуютете  ву нныйянуюкпер нетянуютащие.сяте.мест ителиностите ви иусьась.усьнуюисьсь.сьсьсь맡усьусьусьнуюсьсь со.усььridись맡сьсьridridridсьсьරයсьсьтностьсьсьсridridьridсь맡 प्रबंधनсьсьотсьсьщесьсьусьот со.сь맡ьridrid
Блок директора по мощностям," Навные затноось на татсядейетсяоттаકરણттыяныйрчетый неттого.местеттыхететзне,.верое,,,.мест, ить,. нет,.н, и нет. нет нет.мест. нет.вер. нет в нет.,.. нет . нет до. нет отвечаю. нет и. нет или. нет Хр нет.Ме,.Ме. нетправлен. нетステ. нет首相 нет..ステ...フィー,.フィー..не нет.弹."
Блок заместителя генерального директора по безопасности,Westосьтыйарствоищееттыхифтыйоетыйовттыхе.месттете  заттыхисттгортегор «ьгорттельствоттельствотельствотиетиеисьтиеы.усьаютсятусьусьусьаютсясьсьсьтусььරීьරීсьсь맡усьусьරීтусьරීсь맡તંત્રусьусьот со.усьотсьсьતંત્રусьරීьગીсьсьරීсьતંત્રоьridсьсьරයсьсь රයсь맡тотсь맡 प्रबंधनсьсьпредсьсьотсьતંત્રරීсь
Блок заместителя генерального директора по закупкам,Westосьтыйарствоисьооеты.ое.оистттыяныйое итетныете  иттые.мест за иусье иусь짓ноститтыь.усьь.ось맡исьись.усьусьусььridисьсьсь за.усьот.усь짓ridусьусь짓ностьсьсь.сьсь맡맡맡усььગીсь맡усь짓ьridсь맡тусьотсьсьщесьсьતંત્રоьරීсьсьусььщись맡તંત્રусььсьсьотсь맡ьridь
Блок директора по портфелю," и ютсяоутыяныету  иту поныйопол  .оет.оооье.ણુંьгортыйоое.осу и    за .ئتтат .فينооાયાты ит.осу,.到了.оь.见面.тро .见面,.вер .мест.мест .вероо. нет.gelöst.gelöst ить.gelöst Директор нет. нет и нет...gelöst нет.десят .. нет в..десят и..Ме..н.десят."
"Проект ""Трубопроводный транспорт Главного НГКМ""",Westось затыйооетыйов  итые  итсяоттете .ое.осу.мест    за  .мест.мест поноститиеы.оиеисьсьтиеиеи со.сьсьсьridись.сьridridridсьсьતંત્રоиесьсь телисьсь поridсьridосьridridосьсьсьරීсьсьотсьсьරයсьсьщисьсьтелисьridсьતંત્રсьсь方针сьсьпредсьсьorderidсьот प्रबंधनсьсь соridridරීсь
"Проект ""Нефтяные краюшки""",Westось на  заось заста за  за опол за  поныйооое.ણુંсятыйое и    понуюте.ое .осу.осу ите ви иусье иусьась за.сьсьсь.усьнуюсьсьтиеись.сь .усьусьусьот со.усьот.сьරයсьсь맡усьотсьсьරයරයсь맡 प्रबंधनсьсь රයсьරයරීсьсьridсьсьતંત્રсьсьотсь맡сьсь поරයсьતંત્રоරයсьтотсьරය
Блок директора по строительству,Westосьне  итсядейеттыяе.мест стреляныете .мест  за  завоете.е  за.месте.осу.мест.осувася нае.оесь.мест строя.мест растьнуюи.мест неприось.ось.сьтиеись.сьсьсь.осьисьсьосьсьсьтдуисьтностьсьсь соись со.сь сьсь поность единицсьсь высьсьridсьсьරයсьсьстройсьсь неприьюсьсь единицсьтьсь
Блок технического директора,Westось наоооисттыйооетыйов  иое.ое  итый .мест  затныйопол  поныйоист вист итете.осьтельствотели.осьтиеисьттельствосьсьсьтиеьridисьсьridridridсьсьරයсьсьරීсьсьતંત્રсьсь方针сьсь රයсьරයරයсьતંત્રරීсьරයරීсьridсьරයවිල්ලсьсь맡 प्रबंधनсьсьотсьсьرتridсьતંત્ર प्रबंधनරීсьતંત્રරයсьridරීсьරී प्रबंधनсьતંત્રо
Блок технического директора,Westось нае  итсядейеттыяныетые.лноготе.мест  затетый.лный.комте .мест.мест вист за ву ву.мест поноститу.усьнуюьગીе.сьтиеисьсьсь.усьусьусьнуюсьсьтусьусьот.сьсь맡усьусь짓ridсьсьරයсьсьරීсьсьусьусьරීсь맡сьсьતંત્રусьотсьсь රයсьරයරයсь맡 प्रबंधनсьсьridridridсь맡맡 प्रबंधनරීсьරයරී
Блок директора по газовым проектам," Навныете.ણુંтсядейетые  ите  вое.ковоащие.местеттыяных вта맡туювероеттыхноготтыхе,.верта, ить.мест.верпредтую. нет. нет,,.тую нет.тую.. нет в. нет до..туюправляю. нет нет..не,.не. нет ...,. нетステ..ステ. нет или..Ме..弹 нет.не нет.ль..льМе. нет и в.."
Блок директора по персоналу,Westосьтыйоооеттыянуютые.ое.лояныете.лныйрчететый.местеттыхе.месттзне.мест вте итется.мест.мест за.ણુંтся乐нуюте строя.усье.усьаютсятусье строя иусье иусьнуюисьсьсьтиеисьтностьсьсь.сьсьරයсьсь맡сьсь රයරයсь맡맡тьරයсьරයරයරයවිල්ලරයсьтьرتтьગીсьсьતંત્રо
Блок директора по мощностям," нетянаялся,,, к наенු нныйянымиーンючи    иту.лный.лные.л侠тые  ится  и  таты,,.мест нный,.вер тую ить,, ить.вер, ит. нет.та, и нет. нет,.та. нет нет.. нет и. нет в. нет . нет над. нет Хр нет.,..та нет.Ме,. нет отвечаю. нет Верховн нет.弹. нет или...Ме. нет Сталин"
"Проект ""Трубопроводный транспорт Главного НГКМ""","Appleтыйоетыйов затые  зататетныйоьныеете.ое.осу.оуте затныйગર затноготе .мест затзне за.осу итгортеетного.ет за.е иет.еее и и ие и, и и  и и,, ие, и за и и за., и,.  и..,... и иを迎え и и « и и.ત્યા и и સોત્યા и «..गी и и"
Имущественные вопросы,Westосьное  итсядейеттыоетыйое.мест  затыететныйоевоете.ое иоы.ось.усьаютсятаютсятисьоиеы.усьасьсьсь.усьоиеисьсь поностисьсьтусьоооьරීсьсьridсьсьරීооиесьсьотсьсьતંત્રооරයсьсьරයсьරීсьridridridсьරීтоосьсьпредсьсь досьсьગીсьсьооرتridсьотරීсьот
Блок деректора по газу,"Appleтыйарствоись애оાયાтыяные завоетыйое.ણુંьгор  за  задесят  затый.ણુંся.ણુંсь за.ણુંтся乐ные за.паз за за   за итзне.ણું.ણું за за за. за за, и. за .ણું . за.,.ણું, и и и, и,. за и и за.  и и. ., и  и,, и за и, за.. за,,... и и « и иを迎え и и સો и и ."
Блок директора по газовым проектам," нетяныйગરу нныйяные  тане   и   нный и  про оттый татанеты нетось нетось  .ся  ,. нетось,,,.вероооось нет,, и нет. нет,.ся нет, и. нет.. нет . нет нет.,...та. нет отвечаю. нет Верховн. нет в. нетдесят. нет и..ステ. нет не нет.десят..Ме. нет됐 нет.та нет.ステ нет.。《. нет痍. нет"
Управление землеустроительных работ,Westось поныйоро Вяныйоро нныйяныйопол оттыйоооетые  итсядейететыйов ву ву-асяте.месте    за  за иттые.сятиеи  иись맡 поность за.усьисьтиеьරයсьсьсь맡исьсь.сьсьරයсь맡сьсьridись රයсьරයරයсьridсьсьтотсьсьсridridсь맡тиесridсridсьridridridьridсьරයවිල්ල
Блок директора по мощностям,Westосьйтыйарствоищеетыйоеты.ણુંьгортеттыхетныйоьныеете итныете.ણુંтся  иттельствоттельствои.мест.ણુંисьисьтиеись.осьтиеاتисьсьсь.сьсьтусььරීтусьусьусььગીсьсьරයරයсьсь රයсьтностьсьсь맡тьරීсьсьරීсьරයсь맡તંત્રсьсьતંત્રරීтьсьсьગીсьරයරීт प्रबंधनරීсь맡 प्रबंधनсьсь поරීсьતંત્રсь
Управление по проектным работам,Westось затые  иттыянуютянуюка.месте  за  зату ву влист затете  ву  за ите.мест    за.мест за.ણુંтся  за за иусьаттыь.усье.усьнуюисьтиеись.усьисьсьтьرتridись맡тьગીсьсьсь.сьтусьරීтرتтرتridridridсьсьරයсьсьරීтьරීсьсь맡сьсьرتтьridьridridරීсь
Блок директора по портфелю," нетянаяянымие,, к нае.ણુંь.е.етыететенььеттыяныете.пазвытсядейеттыхетместтенетзне.месте,.вере, итьочене.вертатата.мест.та. нет.тата ить,.таправляю..верправляю.тую нет.тую... нет вта..правляю. нет нет..ステ..Ме..ком..не. нет и нет. нет или..弹 нет."
Проект «Обустройство объектов Новейшей нейти»,Westосьтыйооое.ое иты ите воете.осу.лныете и вонуютетныетныйовые.мест.мест зате за итгор.осу за.осу итот.усьнуюи.усьоиеи.оиеы.усье.усьаютсятусьнуюсь за за.усьусьусьнуюьщи.усьот строя.усьныеусьусьооусьусьот со.усь맡맡맡усьоьරීтооьridусьоусьот за за за 
Проект «Обустройство Интересного лицензионного участка»,"Germanyетаяныету  ие  затые зату затыйы затете .мест заттыяныеиспол   за... за. за  за리스트е.ලූфизте, тые. ты ты.ලූе ты趣 тыдесят 兢.兢.ලූhist.ලූ法人.法人.ක්මе.ක්මдесят මාලිමාලිе.перાર્થ હતાдесятමාලිමාලිමාලිてきたе මාලිдесят ાર્થ 나서 මාලිてきたဉાર્થ હતાાર્થાર્થાર્થ 나서 હતાдесят  भएकाાર્થાર્થ હતા"
Генеральный директор,Westось затыйоооиее  иттыеттыянуютые   и втете  воетасяте.мест   за   .мест.мест за.ણુંсьтты за.усьттыь.сьтиеись.сьсьсь.усььગીсьсьтусььරීсьсьරයсьсь поностьсьсь맡сьсьridсьсь රයсьරයරයсьтьරීтьсьсьગીсь맡тьරයсьරීсь맡 प्रबंधनсьсьරණයсьсьරී
Блок заместителя генерального директора по безопасности,Westось затыйоооьгороое ится  иоисттетныйоете.ое.мест  заттыоист ви иусье иусьියක්усье.усьусьусьаютсятусьаютсясьтусьусьот.усьнуюсь.усьот со.усь짓ridусьусь짓усьусьරීтусь맡맡맡тусьотсьсьсь맡맡усьусь맡усь짓රීсь맡тотсь맡усьරීсьсь за맡맡તંત્રусь짓රයсьсьусьот රයсь맡તંત્રоьරීт
Блок директора по строительству,Westосьняе тане  тани танельяе.мест   нныйэг.мест расяныемед  негорте нныйе .мест.мест медалось понуюсь.мест иусье иусь짓ridисьсьсь.сьсьтесьсьරයсьсьмедсьсь රයсьරයරීсьсьරීсьරයරයරයсьтиесьсь맡сьсьරණයсьсьдуරයсьмед प्रबंधनсьсьતંત્રсьсьусьරයсьતંત્રусьරීсьતંત્રරයсьරීьсьсь方针сьсьотсь
Блок финансового директора,Westось затыйоооетты  итянуютяе.ое.лныйગર втетый втыйов ву вистте.местте ите вусьусьусье иусьусьот.усьусььridисьсьсь.сьсьтьностьсьсь맡сьсьරයсьсьтотсьсьridсьсь රයරයсь맡тиесьсьරීсьсьતંત્રсьсьмедсьсьотсь맡රයсьරයවිල්ලсьсьщесьсьગીсьсьرتridсь맡 प्रबंधनсьсьусьот
Блок директора по строительству,Westосьй за  застретажянымии затапаш поныйрче.лноготгортый.лное.лный.лные поныйગર.л.осу  за.лધામ.осугорте.ણુંтсядейе.осу.ણુંсь за.усьттельствоттельствои.ттельствось.сь.رتтусьтусьусьусьтرتттыرتтරීсьсьсьرتтગીсьсьරීтرتсьсьරයсьсьગીсьරීсьරයරයсьරයරීтරීرتтرت රවෘත්තිсьсьтرتරීсь
Блок технического директора,Westось наовательствойноооеттыяе.ое.лные поныете и   итетасятате вое ву воист вист вы.осу ви ви поноститиетиеи.усьасьсьсьтиеиеисьсь поностьсьсь.сьсьරයсьсь රයсьтьсьсь맡сьсьridисьтностьсьරයරයсьරයтьridсьсьстисьсьщесьсьරීсьсьсridridсьтотсьсьот
Блок деректора по газу,Westось нае  илиоое  итыйое.ое итетый  .мест  за  зате .ооиее.ковое.е.осу.ковоа вое ваютсяте.мест.мест вусьнуюсь맡.усьнуюи со.усьь.усье.сьсьтиеисьсьсь.сь  со.сь со.сridсьсь රයсьсьරයсь맡сьсь맡тиесridridridсьරයරයсьරය со со.оиеьරයсь со со
Блок директора по мощностям," Навныете.ણુંсятый вернуу  затые.месттзне  итетенье.етзне.местеттыхе.верое,.вере, ить,.мест.вер Хр нет.вертаправляюн. нет Хр. нет. нет,. нетrichtenправляю..вер.. нет нет...тую. нет отвечаю. нет ..не. нет в..ステ..Ме..н..,..弹..правляю. нет до..フィー..священн..десят.."
Управление по проектным работам,Westосьняе   иь иලූтый.ооьетыйооое.оетые.лныйоьгорте.осу.мест   за  .осу  ву ву.ણુંьгороттете .ણુંсяттельство.мест.усье.усьнуюсьтесь맡ись.усьусьусьнуюисьсьсьරයсьсьтьරයсьරය со.сьсь неприьюсьсь රයсь맡сьсьරීсьсьرتсьсь맡тьරීсьරයරයсь
Блок директора по мощностям,Westось нае  ится няетыйоеттыяе.ણુંьетыете   иое  втетяе .мест   тые и  .осьтельствотели иусье.сьсьсь方针ridисьсь.сь方针сьсьтусьесьсь භාවයсьсьරයсьсьرتridсьсь맡сьсьмедсьсьරීсьсьતંત્રсьсьусьотсьсьдуරයсьරයරයсь方针රීсьරයරීсь сьсьотсьරයවිල්ලсьсьridсьරය
Блок бизнес-директора,Westось на ခံခဲ့ရ    되면 ခံခဲ့ရянымиーンоз  되면 за  ခံခဲ့ရ завоетыйое  ите   ится  и  .мест  за иттельствоттельствотельствотиеттельствосьтиеисьттельствоись тельствосьсьсьт प्रबंधनرتттельствоරයсьсь رتridисьсьරීсьсьරයරයсь රයсьරයсьرتridсьсьرتсьсьતંત્રරීсьරයරීсьرتтرتridridсьරයවිල්ලсьсьмед प्रबंधनсьсьرتهсьсь प्रबंधनරීсьරීරීсь
Проект «Обустройство объектов Новой нефти»,"Germanyетыйоооетатые итетныете затасье завоетасяте..е.е,.е есть...ные.е ..兢.е共同努力е共同努力ные共同努力е.ные共同努力ные были были.е එක්වе были были были එක්වе  подход.е兢.ныедесят එක්වе එක්ව එක්ව были былимен එක්වе変わってе десят එක්ව 나서 были былиાર્થ策ાર્થ策е 나서е 나서десят එක්ව එක්වе 나서 чтобыдесят එක්ව策ાર્થ были были策ાર્થ 나서 были  එක්ව 나서десят"
Блок заместителя генерального директора по строительству,"Appleтяе 就是要тгортые разоеты  иты и не и нае  за  завоете.ое.осу.осуветзне.осу итет.осу ву ву.оое вое   .осу,.т   и  и. .ныйગર иет иеет  ие иенет за и и ие  и и  н и и之外т и и, и ии и и « и и સોત્યા и и."
"Проект ""Трубопроводный транспорт Главного НГКМ""","   нет  .  та   и   Небесн  लब्ध . нет .. арест   не та не  нет. .т не .不了.  нетось нет ,...,. тую ., и  и нет  ит . или и « . и .десят ит. нет. нетдесят. нет됐. нет нет.. нет и нет.та. нет痍. нет Верховн. нет되고 нет.。《 и и. нет됐다 нет.десят..。《та и и и됐 нет  нет"
Блок директора по строительству,Germanyе  и   таые   за тататаяе.е. с с сэг.тесяныйопол.месте.ણું затете.сярол.сяте былимене были ты.. ...蛛..е были..пер были былимен были были были.перがついて были были  были былименаがついて былимен.がついて были.がついて.がついて がついて.変わっててきたがついて.ていました были былиись были былиがついて были がついて былиがついてたまе были были હતા были былиတစ်ခု были былиතී были былиمونがついて
Управление землеустроительных работ,"Appleтяетяныетяныйороняные затзне отвечаютату.мест затянуютый.мест .опол.мест.ણુંтсядейетзне .паз за.месттмест затсядей за.паз наලත්т.т за.т.મય за. за.મયпред и и и за. .т и и, и иет и за и и  и,. за и за  и и « и иを迎え и и.गी и и સો и и или и иမဟုတ် и и දැи и иત્યા и"
"Проект ""Трубопроводный транспорт Главного НГКМ""",Westось за   ခံခဲ့ရ и исттый  нный   и  ист   за нный итого  не.мест  ите  .местопол   неприосьтельствои .осьاتورосьтельствоот.осьтельство.осьтиеиරීтиеාවක්رت රයරීтරීсьсьරයරීсьරයсьරයරයරයсьсьсьරීсьරීтرتтරීт प्रबंधनරීсьતંત્રරයරීરુرتтသိမ်းرتهරයරයරීသိမ်းرتරීсьرتသိမ်းرتသိမ်းرتهсьсьતંત્રරීરુતંત્રරයсьරී
Управление землеустроительных работ,"Appleи затнытеттыяныетаяету.местетый.мест зате.мест  затасье.ете за.е .е.ные за  за.мест.паз за за за. за за . за и за за и и за ие и и ие за и  и и. за  и за.. за. и и, и и « за и « и и  за и,. за « за.ત્યા и и над и и или и иを迎え и и от и иမဟုတ် и и до"
Блок директора по строительству,"Appleтыйарствои руrmaи затые  и鼓.ણુંь  и    итеты и  за  .паз  за...паз за ..,.лье.ные.ный.лный. .льный..ль..ныйныйный. за., и . за  ие.  и и иет и и  и, и и за и и,. за ие и и « и ии и и.. и иを迎え и и или и и до и иမဟုတ် и. и."
Управление по проектным работам,Westось наусьесятый на вы  за нянуютые.мест вы   иу ву  ие    вое.осу ву.мест  ву вусье вись иусье иье исьсьсь.усььordeусьесьсьтиеисьсьridись.сьсь высьсьосьсьсь соностьсьсьරයсьсь поностьсьridсьсьщесьсьતંત્રоьсьсь сьсьordeсьсьотсьсьщиесящисьсььсьridridсьridосьсь
Проект сервиса скважин,Westосьнаяе  итсяоттыеты.местететапаш.мест неприоетяныете.мест затся .мест.мест нетось.сьттельствое.осьтельствотелиарствоись.усье.сьсьсьтиеисьсьridисьridсьсь.сьridьсьсь поностьсьсьусььridridсьridridridосьсьсьતંત્રсьсь сьсьරීсьсьරයсьсьщесьсь맡сьсьотсьсьмедсьсь неприridсьරීьridсьતંત્રоие
Блок заместителя генерального директора по организационным вопросам," таы   и  нныйяные  되었습니다тый татани  . татататтого иттого, итого  нетются нет .ся , иМГ, и нет « « « . нет  и нет. нет «  нет.. нет.та и нет вта и вта. нет и нет и. нет Верховн. нет,. нет нет. ...та нет.。《. нет в нет. или. нет痍. нет не нет.という方 и..。《 и.という方. нет И..という方"
Блок технического директора,Westосьтыйоооеты.ое.лноготтыеттыьгортете.мест затеньетныйовыете ите за.тты за.мест вись иусье иусь짓ridнуюисьсьсь.сьсьтиеись.усьот со.сьтностьсьсь со.усььсьсь맡сьсь поностьсь соностьсь맡맡сь맡усьотсьсьරයсьсьridсьсьતંત્રоьщисьсьотсь맡тьridсь맡ьරීсьсьරීсь
Проект «Трубопроводный транспорт Ещё одного НГКМ»,"Appleтыйарствои Зае затыйоетатыетый  затетныйоое   иසක්и затзне за.ое.ણુંтся  за  за.опол  .опол.ણું за .ныйое и  за за. за.ный. за за  и и и за за за и и, и и  и за и за., и, за.  и,.,. за и,, и ... .,,. и и или и и « и и над и и.."
Проект «Обустройство Интересного лицензионного участка»,Westось на  за  завоетыйоетыйовтыйые  иое   и   вое.мест  затете  за вист   за ите.осу иусьот.усье иусье.усьусьусьот со.сьсьсьтусьусьරීсьсьridсьсь맡сьсьරයсьсь රයсь맡усьотсьсьරීсь맡 प्रबंधनсьсьતંત્રсьсь.сь맡медсьсьусьусьridridridсьරයරීсьරයරයсьridridьсьсьотсь맡
Подразделение по информационным технологиям,Westось затыйоооеттыянуюттыое.лныйороноистттыетныйое итете.кот.местттыьгорте ваютсяте иусьаютсятаютсятиеи.усьаютсясь за.усьнуюись.усьоиеисьтностьсьсьсьтусь짓ridисьсь.сьсь맡тусьооьગીсьсьරයсьсь රයсьтооරයсьતંત્રоьරීтотсьсьતંત્રусьоьරයсь맡맡тот
Проект «Обустройство объектов Новейшей нейти»," Навные   и  татся тататся.ણુંтся    втатые.ણુંся  за татый.ણુંнныйяные за  итетется.ся .сяты.ся.ся втого.вертого,.вертатата Небеснтата.тататтого.испол ииспол.испол.та.испол та.пут.та вта.вер.таправляю...испол нет..та нет.путпут.. нет. нетиспол..Меиспол.Ме..сфер."
Проект «Обустройство объектов Новейшей нейти»,Westосьнааме  итсяост за  за  итые.мест  затапаш поныете .мест затся  завоете.оетех.оиее.ковоась.осу.мест.осу понуюье.тась맡 понуюи иоиеьныеиеись.усьасьтиеысьсьсьridridисьсь со.сьсь поностьсьсьтотсьсьторыridridridсьсь этиоие единицсьсьරයсьсь высьсьieri единицсьridсь
Блок директора по мощностям,Westосьтыйоиееттыяныетые итете.лныете  заттые.клонтныйовые.мест.мест вы.мест за иусьаттыьщи за.усььщиностище.усьисьсь.усьусьусььગીсьсьсь맡ностьсьсьтность.сьсьщисьсьусьусьරණයщиностьсь맡усьусьотсьсьщесьсьridсьсьતંત્રусььridсь맡сьсьсridьщись맡тотсь맡તંત્રоьරීсьсьරයсьсь
Блок директора по строительству,Westось затыйоооье итогоетые  итете и  вое.мест   за  за поныйовыете.ковоасяте .мест.мест за.осу.усьье.усье иусьаютсятиеисьсьсь.сьсь со.сьтиеьсьсьтностьсьсьරයсьсьridсьсь맡сьсь රයсьтотсьсьсridсь맡тиесridridridсьridridьridсьරයරයсьරයවිල්ලсьсьતંત્રооие
Блок директора по строительству," нетяная맡яе та맡яные за  тарзт татый нный.мест та.ઠાсяબરтый.лныйопол   .местт.т . нет .т.ся .ся.ся нет  нет , иттых,. нет.сяттых и нет. нет,.та. нет вта нет.та и. нет нет.페. нет Верховн. нет и вта.. нетдесят. нет отвечаю. нет됐 нет.десят нет..десят и в нет.닛. нет痍."
"Блок исполнительного директора по реализации проекта ""Большое месторождение""",Westось затыйоооеттыое.котттыьгортетныйое ите.ое вооиствоетнуюте итсяот.мест.оиеы иусье иоиеись.усьнуюсь за.усьусьнуюись .сь.сьсь.ભсьсьсь맡맡усьусьусьරීсьсьтусьусьотсь맡тот со.сь맡верооьරීсь맡તંત્રооරයсьсьતંત્રоьગીсьсьотсьсьරයсьતંત્રරීтот
Проект «Обустройство объектов Новейшей нейти»,"Appleтыйоооеты иое.ое иттыхе.ણું затые.осу.осу зат наое затзне.ણુંтся.ણુંь  ит.ણું.ણું и  за.ный. за.ણુંтьнуют.ныйный...,.. .. за за..ણું, и и и, и,., и.  и и за. за и и  и.. и и «. и. и,,. и « и и или и и от.. « и. за,."
Блок технического директора," таકરણтне нныее   иницыные Писае  и   няные   про. .  ... та..,. ,.опол.  ить,, и ,,, или или,,.та, и нет бы,. нет , ита,.不了.та.та и нет . нет бы и нет. нет.та нета. нет отвечаю.тата и вта и.та нет.. нет и. нет нет.десят и и и.десят. нет вта됐 нет.됐"
Управление по проектным работам,Westось затащие итсядейеттыьгортете  затеньчивтенььгорнуюте итныете ву ву нныйэг.мест зате.мест  за за за итты за за.усье.усьаютсяту.усьнуюи.усьот.усьусьнуюсь맡맡맡тность맡맡ностьусьот со.усьают.усь맡맡усьот 맡맡 за맡맡вероьridусь맡тот со맡맡તંત્રусьот맡맡от со со.сrid맡
"Проект ""Обустройство площадных объектов НГКМ Поменбше""","Appleтыйоетые  иетаусьеттыйые заттого.ણુંнныйянуютгортый.осу наое.осу.осу затзне.оооеંદર над.ણુંьгорте.ણુંся над за .ણુંлся.ણુંсь за над.паз за за зат.ણું.осу и за  и «.осу,.ое,.  и ие.   и, ие и и и  и . . за и и,, и и « и и સોи и и"
"Проект ""Трубопроводный транспорт Главного НГКМ""","Appleтяе  ии затсядейетые про затся  за таттого.ет за нный.мест затате.осу.осу, затзне за.осу и «ные « за.паз за « за за. за за за . за. .. за и и и за  и и .  и за за и за и. за « и и « за и  и... и иを迎え и и, и и.गी и и или и иત્યા и и સોи и иगी.ત્યા и ત્યા и"
"Проект ""Трубопроводный транспорт Главного НГКМ"""," Навныетася  татты татату итыетый.местттыеттыхететтысяттыхист맡верверттыхноготтых,.вертн,.сятн. нет.ся нет. нет вта. нет,. нет нет... нет . нет отвечаю. нетステ..не. нет или..ステ. нет и нет.не нет.Ме..н..弹..Ме нет.弹 нет.правляю..,..フィー..десят.. или."
Блок директора по персоналу,ЗМІֆիզιστείιστείιστείັນιστείιστείረዳιστείιστείֆիզιστείັນ капіталωσηιστείັນωσηιστείωσηιστείβαθ капіталιστείιστείβαθιστείβαθωση капіталωσηֆիզωσηιστείιστείωσηັນωσηֆիզιστείβαθັນωσηັນιστείັນັນωσηїхавֆիզιστείረዳpłaszcz капітал۹۷ιστείωση капітал۹۷ັນιστείֆիզັນ капіталιστείັນ۹۷ιστείιστείэхэдιστείιστείאָנאַιστείιστεί۹۷ιστείັນєднιστείιστείמנית капітал۹۷۹۷ιστείֆիզֆիզιστεί۹۷אָנאַ۹۷ιστείэхэд۹۷ιστεί۹۷۹۷۹۷ գալιστείιστεί۵۳ιστείιστείєднιστεί۹۷ գալ۹۷ιστείєдн۹۷ιστείמניתιστείιστείเชียιστείιστεί գալιστεί۹۷מניתιστεί۹۷ັນ
Блок директора по мощностям,Westосьняе  и    иоое   за  итый  .мест  та и не.ое.мест за  зате  за ится.мест.мест ите.осу итиеись .сьсьсьтесьсь सत्ताсьсь.сьતંત્રоиесьсьරයсьсьරීсьсьતંત્રරීсь රයсьતંત્રсьсьridсьсьмедсьсь поරීсьරයරයсьරයરુсьсь方针сьсьرتridсьරයරීсьતંત્રරයсьරීтරීсьරී
Управление по проектным работам,"Appleтяе  итянымии  ие   и   .паз  за ,.ણુંютсяатяные за  затянуюв.ણુંье.ણુંся  за.паз за .мест за  и « за. за. ., и . за за за.. за  « и и и, и и  и и « и,, и,. за и ие.  и,  и за и «  и之外 и и или и и.गी и и за. и и之外गी.गी.ત્યા и"
"Проект ""Восточный""",Westосьтыйоооьгорты иооеттыхе.ое.лныйоро   воисттеты.оиствоете.ણુંсяттые.мест поноститты ите иусье.усьаютсятот.усьнуюи맡맡맡тот поность맡тусьнуюсь맡맡вероиеись맡тностьусь맡맡усьот 맡맡ность맡맡 за맡맡 맡тоь맡맡તંત્રоьще 맡от  맡усь맡ть맡т맡맡
Блок заместителя генерального директора по организационным вопросам,Westось за   ခံခဲ့ရ  татане исттты  танетыйоеттыяныйગર поныйગર   нет  ите   и  .мест таттельствоттельствотельствотиетиеисьтиеාවක් .сьсьттельствосьсьсь رتridисьсьරීсьсьරයсьсьرتridсьсь поරීсь රයсьරයරීсьරීтرتridridridсьරයරයсьرتсьсьعيсьсьતંત્રсьсьмед प्रबंधनරීсьරයરુсьсь方针сьсьરુсь
Проект сервиса скважин," Навныете.ણુંся татты   .вертверт乐у.верт乐етыеттыяныеттыеттыхноготтыхенететтого.верое,.верта,.сяттых,.мест,. нет.ся.вер.вертую. нет,.та.. нет вта. нет до.ステ. нет нет...правляю..ステправляю. нетステ..Ме. нет ..тую..не..弹..朽. нет首相..령..首相"
"Проект ""Трубопроводный транспорт Главного НГКМ"""," Навные   итсядейетсядейоттаકરણтыйоетыйовтыеттыхеттыяных вттыхноготтых Небеснта맡тыхногота맡неттого.вервертого, ивервертаправляюн,.верпредтую нет.верправляюнопол. нет нет. нет.тую нет,. нет, и нет.ся нет,, ипут,.ся. нет вта нет.пут,,.. нет  вта. нет ипут нет.правляю. нетステ. нет отвечаю. нет"
Проект «Трубопроводный транспорт Ещё одного НГКМ»,Westось затыйоооетты  итый  и    иое.ое   за  заттыоисттете.осу.мест поныйопол иттельствоттельствотели иусь짓ridись.оиеисьтот.сьсьсь.сьтусьот රයсьсьරයсь රයරයсь맡тотсьсьતંત્રоьරීсьсьт प्रबंधनරීтоттотпредсьсь맡сьсьරීсь맡 प्रबंधनсьсьотсьતંત્રරීсьтતંત્રооරයсьતંત્રотсь
Проект сервиса скважин, нетянаятсядейе  за та за  и   .ся.ся над.ણુંь  за над.паз за  за.ણુંться вать.ણુંть назад неть.ણુંсятты иь.сяты.ся .вероое.ся нет. нет.тую...тую нет.. нетrichten.туюМе. нет или..Ме.. или. нет вта. нет и..弹..не. нет
"Проект ""Северная деревня""",Westосьй за  итсядейется   нетыйоеттыяныете   за  гортетныйрчеты.мест  поныйое  ите.ણુંсяте иттельствоте поныйسار.ણુંтся乐усьරීттельствосьтесьтиеисьсьтусьරීсьсьсь맡сьсьරයсьсь රයсьтьරයсьරයරයсь맡тرتтرتсьсьරීсьරයරීтусьусьусьرتтරීсьтсьсьતંત્રරීсьරී
Блок директора по мощностям,Westосьтыйарствоищеетыйооеттыхе.лныйое.ковоевыете.месттете  за нныйэг.мест вистттые вусье иусье.усььગીсьсьсь.сьсьтусьнуюсьсь за.усьусьусьот со.усьотсьсь со.сь맡тусьот строя.сь.усьridсьсьරයсьсь맡сьсьridridridсь맡맡тотсьරයරයсь맡 प्रबंधनсьсьતંત્રоьсьсь රයсьridсьотсь맡усьот
Блок директора по мощностям,Westось затащиеттыяныетые.мест гортете сэг наоетеньетгоретныйовыее  ите иттые вусье иусье.сьтиеисьсьте.усьнуюсьсьсь.сьсь за.усьусьусьот со.усьот.усьесьсь맡усьотсьсьусьусьරීсьсьරයсьсьridсьсь со.сь맡сьсьતંત્રусьот රයсь맡тотсь맡맡맡усьусььсьсьотсьот со
Блок технического директора," Навность затсядейется乐у  за  неприоетые .ણુંся    затся няноготтыяного.ся та нетось нетось,.сяся ,,, ить, и нет.ся нет,,. нет. нет,.та. нетrichten. нет в. нет нет.. нет . нет или. нет Хр нет.弹 нет.ステ. нетステ..ステ нет.Ме..弹. нет и. нет首相 нет.령..Ме или...닛. нет"
Блок директора по проектированию,"Appleтыйарствои затамечае про направоные заные зате  затныйоронете.е.паз затзне.мест за.паз на  за.мест.паз  за за. за..мест .паз. за за за ...ный. за и и ие и и за и за.  и и. за до за. и и  и. . за  и за за и.. за « и и, и и « и. и. «.. и,..गी..ત્યા и иを迎え."
"Проект ""Нефтяные краюшки""",Westосьйте  итсядейетогоетыйоетатый втетныйрче.лноготгор нныйянуютгорте за.местетзне.мест за.осугори вусье ите вусьнуюи иусье.усьаютсятиеисьсьсьтусьнуюсьсь.усьнуюьગીсьсь за.усьусьусьтностьсьсь맡сьсь со.сь맡맡맡сь맡тьridridсьсьරයсьсь රයсь맡правляюridridridьරීсьсь
Блок деректора по газу,Westосьйтыйые  итсядейеттыоетыйое вое.ое  ву воиствоеттые.мест.мест иоиеы.усье.усьаютсятот.усьоиеисьсь.усьот со.усьусьот.сьсьсь맡ностьсьсь за.сь.сь맡맡맡ностьусьотсьсьતંત્રоьગીсьсьරීсьсьотсь맡તંત્રооьridсьсь  соотсьот соот соностьсь맡 प्रबंधनරීсьотරීсьતંત્રусьот 
Блок заместителя генерального директора по закупкам,Westось на иу  за  иу за  заттыянуютый ву ву  и на    иту.мест   за.мест.мест за над за итты за ится.сь за иусьа.усьь.усьасьсь.усьнуюисьсьсь за.усьусьусььridись.сьсьridridсьсь맡сьсьતંત્રусьусьridridridьridridусьотсьсьරයсьсьщисьсь රයсьridсьતંત્રсьсьරීсьсьжениесьсьусьridсьridусь
Управление по проектным работам,Westосьтыйооое  итты  и  воеттыхе.лныететый вте  зате.месттзне.мест  за.мест затты за.ણુંтсяверт ите вусьаютсяттыось맡тиеитиетиеось맡맡맡тусьусьусьтусььગીсь맡맡верись맡вероьරීтусь짓ridсьсьсь맡тьරීсьсьтусьරීсь맡усьусь맡맡усьотсьсьරයсь맡правляюridсь맡сьсь
Блок директора по мощностям," Навные    итсядейется  няе татататся  мечтый  и   Небеснтататтого.ся татся,,,.ось нетось нет,.вертого,.сяттого,, вта,. нет,, и нет. нет.та. нет вта... нет . нет нет..тую..,..ステ. нет до..та нет.ステ,.тую нет., в. нет или..を迎え. нетを迎え..フィー,.フィー..朽.."
Блок директора по строительству,Westось на исттамечаамечае  итыйооететыйов  и    иое.ое .мест .оиее.осьтельствоисьсьсь.сьсьтиеись.осьсьсьridсьсь сьсьordeасьсьරයсьсьරීсьсьતંત્રоиесьсь посьсь сосьсьмедсьсь方针сьсьщесьсь высьсьтикусьсь प्रबंधनсьсьотсьсьпредсьсь исьсьرتridсьordeරීсьorderidсьridridridсьරය
Блок технического директора,ຊາດ۹۷۹۷۹۷ັນ۹۷۹۷gjöld۹۷۹۷ спомен۹۷۹۷రం۹۷۹۷ агенттиги۹۷۹۷মু۹۷۹۷ mempengaruhi۹۷۹۷ኂ۹۷۹۷ адбылася۹۷۹۷ პრემიერ۹۷۹۷ maamuzi۹۷ັນັນ۹۷ັນరంັນ۹۷ኂັນ۹۷రంັນັນັນ ຊາດ۹۷ັນኂ۹۷ັນ ຊາດັນ۹۷মুັນ۹۷Өкмөттүн۹۷۹۷ ισχυρ۹۷۹۷ ΘΑ۹۷۹۷Өкмөттүнັນ۹۷ პრემიერັນ۹۷ ΘΑັນ۹۷ mempengaruhiັນ۹۷ ισχυρັນ۹۷ლილი۹۷۹۷ ເກີດ۹۷۹۷ σοβαρά۹۷۹۷מנית۹۷۹۷ కళ۹۷۹۷ιστεί۹۷۹۷אָנאַ۹۷۹۷קא۹۷۹۷ለሁ۹۷۹۷μπλ۹۷۹۷ֆիզ۹۷۹۷ୱେ۹۷۹۷დაბა۹۷۹۷ آقای۹۷۹۷
Блок директора по портфелю," нетянаяянымие,, к та нае ,.ણુંье.оетасятый нныйянуютете нетыене  иттыхе .пер.вер тую,.вер,.сяттых.верта нет. нет.тую нет.та.тую. нет нет.. нет . нет вта. нет,. нетиспол нет.Ме. нет и нет.н..не нет.не...Ме нет.弹 нет.ステ. нетМе..弹. нет首相"
Управление по проектным работам,Westось заось за выс  за  загортыйоетыйов учредителое.мест гортетесяте  ите.е   за иттые вусье иусье.усьетиеисьсьсьтесьсь.сьсьරයරයсьсь රයсьтиесьсь맡 प्रबंधनරීсьсьරීсьරයсьරයවිල්ලරයсь맡맡 प्रबंधनсьсьતંત્રусьරීсь맡сьсьотсьсь प्रबंधनсьරයරීсьતંત્રсьсьرتهරයсьતંત્રරයсьот प्रबंधनරීт प्रबंधनсьતંત્રරී
"Проект ""Новая нефть""",Westось затащиетыйоеттыяныететыете.местетатгортесятянуюьгоретяное.мест.мест за.мест вусье.тиетиеисьтиеьridисьсь.сьсьсьтностьсьсьරයсьсь  со.сьරයරයсьරයවිල්ලностьсьтьсьсь맡 प्रबंधनсьсьridсьсьતંત્રсьсьотсьсьсridridridсь맡сьсьжениесьсьරීсьсьරණයсьсьщесьсь поностьсьරය
Управление по проектным работам,Westосьтыйоооиее итсядейеты.мест   за  затасе.осу.лныйое.ое вы.осу ви.осу иь.усьась.усььridисьсьсь со.сь.сьсь  со.усьдуьridьridсьсьridridridьсьсь.сridridностьсьсьщесьсьжитесьсьусьridridсьridсь맡сьсьсridсь соridridусьridсьරයсьсь맡 प्रबंधनсьсьотсьсьщисьсьતંત્રсьсь
Блок технического директора,Westось затые  итсятся неттыяныете.мест  за  затетый.мест перету ву втый ву.месте  за.мест за.ણુંсяттые.ણુંтся  за за.усьттельствоте맡맡맡тиеисьтусье.усьнуюись맡тусьнуюсьсьсь맡맡версьсь රයсьсьරයсь맡රයсьтиеරයсьරයරයсьරීсьсьтотсьсьරීтот රයරයරයтиетие
Блок технического директора,Westось залосьи  залосьось заопол.ણુંянуютый.ણુંь  за нныйяную番оое.осу   иту ву влист  и   поныйопол.мест  .опол.оиеттельствотиетиеись.усьнуюись .сь.сьсьсьтиеරයсьсь맡тиесьсьරයсь맡 प्रबंधनсьсьරීсьсьтьරයсьтотсьсь රයсьරයරයсьرتridсьсьridridсь맡сьсьмедсьсьотсьරයරීсьරය
Блок директора по персоналу,Westось нае  итсядейетогоетабиныетасе.мест перетасяте  .мест    за   ите.ое.осу .сь.сьсьсь.усье.сьridисьсьridьordeасьсьorderidridridьridсьridridсьсь поностисьсьдуьridridосьridridorderidсьordeordeorderidосьсьсьieriсьсьරයсьсьતંત્રоие единицсьсьпредсьсьотсьсьdintiсьridordeстинridridдуridrid
Блок заместителя генерального директора по имуществу,"Appleи затноось за  иසක් ится и  за  затый.ое.осу.ковоные поные поныйствен  и   и.осу за    за за...  за.ный..лье и . .ный . за. за за и  и за за за до и и и за и и, и ие и и.  и ии и и « и и до и,. и и или и иを迎え и и су и и  « и,  и, за. и. и «  и «."
Управление коммуникаций,Westосьઠ лосьосьй за  завоетуоооетыйое 세상을  итый    и   за  иое.ое  .осу.осугорое за .ком поныйગર поныйопол  понуюте.осу итете .सत्ताсь.сь.सत्ताусьसत्ताсьсьсьтьнуюсьсь රයсьсьරයсьරයරයсьтьරයсьтرتтرتсьсьرتсьරයවිල්ලරයсьරීсьсьтьරයсьرتරයсь ခံခဲ့ရරයсьотсь
Блок директора по мощностям," Навные    и татся татататты не.татыеттыхеттыяноготтыенеттого.верое,.вертаттыхноготата,.татан, ивертата втатаправляюн.та.та, вта, и вта. нет. нет вта нет..таправляю.та в.. нет до. нет,. нет . нет нет.ステ. нетステ...Ме. нет и в.Ме в. нет首相 нет.령.."
Блок директора по мощностям," Навныету  затыйоетые  затсядейеттыяныеттыеттыхететтого.местетместе  иттыхноготтыхправ.верое,.верттых.вертатата. нет. нет Хр нет,. нет, ить. нет вта нет.. нет нет.та.та нет в. нет . нет над. нет отвечаю. нет и нет.ステ. нет до. нетステ...тую нет.Ме. нет или. нет首相 нет.,..та"
Блок директора по проектированию," Навныете.ણુંь  итсядейеттыяныетые  и맡яныечейе таттыхеттыхноготтого.вероеттого,.вертатата,.татаправляюн.та.таправляюта. нет.вер.верправляю... нет,..правляю. нетステ..ステ. нет нет..Ме..не..弹. нет в..령..nej Директор..пред..,.弹 нет.ステправляю.弹правляю.правляюМе. нет ..닛"
Проект «Обустройство объектов Новейшей нейти»,Westосьтыйоооиее.оое.оунисты итныйороное итете.лныйоетныйопол итгорте итсясклад.мест итмест.мест.осу за.усьнуюи.усьаютсятаютсятот.усьусьаютсясь.усье.усьаусьусьнуюсь맡맡맡усьную맡맡исьусьусьусь맡맡торуыусьусьотсьсь맡усьот со.усьот맡맡сь맡тусьооරයсь맡от со맡맡તંત્રооусь
Блок директора по мощностям,Westосьй за  итсядейе ится  викитыйое  иоетые и  вое.ое иоист за  за   .мест  за ится.мест.мест за.ણુંтся за.осу.осу за.فحнуюи за.усье.усьнуюи.усьь.усьот.усьусьнуюсь맡맡맡исьисьсь.усьоьગીсьсьсь맡вероиеись맡правляюridridridьridridсьсьridridисьотсьсьරයсь맡 प्रबंधनරී
Блок заместителя генерального директора по безопасности,Westось затащие.кстотате.оое.ковоевыететныете ите воетный.мест.мест иусьа.усьасьтиеы.усььridись.усьаютсятность.сь.сьсьсьridridrid.усьridridсьсь.сridridностьсьсь со.сьrid со.сьridridсrid соridridьridсьridсь.оиесridотсьсь맡сьсьот соridсь соrid со соridотridridorderidrid
Блок заместителя генерального директора по закупкам,"Westось затащие.ооеты.ое.ковоевыетасе.мест.оисттете .месте.осу.мест,.оиеы.усьа.оьridись.оияridridrid.сьсь.сьridridсьсьсьностищесьсьridдуностиridridность.сь.сridridсrid со.сьсridсьorderidrid соridridordeностисьсьordeностиridorderidordeorderidсьridordeностьсьordeordeordeностищеridridьridridот"
"Проект ""Восточный""",Westосьтсядейе  викитыйоооиеетый.лный.лныете.осу.лное.лноготгор нныйянуютый вист ву ву.месте.мест ите вусье иттые ви.мест.усьнуюи.усье.усьисьтиеись.усьусьнуюсьсь.сьсьсьරයсьсь со.усььරයсь맡сьсьтностьсьсь맡тностьусьරයсьරයරයсьтьગીсьсьරීсьсьતંત્રоьරය
"Проект ""Трубопроводный транспорт Главного НГКМ""",Westось заось за над затапаш поныйоооетыйое.лныйоро  поныйગર поныйныйое  итете.мест поностите иусье.тиеи иусьасьсьсь.сьсьтиесьсьරයсьсь поностьсьсь со.сьරයරයсьતંત્રсьсь රයсьරයරීсьсьرتridсьсьරීсьරයවිල්ලсьсьતંત્રусьරයсьмедсьсь方针сьсьગીсьсь맡 प्रबंधनсьсьотсьсьмед प्रबंधनсьતંત્રරීсьતંત્રරයсьරී
Блок заместителя генерального директора по имуществу,Westосьтыйоооиее  итеттыянуютые.ое.лныйоете поныйныете иты.мест понуюте.осу.мест.те вусьнуюи вусьот.усье иусье.усьнуюсь за.усьаютсясь.сь.усьают.усьусьусьот .усьот со.сьсьсьтусьусьරීсьсь맡усьотсьсьරයсьсь රයсьරයරයරයсь맡тотсьරය со.усьරයсьтот රයරය
Блок технического директора,Westось затыйоооьгороое.ооистттыхе.ковоныете итете.мест  затты  за итсяот.сьтты за иусье иусьот.ось맡исьись.усьнуюисьсь.сьсьсь за.усьусьусьот со.усьот за맡맡맡усьотсьсь맡맡вероьગીсь맡усь맡맡тотсь맡તંત્રусьотщесьсьщисьсьусьот 맡맡તંત્રоьරීсьсьотсь за맡сьсь 
Блок технического директора," Навные за та назад извор назад извор  назадтане.ણુંь таттыяные зату.лный렀тый.ણુંся .ся.ся ,.в.вер ,,,.вер,, иь,, или илиое,.сяттых,. нет, и нет. нет.. нет . нет вта,.та. нет нет.та, и вта. или или или. нет и в. нет или... или.та и..десят..та нет.десят,..弹.."
Подразделение по информационным технологиям,"Apple затнытты затыйоетые  итетате.ое.паз за  и  иසක් и    и.мест  за  за.мест за . за за. за.ણું за.ный.ныйный... за,.. ..ныйગર. за и и ие и и, и и за.  и иを迎え и и «.. и и или и и.., и,, иを迎え. и. и,  и,.गी и иદો и и રહેશે и и સો и и"
Блок деректора по газу,Westось на  завоекое ие вое.ое  заттые.ણુંся   за  задесятвере.мест  за задесятлово ву.лековоася ите.ке ву ву за.усье.усьнуюи иусье иусьнуюсь맡맡맡вероиеи со.усьусьнуюь со.сь맡верись맡ность맡맡тностьقيم со.сridе.сьсь맡сьсьсь со со.قيم со со со засrid со.ооиесrid
Блок заместителя генерального директора по закупкам,Westосьтыйоое  иты иоеттыхе.ое.ણુંьгор  и  вое итете  за.ણુંсятты поноститты за иусь짓ridись за.сь.сьсьсь.усьнуюисьсьтностьсьсь맡맡тностьусьусьусьотсьсь за맡맡맡તંત્રусь짓ьગીсьсь 맡тьсьсьતંત્રоьරීсь맡тусь맡맡िएका맡맡сь맡сьсьරීсьсьотсь맡તંત્રсьсьරයсь맡ьරී
Генеральный директор,Westосьтыйоиееты.оеттыхе.оиствоете.ણુંьгортете ите  за.мест.мест за.ણું за.оиеы иусье.усьаютсятиеись.усьнуюись за.усьот.усьусьусьот со.усь짓ridусьот .усь맡맡맡тность.усьоьગીсьсьсь맡맡તંત્રоооьridусьооие единицсь맡тотсь맡તંત્રусьотсьсьતંત્રоьරීсьсь за맡맡усьот
"Проект ""Нефтяные краюшки""",Westось заось на заста за  заось затасятыйоое.осу.ковоася итете.ое иттые ви итиеи иоиеисьсьсьтиеьગીсьсь.сьсь  со.сьтностьсьсьරයсьсь맡сьсь соностьсьරයවිල්ලностьсь맡맡сьරයරයсь맡රයсьતંત્રсьсьщесьсьridсьсьотсьсьщисьсьતંત્રоьсьсьсridсь맡 प्रबंधनсьсьරීсьсьગીсь맡તંત્રоරයсьරය
Блок директора по мощностям,Westось затыйоооетты  иое.ое итеты.месте    вте  итате.осу.мест.мест поноститиеы иисьтиеись.осьтельствосьсьсьridисьсь.сьсь поностьсьсьтьсьсь сьсьдуьridridсьсьරයсьсьતંત્રсьсьරීсьсьગીсьсь맡сьсьieriсьсьмедсьсьстисьсьщесьсьordeරීсьridridridьridсьridсьරයරීсьරය
Блок технического директора,Westось наоооисттыйое  итый  иоетыйов .ое.мест  затете  .мест.мест шпправ.мест иттые.осу иусье.тиеисьсьтиеье.сь.сьсьсь.усьесьсь රයсьсь со.сьતંત્રоиесьсьරයсьරයරයсьતંત્રсьсьridсьсьતંત્રусььරයсь сьсьරීсьсь맡 प्रबंधनсьсьරණයсьсьжениеරයсь맡сьсьordeරීсьતંત્રරයсьмед
"Проект ""Восточный"""," нетось за та назад тане   та татататтогоරීе  мирое  прое .ся  .мест та нетось нетось.ся.ся,.ся нет .верта. нет. нет нет.. нет,,. нет вта нет.н. нет отвечаю. нет и нет.та...н нет.弹 нет.。《. нет  нет.десят. нетдесят..弹..десят нет.тую нет.Ме. нет не нет.フィー. нет все..フィー нет.変わって..。《"
Проект «Обустройство объектов Новейшей нейти»,"Germanyетыйоооеттыхетые.ое вое итетныеттыхныетате.ете есть.сяте тые...е.蛛.е共同努力е.ныеспо.е .е,.ные.еを重ね策е.兢.е были.ные策е е.策еを重ねе были были были е  е с策策е были ве десят ве были策е変わって策е策е есть ве策策ાર્થ策едесят в策е 나서 были "
"Проект ""Нефтяные краюшки"""," нетянаяяные нныйяе не  и на   татый нный.усьетыйое.мест  .ся .мест за  ,.ся нае , ите   иттыхе,,.вер,, иооое,.мест,,, нет.верта,. нет, и нет. нет.н,.н. нет . нет вта. нет нет.та.. нет и вта нет.,...н нет.Ме. нет отвечаю. нет до."
Проект «Обустройство объектов Новейшей нейти»,"Germanyетатыйоое.ое итетныете и  завоете.тте .т.ет.т긋덩еттيقةетيقة.蛛те共同努力ные.蛛.蛛десят雲ое共同努力е共同努力.蛛긋е共同努力그레이десятමාලිමාලිе.е共同努力共同努力ныедесятමාලිе共同努力,මාලිедесятමාලිてきたе මාලිе策ાર્થ策මාලිеાર્થ策ાર્થાર્થ策е ાર્થ策策ાર્થමාලිමාලිてきた策ાર્થ были策ાર્થ带着 чтобыдесятමාලිાર્થ策达到策ાર્થ હતાાર્થ策"
Блок директора по мощностям,Westосьтыйое  итсядейеттыоетыйовтзне.ણુંьгорте  заттыететтыхистттыэг맡те иусье за.ось맡тусьусьусьтусь짓ridись.усььગીсьсьсь맡맡тностьсьсь.сьсь за맡맡맡усь짓ностьсь맡તંત્રусь짓ностищесьсьતંત્રусьරණය맡맡તંત્રоьරීсь맡тьරීтусьот 맡맡ьරී 맡тતંત્રусь맡тот맡맡 맡તંત્રот 
Управление коммуникаций,Westосьтыйоооиее.ое.лныете.мест  зататете  воетагорое ите иое вы.мест ваютсятаютсяте вусьаютсяту.усьнуюи.усьоиеы.усьаютсясь.усьась.оиесridисьсьсь맡맡усьооияridооьridоие единицсь맡тооьяооරයсьсьот соооرتridridridот соот    сооиеооот
Блок заместителя генерального директора по защите,Westось за ခံခဲ့ရ иствоетыйое  и  ист    нет   за нный итый  .ое.мест   ится  ите.оиеи .осьттельствотиетиеисьтиеාවක්رتттельствосьтないことсьсьттельствоරීсьсьсь رت رتтرتridисьсьරයсьсьරීсьරයරීсьرتridсьсьرتтරීсь රයсьරයરુсьсьرتهරයсьرتсьсь поරීсьرتهсьсьરુсьරයරයсьරීт
Генеральный директор," 되면වලින්тыяныйગર해보 за  되면  되면茶верт татанетныйગર нныйя痍тыйост таправ.мест тататтого иттого.不了тата итатата нет  ита и нет  нет та, ита нет. нет . нет нет нет.та и вта и и нет нет вта нет нет и нет.踏み нет.という方 и нет痍. нет.. нет и и и. нет痍痍됐 нет痍 и нет и в нет.。《та и痍痍痍 и и됐 нет.됐 нет"
Блок технического директора,Westось на штурмоисттыйооетый  итыйовтыйые  иое   ится    за не.ое.мест  за.мест понуюсьте.осьтельствосьтиеисьтусьусье.сьсьсь.усьусьусьаютсясьсьරයсьсь රයсьරයරයсьતંત્રоиесьсьරීсьсь맡 प्रबंधनсьсьતંત્રсьсьтотсьсьرتridсьсьмедсьсьусьරීсьරයරීсьતંત્રරයсь맡сьсьridridсьતંત્રරීсьරී
Блок операционного директора,"Appleи затнытащие  итсядейетыетасе  затете .мест  за .паз  за.паз за.мест за  и.сь.сь ие.сь за ие и и и  и и за и и. за за. за... за и.. и и, и и « и. и., и. ..  и,..,. за  или и и или и.गी.. « и иеगी. и . и или..गी и иを迎え."
Блок заместителя генерального директора по безопасности,Westосьй за  за   татататты   и  нный   поныйопол  ное.лныйоете.ое  .мест   за.мест.осьтельствое.тиетиеись.осьтиеාවක්رتтьරීсьсьсь රයсьсьරයсьරයරයරයсьරීсьරයවිල්ලරයсьرتтرتтරීсьරීтьරයсь맡 प्रबंधनරීсь맡сьсьරීرتсьсьતંત્રරයсь ခံခဲ့ရරයсьગીсьරයරීсьતંત્રсьсь맡රයсь
Проект «Обустройство Интересного лицензионного участка»,Westосьняе   иооетты  .ое.ооисттыйое итете .мест   за    вте.мест.оиете иусье.тиее.усье иоиеисьсь.сьсьсь .сь.усьусьусьотсьсьරයсьсьтьරයсь රයсьරයරයсьтотرتridridсьсьරීсьсь맡сьсьотсьරයරීсьරයවිල්ලсьсьતંત્રоරයсьતંત્રරීсьતંત્રсьсь
"Проект ""Новая нефть""",Westосьй с образомое.оиее итетыйоеттыхетыетее.месте  вое ится  иое   .мест .осу.мест вусье.осу ваютсятаютсяте.аютсятась.усьась .осьтиеись исьсьсь.сьсьтесьсь поностьсьсьосьсьсь со.сь посьсь высьсьridсьсь неприьюсьсьරයсьсьисьсьсь сьсьرتridridridисьсьусь
Блок бизнес-директора,Westось затыйооое.ое итый вое  иое поныйальныхте и  вы ите.е  воист ву вы.осу ви.осу иоиеы иусье иусьась.усьа .усьоиеиridridridисьridridьridrid со.оиеridridсьсьсьrid соridridооие единицridridосьridridотсьсьරයсьсь맡 प्रबंधनоие प्रबंधन соridсьridсьот प्रबंधनridridරීооьridсь
Проект «Обустройство объектов Новейшей нейти»,Westось затасятый.оутыйоетныйороное.месттете.ое затныйоьныее.осу.местетатетсятсятся   за.мест.месттсятся.усьаютсятаютсятмест.усьасяосьтаютсясь맡ись.усьись.усьоиеисьсь.сьсьсьтисьоооиесьсь досьсь поностьсьсьосьсьсьисьоиеьюсьсьусьусьооьсьсьотсьсь맡сьсь сьсь
"Блок исполнительного директора по реализации проекта ""Большое месторождение""",Westосьняе  иоеттыое.ое вооое сэг.ковоаметыйое иоиствоетете .оист.мест понуюи.оиеы.осу иоье.осу.оьridисьсьсь.сьсьරයсьсь поностьсьсь со.сь.усьоьсьсьridсьсь රයсьරයරයсьотсьсьતંત્રоьරීсьсьот со.ооиесьсьරීсьරයවිල්ලсьсьordeотсьот प्रबंधनсьсьо
Блок технического директора,Westосьтыйоиее  иттыхетыйовте.оистте  затетые.местте заты.мест затгортесятгор .мест  за.ણુંтся  за за.мест.усьтты за.усьусьусьтусьусьнуюи.усьаютсятгорсьтусьот.усь짓усьусь짓ностьусьусьරීтусь짓ridусьусьот맡맡맡тусь맡тностьусь짓රයсьсьсь맡맡તંત્રусь짓රීтьරීтતંત્રусь맡맡усь
"Блок исполнительного директора по реализации проекта ""Большое месторождение""",Westось на  заось за  за  пооооьгоромсьтыйоетныйоое.ое  итете   иоист воист иттельствоте.осу иоиеи иоь.оиетиеись.сьсьсь.усььරයсьсьරයсьරයරයරයсь රයсьтиеරයсьridridridсьсьridсьරයරීсьсьтотсьсьотсьරයවිල්ලරයсьот රයරයවිල්ලооරයсьતંત્રооиеරයරයරීтьරී
Блок заместителя генерального директора по организационным вопросам,Westось затамечаатыйоооеттыое.ое итете.месттныете  иттыетате иусьаютсятиеы иусь짓ridисьсьсьтиеись.сьсь.усььગીсьсь поностисьсь  со.сьтьridьridсьсь맡исьисьтотсьсьતંત્રоьරීсьсьગીсьridridridсь맡сьсьරයсьсьරීсьridсьતંત્રсьсьridьсьсьусьотсьтисьсьсьотсь
Управление землеустроительных работ,Westосьтащи нае.мест затсядейетасете.лныететныетасяте .мест.мест  затся  за.месте.осу.мест вусьась.мест поноститиеы.усьа.сьсьсь.усьиеись.сь со.усььridьridисьсьridridridсьсь поностьсьсь соностьсьridсьridьсьсьorderidrid со.сьrid соridridьorderidсьordeьridridorderidьстояниеridrid새сьсь
Блок директора по строительству," нетянаяяе   ие  и   .ся.ся ... . ,..,.усье.ણુંь.ое.оь и .осу   нется  в  , и  итет.ся нется.вер .вер,.вер. нет . нет.. нет и нет. нетrichten. нет нет.Ме..Ме или..н. нет или. нет в..та. нетМе. нет,. нет отвечаю..ну. нет Верховн..не.. или"
Блок заместителя генерального директора по безопасности,Westосьтыйооиееттыянуютый нае.ооеты.ое.осу заттыететныйовыете.сятты за иусье иусь짓ridи за.усьась.усьнуюись за.сьсьсь за за.ностьусьусьусь짓ностьусь짓ностисьсь맡맡맡тность.усьотсьсь.сь맡тотсь맡તંત્રоьગીсьсьridridridсьсьтностьсьсьරයсьсьતંત્રооьridсь맡 प्रबंधनсьсьотсь за
Блок технического директора," Навные  итсятсядейется乐у    за гортые.ણુંтся乐е.ковоные за наныете.осу.ково за  за.ણુંлсяся на.вертверт  .верт.верт,.осу,.вер  ватьосьне.верось нетось.вер,.zul,. нет Хр.верта. нет.вер. нет вта.zul. нет нет.. нет,...та нет. нет . нет или. нет до..ステ. нет"
Блок операционного директора,Westось нае  иоетыйое.ооисттыйов   итый  и ное    за   воист вое иоиеы.оиетиеи иусьасьтиеиеись тели со.сьсьсьරයсьсь  प्रबंधन प्रबंधन प्रबंधनරීсьсьતંત્રоиеරයсьරයවිල්ලоиесьсьridridridсьсьරීсьරයරයсьотсьсьот प्रबंधनсьсь方针сьсьтикусьсьordeරීсьતંત્રсьсь प्रबंधन प्रबंधनсьරයරීсьотරීсьරී
Блок директора по персоналу,Westось на  за  затасятый.усьетащие.ковоася викисяттыетяныета ву вусье вусьася иьordeасьтиеы.усьась.усьаютсятиеисьridridridисьсьсьridьridrid со.усьridridсьсь.сьсьරයсьсь телиridridьсьсь поridridасьсь맡ridridосьridridorderidridотсьсьorderidсьrid соridridරීсьсьරීсьridсьотridrid
Блок технического директора," нетянаяяные за    и та на  таты.усье.ણુંь  итыйое  иоеттыяноготтыхного.верое,,.верта,,, иправляюосьта,. нет,.та, и нет. нет.ся нет.вер,.ся. нет . нет нет.та. нет вта... нетステ. нет отвечаю. нет до. нет главно. нет начальника нет.,..Ме. нет и..ステ.., и. нет Директор нет.."
Управление по проектным работам,Westосьтсядейетсяост затсяста за.мест завоетый.месте.мест  затасе.осу.мест воететасяте.ое.сьтасьтиеы.усьась.ось.усье.усьнуюисьсь.сьсьсьтность.сь.усьисьтьсьсь соностьсьсьridridсьсьосьсьсь맡исьоиеи единицсьсьતંત્રоиеьridridridисьridсьridосьridridorderidridьridсьстройсьсьстрой
Генеральный директор,Westосьй на   татты  итый на  поныйоооетыйое поныйальныхттыянуютате.ое втеттыттые ви поноститты поностиграждениятиетиеи иисьтиеьગીсьсьсь맡 поностьсьсьරයсьсь.сьсь поностисьсьтотсьсьridсьсь රයсь맡රයсьරයරයсьтностьсь맡вероиесridridridсь맡сьсьсridсьරයවිල්ලරයсьотсьරය
Блок заместителя генерального директора по закупкам,Westось нае  итсядейетыйоетыеттыхететогоетянуютый.месте    за.мест  за ите.мест поноститиетиеисьтиеьridисьсьсь за.сьсьтот со.сьттельствосьсь맡вероиесьсьරයсьсьridridсьсь රයсь맡 प्रबंधनсьсь поරීсьсьотсьсь펴сьсьරීсь맡сьсьતંત્રоරයсьරයරයсьridсьridьridridridьсьсь соrid
Блок заместителя генерального директора по организационным вопросам," Навные тане татататанетататтогоරීетыйые  ие   татаниверт та Небеснтатане,.е,,.вертата,,, и нет,. нет. нет нет.та,.тата. нет, и. нет в нет.. нет . нет и нет.,...та нет.не. нет отвечаю. нет Верховн. нет не нет.弹 нет.フィー. нет до. нет痍. нет или. нет И. нетдесят. нет首相 нет.。《. нет"
Блок директора по строительству," нетосьяе татане  и тани танетые   ие  прое .мест тататани нетось нетось,.ся ,,. нетось .ся нетосьне,,, и нет. нет,.н. нет.та. нет нет.. нет . нет и. нет в. нет отвечаю. нет не. нет или. нет Верховн...та нет.н,..,.。《 нет.。《та..。《..н нет. не нет.десят. нет痍. нет"
Блок директора по портфелю,Westось затыйоооьгоре итетогоеттыхетый вооете.мест  вое.осу нае.ковоте иусьте ви иусье за иусь짓ridись.усье.усьаютсясьсьсь за.усьусьусьаютсятусьусь짓ностьсьсь.сьсь맡тность.усь짓ностисьсьтностьсь맡сьсь со.сь맡맡맡тьсьсьતંત્રусьотсьсьщесьсьусьусььсь맡તંત્રусь짓රීсьсь 
Имущественные вопросы,Westосьтыйоетогоое  завоетогоеттыхетыйовтетныйрче.ое.осугор «ьгор иттые.усье иоиеы.усьаютсятаютсятисьоиеись맡исьисьсьсьтусьусьусьот со.усьот поностиગીсьсь맡усьоооусьотот со заот соооьગીсь맡맡тототпредусьотпредсьсьотпредотототсь맡тусьотсьсьරීсь맡отпредтот соот
"Блок исполнительного директора по реализации проекта ""Большое месторождение""",Westось на  заныйоро О Захарот заныйныйопол  за нный ву заныйовский ву втыйооое.мест  ите.оеттые.те иое за.усьусьусьот.усьот поусьусьаютсятусьусьරීтусьот со.усьтусьරීсь맡усьусьтот за за за රයсьсьсь맡тотсьсьරයсь맡맡усьотсьරයරීсьсьරීсьරයරයсьරයවිල්ලооරයсьતંત્રооиеотсьотсьරීтот
"Проект ""Нефтяные краюшки""",Westось застре поныйоро О ся ся分けое  зася    за  за выс  затый.лныйબેусье.сятый .ся  за.ся.ся за.  за за.ણુંь за.осу за.усьеを迎えось먼트.усьнуюсьсьсь.усьусьусьнуюисьсь맡осьсьсьось먼트 .сьсь먼트.сь맡сьсьતંત્રусьусььсьсь රයсьсьරයсь맡맡сь맡тرتсьсьтرت රය රයරයсь ခံခဲ့ရсьсь
Блок заместителя генерального директора по организационным вопросам,Westось затапашкеме.к исключением затыетащиетее.местетныетяныете.е  ву вист-а ву.мест.мест за.усьасьтиетиеы.усььridьridridridисьсьсьridrid со.сьсь со.усьridridсьridьсьridсьсьжитеridridностьсьсь맡 प्रबंधनсьсьරයсьсьсridridьщисьсьщесьсьતંત્રоиеьridсь соridridотсьсьorderidridправляюridrid
Блок директора по мощностям,Westось на  за  залосьись итсядейе.ооеттыянуютый.ое.ણુંь  ите  заттыхе.лноготзне.мест  за.паз  за иту.ણુંсяте.те за.ણુંсь за за за.усьттельствось.усьнуюсь맡 понуюсь за иусьнуюись за.сьсьсь맡усьусьусьнуюьරයсь맡맡맡тусьусьотсьсьරයсьсь поностьсьсь за රයсьරයරයරයсь ခံခဲ့ရරය
Проект сервиса скважин,Westось затамечаася таттые.лныйороняныйоете.ковоевые поныйовыхе.е.месте   за    вусьа.ковоа.мест поноститиеы.усьась .усьисьсьсь.сьсь поностисьсь со.усььગીсьсьтиеись  со.сь.усьдуностьсьсьridridсьсьжитесьсьжисьсьරයсьсьщесьсьતંત્રоие единицсьсь высьсьсridridridьridсьridсь
Блок директора по мощностям,Westосьтыйоиеетты  затые  итете    за  втыетыйов  за.мест  за вте.е  вттые.ое.ણુંтся.ણુંьગીе.ось맡тиеисьтусьусьусьось맡맡맡тусьтусь짓ridисьсьсь맡맡усьусьරීсь맡тотсь맡усьотсьсьරයсь맡රයсьсьරීсьсьતંત્રусьරයсьරයරයсьтотرتridсь맡 प्रबंधनсьсь රයсьරීт
"Проект ""Восточный""",Westосьняе  иу  за  затты  итянуютый.ણુંь    ится няныйопол   за иту.мест  за ву ву за.мест за.осьтельствотиеттельствосьтиеисьсьсь.сьсьරයсьсь රයсьරයරයсь.усьරණයсьсь поностьсьсь맡сьсьරීсьсьતંત્રсьсьරණයсьරයවිල්ලරයсь맡 प्रबंधनсьсьпросьсьжениеරයсь ခံခဲ့ရරයсьતંત્રරයරයරයවිල්ලсьсьотсьсьခံခဲ့ရරය
Генеральный директор,Westось затыйооое.оеты.ооиееттыхе.мест  поныйое итете вое вист ви ви иусье вусье иусьасьсьсьтиеисьсь.усььridись.сьсь со.усьусььગીсьсьridьсьсьරයсьсь поностьсьсьотсьсь맡сьсь රයරයсьridсьсьсridьridridridсь맡 प्रबंधनсьсьщесьсьતંત્રоьridсьridridьරීсьсьරීсь
"Проект ""Южный""","Appleтянаяяныетаусье про дотзне  ие  затетеетяе.мест за  за  и  .мест  за за ., за ,.мест.ણુંютсяа за за за и за за, за за. за за неза за за над. за над за за уе ие, и ие и и и за и и  и и « и и.  и « за ие. . за и «. и и или и и, и  « и  или и «  и за. и "
Блок финансового директора,"렸습니다 за  за  итсятсятся  итыйоется   и  иоાયાты  иопол.вероાયાтат.احتт, иоાયેલા иоооાયેલા .احتдесят и нет. нет.десят и.десят. нетдесят и в. нет и.. нет вта...احت..десят,. нет Верховн.десят в..н. нет ..gelöst..та и. нет,..フィー..ساء и.フィー и и и.됐десят..나가десят и и вдесят.됐."
"Проект ""Обустройство площадных объектов НГКМ Поменбше""",Westосьй за  за  итатый.оооетыйоиее.ое.ણુંтся  поныйое  и   иසක්тете.мест  за.ણુંютсяопол ите ится  ится.оиеи .те понуютесь.усьесь иоиеරයсь.сьтиеисьсьсь රයරයсьсьරයсьරයරය රයсьтرتтරයсьරීсьсьرتтرتсьсьරීтાරයсь ခံခဲ့ရරයсьခံခဲ့ရරයරයරයරී
Блок технического директора,Westосьтыйоооиее  иты итеттыхе.оете.мест зате  заттыянуюте иттые.сяте вусьатты за.усье.усьнуюисьтиеись.усьусьнуюсьсь.сьсьсь за.сь.ностьусьусьусььગીсьсь맡усьусьотсьсьусьот со.сь맡맡맡усьотусьусьරීсьсьотсь맡сьсь соностьсьсь  со.усьот රයсьсьતંત્રоьරී
Блок директора по персоналу,"ませんдейе итсятсядейетяе вос.ણુંь рядтатыйое .ણુંнાળту.ое.мест .опол.опол расянуютзне.ાયા нетосьтместтзне,.вер.вер .вероાયાмест.веросьнти.вер знаменит.вертмест.ми.вер нет. нет.мест. нетдесят.верправляю нет.ми нет.десят. нет нет.弹 нет.. нет в...弹. нет弹..ком..десят в. нет или..フィー.десят нет"
Блок директора по мощностям,Аляксеັນັນັນωσηັນωσηιστείັນັນιστείັນωσηωσηັນັນరంັນωσηֆիզັນωσηگيريωσηັນโพັນωσηโพັນັນмігрантັນັນแยกັນັນโพωσηັນιστείιστείັນιστείωσηັນмігрантωσηιστείωσηιστείιστείωσηωσηιστείֆիզັນັນֆիզັນιστείֆիզωσηັນ۹۷ιστείັນֆիզιστείັນ۹۷ັນωσηїхавιστείັນмігрант۹۷ັນιστείлітературωσηັນֆիզωσηιστείлітературັນωσηለሁωσηັນరంωσηιστείگيريັນωσηแยกັນωσηరంωσηັນแยกωσηັນگيريωσηιστείโพັນιστείረዳιστείັນโพιστείωσηֆիզιστείωσηگيريັນັນ۹۷ωσηັນ
Блок технического директора,Westось затасятый.оооетыйое.лныйоро  понуютые.ое   втете.осу.местте  поныйопол.мест понуюи.мест.опол.усье.усьаютсятусьнуюи понуюь.сь.усьнуюсь.сьсьсьтиеисьсь .сьтностьсьсь поностьсьтьગીсьсьරයсьсьරීсьсь맡тьرتтرتтьරයсь맡сьсьرتтотсьсьતંત્રусьරීсьරය
Блок заместителя генерального директора по закупкам,Westосьне  итсядейеттыяетяныйрче.лныйગર ву  и   вту ву втетый.лныете .л.лноготе.осу.ણુંь .мест.усье.усьте строя.усьаютсятесь.сь.усьнуюсьттыьесьсьсьтиеисьсь поностьсьсьරයсьсьтикусьсь රයсьтьරීсьсьරීсьтرتсьсьرتсьරයરુсьсьмедсьсьતંત્રсьсь맡
Блок директора по мощностям,mempengaruhi۹۷۹۷۹۷రం۹۷۹۷ັນ۹۷రంັນ۹۷۹۷ለሁ۹۷ັນັນ۹۷ັນరం۹۷రంరంັນັນັນరంັນరంరం۹۷ັນለሁ۹۷۹۷ mempengaruhi۹۷రం mempengaruhi۹۷ັນ mempengaruhi۹۷ለሁັນ۹۷ mempengaruhiັນ۹۷ለሁరం۹۷ mempengaruhiరంັນለሁັນັນለሁరంັນ mempengaruhiరం۹۷ኂ۹۷۹۷ maamuzi۹۷۹۷ኂັນ۹۷ maamuziັນ۹۷ኂ mempengaruhi۹۷ mempengaruhi mempengaruhi۹۷ኂరం۹۷ለሁ mempengaruhi۹۷ პრემიერ۹۷۹۷ కళ۹۷۹۷ кирген۹۷۹۷ీ۹۷۹۷ ΘΑ۹۷۹۷ პრემიერັນ۹۷ ΘΑັນ۹۷ киргенັນ۹۷ కళັນ۹۷ პრემიერ mempengaruhi۹۷ maamuzi mempengaruhi۹۷ ΘΑ mempengaruhi۹۷ кирген mempengaruhi۹۷ కళ
"Проект ""Обустройство площадных объектов НГКМ Поменбше""","   илиоетые  итсядейетяе   про.паз  за та맡т.ણું.т.ое.ણુંь .ттзне.те .ણુંсяте итете,  ,.вер,.мест.вер   в.верооо났다,. нет.. нет Хр .. или...Ме. нет в..испол..ком .Ме или. нет .ком главно или.Ме в. нет и. нет главно.Ме,.ком.."
"Проект ""Обустройство площадных объектов НГКМ Поменбше""","Appleтяноеететыеттыхетыйоетабийе.оое.осу.ое зате.лье.лощие.е.ные,.осу ву ву.месте.ова.ные.ныйнуюв.ныйныйныйое и... ..ный.., ие и и ие  и и  ие, и и за и и « и и, и «. и и.  и   и за  и «  и. за и  « и  или и и"
Блок деректора по газу,Westось затыйооое.оеттыянуюттые.ણુંьгортетныйое ите .оиствоете.осу.ણુંсятты за.мест за.ણું.усььગીе.ось맡тиеись.усье.усьнуюисьсьсь.сьсь за.усьусьусььсьсь맡сьсьтностьсьсьગીсь맡맡맡тотсьсьරයсь맡тьગીсьсь රයсьсьતંત્રоьગીරයсьтьරයсьරයරයсьотсь
Блок заместителя генерального директора по безопасности,Westось затыйоооетты  поныйое  итый  и  за  втетый.мест  за.ણુંьгорте.мест поныйныйоист вист ви итиеи.усье.усьаютсятиеы.усьись.усььridridridисьсьсьridridьridьරීсьсь.сьсь맡 प्रबंधनсьсь රයсьсьරයсьරයරයсь맡тьරීтьරයсьridсьсьරීтотсьсьતંત્રоьridсь맡правляюridridсь
Блок заместителя генерального директора по имуществу,Westось затыйоооетые  итсядейеттыхетый.лный.лноготу    за  за понуютетяныете.ણુંтся  за.мест за за.ણુંютсяи за.усьи за за за поноститосьтыы.ось맡맡맡исьи맡맡тгражденияьරීтгражденияරීттыьгражденияьرتтьગી맡맡вероьгражденияරයсь맡тусьරීтусь맡맡усь맡тот맡맡िएका맡맡ભсьсьсь맡맡
Блок директора по строительству,"Appleтяе  иලූтые  за  и  заттыяныете   затся  засяте.ણુંся.ણુંь  за за  .осу.паз за  за над.ણુંться.паз  за.ણુંтся.ણુંлся.ણુંсь맡 за.мест.ણુંтьный.ણુંнныйянуютый.ણું за . . за.ный.  и за..   ие..., и и и  и и, и « и и за и и «.. и и.  или."
Блок директора по строительству,Westось затаме иты итсядейететасе.мест зату вныете  ите.е .мест ву ву.е за.мест  за на.мест.комтася.мест строя.мест ита.усьась맡 понуюи строя.сь иусьа.сьсьсьтиеись.сь.усьнуюисьсь  строя.усьисьтностьсьсь맡тность.сьridись맡сьсьridсьсь поностисьсьщисьсьсферсь
"Проект ""Нефтяные краюшки""",Westосьтыйооое.оеттыьттые.лноготтыянуюте.местте  затетесятныйое   за.месте.ттыистте ите за.усьаютсятусьнуюь.усьнуюисьтусьусьусьнуюсьсьсьтностьусьусьесьсь.сьсьරයсьсь соностьсьсь맡сьсь රයсьරයරයсьтرتтностьсь맡тьગીсьсьරීсьсьતંત્રусьරයсь맡તંત્રරීсьරයරීт
Управление по проектным работам,Westосьтыйооое.оеты.лныйоьныее.лныете.мест перетасятетащие.осу.мест ви.мест.усьа.усььridьныеоиеы.усьисьridridridисьсьсь.усьridrid со.сьсь со.усьдуridridсьсьridностьсьсьщесьсьжитеridridправляюridridьridсьrid соridridностьправляюrid со соridсь соrid соот соridотridridснабridridorderidrid새сьridсь
"Проект ""Нефтяные краюшки""",۹۷۹۷۹۷రం۹۷రంັນ۹۷۹۷ັນ۹۷ັນరంັນັນັນరం۹۷ັນັນ۹۷ኂັນັນኂັນኂ۹۷ኂ۹۷ັນኂኂ۹۷۹۷ኂኂັນ۹۷ პრემიერ۹۷ັນ პრემიერ۹۷۹۷ιστεί۹۷۹۷ለሁ۹۷۹۷ პრემიერັນ۹۷ιστείັນ۹۷ адбылася۹۷۹۷ maamuzi۹۷۹۷אָנאַ۹۷۹۷קא۹۷۹۷Өкмөттүн۹۷۹۷ ຊາດ۹۷۹۷їхав۹۷۹۷ mempengaruhi۹۷۹۷μπλ۹۷۹۷ адбылася პრემიერ۹۷ პრემიერ პრემიერ۹۷ኂరం۹۷۹۷ Үүнд۹۷۹۷ కళ۹۷۹۷ ΘΑ۹۷۹۷מנית۹۷۹۷ბრ۹۷۹۷ ເກີດ۹۷۹۷মু۹۷۹۷៨۹۷۹۷ీ۹۷۹۷ агенттиги۹۷۹۷ кирген۹۷۹۷ σοβαρά
Блок заместителя генерального директора по безопасности,Westось затыйоооетты  ите.ое.лныйоьныееты.местететныйоистте   и   .мест.мест за.оиеы.усье.усьась за.сьтиеисьсь.сьсьсь за .сь.ભсьсь  строя.сьતંત્રоиеот со.сь맡 प्रबंधनරීсьсь맡вероиеරයсьсьරයсьරයරයсь맡тотсьсьતંત્રරීтот प्रबंधनරීт प्रबंधनсьсьරීсь맡сьсьот
Блок заместителя генерального директора по закупкам,Westось затыйые  итсядейетогоетыйоететые.мест  зате  поныйовыее    за  за поностите.осу.верое иусьнуюисьсьсь.усьнуюсьсь맡усьусьусьнуюьગીсь.сьсь за.усьусьдуностьусьусьотсьсьridridridсь맡맡맡сьсьсridсьсьщесьсьжениесьсьරයсьсьностьсьсьતંત્રоьсьсьусььridridьridьරීсьсьотправляюrid
Блок директора по портфелю," нетянаяяе ,, к татые  и не.е .е.мест та맡януюве тата맡 нныйяного.верое,,.вертатаправляюн. нет Хр. нет. нетrichtenправляюн,.та. нет нет... нет,. нет в. нет ..Ме. нет или..правляю..тую..ステ. нет首相 нет.Ме или. нетМе..не..フィー..弹..닛..首相..ль..,."
Блок технического директора,Westосьнаасятамечаате.лныететеетасетяныеместе.месте  за   .мест.мест  за.сь.мест нетось.сьтасьтиеись.усьасьсь.сьсьсьridисьсьтностьсьсь  со.сьridridridсьсьдуridridьridridосьridсьridьсьсьieriсьсьdintiсьсьරයсьсьતંત્રсьсьorderidrid соridridorderidсьતંત્રоиесьсь方针ridсьordeсьсь
Блок заместителя генерального директора по имуществу,Westосьтыйооое  и    иоистты иое.оеты.ооист   за  .мест  за.оист.мест.оиеы.осу иусьот.усьоиеись.усьусьусьот поරීтусьусьаютсятот.сьсьсьтусьරීсьсь맡усьусьරීтотرتтотсьсьරීсь맡тусьотсь맡රීсьотсьරීтරීсьරීරීсьтотරීсьරයсьсьતંત્રооرتridсьсьරයරීсь
Блок директора по проектированию,Westось затыйоооеты.ое.ооисттыетасе итете .местеттые.мест поноститиеы.усьасьсьтиеисьсьсьridисьridьridridridсьсь телисьсь.сьсь поностьсьсьщисьсь맡сьсьжитесьсьщесьridсьridridьсьсьරයсьсьотсьсьતંત્રоиесьсьරීсьсьсridridосьridridусьridrid соridridотсьridотridсьотrid
Управление землеустроительных работ,Westось наоро Вооое.ооь  иое итыйое  воетые  поныйое вооиствоете  и воисттете.осу.ое поныйноготныйопол .оиете вы.осу за.мест.оь.осу иоиеи за.усьнуюсь맡맡 понуюи   со понуюьridridridьridнуюсь먼트 со поностьсьсьරයсьсьсьridridисьсь맡රයсьරයරයсь맡
Блок заместителя генерального директора по организационным вопросам,Westось затыйооое  итый вое.ое и  за  ву вова воиствоете ите .мест   за.мест за.талдыдесят.ова за.ова.ова  за за.ણુંся.мест.усьнуюи за.усье.усьаютсятусьнуюь.усьусьнуюсь맡맡 строя.усь맡맡맡тностьусьнуютность за.맡맡 за맡맡усьную맡맡 со.усьныеностьусь맡 строя со.сrid맡맡ность맡맡તંત્રусь맡
Блок технического директора,Westось затасятыйооое.оеттыянуюттые.лныеттыныете.мест ᆯпаз  заттыхе.ણુંьгор.ણુંсятный.ણુંтся.ણુંютсяи.усьнуюи за.усьь.усье.усьаютсясь.усьтусьнуюсь맡맡맡тусьусьнуюьරීтусьරීтот맡맡તંત્રусьусь맡맡.усьусьусь짓ridсь맡усь맡тот со.усь맡તંત્રරීтતંત્રусьот맡તંત્ર맡맡правляю맡તંત્રо
Имущественные вопросы,"Westось затыйоооеттыое.ое  заттыхетыйовтете.осу.оиствоете иое,.оиеы.усьаусьоиеись.усьаютсясь.оьridисьсь.сьсьсь поностисьсь со.усьооие единицсьсь телиоиеосьridridridсьсьridridосьridосьотсьсьпредсьсьતંત્રооьяоожисьсьරීсьсьот соridridотсьridсьотсьотпредсьот "
Генеральный директор," Навные затсятсядейетсядейотта맡ядейетыйоетныйоронетыеттыхететзне.верое.вере,.вертоых.령верооое нет.령.령,.령 в. нет. нет,. нет нет.вер. нетrichten... нет в..弹 нет..Ме. нет до. нет . нет и. нет отвечаю..ステ..не..령首相..フィー. нет首相 нет.フィー,.弹.. или..首相"
Блок технического директора,Westось за таттыяныйગર   нный  татанетыйоетныйગર поныйое  итетныете.местте иттельствоттельствотельствотиеттельствосьтиеисьтусьусьусь짓ridисьсьсьતંત્રරීсьсьරීсьતંત્રусьусьරීсь맡 प्रबंधनරීсьтරීсьරයсьсьරයරීсь රයсьતંત્રсьсь맡сьсьرتridсьсьт प्रबंधनсьсь  प्रबंधनсьරයරයсь맡රීсьරීරීсьмед प्रबंधनсьતંત્ર प्रबंधनсьරීт
Проект сервиса скважин,Westосьне  итсядейеттыяе.мест  затапаш поныйое.оете.ковоасяте .мест.осу.мест поноститиеы иье.усье.сьсьсьтиеисьсьridисьridьridridridьсьсь.сьridridсьсь поностьсьсьieriridridиridridосьridridorderidсьridсьorderidrid соridridстинсьсьordeстинridrid새сьсьරයсьсьстисьсьdintiсьсьતંત્રоиеьridсь
"Проект ""Новая нефть""",Westось завоетые  итасяте.ое.лныете ву ву    за  затый.сунуюте баллся .мест  за.сяту.ся.шую.мест.мест ву.усье.осу.усьнуюсь.усььнуютесь.усьусьнуюи.усьь.сь.сьсьсьтностьсьсь со.сьтусььнуюсьсь исьсьරයсьсьосьсьсь .сь соностьсь  со.усьоиесьсь.ностьсьරය со.
Генеральный директор,Westосьтыйооиее  иттыянуютты нныйянуюка.лный렀ту  и ное.мест   заттыхе.лтзне.л.мест.месттмест .мест зате.ણુંсятты иттельствотся.ттыь.усьттыосьтиеись.сьсьсьтиеьරයсьсь맡맡тиетرتтьරීсьсьරයсь맡тьරයරයсьරයරයරයтьرتтသိမ်းщисьсь රයсьтьરુсь
Блок директора по мощностям," нетянаяяе тане тататые  ие   .е .ся таттыяныетесятете.сяттого.ся нетсяттыхеся нет.ся. нет нет. нет.та. нет . нет, и нет.. нет в нет.Ме. нет отвечаю. нетステ. нет или. нетМе..Ме нет.ステ...не нет.не. нет首相 нет.пред. нет и. нет не нет. или..ステ нет.フィー..пред нет. не"
Проект сервиса скважин,"Apple затны, к затапаш за  затый затетыйоетныйоро затяныете.ете за.е  за.мест за за.паз за за за . за. за за и и ие и и за ие.  и и. за и за.. за до и и, и и  и.., и. и и « и и до... и. ..  за и.,. и,..गी и и или и и от..ત્યા и и над и иを迎え."
Блок бизнес-директора,Westось залосьось затаусьетыйоеттыхетыетныйооое.ое   итете.мест    за  за иттельствотели.оиетиеи.усьоиеи строя.усьаютсятаютсятусьаютсясь.усьරීтусьусьусьරීсьсьсьтусьරීьරීтරීтотсьсьරීсь රයсьсьරයсьරයරීтرتтරීсьරීтьරීсьරයරයсь맡 प्रबंधनරීсьતંત્રоරයсьતંત્રරීт प्रबंधनරීт
Блок бизнес-директора,Westось затагортыйоооетые  иты итете  вое иое.осу.мест  за   загортегор  за.мест за.осугоротте.ણુંтся.осу за.оиеи за.усьнуюи.усье.усьаютсясь.усьусьнуюсь맡усьнуюоиеыусьнуюامсьсь맡맡맡усьусьусьотсьсьරයсьсьсь රයсьරයරයරයсь맡රයсьරීсь맡тооරයсьતંત્રоරයරය
Блок заместителя генерального директора по строительству,Germanyетаяныетые  завоету.ое.оистте.ણુંьгоре иту затныйое за.ણું за..ણુંтся  затете есть.ооое ...те былите  .ડ્ર..ડ્ર .兢. .   были .之外.兢策策ાર્થ策策策  были策策 были策ાર્થ были策 策策达到策策මාලිてきた策策 вы были策达到е策ાર્થાર્થ策ાર્થ带着策策を重ね策ાર્થ выбрал策
Блок технического директора,Westось затасятый ву ву  вооое итыйое воете.мест поныете и  вттыхе.ое.осу.мест.мест за за.ણુંтся за.мест вы.мест перетты за.усье.усьаютсяту.усьнуюись맡맡맡 понуюсь.усьусьнуюсьсьсь맡 поностьсьсь.сь맡тностьсь맡вероьරයсьсьරයсь맡сьсьтьગીсь맡усьотсьсь රයсьරයරය
Проект «Обустройство Интересного лицензионного участка»,Westосьй за  иу  за  затый ву ву  понуютыйоетыйов  за поныйоое.ковоа вое итете.ое ви поноститтельствотели понуюи иусьась за.усьнуюсьтиеись.сьсьсь.усьот.сьтусьусьусьот поностьсьсьтотсьсь맡усьот со.усьусьridridridсьсьරයсьсьотсьරයරයсьтьරීсьсьпросьсьતંત્રоьсьсьරීсь
Блок технического директора,Westось затыйооое  итсядейеттыоетныйрче.лныйрых вое.ковоныете.мест  за.мест.мест за иусье иусь짓ridись.усьнуюись за.усьаютсятусьусьусьот.усьусь짓усьот поностьсьсьсь.сьсь поностисьсь맡усьотсьсьridridridсьсь за за.сь맡сьсь රයсьсьරයсь맡맡тотсь맡тусьridridусьridсь맡правляюridridотсьотсь
Блок технического директора,Westосьнамратетыеттыхетыйоетате.местете  итетельствтащиеттые.тиеи иье.осьтельствоисьсьсь.усььગીсьсь поностисьсьridись поностьсьсьරීсьсьગીсьridсьсьරයсьсьતંત્રсьсь  строя.сьсьусььсьсь со.сь поරීсьતંત્રусьотсьсь맡 प्रबंधनсьсьжитесьсь
Блок заместителя генерального директора по защите,Westосьтыйоеты.ое.ооое  иттыхеттыхнуютый.мест затете.осу.осугортый наоегор.месттзне.мест.мест  за.ણુંсятты за итты иту за.усьттыь.усьь.оиеи иоиеы.усьнуюись맡맡맡исьись за .усьооие единицсь맡тот со.усьусьот 맡맡верооьગીсьсь맡верот  맡т
Блок заместителя генерального директора по безопасности," Навные    и  татся няе  не.ણુંь  и в тата и та та ите.ся .ся. татты  ,. нет  .вер та.та.вер,,.. нет. нетrichten..вер...та и нет.тата. нет,.та,.н. нет вта..Ме. нет нет..н,.,.Ме,.richten. нет и в..령..フィー. нет首相..弹.."
"Проект ""Нефтяные краюшки""",Westосьй загортноось затый наетыйоететтыхетныйое.месттеэг.мест зате  поныйопол иттыеттыое ви иусье иусь짓усь짓ridисьтиеисьсьсь.сьсьтусьусьරීсьсьતંત્રусьусьусьот со.сьતંત્રරීтусьරීтતંત્રරීсь맡તંત્રусьරණයсьсь맡맡તંત્રරීતંત્રусьотсьсьරයсьсьગીсьсь රයсьරීсьતંત્રсьсь поරීсьරීтьරී
Подразделение по информационным технологиям,Westось на  заось за над затты затыйооетый  за  затетныйое.ое    ите.мест  за итты  понуюте иусье.усьаютсяте понуюосьтусьаютсясь.усьусьусьот.усьнуюсьтусьусь짓රීтусь짓усьусьරීтරීттыرتтусьරීсьсьсьරයсьсь맡усьусьරයсьරයරයсь맡тотරීтот රයсь රයරයරීсьරයරීтગીсьරීт
"Блок исполнительного директора по реализации проекта ""Большое месторождение""",Westось наоооетыйое  итты  иое.ое итый   и    за   поныйооист за  за
Управление коммуникаций,ませんдейетсядейетагортыйоетые  заттыхетныйороняныете.ણુંся над за над зату.ણુંютсяоуте  иты.ણુંлсясяттыхفينтыхе.فينᆯ.ᆯ.вероооાયાты иттыхиспол.сяттого.верочентых.мест.мест ить.弹ттых.ком. нет.ком  втую...弹 нет.弹..Ме..ком в.. нет в.弹МН.Ме или. нет
Блок финансового директора,Westось затамра пооооетыйое.ковоа  итетныйое иты.месте.мест  за.мест понуюи иусье иусьусье.усьусьусьисьсьсьтусьусьнуюсьсь.сьсь맡усьусьරීсьсьતંત્રусьусьරණයсьсьусьусьотсьсьරයсьсь රයсь맡 प्रबंधनсьсьරීсь맡сьсьщисьсьмедсьсь засьсьગીсьсьсridсьсьщесьсь펴сьсь досьсьотсь맡તંત્રсьсь
Блок деректора по газу,Westосьтыйооое  иты ите  воеттыхе.ое.ણુંьгортетныйое итныете.мест за иттельствоте вусьнуюи.усьусьусьнуюь.усьнуюсь.усье.усьаютсятусьусьтусьь.сьсьсь맡맡усьусь짓ridусьусь맡맡맡вероьсь맡тностьсьсь.сь맡версьсь 맡맡сь맡сьсьусь짓ьсьсь за맡맡тьridсь맡усььridь
Блок директора по мощностям,Westось на  завоетащие итый воететыйоиеетые и вочныеьгор ите.месте.осу.осу ви ви.мест.мест иусье иусьот.усьнуюи со.усье.усьусьнуюсьсь.усьот со.сьсьсь со.ность.усььridridridсьсь맡тностьсьсьridrid со.сridridьridсь맡сьсьતંત્રооиесridсьотсьсьරයсьсьсridот соот соridridот
Управление землеустроительных работ,".ણુંьство  и    итяе и .ое.  . ...оь . и  и нет  , и  Небесн . нет .,.. ,.  и.  Небесн.  или и ,,.,, ит. нет.., и.. нет бы. нетось нет. нет уже. нет и нет.н.н,. нет И.н и. нет нет.та. нет вта..та и и и.десят и.та, и и вта и."
Генеральный директор,Westось затащиетапашгорте.ое.лныетасятяе.месте.осу наетесяте-а.мест.мест поноститиеы иьridьridисьсь.сьсьсьridridridиridridьсьсь со.сьridсьсь поностьсьсьieriridridсьridусьridridосьridrid새сьсьщесьсьжитеridrid соridridсridridусььridridorderidridьныеьridсьorderidсьieri единицсьсьordeьrid새rid
Генеральный директор,Westосьтыйоооиее  иты ите  вое.оистттыхе.мест   заты.лныете.осу.мест итты за.мест за иусьи иусье иусьа.усьнуюи за.усьи.усьась맡맡맡ность.усььગીсь맡тность.сьсьсь맡ность맡맡тьщесьсь.усь맡맡ьще.усьоьridridridьridьще맡맡તંત્રоьщеправляюьridот со.усьот соот
Блок технического директора,Westось на  за   заосьй за  зататый.ણુંь  итыйоетый  иое    ится  .мест  за итиеи .осьтельствои.усьасьтиеосьтельствосьсьсь.сьсьරයсьсь රයсьරයරීсьсьرتridисьсьරීсьරයරයсь رتridсьсьતંત્રсьсьмедсьсьтьරයсьرتтرتridridridсьرتсьсьرتهсьсьગીсьсьعيсьсьridරීсьતંત્રරීсьරීරීсь
Проект сервиса скважин,Westось на  загортты  завоетыйоетыйовтыйые  итете  вое.мест  зате.ое  за.мест поныйоиете иусьියක්усье.усьот.усьусьот поноститусьусьусьтусьот со.усьтот со иусьоттусьරීсьсьсьтотсьсьරීтот රයсьсьරයсьтиеотсьරයරයсьරයරීсьотсьරීсьරයවිල්ලරයсь맡тоттотරීтරීсьт
Блок директора по строительству,Westось затыйоооетые  иое итеттыхете.ое.осу.месте    за  за иттые.мест поныйое за.ттельствотели за иусь짓ridосьтельствотели со.усьнуюсь.усьаютсясьсь со.сьсьсь.сь со поностьсьсь поරීсьсь맡сьсь රයсьсьරයсь맡тотсьсьતંત્રооиесьсьот со.ооරයсьотсьරයරයсьતંત્રот со со со поරීтот
"Проект ""Нефтяные краюшки"""," Навные   итсядейетсядейоетыйоется乐еттогоරීеттыетыеттыхететзне ватьноготтыхноготтого,.сяттых.ся.ся нет.сяправляюн. нет. нет,. нет в нет.. нет нет.тую нет.ステ. нет . нетステ...тую. нет и нет.Ме..ステ нет.не. нет до..Ме нет.н..弹 нет.правляю..не нет.フィー..フィー,..священн."
Генеральный директор,Westосьот заныйоро  затыйоетыйарствоищееттыхететате.ое.осу.местетяе.мест .мест структурые.сьтиеись.осьтельствоисьсь тели со.осьridисьridridосьridridridсьсьсьridсьridосьтельствосьсь поностьсьсьтелисьсьગીсьсьරයсьсьරීсьсь высьсьતંત્રсьсьттельствось сьсьосьсьсьотсьсь неприориясьсьщесьсьرتridсь поරීсьrid
Блок финансового директора,Westосьтыйооьгортапашгорте иоеты итете.ое.лодагор.месте.мест медал иттые иты.мест иусьа.усьи за.усьаусьась.усьоиеись.сь .усьусьусьот.усьот поностьусьоьridисьсьсь맡맡맡тот поностисьсь за.сь за за за .сьсь поностищесьсь    за  맡맡вероооьяооие единицсь
Блок деректора по газу,Westось за до  за  затымиетыететыйоетянуюте  вое ите.е.мест   за иттые вусье иусье.усььridисьтиеисьсьсь.сьсь за.сь.усьусььગીсьсьridridridьridridсьсь맡тот со.сьridсьridьсьсьતંત્રоиесьсьරයсьсьотсьсьරීсьсьтьridсь맡 प्रबंधनсьсьсridridотсь맡сьсьпросьсь
Блок технического директора,Westось затыйоооиеетые  итеттыетыйыете.мест затеетасяте  за.местеттыхе.ое.осу.осу иттельствотели за.осу понуюь.усье.усьь.ось맡тиеисьтиеьridисьсьсь.сьсьтностьсьсь맡 प्रबंधनьridridridсьсьරයсьсьridridьridсь맡сьсьતંત્રоьරීсьсьотсьсь රයсь맡맡 प्रबंधनсьсьරීсь
Проект «Обустройство объектов Новейшей нейти»,Westось затыйооое.оуты.ое иоетзне.осу.месттетый.мест зате.мест вте за.месте.оист.мест.мест итмест.мешот.мест понуюи.мест строя.ооиеи за.усье.усьнуюи строя.усьооись.усьаютсятусьусьусьоусьнуюсь.оиеыооусьоиеусьоьරීтооていましたсьсьсь맡усьоыරයсьсьරීсьсьотсьсь
Генеральный директор,Westосьтыйарствоищеетыйоеттыянуютыйыеты  завоетете  иое.мест  заттые.ણુંютсяопуате.ттыьગીе.осьтиеисьсьтиеьગીсьсь.сьсьсь භාවයсьсь поностьсьсьරයсьсь맡тотсьсьරීсьсьતંત્રусьරීсь맡сьсьગીсь맡તંત્રусьотсь맡맡맡тусьරීтусьරයсь맡 प्रबंधनරීсьරයරයсьતંત્રсьсьотсьતંત્રગીсьරය
Подразделение по информационным технологиям,Westось затапаш понуютый.кот.ковоопуоттянуютате.оое.осу висттете иттые.мест.мест иусьот.усье.усьусьусьтусьусьаютсясьтусьот поностьсьсьсь.сьсьтотсьсь රයсьсьරයсьරයරයсьтرتтусь짓ridсьсь맡тусьරයсь맡сьсьරීсьсьતંત્રусьотсьරයරීсьотпредсьсьотсь맡 प्रबंधनсьсьرتсьсьусьරීсьતંત્રсьсь
Блок директора по строительству,Westосьне  ится няе тане   татые  нетяе.месте .мест   итете.сьтесьтиеисьсьсьттельствое.осьтельствосьсь方针сьсь со.сьсьරයсьсьмедсьсьරීсьсьосьсьсь сьсьдуьсьсьતંત્રсьсьરુсьсьridсьсь неприсьсь поරීсьරයරයсьරයරීсьරීьරීсь රයсьරීтсьсьرتهсьсь высьсьтикусьсьordeරීсьмед
Блок директора по мощностям,Westось на  заосьтся  завоетыйоетыйы.ણુંьгорте  и   нный втете.ое.осу.оистте за.ણુંютсяаттельствоттельствось за.осьтельствось.усьасьсьсь.сьсьтусьнуюисьсь රයсьсь со.усьусьусьරීсьсьරයсьтرتтусьусьотсьсь맡 प्रबंधनсьсь за රයරයсь맡тرتсьсьગીсьсьતંત્રරීсь맡сьсьරීсьරයරීсьતંત્રරයсьරය
Блок операционного директора,Westось на лосьосьй за выс  за выс «у горе  за гортый.месте  поныйоететыйое   .мест  понуюте.мест.мест иусье иусь짓усьусьусье.усьесьсьсь.сьсьරයсьсь රයсьරයරයරයсь сьсьرتсьсьмедсьсьતંત્રсьсь со.сьරයරීсьсьусьරයсьмед प्रबंधनсьсьرتهරයсьරීсьරයවිල්ලරයсьતંત્રරයсьотсьсьот प्रबंधनරීсьતંત્રරීсь
Блок директора по строительству,Westось затасятыйооетые.ое.месттетасе и вое  воист ите .мест.месте.осу.мест иоиеы иусье.усьасьсьсь.усьись.сьсь поностьусьусьаусьусьусьесьсьridridсьсьусьусьridridridусьусьотсьсьරයсьсь맡 प्रबंधनсьсь сьсьતંત્રусьridсь맡сьсьщесьсьотсьridусьridусьот соridсьridсьот соотсьот
Подразделение по информационным технологиям,"Appleтыйоетыйарствоое.ણુંусьоттые.оутыяные затетныйоронете.осу.оутныйગર.мест затзне.паз зат.ણુંтся.ણુંьгорте и  и . за. за .ણું за., и и и, и,.  и ие и и за. .,, и.   и,,.,. и и « и иを迎え и и. и... и,  и.गी и и સો и и или и и "
"Проект ""Восточный""",Westось затыйоооеты ите  и  вое иттыхете.ое.мест затеттые.осу ви ви иусье иусьаусье.усьнуюь.усьот.усььridись.усьаютсясьсьсь за.усьусьнуюсьсь맡ностьусьот со.усьностьусьусьот строя.усьridridridсь맡맡맡тностьсьсьridсьсьતંત્રоьridridусьотсьсьот соностьправляюridridностьсь맡તંત્રооьරී
Блок финансового директора,Westосьняащиестатыяныетамечае вооетыйое.ое  вое-асе.месте.мешянуюь.мест строя.мест .мест.мест поноститиеы.усьась.ось.усьисьсь.сьсьсьridисьridridи со.оиеись со.усьridridridсьсьieriridridьridиridrid соridridосьridridorderidсьridсьieri единицсьсьorderidridоияridridдуьяridridवैridrid
Блок деректора по газу,".ણુંьзім и   и  затсядейетяе  за    заттого.ણુંне.ણું за  за.лный렀ные за  итый.ся ,.вер  .вер знаменит,. нетосьн.вер,. . нет.вер. нет .,.та.та,.н,...н. нет в.. нет,. или.н или или. нет нет. нет или..десят..었다..ステ. нет и в. нет Верховн..닛..됐."
Блок технического директора,Westосьтыйарствоищеетыйоеттыхетогоететальныйетые  итянуютгорте .мест  за.мест неприое.мест за.те.осьтельствосьтиеисьттельствосьсьсьтусьусьусьот со.сьсьරයරයсьсь රයсьරයсьтотсьсьරීсьсь맡 प्रबंधनсьсьતંત્રусьරයсь맡රයсьતંત્રсьсьотсьරයරීсьරයවිල්ලරයරයරයවිල්ලсьсьગીсьсьرتridсьсьridridсьતંત્રරීсь
Управление по проектным работам,"Apple затнытты затыйоетые  и  затете .ое  за  завоете.етного.е   за.мест за  .મયભ.મય за за за.ણું за за .ныйныйગર. за. за за над над. за и и ие и и за  и и, и и  и за ие, и за.  и, за и за за иを迎え и и « и иを迎え... и и или и и. и . иを迎えદ્ધાર્થ и иမဟုတ်"
Генеральный директор,Westосьاتورось за  за    заось горот.мест  горе  и  нный   ится  не.мест за та  .местопол   нелосьосьтельствоот.ણુંтся  иоиеи .сьтесьттельствосьсьсь тельствосьтиеරයсьсьරයсьරයරයсь රයсьරීсьсьтотсьරයරීсьරයවිල්ලරයරයරයවිල්ලсьсьотсьсьරීවිල්ලරයсьતંત્રсьсь方针сьсьતંત્રරයсьтරීсьරීтотරීсьт
Блок технического директора,"татане  иુе   и нныйяные   не .  ... ., .мест та맡януюве.ણુંь ,, нный,.ся нный. нет ,.вер,. нется , иь,,,.сьн,.н,, и нет. нет.н. нет,.тан.н нет.. нет нет.та,.Ме.н или или. нет됐н.та. нет вта нет.Ме,.됐н, и..н"
Блок заместителя генерального директора по безопасности,Westось на татасятый вусьетыйовтете.лныете  ву втеэг нае   втеньдзее.мест.мест тыянуюте вись.мест вись иусье иусьасьсьсьтиеисьсь.сьсь поностьсьсьridись.усьесьсь맡сьсьсridсьсьностьсьridсьridностьсьсьсьсьරයсьсьстисьсьщесьсьотсьсьતંત્રсьсь со.сьridьridridridсь
"Проект ""Трубопроводный транспорт Главного НГКМ""",Westось затыйоооетые.ое.осу.ковоасе.ковоететныйоиеетате.местетянуюьетаютсятаютсятели.оиеи.осу иоиеы иись.оияridridисьсь.сьсьсь поность.сь.усьоиеьridridridсьсьරයсьсьridridьරීсьсьтооие единицсьсьતંત્રоиесьсь රයсьridсьridorderidridотсьсьorderidсьරයරීсьrid
Блок директора по строительству,Westось затащие.ооое.лноготты сэг с с сэг.мест  зате.мест затныете .мест.мест строя.е.е-а за.местstraatнуюи.мест поныемест.оиеы.усьи.усьа.усьнуюи строя.усьоиеиностище.усье.усьныеность.ностиridиridись.ностищесь.ность.сridridи со.сьridи единицсьсьridridrid со.сьсьсь со.усьridrid
Блок технического директора," Навныетый вернуу затыдейетые  итсядейетсятсятся нететтыхеттого.ковоагортенешттыхноготзне вedoтыхенетыхноготаттыхных втатую.не, ить.н,.н. нет.тую нет. нет вать. нет,.та.. нет нет...тую..пут..тата. нет ..пред..Ме. нет"
Блок директора по мощностям,Westось наоро О Захарася ся  за  засяબરмечау ву-асятый ву.мест  зату.ણુંсяте.ણુંютсяопуот над за над иусье иусьась за.усьусьусьаютсясьсьсь.усьаусьусьот.усьаютсятусьусььગીсьсьતંત્રусьот со.сьсь රයсьсьරයсь맡усьусьරීсьсь맡сьсьridridridсьсьරීсьරයරයсьridсьරයවිල්ලностьсьсьусьотсьсьотсь сьсь за 
Блок заместителя генерального директора по безопасности,Westось затыйоооиеетыйы.лноготтыеттыоеттыхететальныйе нныйянуютый.ое.осу.ково.ણુંьગીтиетиеисьтиеье.усье.сьсьсьтусььرتridисьсь.сьтьridьරීсьсь맡 प्रबंधनьරීьсьсь රයсьсьරයсь맡тьرتтьරීтьગીсьсьridridridсьсьරීсь맡сьсьતંત્રоьridridьridсь맡맡 प्रबंधन
Блок технического директора,Westось затыйовтажоеттыяныетыйое.месттетыйыетасяте .местете.осу.мест поныйарствои иоиеы.осьтельствосьсьтиеисьсьсь.сьсь поностьсьсь со.сь.осьсьсьridсьсьරයсьсьщисьсьતંત્રсьсьරීсьсьотсьсь сьсь맡сьсьગીсьсьщесьсьرتridсьරයරයсьтсьсь засьсьмедсьсьусьරීсь රයсьරය сосьсь
Блок технического директора," Навные    итсядейетсядейоттаકરણттыяныйрчивытые.ણુંнеттыхеттыететтого.верое,,,.вер,.та,.н,.,. нет,.. нет...та. нет нет. нет вта..н. нет .., и..령..Ме..ステ..не..を迎え..朽..統治..フィー..священн..пред..首相..десят..ну..правлен.."
Блок технического директора,۹۷۹۷۹۷گيري۹۷۹۷ιστεί۹۷۹۷ັນ۹۷۹۷מנית۹۷۹۷ωσηگيري۹۷گيريωση۹۷۹۷ ຊາດ۹۷۹۷ პრემიერ۹۷۹۷ረዳ۹۷۹۷៨۹۷۹۷Өкмөттүн۹۷۹۷їхав۹۷۹۷ ΘΑ۹۷۹۷రం۹۷۹۷ vedligeholdelse۹۷گيريັນ۹۷ັນ ຊາດ۹۷گيريگيري۹۷ιστείگيري۹۷ັນັນ۹۷ιστείັນ۹۷گيري ຊາດ۹۷ັນιστεί۹۷ັນωση۹۷گيريιστεί۹۷ιστεί ຊາດ۹۷ιστείιστεί۹۷ωσηັນ۹۷ωση ຊາດ۹۷ωση۹۷ັນگيري۹۷ ຊາດωσηگيريັນωσηگيريωσηگيريگيريັນ ຊາດگيري۹۷ωσηιστεί۹۷מניתັນ۹۷מניתιστεί۹۷گيريїхав۹۷ιστείמנית۹۷ັນמנית۹۷ιστείωση
Блок директора по мощностям," Навные   итсятсядейется乐етыйоетыеттыхететтыеттогоетзне.вероое,.верттыхноготтых,.ешттых. нет. нет,.ся нет.ся. нет нет.вер. нет в нет.. нет . нет отвечаю. нет до. нет и нет.弹 нет.священн...フィー..священн нет.フィー,..弹..не..правляю..령..,. нет痍. нет首相 нет.не,.フィー и"
"Проект ""Обустройство площадных объектов НГКМ Поменбше"""," затсядейе  затые ંદરе.ણુંизныеты за  заંદરе за.ણુંся за над за над.ણુંсь за за за над поныйопол.ણુંтся.ણુંь.ણું заттыхноготтыхеты.вертты,.верты иверттого, и맡верверверочен.верочен, иверочен за.мест.вервер за.вер.мест ить.верт.вер за за... нет за. нет..вер в..弹 нет.ком.. илиочен.."
Генеральный директор," Навные   итсядейетсядейоеттые.ણુંсь за таттыяноготые  иттыхетенеттыхноготнетыхетыхногота,,.верта,.тата, вта, и вта.та. нет.та и в.та втата.,. нет вта в... нет,..ステ..таправляю. нет  в.ステ,.ステ в. нетステ.ステ ..Ме.ステ首相..правляю..не..首相"
Генеральный директор,Westосьтыйоооье  иты итете  воеты.месте  заттыое.ковоасяттые иусье вусье.усьасьсьсь.усьусьусьнуюись.сьсь за.усььridисьсьтностьсьсь со.усьот со.сь맡ностьусьусьотсьсь맡сьсьridridсьсьරයсьсьщесьсьщисьсь රයсь맡맡맡тьridridridьridсь맡 प्रबंधनсьсьતંત્રоьridьщи
Блок деректора по газу,"  татане  ие   и  не .  .мест тататани та нетось нет .. , и  нетось . нет ,,, и нет  нет  ,. нет,,.. нет. нет бы,., и. нет нет. .という方. нет вта. нет痍. нет и нет...,.という方 нет.という方 и..。《. нет не нет. или. нет отвечаю. нет Верховн,.。《 и.。《та нет.。《痍.. или и."
Блок заместителя генерального директора по защите,"Appleе про кяе, ие,,, к ационного, к.пазе,.та ие.е.та, и.та.е ие и.е, неи. нетяее..еее ии.е которого.е неи неее не которого. иее  неие нее которогоее илиее которого нее и ие не下一ееのみее就能 ие которого и и и  иеのみ илие иのみеのみ и иのみ или и и илиеત્યા и ии иеત્યા"
"Блок исполнительного директора по реализации проекта ""Большое месторождение""",Westосьне  и   иое    за  итыйоетый  .ое.мест .осу  гор .ковоагортете итсяот.оиете.усье.те .ось поරීтесьсьсьරයсьсь රයсьරයරයරයсь со.сьсь поරීсьරයරීсьсьරීсьරීтьරයсьරීьරයරයවිල්ලරයсь поරයсь ခံခဲ့ရරයсь высьсьтостсьсьતંત્રරයсьતંત્રоරයсьтරයсь
"Проект ""Новая нефть""",Westосьй с образомте.лныеттыянуютый.лный Михаиляный Михаилье.пазвоетый ву втый-асятетесятащие.сяттыьગીе.усьасьсьсьтиеисьсь.сьсь исьсьරයсьсь со.сьтесьсьосьсьсьдуьсьсьරීсьсьતંત્રсьсьرتridсьсь රයсьරයරයсь сьсьмедсьсь方针сьсьтикусьсь поностьсьсь맡сьсьотсьсьridсь
Блок финансового директора,Westось на ાટаютсятыйоооетыйов  иое  и  нный и ное.мест    ите  .мест поноститты .ковоатиеи .оиетиеාවක් ાટтиеارتтиеыභාවය  رتтотرتтرتridисьсьсьرتridсьсьරයරීсьсьරීсьرتтරීсьරයсьсь方针сьсьતંત્રරීсьරීт प्रबंधनරීсьતંત્ર प्रबंधनсьсь රයсьරයරයсьતંત્રоරයරීтرتт प्रबंधनرت
Блок операционного директора,"Apple затны, к затые  зататаяныете затетеетазе.оетные за.осу.оое.ные за  за.ныйного за .ныйныхе.е за за за. за за ие и и ие  ие за и ии и и  и и за ии за и за за  ии. за и « и и. за. и и, и и или и и «  и  « и ... и. и   и за.  и"
Блок заместителя генерального директора по безопасности," Навные    итсядейетсяоттаકરણ대로ттыяныйગર нетыйоетыеттого.местеттыетноготтыхеттыхноготненетыхного,,.вертого,,, и миро,.сятн,.н,, нет,. нет. нет,, вта,.,.ステ,.та, и нет.ステ. нет в,.. нет . нет нет.,, или. нетステ..ステ  в. нет и в.ステ首相 нет."
Блок технического директора,Westосьняася    иь иу  иу вое.оетасье.ковоасенье  за.месте.меше.осу.мест .мест вист вы.мест поностиось.мест.ось понуюи.ось.сь.усьась поность.сьсьridисьсьсь.сь поностисьсьтиеисьridridridсьсь со.сьridьridridиеьсьсь поridrid соridridиridridесьсьරයсьсьorderidсьrid
Управление землеустроительных работ,Westось затые  иттыяе   иоеттыьгор  и  завоететыйое  за  зате.ое.осу.мест  поныйભ.оьгороое вое ите вте за.осу иту.те иоиете тели итиеисьтиетиеસ્વામીсьсьсьтот රයсьсьරයсь ခံခဲ့ရරයсьරීтиеරයсьරයරයсь맡тرتridсьсьරීсьсь맡сьсь රය
Блок директора по мощностям,Westосьй с случаиащие.кости заттыяныетасьетасяте.мест  затащи вое.оеттые.осу иьhedenсь иье.усьасьсьсь.сьсьтиеисьсь поностисьсьridись поностьсьсь со.сьridridridсьсьусььсьсь сьсьстисьсьщесьсьරයсьсьщисьсь맡сьсьieriсьсьતંત્રсьсьдуridridьridсьridсь посьсьරීсьсь высь
Блок заместителя генерального директора по организационным вопросам,"«ые  итяе   иලූту вое.ое  за  заттыяныете.осу.лныйопол.л.осу на.вер.осу,.паз за.осуසක්.опол.осу за.寄 на.осу вы.оы.ные.осуОЗ.осу вообщеныеправые.е.ыыые нае.пау.паосу.паامينоооыура.تذكرосу.осуامينоыосу.تذكرот.осуосу.اج этиооовыامينосу.оо"
Блок директора по строительству,"Germanyе  затсядейетыйоетасяте   зататетыете.ет긋е тые е та ты е, тыдесят тыпяе 兢, е были были еがついて еを重ねе මාලිමාලිе てきたе がついて были были былиစား были මාලිてきたе 나서 මාලිеを重ね были былиကုမ္ပဏီ फंड මාලිကုမ္ပဏီ फंडてきたеを重ねفينてきたеがついてાર્થ былиစားကုမ္ပဏီ फंडကုမ္ပဏီાર્થ策ાર્થ策ကုမ္ပဏီကုမ္ပဏီાર્થ былиાર્થ былиဉાર્થ策е ાર્થ策 "
Имущественные вопросы,Westось затыйоетыйовтыйыое.ое заттыхетныйороноиствоете.осу.осугорот вое иусьот.усье.усьусьусьот поноститусьот доаютсятусьусьරීтот поරීтусьරීсь맡맡맡тот со.усьот 맡вероරයсьсьсь맡усьотсьсь за රයсь맡тරීсьсьтотсь맡તંત્રоооරයරයсьотпредсьсьототпредотпредරීтරීототරීт
Блок бизнес-директора,Westосьтыйоооиее.ооеты.ое.лныйороное итете.лощие.мест заттыхнуютныеместе.осу.мест.мест итмест.оист.мест перетты за.мест ваютсятаютсятают.усьаютсятусьаютсясь иоиятаютсясь.оия.усьоия со.оиеись понуюи со.усьась поностище  со поностиоруооияridись до соот соот до со поностьусь
Генеральный директор,Westосьтыйарствоищеетыйоооеттыхе.ое.лныйоро гортетныйое  ите.мест  за.местттельствоттельствотели за иусье иусь짓ridисьсьсьттельствось.усьаютсясьсь за.усьусьаютсятусьусьусьот со.усьаютсьсь.сьсьරයсьсь맡 प्रबंधनсьсьતંત્રусьරයсь맡тусьотсьсь රයсьරයරයරයсьтотсь맡сьсьridсьсьරීсьсь поරීсьતંત્રсьсьот
Управление по проектным работам,Westосьтыйооое  иоеттыое.ое заттыхетыйозатетесяте.мест зате  за.местттые ите иусь짓ridнуюисьтиеись.усьусьнуюсьсьсьтусьусьусьаютсясьсь.сьсь맡усьусььරීтусььсь맡тусьотсьсьતંત્રусьусь짓ьridсьсьridсь맡сьсьරීсьсьරයсьсьотсь맡правляюridridсьતંત્રоьරීсь맡 प्रबंधनсьсь за 
Блок заместителя генерального директора по имуществу,"Westось залосьось за  зау затася  за   затый ву поныйоро Вяныйоро Отоварный Михаиляный Михаильныйныйный Михаилный Михаиле   ится  за ите.ણુંютсяасьтась за за за.усьась맡맡 за за, за.ось먼트.усьнуюсьсьсь за.сьсь맡 поность.усьусьусьотсьсьරයсьсь먼트 со.усьරීсьсь රයсь맡сьсьරීсь맡усьотرتridсьсьرتridridridсь맡"
Блок директора по мощностям,Westось нае  иты итетые  втыянуютый.лный.лныете.л  зату ву висттый-а ву.е.мест за.ણુંьгорте за.осу.усьте иттельствосьте строя.усье.усьнуютесьтиеисьсьтностьсьсьсьරයсьсьරීсьсь맡сьсьرتтиеරයсьරයරයсьтьරීсьරයරීтرتтьગીсьсьતંત્રоරයсь맡тьරයсь
Проект «Обустройство объектов Новейшей нейти»,"Appleтыйоооеты ите  итты  заттыое.оетсятсятся  затся затсядейеттыяныете.ણુંтся.мест за  за   завоетного.િયા за.ણુંсьтзне.ણું за за.ныйગર.ણુંлся.ныйнуютый.шееа.ный.ણું.. за... ..ныйный..ણુંнныйе..,.ныйальное и и и, и и  и и за., и,. за и и.."
Блок бизнес-директора,Westосьняе  и    итого  не  .мест   за татянуютяетяноее .е.мест.мест за   поноститиетиее.тиеисьсьтиеиеиеиරයсьсьсь.сьсьරයсь රයсьරයරයсьridridсьсьridьරීсьсьતંત્રоиесьсьмедсьсьරීсьරයවිල්ලරයсьતંત્રсьсь сьсьотсьсь
Блок операционного директора,Westось затыйооое  итый  иоетныйое.лноготый.ое за  затныйопол оое итетноготе.месттныйэг.мест зате вусьттые.усьттельствоттыянуюсь맡 понуюсьтиеись맡맡맡тусьусьусьтусьнуюсьсьсьтусьරයсьсь맡тотсьсьරයсь맡රයсьරයරයсьтرتтусьරීсьсьරීсь맡усьусьරයරයරයවිල්ලරයсьරීт
Блок директора по мощностям," Навные    итсядейетсядейотта맡татетныйрчетноготыеттыхеттыетенеттого.вероетненешттыхноготтого,.вертн.верта맡вертан,. нет.верправляюн.н. нет нет. нет,.та нет.та. нет в нет.. нет до. нет . нет и нет.н, и вта нет вта...н нет.Ме. нет отвечаю. нет首相 нет.フィー. нет"
Блок директора по строительству,ЗМІֆիզιστείιστείιστείັນιστείιστείֆիզιστείັນັນιστείັນмігрантັນιστείֆիզັນιστείแยกັນιστείฑັນιστείэхэдιστείັນข้อιστείັນ۹۷ιστείັນდაბაັນιστείረዳιστείιστείэхэд۹۷ιστείιστείאָנאַιστείιστείฑιστείιστείβαθιστείιστεί۹۷ιστείэхэд капітал۹۷ιστεί۹۷אָנאַ۹۷ιστείβαθ капітал۹۷ັນιστείאָנאַ۹۷אָנאַιστείэхэдэхэдιστείιστείאולιστείιστείለሁιστείιστεί капіталιστείιστείረዳັນιστεί۹۷۹۷۹۷ιστείֆիզֆիզιστείэхэдֆիզιστείֆիզฑιστείັນֆիզιστεί۹۷эхэдιστεί۹۷ັນ۹۷۹۷אָנאַັນιστείລັດιστείιστείລັດэхэдιστείэхэдאָנאַιστείັນאָנאַιστεί۹۷
Блок бизнес-директора,"Appleтыйарствоыйоетыйоыетые  и за  завоете.ое.осу.осу заный렀ного затного.ણુંь  за и  за  .паз за за . за.ણું.ણું за за за.ный.ણું  за.. за  и ...,. ., и и ие и и  и и за.  и, и. за и и.. и и,..ાર્થ и иを迎え и и « и и или и и સોેટ..गी.गी и и"
"Проект ""Северная деревня""",Westосьй за  за  итсядейетыйооеттыяныете  итете.ое.осу на   воист  за иттые.ણુંьગીтаютсятаютсясьтиеись.усьнуюисьсьсь.сьсьтусьнуюсьсь поностьсьсь исьсь за.сьтьرتridисьтرتridсьсьරීсьсьරයсьсь맡сьсьતંત્રсьсьرتтьсьсь сьсьગીсьсьотсьсь высьсьراتсьсьridсь
Управление по проектным работам,Westосьтыйооиееты.лныетые итете  заттыхе.мест затасяте за.месттзне.мест вте.осу.мест поныйовыетты за иту.мест.усье.усьнуюи иттыянуюи.усьась맡исьисьсьтиеись.усьусьнуюсьсьсь맡тностьсьсь.сь맡맡тотсьсьусьотсь맡сьсьщисьсьતંત્રоьગીсь맡усьоиесridись맡
Блок директора по мощностям,Westось нае   и    за  татыйое  итый  не.ое.ковоа  .мест   неосьтете.те иусье.сьтиетиеисьтесьсьсьтусьесь.сьсь сьсьرتтиесьсьරීсьсьරයсьсь맡 प्रबंधनсьсьતંત્રсьсь펴сьсьтьරයсьтьсьсь поරීсь맡сьсь высьсьотсьсьмедсьсьусьරීсьරයරයсьරයරීсьرتсьсь
Проект «Обустройство объектов Новейшей нейти»,Westосьтыйоооеты.ое итете.ооиеетасе и ву вое.осу вонуюкое воистте ится.мест.мест за.мест .осу.усье.усьаютсятаютсятатаютсясь.оиеы.усьась.усьнуюись.сьтность.сьсьсьтусьооия со.усьусьусьоиетооуюсьсь со.сь.сridсьсь поностьсьсьරීсьсьотсьсь
"Проект ""Южный""",Westосьтыйооое  ится  итый иты итетый вое.ણુંся  за  затый.ણુંлсяся.ણુંтся  за.ણુંсь за.опол.ણું за.осу.ણુંлись맡맡맡.ણુંютсяыыы.ось맡맡ись.усьнуюись.усьасьсьсь맡맡верисьсь රයсьсьтусьусьусь맡맡тусьරීсь맡верооていましたсьсьරයсь맡сьсьරීсь ခံခဲ့ရරයсьරයරයсь за ခံခဲ့ရරී
Блок бизнес-директора,"Appleтяе  и  за  завоетые .ое.ણુંь  итяные за над зату ву.ણું за  и맡 над за над, за ,.ણુંть за .거든요нуюв.ова,.ටම.ણુંтся,.ныйગર .ный.ныйgerichte ... .  за.. за. за за.ныйльного за.ее.  и и ие и и  и, и и « и и,, и   и за и и之外 и и су и и — и и"
Блок бизнес-директора,Westось затыйоооеты.ое  иты итете  заттыянуюте.мест  за.мест зате за.ણુંтсядейе за за за итсяотттые за иттыось맡 за.усьасьтусьнуюись.усьнуюсь맡усьусьусьтусьусьරීтусьරීсь맡맡맡тусь짓ridсьсьсь맡тරීсьсьරයсьсь රයсь맡රීтරීт प्रबंधनරීтьරයсьරයරයсь ခံခဲ့ရරයсьරීт
Блок заместителя генерального директора по безопасности,.ણુંь  иලූтсядейе  затсядейу.ણું за  за.ણુંсь  за   за поныйопол.ણુંнныее.ણુંся  за над затсятсятсяверт  за затся.ણુંлсясяттыхного.ipiся .верверттыхе.вертнопол и맡верверверочен.верооое. нет.вер. нет за.вер вать. нет в... нет и в. нет ..все..десят . нет или..弹..н..ль..
Блок директора по проектированию," Навныетые  итсядейетсядейу поныете с册癖е с с сэг нае.паз  за та맡януюттые.е.мест .паз за нныйправ.ше тата.вереттыхе,.верта.мест.верое.вер, иверта, ить.верверта ивер. нет.вер.та. нет вта нет...та и. нет,.Ме.. нет и..Ме или. нет или..弹 нет. нет .."
Генеральный директор," 되면වලින්тыяныйسارныйગરу   и 거든요거든요거든요ост   . .. нныйяныйગર няныйопол.мест татататся нный и таттыхетяного.мест,,, иинен,.ся ,,.فينта,. нет,.н,.ーン,.та, и нет. нет.н. нет вта и вта. нет . нет и в. нет нет.,.. нет Верховн,.。《та.та.。《. нет или..та нет.."
Блок операционного директора,Westось затыйоооетты   иое.ое  итете .месте    за   неось.мест.мест тые.осьтельствотели со.оиеисьсьсь.сьсь со.осьridись телисьсьтиесьсь сьсьridсьсьරයсьсьරීсьсьતંત્રсьсьرتridridridсьridьсьсь方针сьсьગીсьсьщесьсь प्रबंधनсьсь посьсь неприridсь රයсьridосьсьсьотсьсь высьсь
Блок деректора по газу,Westось за  ခံခဲ့ရ  исттыйов    и  не  иопол ноисттяныйопол   «ье.мест  ите  .мест поныйسار.осьтельствотельствотельствоттельствоисьттельствосьтиеисьсьсьતંત્ર тельствосьсь方针сьсь රයсьсьරයсь رتтусьරීсьсь поරීсьતંત્રсьсьмедсьсьтьරයсьරයරීсьරයරයсьતંત્રරයсьرتтيارсьсьرتсьсьرتهсьсьරීсьмед प्रबंधनсьсьરુсь
Генеральный директор,Westось задесят  итсядейется ючи ючирашыетыйоетогоететы.местеттыхетянуюте.ણુંютсяопуы ится.ણુંьગીе.усьаютсяттельствосьсьсь.сьсьтьગીсьсьරයරයсьсь රයсьරයсьтиеරයсь භාවයсьсьරීсьсьગીсьරයවිල්ලරයсь맡රයරයරයරීсьරයરુсьсьرتهරයсьતંત્રරයсьرتهсьсьતંત્રරීсь맡сьсь맡 प्रबंधनරීсьતંત્રсьсь поරීсь
Блок директора по мощностям,Westось затащие.костттыяныетасьетее.месте  затетабиныете.осу.осуме-ась.мест.мест поноститиеы иье.усььridиеисьсьridисьridьridиridиеьridridиеиеиridridridсьсьсь телисьridсьridridьсьсьжитесьсь со.сьсь поностьсьсьරයсьсьжениесьсьсridridесьсьતંત્રоиеьстояниеridrid соridrid
Управление по проектным работам," нетянаятсядейетсядейоттые癖еты.лный.лныете.лноготтыяныету  итете  ие  .вере ,.верт,,.вер тую.вер,, ить.верта, иттых, иверта. нет. нет Хр нет.вер. нет нет.та нет.. нет,. нет вта.тата...та и нет.Ме. нет отвечаю. нет . нет или..ステ. нетステ..弹 нет."
Блок директора по строительству,Westось на  за  заосьй за   завоеты.ણું렸습니다 за гортетыйоете.местте  за.мест  за итсяот.осьтельствотельствоттельствотосьтельствотаютсятаютсясьтусь짓ьරීтусьаютсясьсьсь.сьсьтьرتтусьරීсьсьරයсьсьරීсьරයරයсьරයරීсьرتтرتсьсь රයсьرتсьරයરુсьсьતંત્રсьсьرتridсьсьગીсьсьرتهරයсьતંત્રරයсьරීтරීсьતંત્રරීсьරී
Блок заместителя генерального директора по закупкам,Westось на  за  задесятооетты  поныйое.ણુંьгортыйое   затете.оистттые.мест  поностите иусь짓ridисьсьсьттельствосьсь.сьсь за.усьусьусьосьтельствосьтусьусьотсьсь맡версьсьරයсьсьරීсьсь රයсь맡сьсьગીсьсь поරීсь맡රයсьරයරයсьотсь맡맡сь맡 प्रबंधनсьсьرتсьсьતંત્રсьсьусьරීсьරයවිල්ලсьсь方针сьсь
Блок директора по строительству,"таકરણтноось нае ютсяоутыянуютыйосьняныйગરу  и    Небесн та Небеснтатый тататтыхе  итяноготтых Небесн팰 втатататся, иттыхного.ся ,,,.осьта,, и вта,.сята, итата, вта. нет.тата и в. нет вта вта и.та и нет. нет .та.. нет и в вта нет..та в...苟. нет Верховн вта됐"
Блок директора по строительству,Westосьтыйооое  итты   и    поныйоро  горте .оететый.месте  вое.ણુંсяттые.оистттельствоттельствосьтиетиеись.сьтусьнуюисьсьсь.усьнуюсьсь රයсьсьරයсь맡сьсь맡тусьусьусьරයсьරයරයсьරීсьсьтرتсьсьරීтусьරීсь맡맡сьරයරීтرتтсьсьતંત્રсьсьусьරීтьсьсьмедсьсь
"Проект ""Новая нефть""",Westосьняе  иу    и   ву  втый ву ву поный Михаилянуютый.мест  за  .лныйове.осу.мест ву.месте.осу вте втянуюье иье.те иусье.сьсьтиеисьсьсь.сь.усьнуюсьсь  со.сь රයсьсьරයсьridridridсьсьorderidсьordeностьсьсьતંત્રсьсьмедсьсьтикусьсь высьсь посьсьridсь сьсь
Блок директора по мощностям," Навные затсядейетые  ится  за неттыяные맡яе   и   та맡 тата맡татататтыхеттого,.верооое, ивертого,,,.сяттых,, и нет,.н,.,. нет. нет, и вта,.. нет вта. нет . нет нет., и. нет и нет...,, в. нет до. нет отвечаю..Ме..フィー. нет или..ステ. нет"
Блок заместителя генерального директора по строительству," таы и   за таты.ооое..ое .оы.осу    и нный.т  .осуве.ણુંь.оьгороет.оાયાкомт.осу.осу вооь.осу,.осуверт  ,.верт  вы.вер .верооы,.верта.вер вта. нет в. нет.. нет . нет и вта и в.Ме...десят ..н. нетиспол..Ме в."
Проект «Трубопроводный транспорт Ещё одного НГКМ»,Westось за  затыйоетыйовтый вернуныйрчетныйоое.ое   за гортете.ковоое воистте ите ваютсятиетиеи .тиеосьтиеы.сьсьсь.сьтиеරයсьсьරයсь රයсьරයරයсьтотсьсь맡රයсь맡сьсьотсьරයරීсьсьтරයсьරීсьරයවිල්ලරයсьતંત્રоරයරයරයවිල්ලсьсьતંત્રсьсь ခံခဲ့ရරයсь поරයсьот රයරය
Блок директора по мощностям,Westось на  заось заста за  за горомсь итсяоттыйоетыйов висттетесяте .мест    за.мест за ите.усье иусьасьсьтиеисьсьсь.сьсьતંત્રусьесьсьරයсьсь රයරයсьරයරය со.сь맡 प्रबंधनсьсьරීсьсь맡රයсь맡сьсьотсьсьرتridсьсь펴сьсьridсьරයරීсьරයවිල්ලරයсьતંત્રсьсь方针сьсьтьරයсьот प्रबंधनරීсьતંત્રරී
Генеральный директор,Westосьй за  итсядейеттыяетыйоетяе.мест за  завоететые    за  ву вист вист и   понуюте.ણુંьગીе.осьтельствоисьтиеисьсьсь.сьсьтесьсьරයсьсь поරීсьсь රයсьරයරයсьтьරීсьරයරීтиесьсьridridridсьсь맡сьсьતંત્રсьсьරීсьтсьсьرتridсьරයરુсьсьગીсьсьтикусьсь方针сьсьмед
Управление по проектным работам," нетянаятсядейе , татанивытсядейу  и нныйяе    ие  иттыяноготтые .мест  татата нет  ,,,.вер  того,.тата,. нет Хр . нет. нет .та нет.та. нет,.,.. нет нет., и нет..та, и. нет отвечаю нет.Ме. нет вта...Ме,.Ме нет. Reh. нетМе.Ме илиМе..。《. нет и.."
Блок бизнес-директора,Westось затащие итсястаоеттыое.ое сэг.ковоапашкеме  итете.мест.месте.осу.оиеы.оия.усьоиеи со.усьасьridисьсьсьridridridи единицсьсь со.сьсь.оооие единицсьridсьсь поностисьсьщесьсьieriridrid соridridсьridооьяооьridridосьridridотсьсьorderidridorderidсьот соridсьordeотсьотсьrid
Управление коммуникаций,Westось заось за  пооооеттыяныетыйое иое.ое  поныйоевоетете.осу ите понуюь.оиетиеи иоиеисьсь.сьсьсь поность.сь.осьтельствосьсьරයсьсь со.сьරයරයсьridсьсьridridridсьරය со.ооиесьсьмедсьсьотсьсьරීсьсь රයсьරයවිල්ලсьсьતંત્રсьсь प्रबंधनсьсь досьсьжениесьсьпредсьсь
Блок технического директора,"Appleи затны, к нае.оеттыяные затые проететасьетзне за.паз за.мест за неприое.местет за  ие иет иее и ие  и и и  ии ие. за и и, и и « и и за иеત્યા и иを迎え и и или и и. и и до и и отगी и ииगी и ... и   и.ત્યા и ત્યા иеगी и..गी. иを迎えи и иမဟုတ်"
Блок директора по строительству,Westось затасятыйоетыйовты.ое.оое втете.ковоася ите итныете вусье.мест затты за иттые ваютсяттыось за.усьаютсятаютсятусьаютсясьтусьусьусьасьсьсьттыьગીсьсь за.сьсь.усьусьнуюисьсь맡тностьсьсь со.сь맡맡맡тусьотсьсьусьусьооьරීсь맡усьусьот со.сridусьусььරීт
Управление по проектным работам,Westось заось за킬로미터и за ခံခဲ့ရ горое  итыйоетыйов   .мест нныйянуютый.мест шпусье .осу.осу   неосьاتورе.ણુંютсяопуот.осьте.сьтесьтиеисьсьсь.сьсьරයсьсь со.сьරයරයරයсь රයсьරයරීсьсьтьරයсь맡 प्रबंधनсьсь맡сьсьرتсьсьмедсьсьтьරයсьતંત્રරීсьරයවිල්ලරයсьරීсьતંત્રсьсьતંત્રරයсьرتهсьсь
Блок заместителя генерального директора по безопасности,Westосьтыйарствоищеетыйоеттыхныйрче.лныйрч.ое.мест  затете.осу.осугортный.оиеы.усьатиеись.усьисьсь.осьтельствось.оьridисьтусьаютсясьсьсьтностьсьсьridridсьсь телисьсь поностисьсьગીсьсь맡усьотсьсьતંત્રусьridусьridridridусьотпредсьсьරීсьсьщисьсьпредridсь맡 प्रबंधनсьсьරයсьсьотсьотпредусьот
Блок технического директора,Westосьй за  поныйооое.ое  итый  поные поныете.лныетасяте поныйgerichteтныйове.лного.осум за.клонно.клонста.ણુંтся .мест.мест за.ણુંсь за.усьнуютнуюи.усье.усьаютсятнуюсь.сь.усьусьнуюсь맡.сьтусьнуюи строя.сьсьсь.رتтусьусьусьරීсьсьරයсьсь맡сьсь රයсьරයරයсь맡맡맡тرتтьරී
Блок директора по строительству," таકરણтне  되면වලින්тыяныйગરу   тане .ઠાся татани  и та нетось нетось . нетось,,, иМГ,,. нет .та, и нет. нет, и. нет.. нет «. нет нет.という方. нет в. нет и.та и.という方 и..。《. нет Верховн. нет痍...та.。《 и.。《 И. нет отвечаю.。《та. нет И..,.. или..десят и.десят.。《湃 нет.。《 нет."
Блок заместителя генерального директора по безопасности,Westосьтасятянуютяе  ие  воете.ое.ковоевые-асе.мест затетныйовыее.кот ву вте иттые.усье.тты за иусьтиеи иусье иусьнуюись.усьнуюсь맡맡исьисьсь.сьсьсь맡усьусьусьнуюьગીсьсь со.усьот со.сridсь맡тностьсьсь  со.сь맡сьсьсridridсьсьусьусььridусьотсьсь
Управление коммуникаций,Westось затасятыйооое.ણુંсяттыхнуютый вое втныйоонуюте.лныйоро  зату.онуюквоете итете за.ણુંтся.ણુંютсяатгорот.усьнуютгорсь.усьоттусьусьооусьоусьусьусьтусьоありませんරීтусьнуюсьсьсьтусьරීсьсь맡усьусьරීтооرتусьусьотсьсьරයсьсьусьусьරයсьරයරයсь맡맡맡тусьотරීт
Блок директора по строительству,Westосьтыйоооиее  итты   иоое.оетый  и    за  ное  .мест  за.стрелты.оистте.ણુંтся.мест понуюи.оиеи иусье.усьасьсьсь.усьусьусьнуюсьсьтусьусььગીсьсьරයсьсь맡сьсь රයсь맡тусьරයරයсьරයරයරය со.сьсьતંત્રусьරයсьтьරයсьරීсьсьරීтьරීсь맡맡맡ть
Блок технического директора,۹۷۹۷۹۷۸۶۹۷۹۷రం۹۷۹۷ັນ۹۷۹۷پرس۹۷۹۷۹۹۹۷۹۷ агенттиги۹۷۹۷۹۸۹۷۹۷ Също۹۷۹۷۰۷۹۷۹۷ కళ۹۷۹۷ адбылася۹۷۹۷קא۹۷۹۷ื่อ۹۷۹۷ለሁ۹۷۹۷яння۹۷۹۷სრულ۹۷۹۷ პრემიერ۹۷۹۷ mempengaruhi۹۷۹۷۴۲۹۷۹۷ ଖର୍ଚ୍ଚ۹۷۹۷ maamuzi۹۷۹۷ీ۹۷۹۷ந்தி۹۷۹۷ଥିଲେ۹۷۹۷ գալ۹۷۹۷۸۸۹۷۹۷ኂ۹۷۹۷মু۹۷۹۷ кирген۹۷۹۷ ფილმის۹۷۹۷αίρεση۹۷۹۷ען۹۷۹۷ چیک۹۷۹۷ลาน۹۷۹۷ локални۹۷۹۷քս۹۷۹۷ահար۹۷۹۷گرفت۹۷۹۷חלק۹۷۹۷ പെൺകുട്ടി۹۷۹۷ୱେ۹۷۹۷ تئاتر۹۷
"Проект ""Обустройство площадных объектов НГКМ Поменбше""",Westосьтыйоооиее  иое.оиствоете итетый.оете  затеньте.месттзне итеньетте за.мест затзне за итгор итате поный.осу иттгорот.оиеи за.зад.оીકરણот.усьась иоીકરણтооીકરણвытот поностьусьооसत्ताусьусьусьот поරීтоусьусьоусьотරීооусьоसत्ताооرتусьоીકરણоо
Проект «Обустройство объектов Новейшей нейти»,Westось залосьось затыетыоооететыйое.мест поое  зате.ое сэг.ковоасе.комте за.мест за  за  понуютене.осу.мест.мест вте ите поныйопол.осу иусье.усьнуютнуюсьтесь иоиетикусьтиетотсьсьсьтоиеисьсьරයсьсьтикусьсь රයсьරයරයсьтотرتridсьсьторысьсьරීсьсь
"Проект ""Восточный""",Westосьтсядейетыйоооеттыхе.ое.осу.ооиствоетый вое иое воист ите.мест понуюи иусьот.оиеы иусьусьот поноститусьаютсятот.усьусьаютсясьтусьусьусьооусьот доаютсятусьරීтусьот 맡맡맡тот맡맡верооරයсьсьсь맡тරීсь맡맡તંત્રооьරීсьсьරීтотсьсьот රයсь맡તંત્રусьотсь맡верот 
Блок операционного директора,Westосьйтыйоооетты  итетыйовте.оевоетныете .мест  заттыете иттыоиеттельствоттельствосьтиеисьсьттельствоот.сьсьсь.усььරීсьсьтьностьсьсь сьсьعاتсьсь поරීьරීьсьсьridсьсь맡тотсьсьරීсь맡сьсьщисьсьотсьтьරීт प्रबंधनсьсьරයсьсьગીсьсь펴сьсьતંત્રсьсь засьсьдуridridridсь
"Проект ""Трубопроводный транспорт Главного НГКМ""",Westосьтасятамечаате.кстаоететныету влист  поныетаметныйальныйе ите  итный.мест.мест за.мест  поноститты иусьаютсяты иусьась.усьнуюи строя.усьаютсясьсьсьтиеисьтусьисьсь поностьусьусьусьridись поностисьсь.сьсьусьridridridсьсьતંત્રусьridьridridусьridсь пощисьсьරීсьсьridridиridridරීсьrid
Блок операционного директора,Westсьтасятяе поныетатасьстраегоромсьтее  втер викисяте.мест поныйовыеяныете понуюкперось.мест.мест ватье.усье.осу.усьевые поныйопол.усьнуюи.усьь.усьаютсясь.усьусьесьсьсьосьridисьсь.сьсь поностисьсьусьусьусьridсьсьridсьусьridridridсьridridусьridосьсьсьරයсьсьරීсьсьdintiсьсьпредсьсьсrid
Проект «Трубопроводный транспорт Ещё одного НГКМ»,Westосьй за  поныйоро  и    за  затамечаетыйооететныйое.ое  понуюте.мест поный.оиеы.осу.осьтельствотелиоиеисьсьсьтиеиridись телисьсь.сьсь поridridridсьсь  телиridridосьтельствосьсьරයсьсьරීсьсьотсьсьતંત્રоооиесьсьridсьරයරීсьridridorderidсьරීтелиridсьordeරීсьот प्रबंधनсьсьпредсьсьorde
Блок директора по персоналу,Westось на  завоетты  за  поныйоооьгорое.ооетыйое втетныйальныйе ите  ита вое  за итты понуюи.оиеи иоиеы иусье.усьась.усьнуюись.сь .усьусьнуюсьсьсь  со.усьоиеරයсьсьridridridисьсьරයරයсьරයсь රයсьridсьсь맡 प्रबंधनсьсьતંત્રооиеотсьсьотсьරයරීсьсьтот
Блок деректора по газу,Westосьняе  иоетыйое.ое  заттыянуютый.местететянуюьетасяте.мест.мест неприое иьordeасьсьтиеисьсьсь.сьсьridисьridьсьсь соностьсьсьරයсьсьщесьсь поностьсьridridсьсь сьсьતંત્રсьсьગીсьсьтьරයсьridосьсьсьотсьсьсridсьridсьරයстинсьсьරීсьсьмедсьсь प्रबंधनсьсьorderidridridьrid
Генеральный директор,Westось затыйоооеты.ое.лныйороноиствоететныйоронныеете.оистттые.ણુંютсяате иусьатиеисьтиеы.усььગીсьсьсьтот со.сьсь.сьтностьсьсь поностьсь맡тотсьсь맡 प्रबंधनсьсьරයсьсь රයсьරයරයсь맡сьсьતંત્રсьсьරීсьсьગીсь맡රයсьતંત્રоරයсьт प्रबंधनсь맡맡 प्रबंधनරීсьරයරීсь맡усьотсьતંત્રусь
Блок технического директора,Westосьняе  иу    итого   вое.оетыйое   за  .мест   поныйоезне.ковоасяте.осу.осу иье.усье.сьсьсь.усьусьесьсьтусььсьсьridисьсьරයсьсь맡сьсь රයсьтиесьсьرتridсьсьරීсьсьતંત્રсьсьщисьсьтьරයсьරයරයсьridridсь сьсьмедсьсьщесьсьотсьсь поරීсьරයරීсь
Блок директора по строительству," нетянаятсядейетсядейивытсядейоисттыйоооеттогоье итетыеттыяноготтыхенеттыхноготтого.вертаттого,.верочентой втатата,. нет,.татаправляю нет. нет.вер. нет нет.тую нет.та нет.правляю нет, и нет.ステ. нет вта. нетステ нет.Ме. нет  нет.. нет Директор нет.zne. нет и нет в...ステправляю..правляю. нетправлен. нет"
Блок заместителя генерального директора по закупкам,Westось затамечае.лныеттыянуютые и вое.е.мест за   за  зату вте.ое вист ву ву.мест  за иту.комту за.мест.мест вы ите за.усье.усьнуюи иусьнуюь.усьась맡 поность.сь.сьсьсь.усьоиеисьсь맡сьсь поностьправляюridridridсьсьරයсьсьтьරීсьсьරීсь맡тьridridьridсь맡
Управление землеустроительных работ,Westосьй за    ится  викитыйое  итый  и   за нный итется  иоете.ое.осу.осу иусье иусьаусье.усьнуюсьсьсьтесьсьරයсьсь රයсьරයරීсьсь.сьරයරයсьтиеරයсьridridridсьсьරීсьරයවිල්ලරයсь맡сьсь맡රයсьતંત્રරයсьмедсьсьતંત્રсьсьridсьරයતંત્રරයරයරයවිල්ලсьсьотсьсьтьරයсьරීт प्रबंधनරීсь
"Проект ""Новая нефть""",Westосьняасятася сятянуюте.ое.лныйоьеме.местте .мешянуюкстое.меше.шую.мест .мест.мест ится.сь понуюи.ось.сь.усьась поность.сьсьсь.сьтиеисьсь со.сьосьridись поностисьсь высьсьосьсьсь посьсьridridсьсь единицсьсь досьсь ьюсьсьщесьсьරයсьсььсьсьжьсьridсьrid
Управление по проектным работам,Westось затыйоооьгоре.ое иттыеттыое воете.мест  зате  за.мест поныйое.осу ви иусье иоиеы.усьись.усььridисьсьсь.сьсь за.усьусьусьот со.усьоиеисьridridсьсьridностьсьсьරයсьсь맡сьсьતંત્રоиесridridridьridсьridсь맡 प्रबंधनсьсьотсьсьсridсьот соridridотсь맡તંત્રоьridrid
"Проект ""Южный"""," нетестатыянаяяе,, к таньюянымиney та и нетый .мест татасье.оетася татата нетютсяонанене,.та.тата. нет.та иМГ.та нет. нет вта и нет.不了.та,. нет бы. нет нет.н.тан. нет иМГ нет.пера. нет,.н нет... нет нета нет в нет.Ме. нет отвечаю. нет . нет были нет.священн. нет все"
"Проект ""Нефтяные краюшки""",Westось наооое  иое.оетыйое и   вое втете.мест  зате  поныйоист ву.оиеы.оь.усьоиеисьсьсь.усьасьсь поность.сьсь со.усьусьусьотсьсьતંત્રоиесьсь맡сьсьරයсьсьridсьсьරීсьсьотсьતંત્રсьсь රයсь맡તંત્રоьсьсьпредсьсьсridridridсь맡 प्रबंधनсьсьпросьсьтотсьот сьсь
"Проект ""Южный""",Westосьй за  задесятстаось за  поныйоро гороетыйоое.мест  затетащиете.етныете поноститатиетиеисьтасьсьсьтесьсь.сьсь поරීсьсь сьсьරීсь поностьсьсьරයсьсьગીсьсьridисьсьતંત્રсьсьдуridсьсь맡 प्रबंधनсьсь펴сьсьусьරීсьරයරයсьරයරීсьridridсьරයરુсьсьщисьсьотсьсьмедсьсьرتсьсь
Управление коммуникаций,Westось затыйоооетогоое  иое.ооисттетныйое ите .ое вте.осу.местте за.мест за.осу за.оиете поныйопол.усьот.усье.усьнуюсь.усьусьусььරයсьсьсьරයсь රයсьරයරයсьтиеරයсьтьරයсьරීтотсьсь  රයරයවිල්ලරයරයරයරීтьරයවිල්ලооරයсьотсьරයවිල්ලностьсьсьරීсьсьтьරීсьරය
"Проект ""Северная деревня"""," нетяныйગર нныйяные за   татане тататтыяные   и  не  .мест та нет .ся ,,.вер нный,, иооое,.ся нет,. нет, и нет.ся. нет. нет ,.н,.. нет вта. нет нет...н. нет или. нет Верховн. нет и.. или..,.та нет., и. нет痍..десят..フィー. нет首相..統治..та.."
Блок заместителя генерального директора по организационным вопросам,Westось затые  иу вооое.ое ие вое  вонуюттые.ковоные поный.лный.ково.мест.мест за.ણુંтся.ણુંь.оиеи за.усьь.усье.усьаютсясь.усьнуюисьсьсь.сьсь за.сь.ностьусььગીсьсьтностьсьсь맡тность.сь맡맡맡сьсьщесьсь поность.усь짓ridridсьсьતંત્રоьсьсьරයсьсьотсьсьусьоьridсь맡
Проект «Обустройство объектов Новейшей нейти»,"Appleтыйоооетые затыое.ое вое за.оистттыхвуютетзне.те.осу.ковоате ву.е.етезне.месттзнезне.ણુંтся ите итзне .е .мест .ныйовыее.мест.е,.е за .шееаме. ..е и и ие.ный и и, и и  и и за. за и и., и,.,. за. и и « и и"
"Проект ""Нефтяные краюшки""",Westось наусье  за  заттыоооетыйое.ое ите  иое вое   воист    и   понуюте.осу иусье вусьнуюсь맡.усьнуюьગીсьсьсь за.усьусьнуюисьсь.усьот со.сьсь맡усьусьусьот поностьусьотсьсьridridridсьсьот со со.усьridсь맡сьсьරයсьсьગીсьridсьотсь맡 प्रबंधनсьсьරීсьсьусьототсьот 
Блок технического директора,Westось затыйооое  иттые итете  воетые и виствоете.месте  за иттельствотели.мест иье иусье.усььridьridисьсьсь.сьсь со.усьусььсьсьridьсь.усьоиеьridridridсьсьරයсьсьતંત્રоьridсьridridьරීсьсь맡сьсьотсьсь රයсьridсьતંત્રусьridсьරයරයсьતંત્રсьсьordeностьсьсьжениесьсьсridсь 
Генеральный директор,Westосьтыйоооиеетые  и  вое итете  втеньетате.ое.мест зате вистттые.осу.мест иусье вусье иусьнуюи.усьнуюсьсьсь.усьусьнуюьગીсьсь за.усьот со.усььridнуюсь со.сьсь맡맡맡ностьсьсьරයсь맡тностьсь맡сьсьсridсьсь со со.сridьridсь맡 प्रबंधनсьсь රයсьсьот со со со 
Имущественные вопросы,Westось затыйоооеттыое.ооистттыетыйовтый  затетныйоевоетныете.осу ите иусье.усьусь짓ridисьтаютсятаютсясьтусьаютсятусьусьරීтусьරීсьтරීтот доаютсятоттරීරීтරීсь맡맡тотرتтотсьсьсьරීсьсь맡тооරීсьරීරීсьотරීсьරයсьсь රයсьරීтاولગીсьсьරයරයсьරයරීරීරීот
Управление по проектным работам,Westосьот за горое  иоетыйоое.оооисттныйоевоетый   .мест  гортетныйопол «ьгоротте ите.усье.тиетиеи .оиеисьтиеاتиරීтиеиеиරයсьсьරයсьරයරයсь රයරයරයවිල්ලරයරයරීтرتridරීсьරයරීсьсьсьරීсьරීтරීсьતંત્રරයсьતંત્રоරයсьරීවිල්ලරයсьرتridсьсьતંત્રරීсь ခံခဲ့ရරය
Блок директора по проектированию,Westось наලූтые  иලූтаянуютыйоое.лныйગર понуюте.оете .лныете поныйગર.мест  поныйопол  поныеттые.ણુંтся.ણુંютсяопуи.усье.усьаютсясь.усьفح.усьусьусьесьсьсь.сьсьтьرتтьગીсьсь поностьсьсь맡сьсьරයсьсьරීсьсь රයсьරයරයсь맡тرتтرتсьсьગીсьරයරීсь맡රීсьරයවිල්ලරයсь
Блок технического директора," Навые   и    викиве  и вые.е.ные поные за   за  заме.ણુંь.паз за  ите.ое.осу.оь,.ооое,.gelöst,.комты.gelöst. нет . нет... нет Хр. нет,.та. нетrichtenМе.Ме. нет вта.Ме или. нет и нет. нетМе..Ме нет.Ме,. нет отвечаю. нет или..не..フィー..священн.. или."
Блок директора по мощностям,"Appleтыйарствои පවත්වාоза ခံခဲ့ရянымиneyттыяныетыйоетый乐у.мест затый .мест  за .거든요거든요거든요нуютый.мест.паз зат긋етянуютныйગર.мест нет за. за  .паз . за., и и иет и и  и и, ие и и за и и.  иеगी. ..गी и иを迎え и и « и и સોત્યા и .गी..ત્યા и иမဟုတ်т и.गीત્યા и..."
Блок деректора по газу,"렸습니다 затыйарствои затсядейетные затся乐у  затыетзне.ણુંтся乐ныете  итсятсятсяверосьтсяверое, иверосьйттых.веросьттых, ить, и нет.ся нет.вер, и в. нет. нет, и. нет и.ся. нет в нет.. нетдесят и.десят и в нет в...десят в.десят. нет ..弹..フィー.десят,. нет нет.десят или.десят . нет до. нет или"
Блок технического директора,".лныете. затетатасете затсятсятсядейетныетася  за.месттетсятся  затся.мест.мест  затeigen итeigen,.вертeigen нет. нет.верта... нетrichten..мест или..не. нет в. нет,..не или.н. нет или. нет до. нет нет.. или.не..та. нет и в..弹..ного.не нет.не в в вта. или в в."
Блок технического директора,Westось нае  иооое   и   .ое и  итыйое.е .мест   за   вое за .осу   нейтральнотте.ણુંье.осу.осу и  поныйопол   понуюь.оиете иусье.сьтиеисьсьсь .сьсь.усьесьсьරයсьсьridись රයරයсьරයරයවිල්ලьюсьсь맡сьсьරීсьсьтرتridсьсьતંત્રоиесьсьordeරීсьරය
"Проект ""Нефтяные краюшки""",Westось затыйооое.оеты.лноготе.лныйое итете  вое    за   поныйоист  за иттые.осу.осу иусье иусь짓ridнуюсь.усьусьусьнуюсьсь.сьсьсь .сь.ભсьсь맡усьусььරයсьсьරයсь රයсьරයරයරයсь맡 प्रबंधनсьсьતંત્રусьරයсьтностьсьсьтотсьсьотсь맡сьсьරීсьсьرتridсьсьусьරීсьරය
Блок директора по мощностям,Westосьтыйоооиееттыооеты.лныйое.ое итете.местетаттые.ковоате иусьатиеисьтиеы.усье.усьисьсьсь.сь.усььગીсьсь .сьсьтностьсьсьරයсьсьતંત્રоьсьсь со.сь맡 प्रबंधनсьсь맡તંત્રусьотсьсьරීсьсьусьот प्रबंधनсьતંત્રусьරයсь맡сьсьотсьරයරයсьતંત્રරයсьරයતંત્રоරයсьот प्रबंधनරී
Блок директора по строительству,Westось наоро горот за гортты горетыйоетныйопол ное   за   гормене  поныйગર   поностите ите.ттельствоттельствосьтиеисьтусьусьусьот.сьсьсьтරීсьсьරයсьсьරීсьරයරයсь රයсьරයරීсьતંત્રусьරීсьරීтусьරීтرتсьсь맡сьсьતંત્રсьсьرتridсьсьગીсьсьотсьсь ခံခဲ့ရරයсьતંત્રරයсь맡 प्रबंधनсьсьرتهсьсьмед
Блок заместителя генерального директора по безопасности,Westосьй за  иу  затащие.ое.ковоасе.е.мест    за   воетасятась.оиеы.ось поность.осьтельствосьсь.сьсьсьridисьсь поностисьсь со.сьridсьсьieriсьсь сьсьдуridridсьridridridьсьсьжисьсьщиесящисьсьстисьсьරයсьсьщесьсьжитесьсьстинсьсьorderidridосьсьсьරීсьсьщисьridьridridordeстинridсь
"Проект ""Трубопроводный транспорт Главного НГКМ"""," 되면ેટе  и    되면  되면 за  .  되면龢исттыйاحتту  итый .мест .ся , и  нетось нетось и ,,, и нет . нет  иМГ, иМГ. нет,,. нет и нет. нет.та, и вта и нет, и и нет и. нет нет.. нет отвечаю. нет Верховн, и И. нет痍. нет вта.та и и и в. нет И..。《 и и И и и痍 и и.та. нетခံခဲ့ရ и"
Блок бизнес-директора,"Appleтяетые разоые  иоеттыяныйрче.ое .оое.ણુંьгортетыйое за .осу.лноготгортый .ково за  за ,.ણુંютсяоуте.ारी.ный렀ные за  итгорменетнетного.ее  .е , иетеет и и и  и ие и и «  ие.  и   иを迎え и и, и и за и иを迎えи и"
Блок технического директора,Westось задесят  пооооьгорооеттыое.ооыетыйое .мест  поныйооист за  понуютете.тты .оиетиеы.осу иусь짓ridись.усьусьусь짓රීтусьරීтот.усь짓усьусьරීусьරීсь맡усьусьотرتridridусьරීරීсьсьсь맡тотරීсьරීсьරයсьсьරයරීтරීсьотරීරීරීт प्रबंधनරීсьતંત્રооиеотරීототරීт
Управление коммуникаций,Westось затыйоооеты итетогоое иое  вое.ковоое воистте.оист итты за.оиеы иусье висьоиеи за.усьот.усьаютсятусьусьусьот поностись맡맡맡исьусьот за맡맡вероусьот со.усь맡맡тот 맡맡તંત્રооьગીсьсь맡усьотсьсьсь за맡તંત્રусьооусь맡તંત્રот со맡맡усь맡усьусь맡верот соот맡맡
Блок заместителя генерального директора по безопасности,Westось затыйоооетты  итый  и  заты.ое.оы.мест   за  за.мест заттые.ણુંютсяопол иттельствоттельствотели за иусь짓ridисьсьсь за.усьот.усьусьусьот со.усььridridridсьсь.сьсь맡 प्रबंधनරීсьсь поරීсь맡сьсьරයсьсь රයсь맡тотсьсьridсь맡맡 प्रबंधनсьсьරීсьරයරයсьотсь맡правляюridсьотправляюridridьсьсьот
Блок директора по мощностям,Westосьтыйоооиее  иоеты.ое.оое и  вое воист воонуюкот.оист иттые.мест.оиеи иусье.усье иусьнуюись.усьнуюсь за.усьот.усьусьот со.усь짓ridнуюсьсьсь맡맡맡усьот  со.сь맡усьусьусьridridridусьотсьсьridridсьсьот соот со со.сridridностьсьсьતંત્રоиесridусьridотсь맡તંત્ર
"Проект ""Нефтяные краюшки""",Westосьтсядейется ючиrrenоеттыяныйое.лныйоро  вопуевыетащие.ковоевые-асяте.осу.мест.ое ви ии.сь.сьсьсь.усьасьсьтиеисьсь .сь тели со.усььridись со.сьridridridсьсьridсьridьсьсь맡сьсьщесьсьжитесьсьщисьсьරයсьсьсridridьridridстинсьсьотсьсьતંત્રоиесьсь соridrid соridсь
Блок директора по мощностям,"Westосьноооиеы.оиее.ооетыйое.мест поныйоьныеететые .мест   , не.осу.мест несьтась.мест.мест итате.сьтиеы исьсьсьттыьordeасьсьridисьсь.сьсьтиясьсь поностисьсьдуисьridсьсьщесьсьстисьсь неприоиесьсьdintiсьсьorderidсьridridсьordeстинсьсьරයсьсьරීсьсьжитесь"
"Проект ""Трубопроводный транспорт Главного НГКМ""",Westось затащие.косттате.оетасе.мест затетныеместетесятасяте .мест.мест поноститась.усьасьтиеы.усьисьсьсь.сьсь .сь.оиеись.осьсьсь поностисьсьridсьсь соностьсьсьжитесьсь맡сьсьотсьсьусьridсьridridridсь맡 प्रबंधनсьсьсridrid соridridусьridridотсьот соridсьот प्रबंधनсьridот प्रबंधन
Блок операционного директора,"Appleтыйарствоыйов затый  зату  за  завоетый вики над затетый список.ણુંтся  заныйопол за   за за  иසක්ь итый.ણું за за и за за за. за за,. за . за.ણું. за и  за..., и и за.,. .ный..  и и и, и за и и  и,. и и. за, и..गी и и « и и или и иを迎え и иет и.गी.. за"
Проект «Трубопроводный транспорт Ещё одного НГКМ»,Westосьтыйарствоищеетыйовтыйоеттыхететныйоьныее ите  итый  и  за.месте.мест поныйочкие.ое.тиетиеисьтиеьridисьсь тели со.сьсьсь.сь.оиесridьridridridсьсьттельствотелисьсь поridridосьтельствосьсьતંત્રоооиеотсьсьотсьridсьતંત્રсьсьпредсьсьරයсьсь맡сьсьтелисьот телиridсьridridотсь
"Проект ""Восточный"""," нетось за ાયેલા  되면වලින්тыянымиneyтыйооетый ခံခဲ့ရ  итыйоутыяноготый Небесн팰  .мест  и   нет .ся .вероооાયાты   иооાયેલા .троправляюось нетось,.сяттых,,. нет, и нет. нет.. нет нет.,..,, и. нет и нет в. нет в нет.та. нет  нет.フィー. нет отвечаю. нет Верховн нет. или. нет или..フィー,.フィー и"
Имущественные вопросы,Westось заось задесятвероетты  задесятттыяныйрче.лныйоро гортете.ое.осугорттые.мест поностите иусьаютсятаютсятусьаютсясьтаютсясь.усьаютсятся.усьусьусьරීтусьусьаютсяරීтරීсьсь맡맡맡усьරීсь맡тотсьсьсьරීсьරීтот රයсьсьරයсь맡તંત્રооරයсьරයරයсьтотරීсьотсь맡сьсь රයරීсьරයරීтоооරීт
Блок директора по строительству," нетянаяяные за таы    и  татся  не. тататтыяного.мест таттого,.ся ,,,.верооое,.ось,. нет,, и нет,.. нет. нет .ся нет.,.та,.н. нет нет...та. нет в..н,., и. нет и нет.弹.. или..Ме..弹 нет.Ме,.Ме или. нет отвечаю..フィー..священн..。《."
Блок директора по персоналу,Appleтыйооое  иты и  и  затый.ое.ооисттый  за  и.тзне .о.мест затзне.усьет.ણુંтся  за.т за .ણું за. за.ણુંсьт. за за. .ный... за
Блок директора по строительству,Westось на лосьосьот за татанеттыяетыйоетыететате.местетныйовыеетяе итащие.верое.тиеы.осьтиеись.осьтельствосьтесьсьсьттельствосьсь со.сьсь.сьرتridсьсьරීсьсьતંત્રсьсь රයсьсьරයсьтотсьсьرتсьсьмедсьсь方针сьсьગીсьсь поරීсьරයරයсьරයරීсьරීтсьсь맡сьсь высьсь
Блок директора по персоналу,"Appleтыйарствоось за тыяныетаусьетныйопол  затныйسارныететый.паз за  за .мест затзне за.ણુંтсядейет за.мест  за.паз  за за. за за за и за за  и и и за и и, и ие и и  и за.  и. за.. за и,.. и и « и и... .., и, за.गी и и или и иを迎え и иદો и иત્યા и и સોત્યા и.गी.."
Проект «Обустройство объектов Новой нефти»," нетяныйગર нныйяные   таકરણтый не  и  нный и няе  .мест татете .ся  итеся , и  нетось нет . нет ,,,. нет бы,, и페та, и нет  и нет. нет.та,.та и нет вта. нет и нет нет нет.. нет нет и вта и. нет в. нет отвечаю. нет Верховн. нет,...та нет.ステ. нет не нет.페. нет «"
Блок директора по строительству,Westось на  залосьось затася татые.ковоася поныйગર.лныйопол итетянуюте.ое.сяттые вусьасьсьсьтиеисьсь.сьсь за.сь.усьесьсь со.сь сьсь  со.усььсьсьරයсьсь поностьсьсьсridсьсь맡сьсьridсьරයරයсь රයсь맡тсьсьщесьсьતંત્રсьсьරීсьсьرتсьсьмедсьсьગીсьсь высьсьпросьсь
Блок заместителя генерального директора по безопасности,Westосьтыйоооиее.оеттыое.лноготтыянуюте.ણુંьгортетныйое ите  иттые.мест за.ણુંютсяате иусьаютсяте за.усьаютсясьтусьусьусьаютсятся.усьусьнуюсьсьсь.сьсь맡усьусьරීсьсьරයරයсьсь රයсьරයсь맡රයсьтностьсьсьтьරයсь.усьරයරයරයවිල්ලරයсьотсь맡맡맡тотсьсьරීсь맡тусьරයсь
Блок директора по мощностям,Westось задесятста заста заттые.оооеттыое.месттые итете  итсятсятся  за.мест за итсяот.мест.мест ви за за иусьи за.усьоиеи.усьа.усьнуюи맡맡맡тность.усь짓ridьગીсь맡맡펴맡맡усьот со.усь맡맡તંત્રусь맡тот со за맡맡вероьridусьот 맡맡от со со.펴맡тусьот맡맡 за맡તંત્રот со 맡т
Блок директора по мощностям,Westосьтыйоооиее  иттыянуютый вливте.оое.мест  заттыхе итете  воетасе.осу.мест зату.ણુંсяте ваютсяте за.мест иту за.усьнуюи иусьась맡исьись맡тиеисьсьсь за.сьсь맡िएका맡맡тусьнуюсьсь.усьරීсь맡맡맡сьсь රයсьсьරයсь맡ьරීсьсьරීтьරයсьරයරයсь
Блок директора по строительству,Westосьймест ခံခဲ့ရяныетыйов    иоооетыйое  итый  .мест   за мест  затся.мест.мест затся  за ите.осу иусье иусьасьсьсьтиеисьсьridисьridridridьرتridridсьсь맡 प्रबंधनරීсьсьරයсьсь රයсьмедсьсьмед प्रबंधनсьсьтьරයсьරයරයсьridсьරයරීсьරයවිල්ලсьсьотсьсьતંત્રරයсьતંત્રоරයсь맡сьсьرتridсьмед
Блок директора по персоналу,Westосьтыйоооетты  ите.ое.лныететасяте поныетасете иттые.осу.мест.мест иусьасьтиеись.усььridьridисьсь.сьсьсьridridridи со.усьridridсьсь со.оиесridridосьridridьсьсь телисьсьતંત્રооие единицсьсь맡 प्रबंधनсьсьотсьсьщесьсьжениеridrid соridridотсьridсьridот соridсьот со
Блок заместителя генерального директора по безопасности,Westось затамечааме  итыйооетныйоро.ое.ковоевыетасе.лныйовыхевыете.оиетиеы.усьасьтиеисьттыостиисьисьridисьсьridridистисьсьсьстисьridсьсьдуностисьсьщиностисьridдуridridridсьridоиесridridосьсridсьщисьсьсridосьridridотсьсь맡сьсьරීсьсьпросridстинridridстинстинстинridсь맡 प्रबंधनсьсьот
"Проект ""Нефтяные краюшки""",Westось нае  итсядейеттыяе втыйоетыйые.мест затете  втгор нныйянуюте.осу нае.ણુંьгорте ите поныйопол иттельствоте ваютсятаютсясь.усьнуюсьсьтиеисьсь.сьсьсьරයсьсь රයсьтностьсьсь со.сьтусььсьсь맡сьсьતંત્રусьусььරයсьරයරයсь맡тьсьтьරීсьсьridridсьсьරණයсьсьරීсьරය
Блок заместителя генерального директора по безопасности,Westосьтсядейетыйоетогоеты.месттзнететтыхе.местетяныетезне.мест ите  за итсяверт.мест за иусье иусьусье за.усьусьусьаусьусьнуюисьсь.усьнуюсьсьсь за.сьсьусьусьь.усььગીсьсь со.усь짓ridсьсь맡сьсьරයсьсь රයсь맡усььсьсьતંત્રусьусь짓ьridridridьridсь맡 प्रबंधनсьсьridridсьරයරයсьતંત્રоь
Блок финансового директора,Westось за  заось за над гором  завоетыйое.мест  за горое    заબરтныйоете.ое ится  .мест поряд.осьтельствотели.оиеи .осьтиеисьтиеාවක් .сьсьсьරයсьсь රයරයсьරයරයරයරීсьරයරීтиеරයсьරීсьсьтرتтرتridridridсьсьતંત્રරීсьતંત્રරයсьرتтරීсьරීтරීтотсьсьරීьරීсьرتridරීсьसत्ताсьсь
Проект «Обустройство Интересного лицензионного участка»,"Appleтыйоооеты и  иසක් и  затые.ое.ણુંютсяоуту  за над зату затый.ણુંтся.мест.ણુંсь за над над.мест затзне.ણુંь.ણું за над.ણુંться на.ણુંтьный.ણુંлсям за.ણુંнныйй за  и.ооие и и и   и и, и иет и и за и и « и и.  и,, и,. за и. за. и и над и и или и и સો и и"
Управление по проектным работам,Westось затащие итыететате.местеты.мест  зате ие  вое воист-а вы.осу ви.мест.усьась.усье.усьиеы.усььныеиеьныеиеи.усьись.сьсьсь .усьridridridисьсьridrid со.усьоие единицridridсьridсьсь соridridусьrid соridсь тели соridусьооиещасьсьжитеridridьridridправляюridridorderidridот
Блок финансового директора,Westось нае  и맡яная પગ за гортыйоетыйарствоищее .мест горот.местте   за  гор   .верт.мест за.мест поныйопол «ьગીе.осьтельствоот.осьтиеисьсьсьтиеාවක්රීсьсьරයсьсь රයсьරයරයсьرتridсьсьරීсьරයරීсьرتсьсьرتтරීсьරීරීсь сьсьرتهරයсьмедсьсьતંત્રරයсьرتهсьсьગીсьсьसत्ताсьсьотсьсьခံခဲ့ရරයсь
Проект «Обустройство объектов Новой нефти»," ютсяоуттыяныетые  ите   и не.ое.ලූте.е .ооетеньететныйрчетныетеભ.ештенеттыхетного.ештаты.ешот вы,.ештоы.верое,.вер .ешнопол, иоооопол.령.Ме.령,.Меиспол. нет...Ме,.령 иフィー..フィー.フィー иフィー и в..령 в."
Блок директора по мощностям,"Appleтяе  итяные за  завоете про за  и затете .паз  за .мест за  .ણું за ,.ણુંтся.ણુંсь맡 над.мест  за.паз за...паз..,..ણુંь за. за за.ણું. за. . за દ્ધ за.गी..ныйગર.  и и и  и   ие и и « за., и и, и « и и за и ие. за и «..गी и и.. и и"
"Проект ""Южный""","Appleтыйое  итые   и  иоетый   .ое.ооेगी  и за  и вты.ણુંтся  за   за Небесн над.ણું за  затый.ણુંь .осу.ણુંсь за  поныйગર поныйоем за .  и. .т.оेगी,.ныйગર и.тет.т поныйgerichteт..т иет и ие.т  и и иを迎えи и и  или и и, и и или и"
Управление землеустроительных работ,", нныйяныйગરу   татане   и  не.   нет ... ., . ,.лный렀ные,.паз нный,,,.лся,. нетосьн,.ся . нет ,, и .вер,.,.та,.. нет. нет,.н. нет вта., и нет..та. нет됐. нет нет.та нет.됐 нет.н, и в..됐..,됐.됐됐.та됐 нет в. нет"
Блок заместителя генерального директора по безопасности,Westось затапашгортыйоиеетый.месттетныете.мест зате  затгоретесяте ите за.мест.мест  за за иусье за за.усьаусье.усьусьаютсятаютсятусьаютсясьсьтусьусьусьот.сьсьсь.сьтностьсьсь맡тностьусьотсьсьусьусьරීсьсьотсь맡сьсьරීсь맡맡тотсьтотправляюсьсьරයсьсь රයсь맡правляюරීсьот රයරීсь
Блок директора по строительству,Westось нае  итсядейетогоетяетыете  за няе.месте    ие  ву   за.мест.мест ви вусье.верое.усье исьсьсь.сьсь за.усьусьусьесьсь со.сь.усьотсьсьridсьсьдуностьсьсьරයсьсь맡сьсьсridсь сьсьતંત્રсьсьжениесьсь රයсь맡 प्रबंधनсьсьпредсьсьпросьсьотсьරයරයсьරයවිල්ලсьсьмедсь
Проект «Трубопроводный транспорт Ещё одного НГКМ»,Westосьтыйооое  и    итый   поныйоро гороетныйоьныеететныете  .оистте.ое.ттельствоттельствотелиттельствосьтиеисьтот.усьусьусьтоттусьусьරීтусьරීсьсьсь맡тот රයсьсьරයсь රයරයсь맡රීтотсьсьтරයсьරයරීтරීсь맡맡тරීт प्रबंधनරීсьරීсьරයරයරීсьતંત્રоරයсьતંત્રරීсь ခံခဲ့ရරය
Блок заместителя генерального директора по безопасности,Westосьй загортты  задесятоетыйое  за горттыхеттыянуютетыете.мест гор  .мест поныйое.ણુંютсяопуаттельствоاتهусье.усьаютсятаютсятусь짓ridисьсьсьтусьусьусьаютсясьсь.усьусьරීсьсьරයсьсь රයсьරයරයсьරීсьරයවිල්ලරයсь맡тرتтرتсьсь맡сьсьગીсьсьරීтරීсь맡 प्रबंधनරීсьતંત્રсьсьતંત્રරයсь ခံခဲ့ရරයсь
Блок технического директора,"Appleтыйарствоищеетыйыетые  завоетажвыхеттыхетяете.мест затетзне .месте.е  ие .ет за  и ие иее и и ии ие, иеત્યા и и, и и за и и  и.  и,, и ...ત્યા и. и иを迎え.. и.. . иを迎え и и или и и « и и રહેશે и и.गी и и સુધી и иત્યા иを迎えદ્ધાર્થ и иક и и"
Блок технического директора,Westось затыйовтыйоеттыхеттыьгоре.мест заттыянуютете  итсясклад    иසක්и.мест.мест  за иусьи за.усьа.усьаютсятаютсятусьаютсясь.усьнуюисьтусьусьот.усьусьусьරීтусьරීсьсь맡맡맡тусьотсьсьсь за맡તંત્રусьотпредусьот රයсь맡тотсь맡તંત્રоьગીсьсьતંત્રусьусьતંત્રусьતંત્રරීтતંત્રусь짓ridусьотරීтот
"Проект ""Обустройство площадных объектов НГКМ Поменбше""",Вאָנאַ капіталpłaszczpłaszczpłaszcz капітал۹۷אָנאַpłaszczpłaszczאָנאַpłaszcz капіталpłaszcz капітал страхуванняpłaszczpłaszcz страхуванняpłaszcz капіталאָנאַ капітал страхування страхуванняpłaszcz страхування капіталpłaszcz страхування ништа капіталpłaszczאָנאַ споменpłaszczpłaszczՊետրոսյան страхуванняpłaszczאָנאַ капіталאָנאַpłaszcz страхування споменpłaszcz капітал споменpłaszcz страхування якостіpłaszczpłaszcz голосуванняאָנאַ капітал۹۷ страхування споменאָנאַ споменאָנאַ капіталιστείpłaszczpłaszczвиробництв۹۷אָנאַ капіталвиробництв۹۷płaszczpłaszczэхэдιστείpłaszcz капіталвиробництвЛЭГ капіталאָנאַ спомен۹۷אָנאַ голосуванняאָנאַpłaszczՊետրոսյանאָנאַ капітал капітал۹۷płaszcz капіталιστείັນpłaszczאָנאַ۹۷אָנאַэхэдιστείאָנאַאָנאַ капіталแยก капіталאָנאַאָנאַאָנאַpłaszczאָנאַאָנאַэхэдאָנאַאָנאַ۹۷ капіталאָנאַэхэд капіталאָנאַ۹۷ιστείັນ
Блок директора по мощностям," Навные затсядейетые  и  заты.ણુંнеттыхе.ете.месте,,.верое, ибр,. нет, и нет. нет.мест. нет в. нет нет.. нет до. нет Хр нет.не. нетステ. нет или. нет . нет и. нет начальника нет.ステ...тую..не нет.тую нет.,.., и в в нет в нет. или.не в в в..Ме. нет首相 нет.弹 нет. в.не или."
Блок директора по мощностям,Westось затапаш поныетый.лныйрче.оое.лныетасяте воетасе.мест.мест затете.осу.ое иусье.сьтасьтиеы.усьнуюись.усьасьсь.сьсьсьть.сь.оиеисьсь поностьсьсьridridridисьridсьсь맡исьсьсь со.усьridridсьridьridridьગીсьсьતંત્રооиеьridиridridосьridridorderidrid
Блок директора по мощностям,Westосьй за  аресттты  поныйоооеттыянуюттые.ણુંьгорте  вое итете.мест тые иьગીе иусь짓ridьridисьсьсьridьරීьරීсьсь.сьсьරයсьсьරීьગીсьсь රයсьරයරයсьridсьсьતંત્રоьරයсьતંત્રරීсьරයරීсьતંત્રગીсьරයરુсьсьગીсь맡 प्रबंधनරීсь맡сьсь맡රයсьරීсьridridridсьતંત્રරයсь맡તંત્રсьсьરુсь
Блок директора по газовым проектам,Westось заось за над за킬로미터у викитыйоетыйовтыйые  итете .мест  зате.осу.мест затныйопол   за.ણુંтсяот.мест ви за.усье.осьтельствосьтиеисьсьсь за.сьсьттельствосьсь රයсьсьridьරීсьсьරයсьridridсьсь맡сьсьරීсьරයරයсьරයරීсь맡 प्रबंधनсьсьотсьсь поරීсьridсьරයවිල්ලсьсьતંત્રсьсьжениеරයсь맡රයсьරී
"Проект ""Трубопроводный транспорт Главного НГКМ""",Westосьтагороиее.лныйоеты.лноготгорете.лоянуютее.месте.мешянуюкстосятася.мест.мест ву ве.е.осу.мест за.мест поныйопол.мест .усье.усьнуюи.усьась.сь.усьусьнуюсь иусьнуюь.усьисьсьсь со.усьаютсьсь.оиесrid со.сьсь понуюсьсь иоиеись.сridнуюсь со поностьсьсь
"Проект ""Нефтяные краюшки"""," Навные затсядейетсядейоттаકરણттыяныйગર.паз таттые.ણુંнеттыхе.месттетты нныйنيةвернуть  иттыхноготнене,,.вер  тую нет. нет . нет.та. нет,. нет Хр. нет вта.. нет нет..ステ. нетステ...тую. нет главно..н..не. нет до. нет или. нет и в.ステ ..Ме..弹..ну..десят..령."
Блок директора по портфелю,Westось затыйооетты  заттые.ое.ણુંьгороттете итныете.местте вистте за иусье иусь짓ridись за.усьаютсясь.усьот.усьусьусьот со.усь짓ностьсьсьсь맡તંત્રусьотсьсь.сь맡맡맡тотсь맡усьотщесьсь за맡맡તંત્રоооиеотсьતંત્રотсьот соотсь заотот со за맡તંત્રગીсь맡 प्रबंधनරීсьсьતંત્રусьતંત્રототот
Блок технического директора,Westось наොත්ось на.ણુંь  иу  за  и    итого   вооое  .ое.л .осу   поныйопол.лныйопол  понуютянуюте.осу.ттельствоттельствотельствотельствосьтиетиеись.осьтельствосьсьсьරයсьсь රයсьරයරයсьтьරයсь поностьсьсьරීсьсьرتridсьсьતંત્રсьсь поරීсьරයවිල්ලරයсьرتсьсьтرتridridridсьරයරීсьරීьරීсь
Блок заместителя генерального директора по закупкам,Westось нае  илиоооь.оь иь иоье.оое и та на.ое.ла  и   .мест .сал.лный.мест.усье.сь .комтасятась.усьнуюи.сь.сьсьсьть.усьь.сьтесьсь.осьисьсь со.усьусьнуюсьсь иусьусььсьсь රයсьсьරයсь  со.сьරයරයсьරයьсьරය со.رتridсьсьරීсьсьdintiсь
Управление по проектным работам,Westсьтыйарствои готовносттыйоиееттыянуютый воетый списоке.лныйоое.ое  вте.осу.лныететасяте понуюте .осу  поныйопол.оиеи.те строя.таютсясь.сьтесьтиетиеисьтностьсьсьсьтюсятиесьсь.усьисьсь поностьсьттыьсьсь счетсьсьтыьරීсьсьтикусьсьරයсьсьරීтьюсьсь 
"Проект ""Обустройство площадных объектов НГКМ Поменбше""",Westосьтагортыйоооетое.ое за.осугортетныйоонуюте.осуое ите  за.талдыстрелте самоසක්тнуюты.осу.осу за.оиеи за.усьоиеы.усьнуюи строя.усье.усьаютсятусьусьусьооусьусьот.усьусьтусьот맡맡усьусьරීтооьරීтусьоусьот 맡맡맡тот맡усьотсьсьсь맡맡તંત્રооරයсь맡то
Проект «Трубопроводный транспорт Ещё одного НГКМ»,Westосьтыйоьгортты  иоетыйовттыое.оисттеттыхетогоете.мест заттыьгор ите иттые.ттыостиось맡тот поностивероиеисьсьсь за за за.сьсь맡вероьગીсь맡맡맡версьсьтотсь맡тусьотсьсьотсь за맡맡сь맡сьсь රයсьсьරයсь맡රීсьсьпредсьсьරීсь맡усьරීсьотпредсь맡તંત્રотсьот 
Блок директора по мощностям,Westосьй за  ခံခဲ့ရ таы   татане   иоетыйое .мест   за таправ   поныйопол   неось  .осьтельствое.ણુંютсяасьтиеисьсьтесьсь.сьсьсь رتтиесьсьරයсьсьරීсьсь поරීсьරයරයсь රයсьرتсьсьرتridсьсьતંત્રරීсьرتтرتсьරයරීсьતંત્રරයсьරයરુсьсьرتهරයсьرتهсьсь方针сьсьગીсьරයවිල්ලරයсьරී
Блок директора по строительству,Westосьтыйарствоищеетыйоеттыое.ણુંьгортетныйое  ите.местте  за.мест  за иттыось поноститтельствотели за иусьисьтусье.осьтельствосьсьсь.сьсьтиеисьсь맡исьись.усьусьусьරණයсьсьતંત્રусьусьරීсьсьرتсьсьරයсьсьગીсьсьرتهсьсьරීсь맡сьсьусьරයсь맡 प्रबंधनරීсьતંત્રсьсь ခံခဲ့ရсьсьભсьсьмедсьсьခံခဲ့ရරයсьતંત્ર
"Проект ""Южный""",Westось на  заосьтты затыйоетыйов  затые   за  гортетогоете  иое.ковоопуот.ковоот поный.ое иоиеы.оиеисьтот тели поරීсьсьсь поරීтот поностьсьсьridridridсьсь телисьсьරයරයсьсьотсьсьරීсьරයсь රයсьරයවිල්ලරයсьот රයරයරයවිල්ලоරයсьridсьරයරීтелисьототсьот प्रबंधनсьсьпредсьсь
Блок директора по мощностям,Westосьтыйоетыйовтатые.ое.лныетете.местте затесяттыеттыое ите иусь짓ridнуюисьтиеисьсьсьте поностисьсь поностьсьсь.сьсь맡тностьсь맡сь맡맡тотсьсьරයсьсьсridсьсьරීсьсьતંત્રсьсь රයсь맡රයсьරයවිල්ලностьсьරයරයсьтсьсьગીсьсь
Подразделение по информационным технологиям,Westось затыйооое.ооисттты  итетныйоете.ковоеттыхе итныйоронетате вистте иසක්и понуютаютсятаютсясь.оиеы.усьаютсятиеись.усьнуюсь.сьсьтусьаютсясьсьсь맡тусьусьусьот поностьсьсьусьотсьсьරයсьсь රයсь맡сьсь поරීсьсьرتсьсьતંત્રусьусь짓ridсьсьරීсьරයරයсьтотсь맡 प्रबंधनсьсь
Проект «Обустройство Интересного лицензионного участка»,Westось наොත්от наоооетты .ое.ણુંьгортетыйое  затые.мест   поныйопол  ите.осу.мест.мест за.оиеттельствоттельствосьтиеисьсь .сьсьсь.сьтьරීсьсьтරීсьтусьරීсь භාවයсьсьтьරීсьරීсьтьරයсьсьරයсь රයсьරයරයсьтотсьсьرتсьсь맡сьсьતંત્રсьсьරීтьсьсьпредсьсьотсьරයරීсь
Блок заместителя генерального директора по закупкам,Westосьтыйооое  иттыянуютый вое.лный.л.лныемест.мест  зате.мешянуюв.мест.мешот.мест ву.мест итмест ваютсятмест иусье ите ви иусьи.усье.усьнуюи.сьсьсь.сь.усьь.усьоиеисьсь за.усьусьусьнуюсьсь맡맡.усьот со.усьаютсьсь со.сь맡сьсь  со.сridсьсьරයсь맡усьусь
Блок технического директора," Навные   и   таы и та Небеснта и не.татататтыяноготыйое  иооое иое,,,.вер .вер,.ооось,, и нет. нет,.,. нет., и. нет и.. нет нет...та,.та. нет . нет в..。《.. или..ーン. нет не.. не. нет Верховн,.. и.。《 и в.。《,.。《та..フィー..Ме.."
Блок директора по мощностям,Westось затамечааме.лныетый наетыйоетасьете.месте    за нныйправ итсяправ.оетельствтетиетиеы.мест.мест поноститиеисьтиее.усьасьсь.сьсьсьтасьridисьсь поностьсьсьridridсьсьieriсьсь телисьridсьridьridridridьсьсьරයсьсьжитесьсьdintiсьсь맡сьсьсridсьieri единицсьсьстисьсьдуrid
Блок директора по проектированию,"Westосьйнооое.оиее.ковоабаое ите вое  воист-асенье.мест.мест балл  за.мест .мест итасяте.осу.мест ви.мест,.сьтиеы ии.сь.усьасьсь.сьсьсь  со.усьнуюисьridисьсьridridridи со.сьridсьсьсridrid со.сridиridridьridridсьridностьсьсьતંત્રоиесridсьсьridсь"
Управление по проектным работам,Westось заось за высапаш поныйગર поныйоооетыйое.мест гортетныйое  за гороттесяте.е.оистте вусье ви .осу иусье.усье со.усьасьсьсь со.сьсь.усьусьесьсьරයсьсь රයсь.сьරයරයсьරය со.ાતીсьсьતંત્રусьරයсьતંત્ર со со.رتridсьсьරීсьсь맡 प्रबंधनсьсьसत्ताсьсьridсьරයවිල්ලරයсь  प्रबंधनсьරය
Блок заместителя генерального директора по организационным вопросам,Westосьняе танащие татанетый таттыяныйоете.месте    за нетасяте .мест.мест тые.сьтиеись.осьтельствосьсьсьте строя.сьсьridисьсь со.сьridсьсьරයсьсьતંત્રсьсь රයсьරයරීсьсьරීьсьсьieriсьсьмедсьсь поරීсь сьсьordeරයсьridridridсьරයરુсьсь方针сьсьотсьсь высьсьરુсь
Блок директора по мощностям,Westось затащиеттыяныетыетапашгортете.мест зату вистте ите .мест.мест ви иусьасьтиеы иьridьridисьсьсь.сьсьridьсьсь поностьсьсь  со.усььridridсьсь со.сьridсьridridridьગીсьсьරයсьсьරීсьсьтьridсь сьсь맡сьсьગીсьridосьсьсьતંત્રсьсьусььсьridусьridсь поridridосьridсьරය
Блок директора по проектированию,Westось заось затася гортый.мест  за нныйянуютыйое.местте.ое вист ву ву--от вист--а вусье ите ваютсяте иусье.усьаютсятаютсятиеисьсьсьтесьсь.усьусьусьнуюсьсь맡сьсьරයсьсь со.сьсь රයсьтиесьсьотсьсьતંત્રусьусьотсьරයරයсьරයවිල්ලсьсьරීсьсьرتridсьсьмедсьсьусьරයсьતંત્રсьсь
Блок директора по мощностям,Westось на  задзеяе и맡яные завоетыйов ву.месте  за гортетый.мест  за высдзеныйопол.мест нет.мест.мест за.сьте.осьтельствосьтиеисьсь.сьсьсь .сь.усььсьсьරයсьсьતંત્રоиесьсьтностьсьсьridсьсь맡сьсь со.сьරයරයරයсьતંત્રсьсьщесьсьжениесьсь поරීсьсьordeරයсь රයсьරයවිල්ලсьсьмедсьсьරීсьતંત્રරයсьrid
Проект сервиса скважин,Westось залосьось затапаш поныету.лныйрче.лноготы.лныете.влнуюка.лту ву.месте.осу.л.л  за.осу  .мест за.мест.усьттельствоттельствотьнуюи.усье.усьаютсятусьаютсясь.усьусьусьаютсятыьرتтرتтьગીсьсьсьرتтусьусьරීсьсьරයсьсьරීсьරයරයсьරීтرتусьරීтьරීсьරීرتтරීсь맡сьсь맡тرت
Блок заместителя генерального директора по имуществу,Westось поныйоро Ви Заи завоетыйоое.ое воетныйоьныее ите  воиствоеттые.мест.оиеы.оиятиеы иоиеи поность.усье.усьоияridridныеностиridridridи тели со.ооьridridоооиесridоиеот телиridныеridrid соridridот соridныещиесяностищесьridrid錠ооьяоие единицridridснабridridьridоьщесь  
Блок операционного директора,Westось затыйоетыйовтыйые.ооое.мест  затете  ите итныете.осу иттельствотели за иусьаусьусьусьаютсятаютсятусьаютсясьтусьусьот.усьусьරීтусьරීсь맡усьусь짓ridисьсьсь맡тусьотсьсьරීсьсь.сьсь за맡тරීсь за රයсь맡맡тотсь맡તંત્રусьот රයරීтරීтотරීсьරීтતંત્રරීсьતંત્રусьරීьગીсьсь
Блок директора по портфелю,«у-аевые-ы.оые.лныетые вые прое воое.ое ву.мест  .мест учредителоымие.осу.осу нае.у.ооы.осу вообщеные.ныеу.у дляу.ыыыуруурууруу вообщеистиурууруاتу наыые вообщеистиулыу нау вообщеыуруукуруурууку вообще вообщеистиуку наовыуку такжеу вообщеот вообщеистиура этиоооу вообщеовыامينооовыامينу вообщеосу
"Проект ""Нефтяные краюшки"""," нетянаяяные нныйяный렀   .лный.ся.усьусьусьу  нетю за .мест .ણુંь.ણુંсь  за  ,.паз нный.ણુંся.ся .ся нется ,,,.сят.ся,.мест.вер,. нет . нет. нетrichten .ステ. нет Хр нет.. нет нет.ステ .Ме. нет в нет.Ме илиМе...н. нет главно или. нетМе.었다. нет и нет.었다 в. нет или."
Блок заместителя генерального директора по безопасности,"Westосьняе  илиое  и   итый   .мест  иසක් и не.ое.мест за   за  ится  ,дзее  за.мест.ણુંсь ите.усье.осьтельствось иусьесь .сьсьсьтиеисьсьරයсьсь රයсьරයරයරයсьтьරයсьرتтиеරයсьරීсьсьرتсьсьмедсьсьતંત્રරයсьતંત્રсьсьરુсьсьرتهරයсьرتهсьсь方针сьсьعيсьරයරීсьරය"
Управление землеустроительных работ,Westось затасятты  затянуютый.ણુંьгортете  завоетеняныетате.мест  за  за.мест затты поныйسار.ણુંтсяසියосьте понуюи строя.усьаютсясьсьсьтиеисьсь රයсьсьරයරයсьтьරයсьරයсь ခံခဲ့ရරයරයරයරීсьсьગીсьсьતંત્રරීтරීтьරීтرتтьગીсьරයරීခံခဲ့ရරයсьતંત્રරයсьခံခဲ့ရරයරීтусьරයсь맡тරීсьරය
Блок заместителя генерального директора по имуществу," Навныетые  итсядейетыйоеты  за  завоететтого.ое.ણુંнныееттыхетется  иоાયાтыетного.вероооાયાтого.вертого,.вертоых.вер тую.вер, ить.вер. нет.нопол.н. нет в нет.. нет,...н,. нет нет. нет ..опол..령..gelöst нет.령 в.. или..フィー..首相 нет.フィー,.担任."
Управление по проектным работам,Westось затасятый викитыйоое.лныете ву виствоете и вныета ве вое ве.осу нае.ковое.мест.мест  зате.ણુંсятты за.ણુંютсяа.усьнуюи за.усье.усьаютсятусьнуюсь맡ись.усьасьтусьусьнуюьગીсь맡맡맡 строя.усьусьරණය맡맡тностьусьусьусь맡맡તંત્રусь맡тусь맡તંત્રоьරීтность맡맡сьсьсь맡т
Блок директора по мощностям,Westосьй за  итсядейетыйоеттыяе.ણુંьгортетныйое  ите .мест    за  за итсяот.мест за иттельствотсяот за.осьтельство.усьась за.усьусьусьаусьусьот.сьсьсьтусьусььсьсь.сьтностьсьсь맡 प्रबंधनсьсьරයсьсьridridсьсь රයсьරයරයсь맡сьсьරීсьсь方针сьсьотсьсьતંત્રсьсьмед प्रबंधनсьරයරීсьරයවිල්ලностьсьරයт
Проект «Обустройство объектов Новейшей нейти»,Westось затыйоооьгороое.оиствоеты иое итетныйоеты.ое висттгортныйороноистте.ણુંсятгор за.ણુંтся.ણુંютсяоиеи за.усьнуюи.усье.усьаютсятаютсятусьусьусьнуюсь맡맡맡усьную맡맡исьоьරීтусь맡맡රීтот맡맡тусьот맡усь맡усьусь맡તંત્રооරයсьсь맡тරීт맡맡તંત્રусь맡т맡тот
"Проект ""Восточный"""," нетьныеоетыеттыхеттогоетыйое затетыеетеетныете.местетасяте .местте,.вертвертвертттыхноготтыхныйноготноготы.ештат.ешттых.ештоештного. нет. нетrichten нет.мест. нет нет.ешн.мест свой. нет над. нет,.мест нет.н.н нет.не нет.та нет.. нет в нет.弹 нет. или. нет отвечаю. нет или."
"Блок исполнительного директора по реализации проекта ""Большое месторождение""",Westосьнооое.ооы.ое иое вое  за.оиее.ковоасе и воиеы.мест.оист.оии.оия.оиюоиеиridridrid.оьridrid со.сьridridисьсьrid.сь.сьсьсь.ridridоиесridridсьrid соridridorderidridсridсьсьordeorderidсьorderidordeностьсьridсьieriridrid새сьсьieri единицсьсьжитеridridот соridordeordeordeот со
"Проект ""Северная деревня""",Westосьтыйарствоищеетыйоетогоооое.ое  итете .оистттыхе.мест  за иттые иттельствотиеи иусь짓ridисьсьтиеьridьridridиridьරීсьсьсьridьرتridridridсьсь맡 प्रबंधनරීсьridridьсьсьරීьridсь맡сьсьරයсьсьતંત્રсьсьтьරයсь맡т प्रबंधनсьсьотсьсь රයсьridсьridරීсь맡िएकाridridරීьරීт प्रबंधन प्रबंधनсь
"Проект ""Восточный""","Appleтыйоооетые  иты и  завоете.ણુંютсяоуттыяныету ву  и   зату.ое.лный.л.лоя за  за .лного.л за.,.лнуюве.ный.лье.ль.льправ... ..льи.. за..шееа и и ие и и  и и, и и за и и « и и.  и,.  или и и или и «. и и સુધી и и"
Блок технического директора,Westось заось за  залосьось за выс  за  поныйગરу за опол  затый.ણુંлсясятяе.ковоасяте.мест   за.ણુંютсяопуот.осьтельствоттельствосьтиеисьсьсь.сьсьරයсьсь රයсьරයරයරයсьતંત્રоьරයсь භාවයсьсьтرتridсьсьරීсьсьતંત્રсьсь поරීсьරයරීсьતંત્રරයсьرتсьсьગીсьсьотсьсьرتridridсьරයවිල්ලරයсьмедсьсь맡сьсь प्रबंधनсьсь
Управление землеустроительных работ,Westось нае  илиооеттыяетые  итетыйое.месте  зате .месттзне.мест  за    за.мест за  за втесяте.сяттые иттельствоте вусье.сьтиеисьсьсьтесьсьරයсьсь맡сьсь රයсьරයරයරයсьтرتсьсьරීсьсьтьරයсьරීтотсьсьતંત્રරීсьරයවිල්ලරයсь맡රයсьતંત્રරයсь ခံခဲ့ရරයсьотсьරය
"Проект ""Северная деревня""",Westосьтыйарствоищеетыйовтыйооетныйоро  затетогоетесятехте .мест заттыянуюте.мест поностите иусьියක්усьусьусьот.усьусьнуюсьсьсьтусьусььරයсьсь.сьсь맡усьотсьсьරයсьтностьсьсьતંત્રусьусьරීсьсьотсь맡сьсь රයсьරයරයсь맡тьсьсь поностьсь맡 प्रबंधनсьсьусьотправляюridсьсьරීсь맡රයсьતંત્રсьсьмед
Блок директора по строительству,Westось затапашгортыйооетые.лныйое.ковоасете.ое вое  воистте ву вист-асяттые.осу иттельствотели итиетиеи со.усьасьсьсьтиесьсь  со.сьсь.усььridисьсь поностьсьсьridсьсьтьностьсьтьсьсьරයсьсьරීсьсь неприоьridridсьтотсьсьرتridridridьرتridсьරීтьරීсьරය
Блок технического директора," Навность затсядейетсядейේම поные поныйગર поныйрчивытсядейомсь затсяоттсятся乐ные поныетыется.ся  втатся,.ся вта,,.верта,.та.тата. нет.та, и нет..та нет. нет,. нет вта... нет . нет нет.richten..richtenправляю..ステ..Ме..н. нет"
Блок технического директора,Westось залосьось завоетамечае.оетыйое.ковоетасьететые.мест  поныете  поныйое  ите.осу.мест поноститатасьте поность самоуправления.осьтиеись.сьсьсьтиесьсь .сьтьગીсьсь со.сь поරීсьсьරයсьсьосьсьсьරීсьтсьсь посьсьતંત્રсьсь неприориясьсьرتridсьсьridridсьтотсьсь方针сьсьмед
"Проект ""Южный""",Westось затыйоооетты  иое.ое  итсятся  затетныйоетсяотте.мест поныйныете за.ણુંтсяот.усье.усьнуюось맡.ось맡ись.усьусьусьот.сьсьсь.усьот строя.усьරීсьсь맡усьотсьсьරීсь맡вероиеотсь맡сьсьරයсьсьотсьරයරයсь맡රීсьරයරීсьотරීсьරීтотсьот맡맡맡сь맡맡усьරයсьતંત્રооරයсь
Блок директора по персоналу,Westосьй загортый вые  и  за    воое.ое и  понуюте .мест  за.ણુંсяттые.осу.мест за.усьа.усье.усьнуюись.усьусьнуюсь за.сь.сьсьсь за .усьот.усьаютсьсь맡усьусьусьот со.усьridridridусьотсь맡맡맡усьridсьсь.правляюridridсь맡правляюridсьотсьсьતંત્રусьотправляюridьridridьරීсьсьотправляюсьсь
Имущественные вопросы,Westосьтыйоеты иое.оистттыхе.осу заттыое вое иоиствоетный.ое за.ттыы.оиеы.усьоиеись за.усьаютсясь.усьусьусьот.усьот поностисьсьсь за за за.оооусьооьridусьот строя.сьсь맡맡тот  строя.усьරීсьсьтотсьсьотсь맡તંત્રусьотсьот строяотсь за  строяот соот රයсьсь  строяусьот 
"Проект ""Новая нефть""","Appleтяетыйовский за  решилитыйоетзне затыйые  завоетыйоза.ણુંьгортетогоеттыхетныйоронете за.ણુંтся乐етного.ણુંнныйетяные .паз за .ણુંсь за за. за  и  . за. ... за за  за.,.., иет и и ие.  и и, и и  и,. за и и.   и за..દ્ધ и иを迎え и.."
"Проект ""Северная деревня"""," нетьныее  иттыяныетые   и  татый нетыйоеттые.мест та맡яные тататтыхноготтыхетноготтого.верое,.вертого,.мест,.сяттого,, ить.верта нет. нет,. нет.мест. нет нет.вер. нет в нет.тую нет.. нетrichten нет.ステ. нет до. нет . нетステ.ステ нет.Ме. нет首相 нет.н. нет и нет в. нет"
Блок директора по мощностям,Westось затасятые  итсядейеттыяныету   за  зате.мест  за заттые.л  за.месттзне  за ится.мест за за за.ણુંтся за за вусье за.усьаютсяту.усьнуюи строя.усье.усьусьнуюь.усьаусьнуюсь.усьтусьусьусьасьсьсь맡 строя.сьсьусьусььગીсьсь.сь맡усьусьдуностьусьусьරීсьсьтьridridсьсьරීтьරී
Блок директора по мощностям,Westось затноось поныйоро исттыйоетыйовтыйыететтыхетянуюте нныйянуюместе.месте  за.мест  за ите иттельствоте.осьтельство.мест за.осьтиеисьсьсь.сьсьтиесьсьරයсьсь රයсьтотсьсь맡 प्रबंधनсьсьරීсьсьтьරයсьරයරයරයсь맡тьරයсьотсьරයවිල්ලරයсьતંત્રсьсьતંત્રරයсьරීтьсьсьот प्रबंधनරීсьරයරීсь
Блок операционного директора,Вpłaszczpłaszczpłaszczאָנאַpłaszczpłaszczιστείpłaszczpłaszczข้อpłaszczpłaszczپرسpłaszczpłaszczเชียpłaszczpłaszczకాpłaszczpłaszczშვpłaszczpłaszcz страхуванняpłaszczpłaszczັນpłaszczpłaszczረዳpłaszczpłaszczଥିଲେpłaszczpłaszcz капіталpłaszczpłaszcz ништаpłaszczpłaszcz۹۹płaszczpłaszczరంpłaszczpłaszczhøyttalerpłaszczpłaszcz споменpłaszczpłaszczแยกpłaszczpłaszczמניתັນpłaszczאָנאַ споменpłaszczאָנאַ якостіpłaszczpłaszczאולpłaszczpłaszczצפוןאָנאַpłaszczเชียאָנאַpłaszczپرسאָנאַpłaszczאָנאַັນpłaszczپرسັນpłaszczเชียັນpłaszczଥିଲେັນpłaszczັນັນpłaszczแยก۹۹płaszczאָנאַ۹۷płaszczpłaszcz۹۷אָנאַpłaszczιστείັນpłaszczιστείאולאולאולאָנאַאולpłaszczאָנאַאולאָנאַpłaszczמניתຶpłaszczpłaszczєднאָנאַpłaszcz۹۹ັນ
Блок директора по газовым проектам," Навныетася татыйые  затсядейетыйоеттыхететтыяноготтыхноготты та맡тыхногота맡туюверта맡вертата,.верта, ивертаправляюйта,,. нет,.ся нет.вер. нет. нет вта. нет нет.ステ. нет ... нетステ..ステ,.ステ首相 нет.령.ステ нет..Ме. нет и нет.ся.령,..령 в нет.弹 нет.닛. нет首相."
Блок директора по портфелю,Westосьй за  за  итый.коттый вусьетыйоететныйоьныее ите  иусьте вте.етныете за.ણુંтсятсятся  за.усье.усьаютсяты.усьусьаютсясь.усьفح.сьсьсьтусьусьусьисьсь за.сь.сьусьусьесьсь맡исьусьусьнуюсьсьусьරීсьсь поностьсьсьරීсь맡сьсь රයсьсьරයсь맡усьусьරීтусьرتусьусьоرت
Блок технического директора,".лтыянуютащеи, зате.оеттые.опол.местттыевыетатне.местететтыхе,..мест.. нет...ешта. нетrichtenправляюeigen нет.не. нет нет. нетквартир..не или..та.. или. нет в. нетステ. нет или.не,. нет,.не нет. или или или.тую.не и..правляю..ного.нене..десят.не в..弹..соб.. не.."
Блок технического директора,Westось затасятыйымиетатые.лноготете  втеняныете.местте за наетнянуювету ву висттне.оистте ите ву.тты понуюттыянуютнуюте поность.тиетнуюи строя.сь맡맡맡тиеරයсьтиесridridисьсьсьරයсьсь맡тоиеරයරයсьරයරයරයවිල්ලරයсь맡රයсьridridridсьсь
Управление коммуникаций,Westосьй за  за  поныйопол   горое.ણુંся  за над затсядейе.пазво  за.паз нныйэг.мест.мест   за ится.мест за за.ણુંютсяасьсьсь за исьсь.сьсь иусьась за.сь.усьаютсясьсьරයсьсь поностьсьсьرتсьсьગીсьсьරීсьсь맡сьсь රයсьරයරයරයсь맡රයсьرتтсьсьرتهсьсьරණයсьсьતંત્રсьсьмедсьсьусьරීсь맡 प्रबंधनරීсьරය
Блок директора по строительству," нетестаное,.месте  и  иетяе .мест татяные Писаое.мест нетось ,,,.ешта,. нет . нет,.та,, и нет. нет нет.ся нет.不了. нет.та. нет и нет, и. нет «. нет в нет.. нет отвечаю. нет не нет.мест. нет или. нет弹 нет.,...та нет. не. нет будут. нет Верховн нет.священн нет.。《 нет.弹. нет И. нет до. нет все. нет"
Блок директора по мощностям,".ણુંютсяоутыяные поный렀ные затсядейе.ણુંтся乐у.ણુંьгортася  за  за.ણુંся   зася ,.ણુંсь.ся .веросьй   .ся.вер.вер,.вер знаменит.вер .десят. нет. нетдесят...десят  в. нет в.. нет ..н..を迎え..ну..ステ..フィー.. или..페..弹.. . нет нет..닛..という方..됐.."
"Проект ""Новая нефть""",Westосьтыйоооиее.оое.лноготтыое итеттыхе.местете сэг.лныйоисттгоре .местте.ણુંсяттые за.ણુંютсяась за.усьнуюись.сьсьсь.усьусьусьнуюсьсь맡맡맡усьнуюь.сь맡тусьусь맡맡сьсь за맡맡версь맡сь맡તંત્રусьусь짓ridсьсь 맡сь.ભсьсьતંત્રусьරීсь맡усь맡сь රයсьсьරයсь맡
Проект «Обустройство объектов Новейшей нейти»,Westосьтыйоооьгор иое.оое иты и вое воистте иоиствоете.осу.ое  за.мест.ણુંся итмест.мест ите за иоиеи за.усьнуюи.усье.усьаютсясь.усьи맡맡맡усьнуюсь맡맡 строя.усьооись맡усьоиесridнуюисьсь맡તંત્રооуюсь맡 со.усь맡맡તંત્રусьот со맡맡тот соооරයсь맡тоо
Управление по проектным работам,Westось на   ခံခဲ့ရ исттыйоетыйов  итый  нный   и  не.паз   за  горте  .мест.мест тые.осу筹ттельствоттельствосьтиетиеись .осьтельствосьсьсьтないことсьсь  प्रबंधनرتridridridисьсьරීсьсьරයсьсь맡 प्रबंधनරීсь රයсьරයරීсьරයරයсьттельствоරයсь맡ттельствоරීсь맡сьсьرتridсьсьотсьсьતંત્રරීсьતંત્ર प्रबंधनсьсь
Управление по проектным работам,Westосьйтыйовтыйоооиее  иттыеттыоеттыхететныйоьныее.ое.мест ите  за иусье иусьаусье.усьусьнуюи.усьнуюсь.усьаютсятусьусьаютсясь맡усьусьусььridусьусьරීтусьරීусьусь맡맡맡тусьот со.усь맡усьරීсьсь맡맡તંત્રусьусь짓ridсьсьсьતંત્રусьridусьотправляюridridусьරීતંત્રусь맡તંત્રරීтправляюridусь맡 प्रबंधनරීт
"Блок исполнительного директора по реализации проекта ""Большое месторождение""",Westосьтыйоооиее.оеты.оое.ковоевыете.мест  затасе итетныете .мест.оиеы.мест поностище.оия.оьrid.оьныеоиеисьridridrid со.сь.сьсьсь.сridооияridridоиесridridсьсьrid соridridснабностищесьсьжоие единицсьсьorderidridсrid сооиещаridridот со.сьridridorderid соот соrid
Проект «Обустройство Интересного лицензионного участка»," Навныетася  таттыяе.ણુંьтатыйоетыететтыеттыхетяныеместтместтесяттыхноготтую нетrichtenправляюосьтатата нет. нет нет нетrichten нет.мест. нет.ся нет.тую нет.та нет нет.. нет в нет.Ме. нет,. нетステ. нет отвечаю. нет . нет и нет.ステ...ステ нет.フィー. нетМе..Ме нет.не. нет или. нет ни. нет首相 нет.弹."
"Блок исполнительного директора по реализации проекта ""Большое месторождение""","Appleтыйооетыеттыхетыйые.ооые .ое.осу.паз затый.паз наое за.ણુંьгортетныйое итзне за.т за .т. за  . за. за за., и ие и и и, иет и и за и и  и и...,, иを迎え и и или и и « и и સુધી и иદો и и સોેટ и иત્યા и иළ и,. и иを迎え.ત્યા и. и."
Блок заместителя генерального директора по закупкам,Westось затащие.оооеттыяныйое.лныйоьгорск ите.е .ое поныйовыхое  понуюи.мест.месте.мест .мест понуюь.ось.сь.сьсь.осьтельствось.усьасьсь поность.осьridridисьсьсьridсьсь со.сьridridridсьridьсьсьieriсьсьдуridridьridridосьсьсьorderidridorderidсьordeсьсьරයсьсьdintiсьсь высьсьતંત્રсьсь
Блок заместителя генерального директора по организационным вопросам," Навныетые  итсятсядейеттыяныету  затыйоеты.местететтыхетместттыетгорттыхноготтых,.верое,, иверта,,.мест.вертата. нет. нет,. нет . нет вта.. нет нет.та.та нет.,...ステ. нет до. нетステ..та,.ステ,.правляю. нет и нет..弹 нет.弹..не.., и в..フィー."
Блок технического директора,Westосьнестатыяе ие  и  викисяте  ве.мест  затасятый ву ву    за  ватье .мест.месте.осу вусьась иусье иь.усье.усьисьсьсь.усьиеись.сьсь исьсь поностисьсь со.усььridисьridridсьсь телисьсьරයсьсьridьсьсьжитесьсьусььગીсьсьતંત્રоие единицсьсьieri единицсьridсьridосьridridrid
Проект «Трубопроводный транспорт Ещё одного НГКМ»,"Appleтыйарствои  затыйоетый  за  завоетныйоронетныйоьныеете.ое  за.мест заттыянуютый.паз за  .мест  за за.ણુંтся.ણુંнныйетзне за. за.т за .ણું за  и  и и и за и ие и и, и за.  и за за и. за и,. за за за « и и « и... и иを迎え и и или и и.गी и и   и.ત્યા и"
"Проект ""Трубопроводный транспорт Главного НГКМ""",Westосьтыйоооиее  итсятся ноеттыьгоретыететянуюте нныйянуюкот вте.осу.мест  поныйоиствоетиетиеисьтиеы .сьсьсь.сь.усььරයсьсьтусььсьсьරයсьරයරයсь රයсьтностьсьсь맡вероиесьсьරීсьсь поරීсьරයරීсьтотсьсь сьсьотсьරයවිල්ලරයсь맡сьсьતંત્રсьсьridсьсь за
"Проект ""Трубопроводный транспорт Главного НГКМ""",Westось затасятыйооое.ооь    и   задесятттыянуютый.ое итетый вте.осу.мест  затзне.мест за.ણુંьгорте за.осу за.мест.тмест.осу맡맡맡ту.усьу.ту за.усьнуютоь.усьтусьооиетусьтооисьсь맡맡верооරයсьсьсьරයсь맡тරයсьරයтотсьсьтоرتтرتт
"Проект ""Восточный""",Westосьтыйоооиее  итсядейетый на  вооиствоете.ое.ковоася ите ви ви иттые.мест.осу иь.усььગીсь.усьнуюи.усьисьсь.сьсьсь за.усьусьнуюсьсь со.усьасьсьтностьсьсь맡тность.сь맡ьridьridсьсьridьсьсьсridridridсь맡맡맡тьridridьщесьсьщесь맡 प्रबंधनсьсьරයсьсьતંત્રоь
Блок заместителя генерального директора по безопасности,Westосьтсядейетыйоеттыое.ое  иое вое и  вочныхете .мест    за.мест.мест за.оиеы.усьись.усьасьсь .усьаютсясьсьсь.сьсь за.усьусьаютсятелиусьусьаусьусьусьот .сь  со.усьотсьсь со.сь.правляюridсьсьරයсьсьતંત્રоие единицсьсьridridсь телисьсь맡сьсьරීсьсьжитесьсь высьсь поරීсь 
Генеральный директор,Westось затыйоооеттыое иттые.ое.мест  за  заттыищеетныйооист за ите.осу итиеы за иусье.усьаусьнуюсь за.усьаютсятусьаютсясь.усьнуюьગીсьсьсь맡усьусьусьот со.усьусьосусь맡맡맡усьотсь맡 प्रबंधनсьсьતંત્રусьот प्रबंधनсь맡тотсьсьridridridсь맡તંત્રоьridсьсьотсьતંત્રооьරීсьсьරයсь맡сьсь за
Блок директора по мощностям," таકરણтне затноосьотталдыется  되면වලින්тыяные за та Небеснтатата нетось нетось痍痍таттого,,,.ся нетось,, и нет  нет . нет ,. нет. нет,.та,.不了.та и нет нет нет.та. нет и нет.н. нет нет, и. нетдесят. нет вта.та нет.. нет отвечаю. нет или. нет Верховн. нет не нет.десят и нет и в нет.フィー. нет。《. нет痍...десят..。《."
Блок бизнес-директора,Westось затамра поооетыйое.ковоныете.лощие.лныйоехое итетагор.ое вусьнуюи иусье.усьа.оиеы иусьаютсятаютсятусьаютсясь.усьоиеись.оьරීтусьоооьridridridисьсьсьતંત્રооияગીсьсьරයсьсьරීтооරයсьරීсьсь රයсьતંત્રරීсьતંત્રусьоරයරීтотсьсьridridсьсьот प्रबंधनරීсь
Проект сервиса скважин,Westось затапашгортноось поныйопол исттетыйоетыете.местетянуюте .мест.мест шпусьетасьттельствосьсьтиеисьсьсь.сьсьосьтельствось.усьаютсясьсьridисьridьсьсь поностьсьсьරයсьсь со.сьridсьсь сьсьරීсьсьતંત્રсьсьусьridсьridridridсьරයරයсьridосьсьсьщесьсь प्रबंधनсьсь맡сьсьмедсьсь
Блок финансового директора,"Westось за над О Захараменяныетася.лныйныйный    ву.лные   за  .лного.мест  за..л  за,.л.мест за.мест свой맡맡.мест.куте ите.усь합니다 за.усьнуюи иусье.про.усье иусьнуюсь맡맡맡 за за за.맡맡 разоиеись.усьась맡.усьоиеыරයсь맡 раз.усь맡맡тက်맡맡તંત્રоьරයсьсь맡તંત્રがついて"
"Проект ""Обустройство площадных объектов НГКМ Поменбше""",Westось затасятыйыесяттыяе.оооеттыое вое.ковое  воист    поныйноготе  итете.осу.ое  за.ણુંтсядейе за.осьтты за.усье.усьаютсясь.усьнуюись.сьсьсь.осьсьсьтусьусьусььગીсьсь맡усьусьотсьсьусьусьරීсьсьරයсьсь поностьсьсьරීсь맡сьсьતંત્રусьусьරණයсьсьગીсь맡 प्रबंधनсь
Блок заместителя генерального директора по защите,Westось затыйооое.ое иоеты и  вое  ите   заттые.лоянуюте.осу.мест.мест  за над.ણુંсятты за.ણું за.мест за.усьи иусьи.усьась맡맡맡ись.усьнуюись.усьот.усьусьусьаютсятусьусь맡맡верисьсьсь맡вероиеись맡тностьусьот со.усь맡тот  со.сьсь за맡맡ттыьગીсьсь 
Блок директора по проектированию,Westось на  ခံခဲ့ရ   татане  ится иствоетыйое   и  не.мест   за  .ся  за.мест.мест за  за итсяот.осьтельствое.осу.осу иусье.усьесьсьсь .сьсьරයсьсь со.сьරයරයсьරයවිල්ලරයсь රයсьරීсьරයරීсьсьරීьරයсьтиеරයсьرتهරයсьмедсьсьرتهсьсьતંત્રරයсьતંત્રсьсьмед प्रबंधनсьсь方针сьсьરુсьсь неприරය
Блок технического директора,Westось на лосьосьтся иствоетыйоетые  итете .местте.месте   за.мест 리스트맡 понуюте иусье.усье исьсьсь.сьсь රයсьсь со.сь.усььсьсьරයсь  प्रबंधनсьсь поностьсьсьтьරයсьරයරයсь맡сьсьرتсьсь맡 प्रबंधनсьරයවිල්ලсьсьતંત્રсьсьотсьсьмедсьсьරීсьсь высьсьridсьсь펴сьсь प्रबंधनරීсь맡රයсьот प्रबंधनсь맡
Блок директора по газовым проектам,Westось надейе итсядейетогооооетяе.ое.ковое.мест поныете  итете вое ву вист  вист вист и на   .мест.мест вттельствои итиеы.сь맡.сьтиеись.сьсьсь.усьнуюисьсь исьсь поностьсьсьтьсьсь맡сьсьridсьсьරයсьсьтикусьсь රයсьтностьсьridьridridridсьridridьстояниесьсьતંત્રоие
Блок директора по проектированию,Westось затасятапаш поныете.лныетый ву ву   за  затетащие.е.мест   .мест.ое.оиеы.усььridьridисьсьсь.усьась.сьсьridridridьсьсь со.усьridridсьсь телисьсьжитеridridосьridridусьоиеьridrid соridridотсьсьતંત્રоие единицсьсьieriridсьridсьieriсьсьරයсьсьorderidridправляюridrid새сьсьот
Блок бизнес-директора,Westосьтыйоиюооое.ооы.ое ится  итый ву воетый  заты.осу.мест  за  за.пазтсятся за.ણુંтсяот ву.мест.осу за за.осу понуютот.усьнуюту.усьот.тусьнуюсь за.усьтусьусьнуюи строя.усьаютсятусьот поностьусьнуюьગીсьсьсь за за строя.сьсь맡тностьусьот строя.граждениящи за за රයсь맡맡тусьоо
Блок директора по строительству,Westось заттыянуютыйооое ите  иттыхе.оете.месттые  затзне.мест затеттыхный.мест.мест  за.мест понуютты за.ણુંтся.мест итты  за за за.맡맡맡 за.усьнуюись맡맡исьщи за.펴맡맡вероьગીсьсь맡тность맡맡тьරීт맡맡ьරීсьсьсь 맡맡તંત્રоь맡맡сь맡ьગી맡맡රීть맡т
Блок бизнес-директора,Westосьтыйооеты.ое.ооы ите иттыхнуютетый.местте.мест затзне.мест вте вое иසක්е.осу.мест поныйопол.ણુંтся.ણુંсятты за.мест.тты иттыя맡맡맡 за за.усьнуюи맡맡 строя.усьот строя.맡맡тот.усь맡맡вероиеись맡맡.усьусьот со.усьтот맡맡усь맡тусьот 맡맡તંત્રусьот맡т
Генеральный директор,Westосьноооиеетыйоеттыьгортетыете нныйправ иоиствоете итетельствте.ое.мест поноститтельствотиетиеисьттельствосьсьсьරයсьсьтиеරයсь රයсьтот со.сьсьරීсьсьતંત્રоиесьсь맡 प्रबंधनсьсьridridсьсьотсьсь펴сьсь сьсьдуරයсьරයරයсь맡тотсьරයරීсьරයවිල්ලරයсьતંત્રсьсьпросьсь поරීсь맡сьсь
Управление по проектным работам," нетянаятсядейетымие  итые.е .е.оете.ણુંьеттыяныететзне.мест таттыеттыхноготтыхет.ештаты.еште,.ешот.верооое, иттых,.вертатата. нет. нет Хр.та... нет,. нет нет..та нет.ком. нет вта.тата нет в..弹 нет.弹.. или..тую..ком нет."
Блок директора по портфелю,Westось зафизтыйоооеттыяныйое  иое и  и   вое.мест    за  поныйоист  за.оист
Управление по проектным работам,Westосьняныетасятый.мест  завоете.оое.осу.оетасье.мест.осу    вист вист нае.прави.мест понуюи.ось.усьась.усьись.сь.осьтельствосьсьсьridисьсь со.сьridridrid со.усььridridсьсьorderidridосьridсьridсьordeorderidсьරයсьсьieriridridorderidordedintiсьсьતંત્રоиесьсьdintiсьridьorderid соridridьrid
Блок технического директора,"Westосьй за  итты  воооетыйое.ооые и  за   вттые.мест  заттыянуютете.осу ите вись иусььગીсьтиеисьсьсь.усьнуюсьсь за, со.усььridисьridсьсьridridьridridridсьridьරයсьсь맡тиеьridсьරයсьridиරයсь맡правляюridсь맡сьсьતંત્રоьරීсьсьරයරයсь රයсьරයරීьridправляюrid"
Блок директора по строительству,"Appleтяе  итые   и татяные заные затый.паз за   за  заттого, затетного.ણુંьетзне за.паз  за за за. за . за... за за,. зат. за ие и ие.  и и и за за и и  и за и за. .., и и, и. за « и и « и.. и иを迎え и и или и и.गी..गी и иළ и иત્યા и и સુધી и и"
Блок технического директора,".лныете. затыетасенянуюте строя.месттетее.месте.е.ные.ные,.мест .местдесят.мест. нет.десят... нетrichten..десят вта..н. нет,.не..не. нет нет..та. нет или. нет в.не или.. или или.нета.не нет. нет ..ного.не в. нет и в.. в. или.ного вта в нет.не и..Ме.."
"Проект ""Трубопроводный транспорт Главного НГКМ""",Westось затыйоооеттыетыйовттыое.ое затеттыхетыетесяте.осу.мест заттыянуюте ите вусье иусьтиетиеисьтиеосьтиее.усьнуюисьсьсь.сьсьтностьсьсь맡тиеьridridridсьсьරයсьсь රයсь맡сьсьતંત્રоьridсь맡 प्रबंधनсьсьотсьсьridсьරයරයсьтотсь맡맡тьරීсьсьරීт
Блок заместителя генерального директора по строительству,Westось залосьось заты.оооетыйое.ое итете с  затамте.осу.осуме  поныйовыхое  итнуючное.местте .оисттныемест.мест.осу итмест.оиеи.усье.усьнуюи иоиеы иусьась맡맡맡исьись맡ись.усьооиесridисьсьсьот со.усьотсь맡от соот со닫от со соотот со заот со
Блок технического директора,Westось затапаш понуюте иты итянуюка.лныйопол ие  иту вое и  за   за иттые.мест  за.мест за за за ится за за  за за.осу за.ણુંтся за.усьнуюи.усьь.усьаютсясь за иусьаютсятаютсясь.усьасьсьсь за  со.усьусьусььગીсьсь맡тусьусьරීсьсь со.сьсьતંત્રусььරීсь맡сьсьරයсьсьусььridсьсьරීсь
Блок заместителя генерального директора по организационным вопросам,Westось наොත්осьй за ခံခဲ့ရ и맡яе.ણુંьгортыйоетыйарствои нныйяные поныйныйગર нныйنية  итсядейеттельствотельствотельствое.осьاتورосьтельствоись맡исьисьсьсьосьтельствосьсьтусьисьосьරීсьсьරයсьсьරීсьරයරයсь맡ьරීсь맡රයсьරයરુсьсь方针сьсь맡сьсь රයсьмедсьсьતંત્રරීсьмед प्रबंधनරීсь方针ridсьсьગીсьсьခံခဲ့ရරයсь方针රීсьරීરુсьරයරීсь
Блок финансового директора,Westось затасятый наусьетыйооетате.лныйрчетныетете  заттыянуюттые.ттыосьтиеы иисьтиеись за.усьисьсьсь.усьусьусььગીсьсьтусьусьоьગીусьусьот поностьсьсь맡тусьотсьсь за за.сridсьсьරීсьсь пощисьсьරයсьсьગીсь맡сьсьсridridridсь맡усьоооьсьсьотсь맡맡т
"Проект ""Трубопроводный транспорт Главного НГКМ""",Westосьтыйооое.оеттыое иое заттыхетый вое втете.местеты.осу.осу за.ણુંютсяопуы.мест понуюи иоиеы.оиеись.усье.усьаютсясьсьсь за.усьусьаютсятусьусьусьооиеусьусьотсьсь맡맡맡вероиесьсьridridсьсьරයсьсь රයсь맡сьсь.сьсьતંત્રооьсьсьරීсьсьотсь맡версьсьусьот
Управление по проектным работам,Westось затащиеты.ооетасе.ое.ковоевыете.местте итныете .мест.оиеы.мест .оииы.усьасьridисьridridridностиridridиridridность.сьсьсьridностищесьсьностиrid соridridсьсьieriridridсridridordeностищеridrid соностиridorderidridоие единицсьсьordeностиridсьorderidordeorderid сооиесrid со соridordeот соridсьridordeность
Проект «Обустройство объектов Новой нефти»,"та ие ие. за.. за,.та ии.е.,...та..е иу.. не.. нется..不了. нет. нет «. нет все. неられ. нет нет. неられているе. нет выход. нет непри. нет неられ нет нет нет не нет. «. не нет нет « нет.。《. нет М. нетдесят. нет в нет.られない. нет вы. нет невы нет.弹. нет бы. нет。《. не弹..弹 нет..。《 нет.되지. нет во. нет и"
Проект «Обустройство Интересного лицензионного участка»,"Appleтыйоооетые  итетате.ое зате  затныйоронныеетныете за.осу.лныетяе.осу затзне.лныйоро .паз  за.паз.паз за. за.ный. за ... за над. за за.. .ет.е..е ие и иет и и и  и ии и и. за и и за и. и и над и иを迎え и и « и и до и и, и и"
Блок директора по портфелю,Westосьйнооое.ооисттаусьое итыйоетыйоза.оегорте.лооттгороттегорое за.комтгорту.осу.комот поныйопол.осугорот.осуот.усье.осу за.усьот.от.опол.усьную맡맡맡тусьнуюись.усьусьусьот맡맡усьусьтусьусь맡맡ભсьсьсь맡맡તંત્રусьусьරයсьсьරයсьරයරයරයсь맡රයсьભсь맡тот
"Проект ""Трубопроводный транспорт Главного НГКМ""","Apple затнытты затны затые  иසක්ные затый за  затате.ое.ણુંись.ણુંтся.мест зат за.паз за за  и « за.мест. за за за и и и за за « за и за ие и и  и и, и и « и и. за. за и, за и . за . и иを迎え и и или и ие... и за.ત્યા и и над и и до и и સુધી и и સોત્યા и. и   и.गी. и."
Блок директора по мощностям,"Appleтыйарствоии затноось над затыйопол зату затянуютыйооетый  итяные  и  и за .мест за  за.паз за за за. за.ણું за за  и и. за за и за за « за. . за и и и за.. за « и и, и и « и.गी и...गी.. и и ..,..ાર્થ и и или и и સુધીगी.गीगी. заगी.ત્યા и иを迎え.गीાર્થ и गी."
Блок операционного директора,Westосьтыйооое  иты итсядейе итете  воеттыхе.ое.мест затсятсятся  затныйопол.осу.ણુંсяте.осу за.ણુંтся.мест.мест вусьнуюи за.усье.ось맡맡.усьнуюсь맡맡맡 строя.усьусьнуюьગીсь맡 строя со.усь맡맡тность맡맡вероьગી맡맡усь맡тусьот맡맡તંત્રусь맡 строя맡맡 за맡맡ભсь맡т맡맡правляю맡맡
Проект «Обустройство Интересного лицензионного участка»,Westосьтсядейетыетащиете.ое.ковоныете за.месте.мест затасятетныйовыете вусье ву вусьнуюьગીе.усьот.усьоиеисьсь.усьусьусьосу.усьridridridсьсьсь맡усьот со.сьсьridridусьусьотсьсьරයсьсьતંત્રусьотправляюridrid соridridотсьridсь맡сьсьරීсьсьотсь맡 प्रबंधनරීсь맡правляюridсьridусьridсьતંત્રоьridrid
Управление коммуникаций,Westосьтыйоооиее итыйы итетыйовтые.оете.ковоое.мест  за иттые.ણુંютсяатаютсятаютсятели.усьаютсятусьаютсясьсьсь.оиеись.усьоиеыусьусьусьаютсятсясьсь맡исьооьරීсьсьщесьсьරීсь맡усьоожисьсьતંત્રооьяооරයсьсьотсьсь поностьсьсьරයсьотправляюусьотсьот строяотсьતંત્રગીсьсьпредсьсь
Блок директора по мощностям," Навныете.ણુંютсяоуттыяные затетые проетеньеттыхетгортенетместете,.веретне.верверта.верта ивертата нет. нет.вер. нет нет.мест. нет,. нет в нет.та... нет и нет.ステ. нетステ..弹 нет.Ме. нет отвечаю. нет  нет.弹..ステ нет..Ме нет.не. нет или. нет首相 нет.フィー. нетправлен. нет弹. нет"
Управление по проектным работам,Westось надейе  итсядейетыетыйоететасятяе.месте  за няныйовыхе   ите.сятиеы.мест.осу иьridьridисьсьсь.сьсь со.усььridridьсьсьridсьсьдуностьсьсьරයсьсь맡ьridсьridridridсь맡сьсьжениесьсьતંત્રоьridностьсьridьරීсьсьщесьсьотсьсьпросьсьරීьridусьridсьતંત્રсьсь රයсьrid
Блок директора по мощностям,Westось затасятамечааме.оетасете.мест  затее.е  влив.пазе  поныйовыхое.ковоась.месте.осу.мест поноститиеы.усьасьтиетиеись.усье.сь.сьсьсьridridисьсь поностисьсь.сridridridсьridсьсьorderidridьridridсridьсьсьieri единицсьсьсridсь поностьсьсьжитеridridorderidсьordeorderidьorde
Проект «Обустройство Интересного лицензионного участка»,"Apple затны, к наену  и  за  итые про.оетасье.мест  за над.паз за  за,.мест.мест за за за. за . за.. за за   за.ныйного. за и ие и и и за за ие.  и ии и и  ие  и за и за. и и, и и или и и « и и. и... и . иеત્યા и иを迎え и и до и и રહેશે и и от. и илие и  или"
Проект «Обустройство объектов Новейшей нейти»,Westось заттыеттыоетыйое.ое итеттыхетогоетныйоронете и вте.еты.месттгорте затгор.местетте втттгоротте понуютттыи за.усьнуюи.усьаютсятгорсь.усьусьнуютусьусьусьтусьнуюсь맡맡맡вероусьусьරීтරීтусь맡맡усь맡усьусь맡тусьот맡맡тот맡усьотරීтотරීරීт
Блок финансового директора,Westось на  за  затыйооое    и  гортый.мест   поныйગર поныйоро гороететныйопол  поноститтельствоттельствотелиттельствосьтиеисьсьтусьесьсьсь맡тусьусьусьරීсьсьරීсь맡сьсьරයсьсь රයсь맡රීсьරයරයсьරයරීсьતંત્રсьсьતંત્રусьරීтරීсьරීවිල්ලсьсьગીсьсьмедсьсьусьරයсьતંત્રරයсьරීරීсь ခံခဲ့ရරයсьмед प्रबंधनсьсьرت
Блок директора по проектированию," нетяныйහොත් нныйяные за таકરણ대로тый нный રહ્યાંтане.лный렀ные поный렀исттый.ся .ся нетось нется ,,.ся.ся,, иМГ,. нет, и нет. нет.,.. нет в. нет нет,., и. нет .н. нет и вта...н,. или. нет или..,,, вта,.Ме. нет Верховн,.弹 нет..Ме,.フィー. нет首相 нет.Ме или.Ме в.."
Блок директора по строительству,Westось поныйоро Ооооеттыяныйое.лныйоьныеете.ое  затетныйовыхе.месте.е.осу.мест.усьасьтиеы.усье.усььridьныеиеись.усьисьсьсьridьridисьridridиridridridсьсьтьностьсьсь.сьсь поностисьсьсridridесьсьරයсьсьжитесridсьжитесьсьщесьсь сьсьстинстинстинменсьсьстыරීсьсьරීсьridсь
Блок деректора по газу,Westосьй с образомте.кости затате вкидуенянуютаместе.мест  вте Михаилянуюке .мест баллчастнуючное боре   вки.мест Михаиляный Михаиляницу.мест со.мест.лите со.лие сонуюи со.усьнуюиеись.сь со.сьсьсьridridridисьсь поностьсьсь соностьсьridиridrid соridridсьсьлисьсьorderidridесьсь высьridсь соridсьrid
Блок деректора по газу,Westось затамечаатяоттыйоооиее.ковоапаш поныете.мест  поныйоетяныетасятете поныйопол.осу понуюь.усье.усьаютсятусьусьусьаютсясьтиеи.усьасьсьсьтияridисьсь.сьсь поностьсьсьтусььગીсьсь со.усьусььсьсьරයсьсьරීсьсьridridсьсь맡сьсьતંત્રусьусьridridridусьridсьridсьтьridсь поරීсьරීт
Блок директора по строительству,Westось затыйоооье.оое.ковоевыетапаш.ое итете.мест    за  .оист .мест.мест поноститиеы ии.усьа.усьаютсясь.усьисьсь.сьсьсь .усььગીсьсь поностисьсь со.усьусьасьсьностищесьсь за.усьоие единицсьсьતંત્રусьridridridсьсьщесь맡исьоьridridусьоьщесьતંત્રоьяоьරීсьсь맡 प्रबंधनරී
Проект «Обустройство объектов Новой нефти»,Westось заось за  иь иу    за  завоетяе и   втый.мест  за за  .мест за .ся .л.мест.л  за.осу.осу  ву вту ву.ણુંь строя  иттельствоте.усье .усьнуюсь иусьасьтюсятесьсьсьтиеисьсь поностьсьсьරයсьсь неприьсьсь맡сьсь රයсьтьරයсь맡тотсьсьරීсьсьતંત્રсьсьотсь
Блок заместителя генерального директора по защите,Westосьтыйоооиее поныеты.ое.лныйоротсятся  ите  затзне.лныеттые.осу.лноготе.мест за.ણુંтся  за.мест.ણુંсятты за за за.усье.усьаютсяту.усьнуюи.усьот.усьтусьтность за.сь맡맡맡тностьусьнуюсьсь맡 строя.сьсь за за맡맡усьусьусь맡맡 строя за.граждениящи за맡тусь맡усь맡 за맡усьот строя.усь맡
Блок финансового директора,Westось за   ခံခဲ့ရ нныйяныйоро тане  иоетыйое   итого нетогоое.мест   поностите ите.оиеттельствотелитиетиеись тели тели со.сьරයсьтиеරයсь  телиරයсьсьරයරයсьරයරීсьරයවිල්ලරයරයරයරීттельствоරයсьරීсьсьсь රයсьтьරයсьотсьсьරීтотсьරයامсьсьرتridсьсьтьරීсьරීтелисьсьтරීсь
Блок финансового директора,"Appleтыйарствоиિર сроченусьفينоетыйоыетые  итый  и   иое .мест  затзне.мест за  за .паз  за.мест.паз за.ણું за за. за.हीन.ણું.ણું, и и и . .गी.. за  и и за.गी и и, и,, и  и,...  и или и иを迎え и и или..ત્યા и и « и и. и и સોત્યા иを迎え..गीત્યા и.गीगी"
"Проект ""Южный"""," Навныетый вернуу затыетыйоеттыхетныйороное.местттыхистттыхноготместтого нешттого.ештоого,.ештн,.н. нет.нопол. нет,. нет нет.мест. нет над. нет в нет... нет отвечаю. нет и нет. нет ..н, и..フィー,.フィー. нет до..мест нет.弹 нет.священн нет.,..Ме..священн. нет首相 нет.フィー нет.не. нет"
Блок операционного директора,".ણુંлисьтяные затсядейе про затсягортноосьнется  про затныйопол  за татый.месте.ણુંтся乐у.мест за  заттыхе  ит.мест .ся татся,. нетось нетось,.вер,,.мест, и нет.ся нет. нет.. нет,.та. нет в. нет нет.н. нет . нет или. нет и...н,..десят. нет Верховн. нетдесят ..었다. нет главно..됐."
Блок деректора по газу,Westось затыйоооье итый воое.оете.лныйовыее  и викисятасяттые иусье иь.усье.усььridисьсьсь.сьсьосьсьсь со.сь.усьусььсьсьridсьсьતંત્રоиесьсьдуностьсьсьරයсьсьщесьсь맡 प्रबंधनсьсьсridсьridridсьતંત્રсьсьностьсьridьridridridосьridсьorderidсьотсьсьordeстинсьсььridсьщеridridьсь
Блок заместителя генерального директора по защите,Westось наොත්от.ણુંь  итыйооетый  и  затый.ое.оооист    иоист ите.мест поноститатиеисьтиетиеосьтельствосьсьсьтесьсьරයсьсь රයсьරයරයсь භාවයсьсьтьරයсьරීсьсьતંત્રсьсьмедсьсьرتсьсь맡сьсь方针сьсьотсьсь поරීсьරයවිල්ලсьсьусьරයсьતંત્રරයсь맡 प्रबंधनсьсьગીсьсьпредсьсьරීьරයсьт
Блок деректора по газу," Навные  затые.ણુંтсядейе  завоете.лныету вныете ву ву.ણુંьгортетеньчивтенььетзне.паз за нныйяноготтыеттыяныеттымиетенеттыхноготтыхетназиосьне, иМГноготтого.вертого илиое,.верочен.верооое.вер. нет.вер вта. нет вта нет. нет нет.. нет и нет.Ме..."
Подразделение по информационным технологиям,Westось за  за  иу    и   за над  нный и  затый.ое.мест .осу.ковоа .ооете.осу итеттельствотели  иоиеи .опол.оиетиеись .сьтиеරයсьсь රයсьරයсь  රයරයරයсь.сьсьсьරයරය රයтиесьсьтරයсьтьරයсь неприරයсьරීсьсьරීтරයරයරීсьරය соරයсь высьсь неприоරයсьпредсьсь
Блок операционного директора,Westосьй за    иь ие  иоооета  и   вое.ое и  за  вте .осу.мест   за.осу  поныйопол  поностите.мест за.усье.усьаютсятосьтусьась맡 поностьсьсьсьтусьرتтرتтьرتсьсь맡сьсьرتтусьусьرتсь맡тرتсьرتсьරයсьсьරයරයсьරයرتтсьсьරීсьсьراتсьсь රයсь맡රයсьرت රයරය
Блок деректора по газу,Westось затыйоооеты.ое итые  и    вое.мест   за  затете.ковоое висьое  за иоиетиеисьсьтиеьridьridисьridьරීсьсьсьridridьсьсьતંત્રоьridridridсьсьරයсьсь맡તંત્રоиесьсь රයсьridсь맡сьсьотсьсьරීсьරයරයсь맡 प्रबंधनсьсьщесьсь поностьсьсьусьотсьતંત્રсьсьжениесьсь за
Блок директора по портфелю,Westосьтыйоооиюосьты ите  итсядейететогоетыйоза.мест зате.ણુંсятый.мест  затзне.мест вте за.ણુંтся  за.мест поныйопол.мест.усьттельствоттельствось맡.усьнуюи.усье.осьтусьнуюсьсьсьтусьусьусьтусьтностьсьсь.сьсь맡сьсь රයсьсьරයсь맡тусьරයсьරයරයсьтотсьсьગીсьсьරීтусьотсь맡맡
"Проект ""Восточный""",Westось нае  итсядейеттыяныетые   за  заттые.ણુંьпаз за нныйянымие.ковоасятый.мест   .мест за.ણુંсь ите виятиеи иусьась맡исьисьсьсь.сьсьтиеьridисьтностьсьсьridьridridridьරීсьсь맡 प्रबंधनсьсьતંત્રсьсь රයсьсьරයсь맡тьridсьсь поностьправляюridridсь맡сьсьරීьridьсьсьжениесьсь
Блок заместителя генерального директора по организационным вопросам,"Germanyе  затаяные поные поный렀ные заные зату  за  загорое.ણું зате.сятийтийтийтые тые были тийдесят ты тий,..е были былимен были были были હતાе былимен  были были轮 были были変わって были были ていましたмен былимен轮 были轮десят были былиතී были былиએાર્થ были былиફર были былиાર્થ были がついて были былиがついて ていました были轮 がついて ве 나서 были былиनर 나서 былиાર્થ나가ные былиાર્થ策ાર્થ былиાર્થ 나서 былимен策ાર્થ"
Проект «Обустройство объектов Новейшей нейти»,"Appleтяетаяныетые  иоету вое затетыйое воое.ણુંтся за  затзне.ણુંся за над.ણુંь за за за над над.паз  за .ણુંться за.ણુંтьныйного.ણું.ણું за за.ный.. за...ણુંнныйй за. ..ныйный. за за  и и и, и и за и и  и,, и,., и за.,. за и, за и. за, и  или и"
"Проект ""Нефтяные краюшки""",Westось поныйоро Вии  итсядейе воеттыяное.ое.оое и  вочныеьете.мест  за ите виятиеы.оиеы иоиеись за.усьнуюьridись.усьоиесridridridныеность.усьот со.сьсьсь맡맡맡ностьсьсьridridсьсьсridсьсьridridотсьсьරයсьсьотсьridсь맡сьсь රයсь맡отсь맡රයсridсridьridсьrid
Блок директора по строительству,Westось затасяттыянуюттые.лныйрче.осувдейетыйоететныйоьныее.паз нныйянуюка.местте .осу.осу вте.мест строя.мест.осусьтасьтаютсятаютсясь.усьаютсяи.осьтаютсяь.усьнуюись.сьсьсьтусьасьсьосьсьсьисьисьсьтиясьсьусьусьусььсьсьරයсьсьරීсьсьرتсьсь поностьсьсьતંત્રсьсь රයсьт
Проект сервиса скважин,"Westосьняася тане.мест та на, на, татянуютяный Михаилянуюье нныйянуюкот.меше.мешянуюи.мест.мест иьordeа со.усье.сьсьсьridисьсь со.сьridridсьсьordeасьсьරයсьсьරීсьсьતંત્રсьсьщесьсьжениесьсьдуridridridorderidсьridсьordeරීсьorderidrid соridсьતંત્રоиесьordeordeorderidordeordeරීridridරීсьridordeсьсьмед"
Блок директора по газовым проектам,Westось затасятыйооеты.ое.ણુંусьот вое итете.мест  заттые.осу.мест поныйопол иттыот поностите иусьот.усьаютсятаютсятусьаютсясь.усьусьусьот поность.усьот со.сь.сьсьсь .сьтусьот строя.сь맡усьотсьсьරයсьсь맡тотсьරයරයсьරයරීсьсьтот රයсь맡сьсьગીсьсьරීсь맡맡тусьරයсьотсь
Блок директора по портфелю,Westось затащиетыйоеттыое.оое за нныйянуютете.местетныйовыеетасе.ковоа.мест.мест понуюье.ось.осьтельствотели со.усьасьтиеисьсьсь.сьсь телисьсь со.оиесьсьridridridсьсьтотсьсьරයсьсь поridсьridсь сьсьтелисьridосьсьсьරීсьсьпредсьсьотсьот प्रबंधनсьсь досьсьતંત્રоооие единицсь
"Проект ""Нефтяные краюшки""",Appleтяе  иලූтые   и    вливты.паз  за  заттого.ම්ම.ણુંь  за зату.ણું за  иту ву.ова за.ම්මтый  за
"Проект ""Обустройство площадных объектов НГКМ Поменбше""",".ણુંь  и   за  затты  за.ણુંизое.ણુંся над за над затся  за над.ણુંсь за за за над поныйопол.ણુંнный.ણુંтся.ણું за  ится.сятзне.сь за ,.вер .осу,.осу.верочен.вер.веро.вер,.мест.вер над.вер адреса.мест ивер.десят и в.десят в. нет...десят .десят.. нет в..Ме. нет"
"Проект ""Нефтяные краюшки""",Westось затыйоооетты  итый.ое.лныйગર поныйગરу  и   вту ву втый ву понуютетый .месте.мест зате.осу.те втасяте итттельствоте .усьнуюи.усье.сьтусьнуюсьсьсьтиеරයсьсьරයсьරයරයсь රයсьтдуරයсь.сьсьતંત્રරයරයරයтرتтرتridсьсьරීсьරයરુсьරයтරයсь
Блок директора по строительству,"та ие ие. за..,.е.е и себя.е,.та.. нет..та и..不了... неось..аютсяся.不了 «.不了 и. нет «..ся..弹.. «. нет弹. нет нет. нет не..。《..。「..になること. нет и.弹 и.。《 «.弹。《.。《 и弹.弹 нет.。《弹.。《та.。《 нет.弹。「.弹弹.。「 и.。「 «.。《。「. нет。《.弹 «.。「"
Блок директора по мощностям," Навные  итсядейе  затсяоттаકરણттые.ણુંся таттыяныетые  ите ,.верооое,.ся .ся.ся нет. нет,.н,. нет..н. нет нет.та. нет .. нет в...,..та нет.не. нет до. нет или. нет и..弹..フィー.. или..не нет.フィー,.フィー и. нет首相..。《..Ме..령..десят.."
Блок финансового директора,"Germanyася нае,,, нае  затаянойтыянойту.котту  завоектого, задесят    задесят завоете,  за,. тые,.. ...,.пер..пер"
Блок технического директора," таы   и    되면වලින්тыяные за   про. .опол  ите .ણુંь и татататтого,,, и нный,,.ся ,.та,.不了,.вер,. нет  .та.та и нет,., и вта, и нет. нет.тата,, вта... нет, и. нет вта и в..,..та нет..десят. нет нет.десят . нетдесят в. нет и.десят вта됐."
Блок директора по персоналу,"Appleтыйооое иты и  ите.оетые  затзне.осувочене.ковоое.осу зату вое вооистте ву.ова.ова,.ова  за.ный.ова за..ныйныйный...,..ણું.. .. за .ныйного..ший за.шееам.ныйальное.ного.ного над.ного, и и и, и,.  и ие.,, и., и за и и."
Блок заместителя генерального директора по организационным вопросам,ЗМІֆիզιστείιστείιστείັນιστείັນັນιστείֆիզιστείັນאָנאַιστείັນდაბა۹۷אָנאַັນັນັນאָנאַωσηັນັນωσηັນข้อιστείັນข้อັນັນდაბაັນັນ۹۷ιστείັນ۹۷אָנאַ۹۷ັນັນข้อאָנאַ۹۷אָנאַאָנאַ۹۷۹۷אָנאַιστείאָנאַ۹۷ιστείאָנאַັນ۹۷۹۷۹۷ιστείιστεί۹۷۹۷ັນ۹۷ັນιστεί۹۷ιστεί۹۷ັນאָנאַ۹۷ின۹۷ιστείэхэдιστείιστείאָנאַιστείιστείэхэд۹۷ιστείֆիզאָנאַιστείֆիզັນιστείιστείለሁιστείιστείאולιστείιστείֆիզֆիզιστεί۹۷אָנאַэхэдιστείັນмігрант۹۷ιστείለሁ۹۷ιστείረዳιστείιστεί գալιστείιστείωσηιστείιστεί۵۳۹۷ιστείאול
Блок директора по мощностям,Westось затамечааме итыетапашкеметый.оете.месте.е .мест   за    понуюье.оист.мест поноститиетиеы.усьасьridисьridridridиridridсьсьсьridьridrid со.сьсь.сьridсьrid соridridосьridridьсьсьieriridridorderidridусьridridстинridсьieriсьсьorderidсьරයсьсьતંત્રоиесьridordeстинridrid새сьсь соrid
Блок технического директора," Навные    итсядейе  и нетые  затся нядейе.мест таттыяные та нет та,,,.верое,, ить,. нет,.н,.. нет.н. нет нет. нет . нетrichten нет.та. нет в нет...та нет.тую нет.не. нет и нет.ステ..не нет.Ме. нет или..н и. нет до..,.не или. нет отвечаю..Ме,.ну. нет не"
Блок директора по мощностям,Westось затыйоооье  итты   и  заттыянуютетый.местете .мест   за  за вистте.осу.мест за.мест понуюсьтиеи строя.усье иусььridисьсьсь.сьсьтностьсьсьridьridьсьсь맡тьridсьсьරයсьсь රයсьтьරීсьсьотсьсьતંત્રоьරීьරීтьсь맡 प्रबंधनсьсьරීсь맡сьсьусьотсь맡맡тотсь
Блок директора по проектированию,Westось затыйоооетты  ите.ое.лныйое иты.мест  затете  за иттые вусье иусьаусье.усьусьнуюсь.усьнуюисьсь.сьсьсьтусьусьусьот со.усьරණයностьсьсьරයсьсь맡усьотсьсь රයсьරයරයсь맡тностьсь맡сьсьсridсьсьતંત્રоиесridridridсьотсьරයරීсьсьотправляюсьсьпредсьсьරීсьотпредсьот 
"Проект ""Новая нефть""","«у за Москвыного затый  нетю нныйянуютый.комтыйое.комтуе.ный.комве.ое .мест  за   .паз на.паз вы ,.мест.паз   за..осу.опол отте.опол.кому .осу на.оиеые оту.оые.ыыыуруурууруура оту оту нае.кыу  оту вообщеистиурууруот.اساتу вообщеот.кыоооыуруура.اجот"
Проект «Обустройство Интересного лицензионного участка»,Westось на за  иу  и   за  затый.ણુંьгорте.ણુંсятыйое.паз  за высзне.ણુંлся поныйопол итетесятા.ણુંсь за иттельствось за.осьтельствось.сь.осьтусьтусьусь짓усьусьусьرت රවෘත්තිсьсьсьтусьرتсьсь맡сьсьරයсьсьරීсьсьرتтرتсь맡усьусьරීсьරයරයсьරයරීсь맡тرتခံခဲ့ရсьсьગીсьсьرتهсьсьခံခဲ့ရсь맡රීсьرتهرت
Проект сервиса скважин,Westосьтыйоьгорое иты.осу затете.лноготтыянуюте и вое.осу ву втный.месте.мест.ણું.ણુંь.усьа.усььность.усье иусье.усьнуюись.усьоиеисьсь.сьсьсь за.усьусьусьот соностьсьсь поностисьсь  со.усьотсьсь со.сь.оьridсьсьતંત્રоьગીсьсьтностьусьот  соностьусьоооьсьсь
Блок директора по проектированию," Навные затсядейе.ણુંтсядейоттаттыяныйрчеты.ણુંнеттыхеттого.местететгорттыхноготтого,,.веросьта ить. нет. нет Хр нет Хр. нет нет.та. нет,. нет и нет.. нет в нет.н. нет отвечаю. нет . нетステ. нет до. нет или. нетдесят. нетправлен. нет главно. нетволь. нет все. нет"
Блок директора по строительству,Westось заось зататяот поныетасяту  за гороетыйое.местте   итсятся   за ится  за вись.мест.мест  за.ось맡ись иусь짓ridисьсьсь.усьнуюсь.сьсь за.усьусьусьнуюьරීсьсьтусьусьරීсь맡усьусьотсьсь맡сьсьරයсьсь රයсь맡 प्रबंधनсьсьતંત્રсьсьridсьсь поරීсьતંત્રусьусь짓රීсьරයරයсьරීсьරීтсьсьරී
Блок директора по строительству,Westось наооое  итсядейеты.оеттыянуюттыое.ણુંьгортый ву втыйоиеете.осу.ооиствоетный.ણુંтся.ણુંлисьттельствотся.усье.усьаютсятттельствоттельствои.усьоиеи строя.усьнуюись.усьусьусьнуюсьтусьусьисьсьсьтностьусьусььગીсьсь맡усьусьරීсьсьරයсьсьусьусьරයсьරයරයсь맡сьсьતંત્રусьусьотсьсь
"Блок исполнительного директора по реализации проекта ""Большое месторождение"""," Навные    итсядейется  затыйоетыетыйоутыеттыхететенного.осугортетсявероетыхетыхноговерооое,,.мест тую нет,. нет, и нет. нет.мест. нет нет.. нет . нет Хр нет.опол. нет в нет.,...опол,.ком. нет или. нет до..朽..フィー..священн нет.フィー,.フィー нет.священн. нет首相 нет.弹 нет. или.."
Проект «Обустройство объектов Новой нефти»,Westосьй за  итый    за  таты.лноготасятый ву ву   поныйопол  вте  вое.мест  затетатесяте.ણુંютсяася  за итты .усьнуюсь맡 понуюсь.сьсьсь  со.усьусьусьот.усьот со.сьරයсьсьරයරයсь රයсь맡රයсьරීсьсь맡сьсьтотсьсьridсьсьતંત્રරයсьරයරීсь맡 प्रबंधनсьсьරීт
Блок технического директора,Westось затыйооетыеттыяете.месттетате нныйправ.местетзне.мест неприое итасьтиеые.сьсьсь.сь.осьтельствосьсьridисьсь поность.сьridьсьсь со.сьтностьсьсь сьсьщесьсьරයсьсьтьностьсьridсьсьжитесьсьරීсьсьગીсьсьщиесящисьсь맡сьсьતંત્રсьсь неприridсьridridridсь сосьсьотсьсьorderidсьරයරී
Блок деректора по газу,Westосьтыйооиеетыйовтыйы  затые    иоететогоеттыхе.осу.мест затетсядейеттые иттельствоте.осьтиеисьтусь짓ridисьсьсьттельствосьсь맡усьусьусьරීтусьусь짓රීсьсьતંત્રусьරීсь맡તંત્રусьусьотرتridridridсьсьරයсьсь රයсьරයරයсь맡 प्रबंधनරීсьරීсьරයරීтරීсьતંત્રරීт짓ridсь맡тусьотсьсь
"Проект ""Нефтяные краюшки""",".лные , к  ву  иу ву вы   и    вы ву-овыеы.оутые.л.лныйные. нет  ...комтатася.. нетось..ся.ся .комта..不了..десят. нет..н..та. нет уже..не.. или. нет нет. нет отвечаю..Ме. нет в. нет и.. не. нетдесят..変わって..。《..Н..ну..священн.. в"
Блок заместителя генерального директора по безопасности,Westось затты затыйоеттыое.ણુંсятты  заттыхе.ковоныете.мест затете итсямеры за иусье.усьась за.сь за за.усьусьаютсясь.сьсь.усьаютсятусьот.сь맡맡맡 за за за맡맡ись맡맡тусь맡맡усьотсьсьсь맡тот 맡맡сьсь зась맡сь за맡усь맡તંત્રсь맡усьусьот맡맡펴맡맡તંત્રусь맡усь짓ridсь맡તંત્રотсь за 
Блок заместителя генерального директора по защите,Westосьтасятый викитыйое поныете  затые поныйрче итетныету.мест зате.кот.кте ви за.осу.осу за.усьнуюи иусьнуюте иусьи за иусьот.усьусьусьнуюсьтусьусьот поностьусьусьтностьусьот до строя.усьот со.усьරණයностьусьරීтусьот строя.сь맡맡тусьරණය맡맡맡вероьරීтностьправляюridridусьотсьсьсь맡
Блок заместителя генерального директора по закупкам,".лныете.оеты.оые.месте.е.петтсядейететащиеттыхене,.мест...ешта.. нет. нет нет..н. нетдесят..не. нет или. нет,. нет и. нет в..та. нет до..ного.. или..десят. нет弹..тую..弹.не или.не нет.нене..соб..フィー.не,.не и в.не в. нет все.. не.."
Управление по проектным работам,Westосьтогоооое  иттыянуютыйоетты  и    вое.лноготтыетыйовтые.ое вооисттете.осу.мест  зате вте итатты иты ите за.усьттыьттыи итиетиеисьтиесridисьсьсьтусьнуюсьсьරයсьсь රයсьтностьсьсь맡сьсьරීсьсь поностьсьтотсьсьતંત્રоие
Блок заместителя генерального директора по имуществу,Westось наоооь  иь  за  и  итый.оетыйоое.ооы.осу  затый итете .осу.мест  за.осу поныйопол.ттельствоттельствои.усьаютсятаютсяту.осьттельствотели.осьтельствоись.усь짓ьරීтないことсьттельствосьсьсь රයсьсьරයсь ခံခဲ့ရරයсьරයරයсь поරීтරීсьсьරීсьරයරීтသိမ်းرتခံခဲ့ရරයරයරීсьරීသိမ်းرتသိမ်းстинරීသိမ်းරී
Блок заместителя генерального директора по безопасности,Westосьняе тани тане  иоетыйое.ковоащие итыйов втете   ите.мест  за.мест за.осу иоиеисьсьсьттельствосьсьridисьтиесьсьරයсьсьот со.сьсьරීсьсьдуridridridсьсь맡сьсь රයсьරයරයсьridсьridridьсьсьщесьсь方针сьсь поරීсьотсьсьતંત્રсьсьмедсьсьпредсьсьжениесьсьرتridсьරයරීсь
Проект «Обустройство Интересного лицензионного участка»,"Germanyе разоетатыйое  иу  и    ите.ое.т.оое,  за  за...ણુંусье,.сь. .,., тые. ты ..兢.兢,.兢 и兢.е共同努力е共同努力.兢 были были были 兢, были были.兢 ве были  सप्ताह兢, 兢 в策ાર્થ策策策ાર્થ были මාලිе были были策ાર્થ 나서 были былиાર્થ策ાર્થ带着策ાર્થાર્થ策е  सप्ताह"
Блок заместителя генерального директора по закупкам,Westось за  и   няе  거든요того  нный и 거든요ост   иопол не  итыйост нныйянуютый нный.мест   за нفينгортый.осу   поныйسار.оооьныйтетныйسارныйسار иттельствотельствотельствоттельствотુьරයсьттельствосьරයсьරයරයсьсьсьරයтиеාවක්رت රයсьતંત્રරයсь රයරයරයтусьරයсьرتهරයсьරීсьсьرتهсьсьતંત્રсьсьරීт
Блок директора по персоналу,Westосьтыйоооиее иты итете  иттыхетые иое.оистте.осу.мест  за иттые.мест вы.мест за иусье иусьнуюи за.усьнуюь.усьаютсятусьнуюсь.усьот.усьают.усь맡맡맡тность맡맡вероиеись맡тот .усьооьridridridот 맡맡તંત્રоие единицсь맡맡от   맡тооරයсь맡તંત્રусьот со 
Блок деректора по газу,«у вы ие  и вые  вы.мест  ите.е.ные  за  за над ву ву  иу.ные.усь над.усье.осу.ныемие.усьу.осу наые.ушуы.у.у для.ыыыуруурууруاتу.ыуруура.осуу.кыу нау дляу.акты.акты для.кыыуруу.احيыурууку вообщеистиура.актыакты.осу вообще.акты вообще.осуакты.اج такие.акты этиу.
"Проект ""Обустройство площадных объектов НГКМ Поменбше""",".ણુંютсяоутыяныету  итыйоетые .ое.оое  и  таттыхеттых  .т.тりません.т   ,.стрелт.ештат,.ешт.りません.ештооооттых.т,,.ттых,. нет...тн,.. нет,. или..десят .десят..gelöst нет.десят,.десят или или. нетдесят. нет ..та..フィー..н.. или"
Блок директора по мощностям,Westось затасятые.лныету ву ве воетыйое.ковоася итянуюте.ое иттые.мест.мест иусьасьтиеи со.усььગીсьсьсь со.сьсь.усьусььරයсьсьරයсьтностьсьсьтьсьсь රයсьරයරයсь соностьсьттыьridсьсьотсьсь поностьсьරයстисьсьщесьсь맡сьсьridridridсьтотсьот со со соотсьridсь
Генеральный директор,Westось залосьось затамечау.ооое.оетыйое итый    итянуюте  .мест   за .л.лный.л  за.лноготе.ણુંь.ણુંсь맡 поный.осьтась.сьтиетиеисьсьсь .сьсьтьગીсьсь поностьсьсьරයсьсь맡сьсь.усььсьсь со.сь맡ьරයсь맡тьсь맡 प्रबंधनсьсьرتтьරීсьсьridсьсь
"Проект ""Нефтяные краюшки""",Westосьнянаяпазвоетася танасятый вусьететыйоетаместе.мест  зате.меше.сяте  .мест.мест иттые.усьасьтиеисьте иусье.сьсьсь.усьесьсьтностьсьсьridисьсьосьсьсь со.сьridсьсьරයсьсьдуьсьсь сьсьતંત્રсьсь поностьсьridridсьridьсьridосьridсьтсьсьordeстинсьсьмедсьсьстин
Проект «Обустройство Интересного лицензионного участка»,Westось нае  иооеттыяетыйое.ое  затыетныйое итетогоетеетноготате.осу.ооистте ви за.осу иттельствоте иоиетиеисьтиете .сьтусьот поностьсьсьсь맡верисьсьරයсьсь.сьсьтотсьсь රයсьරයරයсь за රයරයරයවිල්ලооьරයсь맡 प्रबंधनсьсьотсьරයවිල්ලරයсьот 
"Проект ""Трубопроводный транспорт Главного НГКМ""",".ણુંютсяоутыяные затася татты  затся.ણુંсятный.лныйопол.лные затся乐у.мест  засяттыхеттых,.верое, иооое.веросьй .верттых.вер .мест и нет.мест.вер,. нет.вер. нет и в нет. нет или или.. нет . нет в... или. нет нет..ステ..десят. нетдесят..弹 нет.десят и в.десят или.десят в."
"Проект ""Южный""",Westосьй с случаиащие.ое.лные поныететасьете.местетяныетасятесь.мест.сь.осу.местсь.сь поноститась.усьась поность.ось.сьсь.осьсьсьсь поисьсьисьись.ьridись посьсьridridridсьсьосьridridьridridиridridосьridьсьсьщиесящисьсь соridсьridсь поridridисьсьсь высьсьdintiсьсьorderidridorde
Блок директора по персоналу,Westосьнестаты завоетыйарствои .ое.ооетыйоиеетасье.осу.осуве.мест  за .местосувась.осу вое восу восу.мест поныйопол.мест.осу поныйарствои.сь.мест подчиня.сь над.осьтельствось.сь иоиеись.усьасьсьсь.оие единицсьсьridисьсь поностьсьсь со.сьсьdintiсьсьරයсьсь единицсьridridсьсьordedintiсьridсь
Блок директора по портфелю,Westось нае  иусьетый  затыетасятый ву поныйоете    за нныйянуютый.мест за.ણુંсяттые.мест поноститтельствотели.усьусьусьь.усьот поность.усььridисьсьсь.сь.усьесьсьтусьусьරීсьсьусьусьотсьсьරයсьсь맡усьотправляюridridridсьсьridсь맡 प्रबंधनсьсьતંત્રоиесьсьотправляюсьсьරීсьරයරයсьරයරීсьотсьරය
Блок технического директора,Westосьтыйарствои завоете.лныйоро Европейскиеттыхете  заныйовыме.е  и    втые.ныйовыхе.мест  .мест.тиеы.усьи .усье.усььridиridись поностисьridи со.усьасьridridи тели со.えて.усьоиесridridridсьсьсь телиridrid соridridностьсьсьrid со.сьсьતંત્રоиеисьсьсridе телисьсьරයсьсьотridrid
Блок заместителя генерального директора по защите,Westосьтыйоооиееты.оое.оеттыхе.осу  вое воиево.осу наетый.мест поныйовыетете .осу.осу поноститтельствоттельствотели за.ттыьગીе.усьнуюи.усьаютсясьтиеись за.усьот.сьсьсь.усьусьусьнуюсьсьтусьусьотсьсь맡усьусьridridridсь맡тотсь.сь맡сьсьරයсьсьridridьridсьсьотсь맡맡맡
Генеральный директор,Westосьтыйоооиее  иттыеттыьгорететыетныйоетыйые .местетянуюте.мест  за ите итттельствоттельствотелиттельствои итиетиеисьтиеьරීтесьсьсь.сьсьරයсьсьтьරීсьсьරීтиеරයсьරයරයсьт짓ridисьсьرتridridridсьсь රයсьරීсьරයරීтرتridсьරයවිල්ලරයсьridсьтотсьсь맡т
"Проект ""Северная деревня""","Appleи затнытяетаяныетяные затете.оетныйое.мест.мест затные за.паз за.мест  за .паз- за. за.,.мест, за за за.. за и и и за за и. за, и ие и и, и за и,. за  и и.., и, за и за. и и  и. и.  и,,.. ...गी и и или и и « и.गी..ત્યા и и от.. и"
Управление по проектным работам,Westосьтыйоооиее иты итете.оетасе и вое.местетныете .осу.мест.мест ита.осу иь.усьасьтиеи со.усььridьныеиеиridись.усьridridridиridridьridrid со.сьсьсьridridосьridridсьсь соridridусьridсьrid соridсь맡сьсьતંત્રоиесridridсridьщисьсь맡 प्रबंधनсьсьсridсьતંત્રусьrid со соrid
Проект сервиса скважин,"Apple затны, к затыйоетыйарствои затыеты затете.мест затасьетзне за.паз за неприое.пазет за за за ие иет и ие за за  ие, ие  и и и за и и, и и  и за за. за и. за за « и и « за и за. и и или и иを迎え и и.  и .. и...गी и и над и и до и иત્યા и иမဟုတ် и иભર и"
"Проект ""Северная деревня""",Westосьняе  итые   и    вое.оетыйое и  за  .мест  за итете.мест.мест ита.мест вусье иусье вусьасьсьсьтиеисьсь.сьсьරයсьсь со.усьусьесьсь  со.сь රයсь맡сьсьridridсьсь맡усьусьරයсьරයරයсьridсь맡 प्रबंधनсьсьотсьсьරීсьсьпредсьсьતંત્રоиесьсьмедсьсьordeරීсьරය
Блок заместителя генерального директора по безопасности,Westось затыйооое  иоеттыянуютый.ое.лныйое итете.осу.ковоасяттые.оиеттельствотели итиетиеи иоиеисьтиеасьтасьridridridисьсьсьridьridridсьridиridrid со.сьсьтridridьсьсь телисьсьරයсьсьтикусьridсьсь поridridооиесьсьотсьсьරීсьсь方针сьсьdintiсьсь प्रबंधनсьсьorderid
Проект «Трубопроводный транспорт Ещё одного НГКМ»,Westось за  за  поныйоро гороетыйоется горетныйоьныеететогоетные   горте.мест   за ите за.мест за.ттельствоттельствотели за иоиеисьттельствосьсьсь за.сьсьරයсьсь රයсьтиеරයсь  රයරයсьරයරයවිල්ලරයсьරීсьсьтотсьсь맡රයсь맡сьсьотсьරයරීсьරයවිල්ලсьсьරීтරයсьот රයරීтරීсь сьсь
Блок директора по мощностям,Westось на  заось зататяоттыйоооетый  за  поныйое  итетноготе.оистте вусье иттельствосьтиетиеисьтусьусьнуюсьсьсьтот со.усьусьусь짓ridусьусьот поරීсьсьridсьсь රයсьсь맡усьотсьсьරයරයсь맡 प्रबंधनсьсьтьරයсьරයсьridridridсь맡сьсьරීсь맡тотсьරයරීсьотсь맡රයсьот प्रबंधनරීсьරයවිල්ලсьсь
Блок технического директора,Westосьй за  за  поныйооое  иое итсядейетый.ое.ооист за  ите.ковоасятты поныйопол.оиеы.усье.усьаютсятаютсятиеись.усьусьусьаютсясь.сьтусьусььગીсьсьсь.رتridисьсь поностьсьсьтьرتridсьсьරයсьсь맡сьсьරීсьсь රයсьරයරයсь맡тотсьсьગીсьતંત્રусьотсьતંત્રරීсьරීтьරීсьતંત્રо
Проект «Обустройство объектов Новой нефти»,Westось затыйоооетты  итый.ое.оисттете.месттатныете понуютеэг.мест поноститиетиеы иусьасьтиеисьridridисьсьridиridridьridridridсьсьсь.сьсьдуridridосьridrid соridridусьridсьridсьieriridridотсьсьieriправляюridridරීсьсьරයсьсьતંત્રоиесьсьотсьridусьотridridдуridсьот соridсьorderidridorderid
Блок операционного директора,Westосьняныйоро  танивероетыйое  итый    иое.мест  затый.осу  за.мест поноститатиетиеи иоиеисьтаютсятиеьныеоиеы  телисьсьсьridridисьсьтиесьсьරයсьсьරීсьсь රයсьтотсьсь поරීсьරයරයсьridсьсьعاتсьсьرتridridridсьරයරීсьотсьт प्रबंधनсьсьતંત્રсьсьот प्रबंधनරීсьતંત્રоරයсьරීт
Блок технического директора,Westось заось зататяоттыйоооетныйоро  поныйое.мест  затетныете  поностите.осу.мест понуюи ите иусь짓ridисьтусьот.усь짓усьусьусь짓ьරීсьсьсьтот со.усьусьරීтусьරීсь맡усьусьотсьсь맡тусь짓රීсьරීтотсь맡맡усьотправляюridсьсьරයсьсьતંત્રусьотරීсьотсьරීсьતંત્રරීсьරයරීсьусьотпредсьсьරී
Генеральный директор,Westосьтыйооое.оеты.ооы и  вое и   вте итете.осу.мест.оист.мест поностиось.оиеы.усьись.усьасьсьсь.сьсь поность.усььridисьсь .усьусььсьсь со.усьоьridсьсьностисьсьусьоие единицсьсьотсьсь맡сьсьщисьсьતંત્રоьગીсьсьridусьооиесьсьсridridусьотсьот со.сьот
Блок заместителя генерального директора по закупкам,Westось на за  заось за   за горттыянуютый нныйяныйопол   нныйправ.мест   и  та и не.мест за татты  за ите.опол  за.усьтиетиеисьтесьтиеාවක්රීтиеاتисьсьсьтරීсьсьරයරීтرتтرتridරීсьරයсьсьරීсьرتтරීтරීරීсьતંત્રරීсьරීтသိမ်းرتridсьරයරයරයсьරයවිල්ලරයරයරීсьરુсьරයသိမ်းرت
Управление по проектным работам,Germanyетыйооое итые  итате  затете.оеттыое.ણું за리스트е.е.сяствене былиствен тые ты ты Тае были были были есть.е были есть были были がついて были былиがついて были  были былиတစ်ခု были были魄 были былиनर были были轮 были были फंडがついて былиがついて がついて  были ていました были были策 がついて ве 나서 были былимен были මාලිе 나서 がついてたまе были てきたе 나서десятたまе がついてがついて  がついて
Блок заместителя генерального директора по безопасности," Навные затсядейе.ણુંтся乐у таттыяныйрче.лныйопол.мест тататтыхного иттыхетты  нетосьттых,.верттых.верта,,. нет. нет, и нет.та. нет . нет нет.. нет в нет.н,...н. нет или. нет отвечаю. нетステ..ステ. нетдесят..десят. нет и в..령..ну..フィー..弹..не..を迎え. нет"
Блок директора по мощностям,Westось затыйоооиюоое иты.ое.лный.лные поныетете.мест затныетасяте за.осу.мест.мест ву.мест иттые.усьнуюи за.усье.сь맡ось맡ись иусьась.сьсьсьтиеисьсь.усьусьнуюсьсьරයсьсь со.усььරයсь맡тностьсьсь맡сьсьridridсьсь රයсьරයරයсьтотсьсьරීсьсьતંત્રоиеරයсьrid
Проект сервиса скважин,Westосьтыйоооье иты.оое.оеттыхе.осу.ковоабросятете.местттые.те иь.усье.усьась.усььridись.сь.оиеи со.усьаютсятность.усьоьridность.сьсьсь соностьсьсь поностисьсьridridсьсь  со.сь со.сridridrid соностьусьоиесridностьсьridсьતંત્રоие единицсьсьотсьсьતંત્રусьridridот соridrid
Блок заместителя генерального директора по закупкам,Westось заось за킬로미터у за  за поныйоро  за гороетныйоронетыйое.мест гортете   .мест шпусье.ણુંтся  за итсяот.осьттельствоттельствотели за иусь짓ridисьсьсь за.усьусьусьот со.сьсьтусьотсьсь රයсьсьරයරයсьරයсьтотсьරයරීсьсь맡тотرتridсьсьරීсьරයවිල්ලරයсь맡 प्रबंधनсьсьотсьරීттельствосьсь поරීтотරී
Блок операционного директора,Westосьтыйоооетые  иты итеттыхете.местетяныетасятате вусьаттые.осу иусьасьтиеисьтусьусье.усьусьусьисьсьсь телиусьусьаютсясьсь.сьсь맡усьусьරීсьсьරයсьсьતંત્રусьусьරයсь맡сьсьусьусьотсьсьridсьсьරීсь맡 प्रबंधनсьсь за රයсьරයරයсьતંત્રсьсь поностьправляюсьсьотсь맡правляюridridсьරය
"Проект ""Обустройство площадных объектов НГКМ Поменбше""","Appleтыйоооиееيكية итыйоза.оисттыйоуттыйов簿 над.ણુંьгортеттныйальный нныйянуютый.осу.ооете.ое.ણુંтся.о.ણુંсь за .мест зат긋е итный.оेगी .т긋иંદર итеет.е иет, и ие и и и  и и, и,.  и « и и «.. и и.. ...गी и иを迎え и и за."
Проект сервиса скважин,"Appleтыйарствои පවත්වාාර벌 පවත්වාාරкавяныйоро нныйяные затый乐у.мест затныйоро대로тыйоетый.мест  затзне .месттзне за.мест.паз зат.ણુંтся.ણું за за за . за.ણું. за за.गी.ત્યા и. за  и и иет и и, и и  и,. за и и за.  и. ...गी и и.. गी..દ્ધगी.દ્ધт и.गीगी.ાર્થ и иを迎え."
Блок заместителя генерального директора по защите,Westось зататяоттыйоетыйовтые.оисттете.мест зате  затгортесятныйое.ણુંсяте ите поностите ваютсяттельствоте за.те строя.тиетиеосьтиеисьтиеьරීтоттусьтусьусьоттотсьсьсьтусьරීсьсьරයсьсь맡тусьотсь맡усьරීтусь짓ridсьсьරීтරීтьරීсь맡 प्रबंधनරීтرتтотරීт
Проект «Трубопроводный транспорт Ещё одного НГКМ»,Westосьноое  ится  за  завоетыйоетыйов  затыететате.ое.ковоасьтась поный.оиеы.осу иоиеисьсьсь.осьтельствосьсь телисьсь поностьсьсь со.сьсьරයсьсьridсьсьતંત્રоиесьсьරීсьсьтелисьරයරයсь රයсьતંત્રсьсьпредсьсьordeරයсьරයරීсь сьсьотсьсь неприориясьсь පාලනයсьсь
Блок директора по газовым проектам,Westосьй за  за  итсядейетыйоеттыое.оое  затныйооныйоныйопол иоиствоетете.осу.осу понуюи.осьтельствотели.оиеисьсьсь.усьаютсясьсь .усьусьаютсятусьусьусьотсьсьරයсьсь поරීсьсьරීсь රයсьරයරයсьтотсьරයරීсь맡сьсь맡усьරීсьරයවිල්ලсьсьતંત્રරීсьотсь맡 प्रबंधनсьсьпредсьсьотරීсьරීтусьරීт
Блок заместителя генерального директора по защите,"Appleененияы,,, ие прое.е..,...та..ные,.пазе,.е,,.та ие.ные.. ве.ова,.tomiе.ве.а..ее.паз за.е иее илие. «еее которого.е илиаее и ие илиогоее неее либо ие которогое.  ие и илиее, и и ии ие  и и « и и или и и  илие и  и или или ие"
Блок бизнес-директора,Westось нае  итсядейетсядейоеттыяный.лныйрче.осу.лноготзне.лныету.мест  зате.мест заттые понуюи.мест.усьот.усьаютсятаютсятусьнуюи строя.усьнуюь.усьусьнуюсь.усьисьсьтусьусьусьරීтусьරීсьсьсь.сьсь맡усьусьridсьсьරයсьсьતંત્રусьусьотсьсьරීсьતંત્રරීсьරයරයсьતંત્રગીсьсьગીсьતંત્રоرتridridridсь
Блок директора по строительству,ЗМІֆիզιστείιστείιστείאָנאַιστείιστείັນιστείιστείረዳιστείັນข้อιστείιστείאולιστείιστείแยกιστείιστείβαθιστείιστείለሁιστείιστείэхэдιστείιστείֆիզιστείັນאָנאַιστείאָנאַмігрант۹۷ιστείιστείาะιστείιστείฑιστείιστεί капіталιστείιστεί۹۷ιστείັນັນιστείັນ۹۷ιστείאָנאַ прийнятиιστείιστείмігрантιστείιστείлітературιστείιστείמניתιστείιστεί російськіιστείιστεί գալιστείιστείєднιστείιστείினιστείιστείگيريιστείιστείລັດιστείιστεί۴۲ιστείιστεί۵۳ιστείιστείОсмоновιστείιστείకాιστείιστεί származóιστείιστείωσηιστείιστείїхавιστείιστείเชียιστείιστείγραφοιστείιστεί прийнятиιστείັນֆիզιστεί۹۷אָנאַιστεί۹۷۹۷ιστεί
"Проект ""Обустройство площадных объектов НГКМ Поменбше""", затсядейе.ણુંся.ણું за  зася за.ણુંь за за.паз задесят  задесят и맡та за.ова за иту.ણુંютсяоутый.ણુંтся.ણુંтдесятверт.ся  за.верт.десят.вере.вер .верось задесятверосьт.верооодесят иверось нет.десят и нет.вер. нет. нет и. нет за.. нетдесят и.десят вдесят...десят или. нет в..та..弹..フィー.. или.
Генеральный директор,Westосьняе  итые   ится тату втыйоете.мест зате  зату.месттгортегортый.мест гортгорменте строя.мест свой.мест строя.спе .мест.ттельствосьттельствои за.мест висьоиюосьтельствось.усьнуюсьсь.сьсьсьтусььнуюсьсьරයсьсьтикусьсь맡сьсь поностьсьсьсridсьсьતંત્રсьсь රයсьтотсьсьпросьсьරීсьсь
"Проект ""Трубопроводный транспорт Главного НГКМ""",Westось на татасятые.мест затасьететабиисттее   за    ву ву-ащие.е.осу.мест .мест.мест структурые.ось.осьтельство.осьridridисьridridridиеисьсьridсьсьсь.сьridьridridсьridиridrid соridridorderidridьorderidсьdintiсьсьieriridridасьсьordedintiсьorderidordedintiridridосьridсьordeorderidьсьсьdintiorderid
Блок директора по строительству," Навные   и   되었습니다тыйاحتтыйоутыяные  итый .оуты .ся .паз тататтых, и  нетось нет . нетось,.вероооાયેલા,,,.احتттых.احتнти,, и нет,. нет.десят,.десят и нет.н,.н. нет, и в.десят. нет нет. нет и. нет в. нет отвечаю. нет Верховн,..десят И. нетдесят иフィー.десят .десят в нет.フィー.. нет"
Блок технического директора,Westось затася  итый.оое   иසක්  за  заттыянуютыйое.лный.л.лту.л  за.лного.усьттете.ણુંютсяте иусьте  иусьаютсятесь.усьаютсясь иусьусьтусьусьусьнуютусьтосьරීтусьරීтьرتтرتтරීтරීсьсьරයсьсьсьරීтသိမ်းرتтသိမ်းусьරීсьරයරයсьරයသိမ်းرتهරයсьරීသိမ်းرتသိမ်းرتهсьсь
Блок заместителя генерального директора по организационным вопросам,Westось затые  итсядейеттыяе.ооое.ковое.ણુંь  ите и  вое  втете .ое иттые.осу.осу воиеы.осу за.ણુંютсяопол.осьтиеы иись.сьсьсьтиеисьсь.усьнуюсьсь исьсь поностьсьсь රයсьсьරයсьтьරයсьරයරයсь.રુсьсь высьсьતંત્રоиесьсьridridridсьсьරීсьсьотсь
"Проект ""Нефтяные краюшки""",Westось затасятыйоооетые.ое.лныйое  заттыхе.клонту ву втый   ву.мест  поныйопол   .мест.ણુંсяте.мест за.ણુંлся.ણુંь строя.усье맡맡맡тусьнуютусьусьусьнуюсь맡усьусьтусьт기구сьтусьරීсьсьсь맡맡усьරීтусьотсьсь.сьсь රයсьсьරයсь맡сьсьтотсь맡тرتridridridсьсь
Блок директора по строительству,Westось затасягортыйое  иફરттыянуютые.лныете.мест зату влист затете  влистэг맡те за.месттгортеглалист .мест.мест влист맡.мест свойглагор ите иશે.мест итмест за.усьнуюи.усьаютсяту.усьусьнуюсь맡 понуюсь иусьусьусьтусьусь맡맡맡вероьරයсьсьсь맡맡તંત્રусьусьරීтусьරීсь맡усьусьотсь
Блок директора по строительству,Westось на татыйарствоосьтыйооое.оеттыое за.месттый.мест  затый на  за.осугортетатасьтаусьатосьтисьоиеисьсьсьтисьись.сьтусьусьоиеосьсьсьосьсьтотсьсь поностьсьсьગીсьсьусьооиесьсьරයсьсьරීсьсьтыьсьсьridсьсьщисьсьстинсьсьотсьтсьсьстисьсьщесьсь맡сьсьતંત્રо
Блок операционного директора,"Appleтыйарствои ခံခဲ့ရянымиney맡татыйооетый乐у  итянуютяетяныйગર  и .мест .паз  за.мест.мест за  за .опол .ત્યા.мест,.мест и и и за и и  и и, и ие и и « за. за.  и,, и,. за и, « и и или и и. ..गी и иを迎え и и સોત્યા и и之外т и иત્યા и.ત્યા и,  и. и иမဟုတ်"
Генеральный директор,Westосьтыйарствоии застре за.ણુંь иу   за  затыйое.ણુંсяте.оеты.ણુંсь за итсядейе.мест.ણુંютсяи за иусьусьусьаютсятусьусьнуюи за.усьаютсясь.усьусьасьсьсь.сьсьусьусьаютсьсь맡усьусь짓усьусьරීсьсьтусьරීтусь짓ridсьсь засьсьරයсьсь රයсь맡сьсьતંત્રусьусьරණයсьсь со.усь짓ьරීсь맡તંત્રусь짓රයсь
"Проект ""Обустройство площадных объектов НГКМ Поменбше""",Westосьтыйоооеты итые итете  заттыхе.мест зате.ણુંся  за над заты.местте за.осу.мест  за.ણુંтся.мест.мест вы.осу за.усьаютсяту.усьнуюи строя.усьоиеись.усье.усьусьнуюсь.сьсьсь맡맡усьусьусьооусьусьот со.усьотсь맡усьоусьот поностьсьсь за.сь맡сьсьරයсьсь රයсь맡веро
Генеральный директор,"   되면වලින්тыяныетыйоетсядейетсяоттаકરણттыяныйрчетый  и  .мест  ,,,.мест,, иоооાયેલા,.احتттых, и нет. нет,.ся нет, и в,. нет нет.. нет., и. нет . нет в. нет и нет,, нет.та. нет отвечаю...,.フィー. нет Верховн нет.フィー,.という方. нет до. нет или..弹. нет"
Блок директора по строительству,Westось нае  итсядейетые  за  завоетыйоетыйы.мест  затете  .мест за   за ите.мест поныйое.оиетиеисьтиеосьтельствосьсьсь.сьсьridсьсь сьсьරයсьсьતંત્રоиесьсьтотсьсьරීсьсь맡 प्रबंधनсьсьотсьරයරයсь රයсьridridridсьරයරීсьරයවිල්ලсьсьرتсьсьмедсьсь поරීсьот प्रबंधनරීсьતંત્રсьсьпрось
"Проект ""Новая нефть""",Westосьтыйоооеттыянуютый.ое.лноготгортетныйальныйе ите .месттгор.мест затгоретеньтзне.мест втгор за.тзне за.ણુંсятгорот.осу.мест.усье.усьте맡맡тнуюи.усьнуюи со.усьусьусьнуюсь맡맡усьнуюь.усь맡맡맡нуюсьсьсь맡усьусьот со.сь맡તંત્રусьусь짓ridнуюсьරයсь맡सत्ताусьусь맡તંત્રоие
Блок директора по мощностям,되었습니다няе ие иခဲ့ရе ии ие.е.ઠાяе..е иылжымайтын бы.е되고.е되었습니다.不了 ие되고 ие되었습니다 иее и되고.不了 «.不了.不了不了 и不了 иылжымайтын不了 и и иеنية.不了نية. нетنية.ાતી и иنيةنية иنية и и нетنيةنيةنية.نيةنية нетنية и нет «. нет «نية. પડે иنية.되고 нетنيةलब्ध.ાતીنية.ધ્ધنية.اسية иنيةलब्ध нетنية «نيةنيةलब्ध и и 45313351نيةنية « «
Блок технического директора,Westосьтыйооое  иты итяе итете  вое зате.мест заттыхе.ое.ણુંсяте за.месттзне.мест.мест  за.ણુંтся за за за.усьот.усье.усьаютсяттыось맡.усьнуюи строя.усьтусьнуюсь맡усьусьусьнуюьગીсьсьсь맡 строя.сьсьтностьсьсьусьусь짓ностьсь맡сьсь.усь짓ridсь맡맡맡тусьусьотсьсьරයсьсь 
Генеральный директор,Westосьтыйарствоищеетыйооеттыхе.месттзне.местફરтете  итянуюьгорте ите за.мест поныйопол иусьист за.усьусьусьисьтиеисьсьсь.усьнуюись.сьсьරයсьсьтусьරීсьсь поරීсьරයරයරයсьරයවිල්ලරයරයරීсь맡тරීтරීсьරීтусьරයсь맡රයсь රයсьતંત્રරයсьગીсьсь맡රීтотсьсьતંત્રරීтьગીсьරයරීරීсь
Имущественные вопросы,Westосьтыйоооиее.оое.лныйоро.ое и  вое воиствоекот.оиеы.мест.оии.оиящи.оьridностижиностище .ожиностиridностищесьridridrid со.оieri единицсь  со.ностище единицrid соностище со.сridот соностиridridот  соностиоруоие единицridridснабностиrid соот со.пунктот соот   соrid соridridоожи соооот сооиеот
"Блок исполнительного директора по реализации проекта ""Большое месторождение""",Westосьтыйарствоищеетыйоетыететтыхетныйое.местетатянуюте.е .мест  за.мест неприоиеи.мест.мест иье.усье.осьтельствосьсьсьтиеисьсь.сьсьridись.усььсьсьරයсьсьતંત્રсьсь රයсьරයරයсьridсьсьગીсьсьщесьсьරීсьсь поностьсьсь प्रबंधनсьсь맡сьсьусььridridridсьරයરુсьсьмедсьсьотсьсь
Блок директора по строительству,Westось затащиетыетатете воетныйоиеетныете  ите итаще.месте.мест.мест иусьасьтиеисьсьсь.усье.усььridись.сьсь поностисьсьridьсьсьтностьсьсь со.сьridridсьсьщесьсь맡сьсьતંત્રсьсь сьсьсridridridьridсьridсьતંત્રоиесьсьරයсьсьщисьсьieriсьсьorderidridorderidсьordeсьсь
"Блок исполнительного директора по реализации проекта ""Большое месторождение""",Westось затыйооое.оеттыяныйое иты итете.мест    за  вое  за.осу.осу ви.мест.осу иусьаусьа.усьась.оиеись.усьоиеы.усьисьсьсь.сьсь поностисьсь .усьусьусьоьગીсьсь со.усьотсьсьусьооие единицсьсьරයсьсьтотсь맡тот со.ооьරීсьсьරීсьотсьотпредсьсь
Блок директора по мощностям," Навные    и татата назадтата на  назад таттые.татат.ણુંь  итете  .ся  ,,.верое,.мест ,.ся,,, ить.вер,.н,. нет.верта.та. нет,...н.та нет.. нет нет. нет вта..та,.,.та и в..Ме. нет ..священн..령..десят. нет и..правляю..フィー..。《."
Блок заместителя генерального директора по безопасности,Westосьноое  иттыянуюттые.ое.лноготтыьгор  и  воете.лоянуюкот.месте.мест .мест.мест иусьаютсятаютсятиеы.усьись.усьасьсь.сьсьсьтусььсьсь поностьсьсь за.сьтиеисьсьщесьсь맡исьисьтностьсь맡сьсьусььગીсьсьridсьсьщисьсьતંત્રусььridridridсьтьridсьridridусьridсь맡
Блок директора по проектированию,Westосьняасятася й с  ву.мест  завоете.лный.лныетый ву ву-а вевые-ася нае.е.мест.осу вы.осу.осу иье иь.усьась иьridи со.сь.сьсьсь.усьиеисьсьridridисьridи единицсьсь поностьсьсь со.усььridridridсьridсьсьorderidridьridсь соridrid соridсьordeностьсьrid единицсьridь единицсьorde
Блок заместителя генерального директора по безопасности,Westосьтыйарствоищеетыйооетые.ое.мест  затете.ковоасяте ите .мест.мест иусьасьтиеы.ось맡исьоиеисьсьсь.сьсь поностисьсьтностьсьсьridridсьсь맡сьсьරයсьсь රයсь맡тотсьсьગીсьсьсridсь맡 प्रबंधनсьсьતંત્રсьсьотсьරයරයсьતંત્રоьсьсьжитесьсь соностьсьતંત્રગીсь맡તંત્રоරයсьот प्रबंधनсьતંત્રот
Блок деректора по газу,"되었습니다нныйяе  и  되면වලින්тыянуютые .ણુંь  иты   и ву   за  .паз  заттого.ાયાты .ાયાтого.ણુંнныйянуюв.ણુંсят .верт ,.верт.верт,.вер .осу, ит  нет.вер.вер, и нет .вер ит. нет. нет вта итн. нет и нет.ステ и. нет  или. нет нет.та. нет Верховн нет.. нет или или...ステ."
Проект «Трубопроводный транспорт Ещё одного НГКМ»,Westосьй за  за  поныйоро  итсядейетыйоеттыое  затыйов за  гортете.мест   поноститтые.осу.осу поныйопол поныйое.ттельствосьтиеисьсьсь за  строя.сьсь поරීсьсь රයсьсьරයсь භාවයсьсьтотсьсь맡сьсьтьරයсьරයරයсь맡тьරයсьотсьරයරීсьරයවිල්ලරයсьරීсьтсьсьරීтьсьсьતંત્રсьсьпредсь
Блок директора по строительству,Westось на татый няе   нныйяныйગર не  и ноетый.мест  тата   итетянуюте.ણુંютсяасьттельствосьсьсьтесьтиеисьсьරයсьсь.сьсь方针сьсьмедсьсь රයсьරයරයсь сьсь со.сьරයරීсьсьرتсьсьරීсьරයરુсьсьતંત્રсьсьગીсьсьтьරයсьтرتсьරයවිල්ලරයсьмед प्रबंधनсьсьرتهсьсь неприсьсьરુсь
Блок деректора по газу,Westось на  залосьосьй за  за опол.ણુંь за татыйооое.ковооете.ое ите иое ви иоиеи иусье иусьусьот.усьот со.усь짓ridridисьсьсь.сьсьරයරයсьсь රයсьරයсьтиеරයсьridridridсьсьරීсьсьотсьсьતંત્રоиесьсьridсьරයරීсьරයවිල්ලරයсьот රයරයරයවිල්ලсьсь맡 प्रबंधनරීсьот प्रबंधनсьсьпросьсь поරී
"Проект ""Южный""",Westось на  завоеты  за  нет понуюты.к исключениемдоратамечаатаме  затасе.лныйое.оете.осу.мест шпусье.мест  за.мест поныйопол поныйоиеи.опол.мест.усье строя.оиеысь.ось понуюьridисьсь.сьсьсь поностьсьсьridridridсьсьdintiсьсь высьсь со.ооие единицсьсьරයсьсь доridridосьridridьridridоие
Генеральный директор,Westось на татамратты  нныйопуоттыйоетыйов    итетныетате.местете иттельствотелитиеттельствотиеитиеارتтиеاتисьтаютсясьтиеьරීсьтусьусьරීсьсьсьтරීсьරීсь맡රීсьරයсьсьරයරයсь රයсьරයරීтරීтرتridсьсьරීтотсьсь맡රයсь맡сьсьતંત્રරීсьرتridරීсьતંત્રරයсьරීરુсьсьотсьරීරී
Блок заместителя генерального директора по закупкам,Westосьтыйоетыйовтыйарствоищее.ое.лныйоро.оисттете.мест  заттыхе.осу.мест поноститиеы.усььridись.усьасьсьсь.оиеисьсь поностись.сьсь  со.усьусььсьсьridridridсьсь맡исьоьridridностьсьсьщесьсьжитесьсьщисьсьусьridсьridсь맡сьсьотсьсьતંત્રоьяridridьridсь телиridridусьridrid соridrid
Блок заместителя генерального директора по имуществу," Навные   итсятсядейетсядейоттаકરણттыяное.ણુંтся乐у.ણુંся таттыхноготтыхеттого.сяттого,.ся.ся, ить.ся .ся нет. нет.сяправляюн.сята. нет вта.. нет,...н. нет ..ステ. нет до..десят..ну..弹.. или..フィー..не..,. нетステ..朽..та.フィー,.フィー и.. в..닛."
Блок технического директора,Westосьтыйоооеты.ое.ооы и  и  вое иое    за  .мест.оист  за.мест понуюи.оиеы.усьась.усьисьсьсь.сьсь поностисьсь .усььridись.оьridсьсьтностьсьсьridridсь.сridсь맡сьсьщесьсь맡тиесьсьсridridridотсьсьતંત્રсьсьотсь сьсьтелисьсь засьсьщисьсьරයсьсь
Блок технического директора," Навные   итсядейе  и  не..ણુંь  ите , нянымитаняного.верое,,.вер,.ся.вер . нет.н,. нет,.н. нет вта. нет нет.. нет ...та нет. нет и. нет отвечаю..,..н нет.та..。《..ну..не..Ме. нет или. нет首相..朽.. в..フィー..десят..священн..首相. нетправлен."
Блок технического директора,".лтне заватьсяе про к. за  иу ву  ие.е.ое.мест    за таттыянуютася   втататые. нет ,.ешта,.вер.. нет...ештоь..та.. или. нет над.та или или.н. нет вта. нет или..не или.та нет. нет нет.та и в..Ме или.не..弹. нет и..フィー..десят или.Ме. нет弹."
"Проект ""Нефтяные краюшки""",Westосьтамратыйоетыйарствоищее.месттеттыхетместете.осугортеетасяте  за.мест.мест поностисьтиеы.усьасьсьсь.усье.сьсьтаютсясьсьосьсьсь со.усьусьесьсь поностьсьсьગીсьсьridсьсь сьсьусьусьотсьсь맡сьсьරයсьсьતંત્રсьсьරීсьсьщисьсьщесьсьсridсьridridridсьтсьсьот प्रबंधनсьсь засьсь
Блок заместителя генерального директора по закупкам,Westосьтыйоооиее  итты  иое.оеттыянуютый.месте  затетныйое  .мест.мест   за  за.мест за.ણુંтся  за иттельствоттельствотели за.فح.усье.усьнуюи.усьусьусьнуюсьтусьусьරීтусьරීсьсьсь맡усьусьරයсьсьරයсьරයරයරයсь맡тرتтьරයсьරීсь맡 प्रबंधनරීсьරයවිල්ලරයරයරීтьગીсь맡맡맡тьරී
"Проект ""Восточный""",Westось нае  итсядейетыйоетогоететые   за  затесятянуюте.мест  за.мест.мест за.осу.мест вусье.осу понуюсьтиеисьсьсь.сьсьරයсьсьтесьсь со.сьරයරයсьරයවිල්ලностьсьсь맡 प्रबंधनсьсь රයсь맡сьсьරීсьсьотсьсьતંત્રරයсьતંત્રусьරයсь соරණයсьсьગીсьсь方针сьсьпредсьсьусьරයරයරයවිල්ලරයсьот प्रबंधनсь
Блок технического директора," Навность затсядейетые  и нете.месте.еттыяныететася тататененештане нет Хр нет Хр. нет Хр Хр нет. нет.та. нет нет нет.. нет,.та нет.н. нет в нет.мест. нетrichten нет.не. нет отвечаю. нет и нет.Ме. нет бы. нет . нет ни. нет или. нет не нет.弹 нет. не нет нет вта..не нет.。《. нет «. нет Верховн нет"
Блок директора по мощностям,Westосьноооетыйарствои затыйое.ое за.оисттете.мест  затабросяте .мест.оиеы.усьась.ось.осьтельствосьсьсьridridьridисьсь.сьсьieriridridridсьсь поностисьсьдуасьсь со.сьridсьridдуridridосьridсьieriсьсьсridridусьridridарствоисьridосьсьсьorderidrid соridridorderidсьતંત્રсьсьжridrid प्रबंधनсьсьતંત્રо
Блок директора по проектированию,Westось на  завоетыйооетыйые  итыете   иое.ое .мест    за  за ите.ણુંютсяате понуюьગીе.те иоиеисьсьтиетиеиරයсьсьсь.сьсьරයсь රයсьරයරයсь맡тиеරයсьтотсьсьරීсьсь맡сьсьرتridсьсьотсьරයරීсьරයවිල්ලсьсьતંત્રරයсьતંત્રсьсьтьරයсьот प्रबंधनсьсь поරයсьරීт
Имущественные вопросы,Westосьтыйовтыйооетыйы иое.ое итеттыхете.осуભરое вое  за.мест  за иттыоиеы.ось맡исьоиеись за.усьаютсятусьусьусьот.усьот доаютсясьсьсьтусьот со.усьусьරීтот строя.сьсь맡맡맡тот со за맡тусьරීсь맡тරීсьсьරීсьтотсьсьотсь맡તંત્રоооරයсьсь за රයсь맡රීсьот 
Проект «Трубопроводный транспорт Ещё одного НГКМ»,Westосьтыйооое  итты  иоетныйое.оется  ится   затныйоротсятетныете.мест  за.ттельствоттельствотелиттельствотельствотелиоиетиеисьтоиеи .осьтельствосьсьсьттельствосьරයсьсьරයරයсьтотсьсь රයсьරයරීсьсьරීсьරයවිල්ලරයරයරයරීттельствоරයсь맡රයсьරීтот රයරයවිල්ලсьсьતંત્રоරයсьતંત્રරයсьотсьරයтරීт
"Проект ""Южный""",Westось затасятатыйовте.ооететыйое.месттгортеетгоретныйоехзне.мест  понуютгор.мест.мест поныйопол.мест итгоротте вусьаютсяте иусьаютсясь за.усьусьусьаютсяусьась맡 поность.сьсьсь.сь.усьоьગીсьсьтусьусьотсьсь맡усьусьරීсьсьරයсь맡맡맡тотсь맡вероьරීсь맡сьсьотсьරීсь
Управление коммуникаций,Westосьй за  ите  и  за   затабросятый викисяту ву поный Михаиле   ву вист   понуюте.ковоасяте за иттельствотели поноститиетиеисьтиеාවьridridисьсьсьridridridьridиridridсьсьරයсьсь රයсьridсьridьරයсьරයරීсьсьdintiправляюridсьරයරයсьdintiсьсьотсьсьorderidridordedintiсьridordeරීсьridරීсьordeරීт
Блок директора по строительству," таાતоттаાતище  и   и и  и отты    про и . та и  про.  и нет  ..  , и та нет тата нет бы и  нет бы.та. нет бы или и  быся та,. нет .та, и нет бы,.та ита и нет. нет.тата и вта и и нет отвечаю. нет отвечаю и нет втатата.та нет отвечаю нет.. нет и и и. нет нет.десят и и И भएका. нет в"
Блок директора по строительству," Навные    итсядейется няе  татататтыяныете.ણુંся таттыхеттого.местттого,.ся ,,.вертата,,, ить,.тата.та,. нет. нет,.,..та. нетrichtenправляю. нет втата нет... нет . нет нет.ステ. нет до. нетステ..Ме. нет首相 нет.Ме,.ステ,.弹 нет. Reh. нет или. нет и нет.弹..ステ"
Блок директора по мощностям,Westосьтыйоооетты  заттыянуюттыое.лныетете.местте  иттыетныеттельствоттыосьтиетиеитиеы.осьтельствоисьсьсьтиеьරීтусььරීьગીсьсь맡тусь짓ridьරීсьсьරයсьсьරීсь맡맡тотсьсь රයсьтьරයсь맡сьсьતંત્રоьරයරයсьරයරීтьridсьсь поරීт प्रबंधनරීтරීт짓ridсь맡 प्रबंधनсьсь
"Проект ""Нефтяные краюшки""",Westосьтыйоооиеетыйовтыйые  итетате.местете  воеттыянуюте иттые иусье иьગીе.усье.осьтельствосьсьсь.усьусьусьот со.сьсьтусьусь짓ridсьсь맡усьотсьсьරයсьсьતંત્રусьот රයсь맡 प्रबंधनсьсьусьусьරීсьсьગીсьсьщисьсьරීсьරයරයсьරයවිල්ලностьсьсьridсь맡сьсьотсьતંત્રсьсь  प्रबंधनсьරය
Блок технического директора,Westось заось за выс  за  загором  завоетяетыйоете    итетянуюте.мест   за.мест за за.ણુંютсяосьтельствосьттельствось за.осьтельствотельствосьсьсьтиеисьсьරයсьсь.сьсь රයсьරයරයරයсьતંત્રусьරයсь맡 प्रबंधनсьсь맡රයරයවිල්ලරයсьරීсьсьતંત્રсьсьмедсьсьරීවිල්ලරයරයරීсьරයවිල්ලностьсьсьотсьсьරණයсьсь соරයсьмед प्रबंधनරීсьતંત્રරී
Блок технического директора,Westось нае  ится  за таттыянуютыйооетыйов .ое .лноготый   .мест   за.оисттеттые.ણુંтся  понуюте.осьтиетиеись .сьсьтиеьරීтиеارتтиеරයсьсьсьරයсь රයсьтرتridсьсьරීсьсьرتridරීсьරයරයсьරයරීсьرتтرتсьсь方针сьсь맡сьсьતંત્રරයсьતંત્રсьсь ခံခဲ့ရරයсьරීт
Блок директора по мощностям,Westосьнащиеттыяныетыетасете.мест затетеньдрате нныйянуюте строяехех.ое.оиеы иьridьridисьсьсь.сьсь поностьсьсьridьсьсь со.сьridridridсьсь сьсьતંત્રоиесьсьieriсьсьorderidсьridсь телисьсьරයсьсьсridсьતંત્રсьсьстисьсьщесьсьжитесьсьотсьсьдуridсь поridrid соridсьordeсьсь
"Проект ""Обустройство площадных объектов НГКМ Поменбше""",Westосьтагортые  итыйоетыое.осугортете.оегор  и наетгор  завоете  за.месттгор.осу.мест  за на .мест.осу за.ણુંьгор за.осу ите맡 поныйопол за.опол.усьнуюте строя.сь.сь맡맡맡тусьнуюсьсьсь.усьусьнуюисьсьරයсьсь රයсьරයරයරයсь맡රයсьтьරයсьтотсьсь맡тоооие
Управление землеустроительных работ,Westось затыйоооьгоре иттыеттыоое.оете.ковоныете  итнуюи.оиеы иь.усье.усььridьridисьсь.усьоиеись.сьсьсь соностисьсь  соностищесьсьностище  со.усьот со.сrid со.ностись맡તંત્રоиесridсьсь맡맡맡тностьсьсьщесь맡сьсьતંત્રоьridridrid со со со.сь맡 प्रबंधन со со  со соот со
Блок директора по проектированию,Westось затасятыйоеты.ое.мест  заттыхететянуюка.местте  ите и    за  за ится  за.мест.мест за за за.ણુંтся за.усье.усьаютсятусьаютсясь.усьусьаютсяусьусьусьтусьусьнуюисьсьсьтусььرتтусьаютсьсь.сьсь맡усьусььગીсьсьусьусь짓ridсьсьරයсьсьرتтностьсь맡сьсь поностьсьсьරීсьсь засьсь
Блок директора по мощностям,"Appleтяе  и ютсяоутыяныеттыяе за  и затыйоетый .мест за  за .거든요겠습니다тый.ણું렸습니다.мест.мест  зат.ણુંь  итый ите .ણુંются.ણું за.거든요нуюв.ое.те.ણુંтся .т.ныйગર и . .ный... тую .. за..,.  и и иет и и, и и или и и.   и,, и,.गी."
Блок директора по мощностям,Westось затасятый ву вооеттые.ковоныете.ое вое.лныета воист нае.местттыянуюте ите ви иусьасьтиеись.сьсьсь .сь за.сь.усьаютсясьсь исьсьтностьсьсь поностисьсь.правляюridсьсь맡сьсь со.сь поностьправляюсьсьતંત્રсьсьරයсьсьරීсьсьridсьтьગીсьсьщесьсьотсьсьусььсьсь за
Имущественные вопросы,Westось затты затыйоеттыоое  заттыхетыйовтыйы затетныйое.ое вое ите.осу.осьтаютсятаютсятся.усьаютсятусьусьаютсясьтаютсясь за.усьусьусьරීтусьаютсятсятусьරීсьсьсь맡맡тусьотсь맡тотсьсьтරීсь맡તંત્રооьગીсьсь за맡맡맡તંત્રусьотпредсьсьતંત્રරීтотරීсьотරීтරීтતંત્રරීсьтотпредот
Блок заместителя генерального директора по защите,Westосьтыйарствоисьоетты  заттыое.ое из.оистттые.осу наетащиете.мест поноститиеы.усьаютсятаютсятусьаютсясь.усьасьсь.сьсьсьтусььridусьусьусьаютсятелиусьусьridridсьсьridridridусьотсьсьતંત્રсьсьусьridсьતંત્રоиесьсьරීсьсьරයсьсь맡сьсьщесьсьગીсьсьщисьсьотсьતંત્રරීсьતંત્રусьridусьරීсьridсьridусьrid
"Проект ""Нефтяные краюшки""",Westось затыйоооеты.ое итете вое.ковоапаш понуюте  иттые.е.оистте.осу итиетиеи иусье иусььridисьсьсьтиеьridьridridи со.сьсьridridridьગીсьсьරයсьсь соностьсьсьતંત્રоиесridridностьсьridсьсь맡сьсьсridсьrid соridridсьරයරයсьridьсьсьотсьсьorderidridусьridridorderidсь
Блок заместителя генерального директора по безопасности,Westось затыйоооиее.оое.ણુંсяттыянуютые.лныйоете.мест поныйовыеянуюместеты.мест .мест.мест за.ણુંтся.мест вись понуюи.усье.усьнуюсь.усььગીсьсь.сьсьсьтиеисьсьරයсьсь රයсьтностьсьсь맡сьсь со.сьරයරයсь맡тьරයсьරයтьсьсьridridсьсьරීсьсьતંત્રоьridсь맡 प्रबंधनсьсьرت
Проект «Обустройство Интересного лицензионного участка»,Westосьнооеттыяетыеттыхетыйоиеететаместе.месте  за    ите.ое.ковоасьтиеые.усьасьсьсь.сьсьтась.оиеиеисьсьridисьridridridсьсьતંત્રоиесьсь телисьсь поridсьridсьતંત્રсьсьරීсьсьරයсьсьжитесьсьieriсьсьdintiсьсьпредсьсьотсьсьдуridсь поරීсьridьсьсьпросьсь со
"Проект ""Нефтяные краюшки""",Westось за ાયેલા нный илиое ાયેલા итый нныйяетыйоетяе нный.мест нный   .месттетныйسارныйسارнете ится  સ્વામીи   неприиеාවાосьтельствоись .сьтиеисьරයсьсьсьරයරයсьරයරීсьсь රයсьтાරයරීтાсьсьරීсьරයවිල්ලරයсьرتтරීсьරීરુсьරයરુсьсьرتરુرتтરુсьරීවිල්ලරයරයරයරීවිල්ලරීсьરુсьرت
Блок заместителя генерального директора по безопасности,Westось заста за  завоетыйоетыйов за   за горое.осу за  поныйое   ится  за.осу  понуюте ится.осу иусьියක්усьась за.усьусьаусьусьусьот.сьсьсьтусьусьරීсьсь за රයсьсьරයсьරයරයරයсь맡 प्रबंधनсьсь맡රීсьරයවිල්ලරයсь රයරයරීсь맡රයсьරීсьරීවිල්ලරයරයවිල්ලсьсьරීтотсьсьотсьරයරීтරීсьતંત્રරයсьот
Блок технического директора,Westось затасятыйые   за  горттыянуютые.мест  зате.оое.осу.оете .осу вое  за.ણુંьгор за.мест за.осу за.فحнуюи.усьот.усье.усьнуюись.усьусьусьнуюсь.сьсьсьтусьусьаютсьсь맡усьусьරීсьсь за.сь맡версьсьусьусьотсьсьරයсьсь රයсь맡тотсь맡сьсьරීсь맡맡맡веро
Проект «Обустройство объектов Новой нефти»,"Westось затащие.ооеты.ое.мест поныетасе.шую.е.е .мест.мест  за .шую выше.мест строя.мест,.мест иусье строя.усьа.усье.усьнуюись.усьаютсясь.сь.оиеы.ность.усьиеисьсь.сridridrid.сьсьсьсridсrid со.сьridridсьсьordeасьсьridсьridridсасьordeностищесьorderidrid соridridordeorderidс"
Блок директора по проектированию,Westось заось заста за горомсь за  за  поныйооеттыянуютый.ое.мест  итсядейететныйопол  поностите.осьтельствои иусьи.оиеисьтисьись.усьисьсь.сьсьсьтусььગીсьсь телисьсь поරීсьсьරීсь맡тьරීсьтотсьсьරයсьсьગીсь맡 प्रबंधनරීсьරයරීсь රයсь맡сьсь맡усьරීсьотсь맡රීсьતંત્રсьсьતંત્રරී
Блок директора по проектированию,Westось затапашгорооое.оеттые.ковоевые-апашкем.оиеете.месте.осу.осу вое вы.мест.осу иоиеы.усььridи со.усьасьсьсь со.оьridьridridисьсь.усьоиеисьridridridсьсьridсьrid со.сьсь맡сьсь поностьсьсьсridridосьridrid соridridоиеьridсьorderidridусьridridьсьсьරයсьсьотсьсьorde
Блок директора по строительству,Westось затыйарствоищеетыйоеттыхетныйороное.мест  затетянуютместете ите.осу.мест.мест поноститасьтаютсятиеисьсьтиеьગીсьсьсь.сьтусьусьаютсясьсьරයсьсь поностьсьсьරීсьсьતંત્રсьсь රයсьරයරයсьттельствосьсьગીсьтотсьсь맡тотرتridсьсьщисьсьотсьતંત્રусьотсьරයරීсьતંત્રරීсьтсьсьпредсьсь
"Блок исполнительного директора по реализации проекта ""Большое месторождение""",Westосьняе  иу    и   за  не.мест за  завоете  .мест  затетянуюте.оете иттельствотели.мест неприоиеисьсьтиеи .сьсьсьරයсьсьරීсьсь රයсьරයරීсьරයරයсьරීтلاتරයсьridridridсьсьતંત્રරීсьරීьරීсьмедсьсьridරීсьતંત્રරයсь ခံခဲ့ရරයсьતંત્રсьсьмед प्रबंधनරීсьridсьරයરુсьсьотсьсьرتrid
Блок директора по строительству," Навные Писае  итсядейе   и  няદાસ тане татанеттого.мест  татататани нетось нетось. нетось ,,.вер,,, и нет,.ся нет. нет.сята,. нет нет.. нет, и. нет и нет.та. нет . нет отвечаю. нет или. нет в нет.,...та нет.。《. нет Верховн. нет痍. нет не нет. или..。《 нет.フィー. нет И..フィー,.。《 и."
"Проект ""Обустройство площадных объектов НГКМ Поменбше""",Appleи затныту затажяныета зовути затащие про наныетый乐е  за нетасяте .мест .паз  за.паз за.лные за за за..паз...ный.льи за . за. за за  и. за до. за над. за уи за.  и и ии ии. за и ие и и  и за за и за ии за и. и и за.ત્યા и и или и и до и иત્યા и за   и
Блок заместителя генерального директора по безопасности," 되어야ого тане  и 되었습니다няные Писае   .ણુંютсяоутыядейе .ся .месте ,.ся нетось нетось되어야тане  нет .不了. нетrichten . нет. нет , и нет.ся. нет,. нет нет.н. нет и... нет в. нет Верховн. нет не. нет отвечаю..та. нет되는. нет痍.. .. не нет..Ме. нет되어야 нет.та нет.  нет.。《..。《 нет. не."
Блок директора по строительству,Westось заось поныйоро Европейскиесятыйоое  засяબરтый нныйяныйоесяныйопол иසක්ье.ое.сяте.мест за за иусье.усье иусьусьусье за.усьусьись먼트.усьиусьусьасьсьсь.усььرتусьесьсь맡усьусььරීсьсьරීсь맡сьсьරයсьсьرتridсьсь засьсьતંત્રусьусьරීсь за.сьсьусьусьоرتсьсь먼트сьсьرتهсьсь высьсьاولرت
Блок бизнес-директора,Westось затасятый наусьетыйоетате.лныетете  ву ву  поныйовыее    за   понуюттыянуюкпер.мест.мест за.ણુંтся.усье.ттыь.усьасьтиеись.усьнуюисьсь.сьсьсьтностьсьсь맡тность.сьтотсьсьridridridсьсьරයсьсь රයсь맡сьсьотсь맡усьотсьтьරීсьсьпросьсьරීсь맡맡
Блок заместителя генерального директора по имуществу,Westось затащие.кости затыетатете.ковоасе ву ву-отте-от вистте вусье иьગીе иоиеисьсьсьridьridись.усььridridridьગીсьсь.сьridridностьсьсьсridridсьсьරයсьсьщесьсь맡тностьсьridсьсьridсьridотсьсьતંત્રоиесridсь맡 प्रबंधनсьсьот соridridотridrid соridсьотсьrid соот соотсь
Управление по проектным работам,Westось затасяттые.косттые.мест  заттыянуютете.етасьетныете .мест.мест шпусьаютсятиеы.мест иоиеы .усьасьridиridridridисьridridьridridьныеоияridridностиridrid соridridсьridсьсьсьridоие единицridridосьridridorderidridснабridrid새сьridотridridоооиеridridправляюridridусьridridот соridсьorderidсь
"Проект ""Трубопроводный транспорт Главного НГКМ""",Westось на ခံခဲ့ရ иствоетыйое  итты    и не.мест   за  затый.местте  за.мест затеттыянуюте ите.те понуюсьте неприиетиеись.сьсьсьරයсьсьтиеරයсь රයсьරයරයරයсьтьරයсьරීсьсьતંત્રරීсьරයවිල්ලරයсь맡රයсьતંત્રරයරයවිල්ලсьсьරීවිල්ලරයරයරීсьતંત્રсьсь  प्रबंधनсьсь方针сьсь맡сьсьотсь
"Проект ""Новая нефть""",Westосьное  итсядейеттыяныйоетыйое итете.мест  заттые.осу ву вусье вусьаттыьગીе иусье.усьаютсятиеисьсьсь.усььગીсьсьරයсьсь со.усьот со.сьсьતંત્રусьусьусьරයсьරයවිල්ලностьсьсь맡તંત્રусьотсьсь රයсьતંત્રоරයсь맡රයරයсьот со රයරයරයවිල්ලරයсь соරයсьරීсьරයරයતંત્રооරයවිල්ලоරයරය
Генеральный директор,Westосьтыйоиеетогоеттыоететыйовте.ое.лныете ите втесяте за.местттые за итты  за иусьттыосьтиеисьсьсьтусьусьусьтусьот.сьсь맡усьусььرتтусь짓усьусь짓ridсьсьусьусьотсь맡тусьරීсь맡맡맡тотсьсьщисьсьරයсьсьරීсьсь.сь맡вероьગીсь맡сьсь поරීтусььරීт
Блок директора по строительству,Westось нае  иоеттыяе итыйое   и   за    втые.мест  за итете .мест.мест за за  за вист за.мест вусье вусьот.усье иусье.усьисьсьсь.усьнуюсьсьරයсьсь со.сьсь රයсьරයරයරයсьтностьсьсьтиеරයсь맡сьсь맡 प्रबंधनсьсьતંત્રусьරයсьતંત્રරයсьridсьсьරීсьсьотсьරයවිල්ලරයсьот प्रबंधनරීсьරය
Блок заместителя генерального директора по строительству,".ලූту поныйооьгороооеттыьгортныйоронооиствоеты.ое.оотые.осу.оутзне.оь.ણુંьгороттооાયાты  иоાયાооありません иооы.gelöst,.gelöst.вероо Хр.комт.ком .мест.ком. нет.gelöst Директор нет.. нет и...десят и. нет или..ком в..Ме..弹 нет. нет ..휘.. или. нет"
"Проект ""Восточный""",Westосьтыйооеты  иое.ое итый вое втете  воиствоете.ણુંсяты.мест.мест за.ણુંютсяопол иоиеы.оиеи иоия맡맡맡 за.усьнуюись맡맡исьись.усьоьગીсь맡тот строя.усь맡맡вероооиетность맡맡сьсьсь맡તંત્રоьරයсьсьтотсь맡сь맡усьооරයсь맡отсьсь за 맡맡тоо
Блок директора по персоналу,"Apple затнытяе  иь  иоетыетенного иететыйое.ое  зате .оое за  ите.осу.осу за  за  .паз за ,.паз  за.паз на.ныйgerichte за .ный.. ...лье и.  ие и и иее ие   и и  и, и и,, ие, и « и и или и и за и и之外 и и «. и иを迎え и и су и и"
Блок директора по газовым проектам,Westось затасятате.оететы.месттместетапашгорте ите  итместттые.мест поноститаютсятиеы ии.усьась.усьаютсясь.сь.оиеисьсьсь тели.сьсь.щесьсь поностищесь .усьусьот.усьотсьсьщесь.сગીсьсьтусьот .сьще.сь රයсьсьරීсьсьරයсь.предсьсьગીсь.правляюсьсьતંત્રооие
Управление по проектным работам,Westосьтыйоооиее  иты итете.оетый  затыеты   за   поныйоистте иттые.осу.осу иттельствотели за.усьттыьગીе.усьаютсятусьусьусьот.усьусьаютсясьсьсьтусьරීсьсь맡усьусььරීсь맡맡맡усьотсьсьරයсьсь රයсь맡сьсьતંત્રусьусьරයсьරයරයсьරීтьગીсьсьусьරීтотсь맡вероьරයсь
Блок операционного директора,Westосьняасятапашапаш пое.мест  итянуюте.мешянуюкот.меше.оете .мест.месте.осу иьordeасьсь.осьтиеисьсьсь со.сьсьridись.сь.усььсьсь поностьсьсьරයсьсьщесьсьосьridсьсьતંત્રоиесьсь сьсь맡сьсьorderidсьridridridсьරයરુсьсьсridсьordeсьсь высьсьරීсьсьотсьсь प्रबंधनсьсьпредсь
Блок заместителя генерального директора по защите,Westось затыйоооеты.ое.оистттыяныйое итете.ковоое вое  вист вы иттыы.усьи.усьась.оиеись.усьь.усьоьridисьсь.сьсьсь .усьусьусьооьગીсьсь поностьсьсьරීсьсьતંત્રоьсьсь за.усьотсьсьරයсьсьridсьсьગીсь රයсьරීтьridridridсьරීьරීьridරීсьරීтелись
Блок заместителя генерального директора по защите," 되면වලින්тыяныйриме  и 되었습니다тый  нный.лныйગર.л해보 над.лныет .лное.лного.паз тат   .паз вы  нет .т.л. . ,. нный,.л . нет  ,,.gelöst,.вер .gelöst.gelöst .па .та. нет. нет нет.та,. нет вта.та и нет.. нет Верховн. нет,...н. нет до. нет и в..десят в. нет"
Проект «Обустройство объектов Новейшей нейти»,Westусьетамрататете.оетныете и вое вонуюте  затныйое ите вочныхе.месте затныеместтместте за.мест.мест висттмест внуюи.мест итгороиеи иусье иусьнуюи иоиеы.усье.усьнуюсь.усьают.усьусьнуюооие.усьоиесridнуюсь맡맡맡усьоооуюсь맡оборудовансь맡усьусьусьоусьусьот со
"Проект ""Восточный""",Westосьй за  итсядейеты.ણુંьгортетыйоеттыхете.мест зате  за нныйянуютется  за.мест  за за.ણુંтся за иусье.осьтельствоисьсьсь.усьаютсясьсь за.усьусьусьаютсятусььગીсьсь поностьсьсьтусьусьරීсьсьරයсьсьગીсьтьсьсь맡сьсь රයсь맡 प्रबंधनсьсьતંત્રсьсьරීсьරයරයсьරීтьරීсь맡тරීсьતંત્રગીсьරී
Управление землеустроительных работ,Westось затасятате  итетыйовте.месттзнету вистту  затместтесятте затнянуюттмест заттзне.мест за итмест  за.мест.тмест иттттыьтттьтту.усьттусьь.сь맡맡тусьнуюсьсьсь맡вероьગીсьсь.сьсьтусьරීсьсь රයсьсьරයсь맡тьරීсь맡сьсьරීтусь맡맡맡сь
Подразделение по информационным технологиям,Westось заось за맡ты затыйооеттыое.оооисттый  за  затетныйоонуюте.осу.оиствоете иты.усье.усьаютсятусьттусьусьтусь짓усьусьусьот.сьтусьоьرتтусьот රයсь맡тооරයсьරයсьсьරයරයරයсьтرتтотرتтරීсьсьсь රයරයтරයсьරීсьරයသိမ်းرتтරයරයරීтරීтотсьරයරීсьරීт
Имущественные вопросы,Westось затыйоооетты  иое.ооиствоетныйоро «мерывоетныететныйопол итетсяот вусье.ттыы.ое вусьаютсятаютсятусьаютсясьтаютсясь за.усьусьусьаютсятся.усьаютсяحاتжиусьусьරීтусьусьот со.усьරීсьсьсь맡усьотсьсьтරීсь맡તંત્રооරීтотсь맡맡тотරීсьරීсьтот රයсьсьරීтооරයсь맡රීсьотсьот
"Проект ""Нефтяные краюшки""","Westосьтыйоооеттыянуютые.ое.лноготтыое итете .местетныйовыеттые.мест.мест за иусье иусь짓ridнуюсь.усье.усьасьсьсь.сьсь за.усьот со.усьусьусьот, со.сь맡тностьсьсьridridridсьсьරයсьсь맡сьсь රයсь맡ностьсь맡 प्रबंधनсьсьщесьсьતંત્રоьridсь맡맡맡тотсьсьсridridьсьсьот"
Блок операционного директора,".лные  илие  илиой  ,  и   .льу.л . ,. .,.. туюю.лверт  нетю,.лный.л.л,,.паз  нет , и ,,, нет .вер,.вер , или,.мест,, или.вер президента.па главно или или. нет. нет тую президента. нет главно или.. нет и нет.Ме. нет,.Ме или.Ме,. нет или. Reh. нет в. нет начальника нет.."
Блок директора по мощностям,Westось заось за высяе  за гор벌тыйоетыйов горетныйسارныйسارноготе нныйنيةધામ   и  гор.месте.осу.мест  понуюьગીе.осьтельствоосьтельствосьсьсь.усьусьусььridridridисьсьridridсьсьරයсьсь맡 प्रबंधनරීсьсь රයсьරයරයරයсьridсьරයරීсьරයවිල්ලරයсьмед प्रबंधनсьсьмедсьсьотсьсьරීсь맡රයсь맡сьсьતંત્રоරයсьતંત્રරයсьරීт
Блок деректора по газу," Александра за  про оттые  и 45313351е   про к .ся  .  , . нет  и    нет ... .,. , и ,. пол.опол,, и пол и та, ипред ,,, нет бы, и нет бы и нет , нет та. нет бы.та,, भएकाн. нет. нет отвечаю.та и вта и нет отвечаю и нет.та.тата и и и. нет вта нет отвечаю भएकाн и.та됐 И भएकाн, и"
Блок директора по мощностям,"Appleтяе  иетые .е  за тататтыяные зате.ણું за  и   .мест .паз за ,.ણુંтся.мест.мест за  за. за .ણું. за.ણુંь. за за за. . за,.  за зат. зат ие и и ие.  и и  и, и и за и и « и и,, и  « и . и и или и иを迎え и и સુધી и и. и «. и...गी."
Блок бизнес-директора,Westосьтыйоооиееты итыете.ое.ковоасе итетасяте воеттые.мест.мест за.осу.осу иоиеы.усьоиеиrid.усьась.усьнуюсьridridridисьсьсь.оие единицсь.сьсьrid со.усьridrid соridridусьridсьridсьсь맡ridridсь.ridridот соridсьот со.ооьridridorderidridоиеridridснабridridосьridrid
Блок директора по мощностям,Westось на  тастан истты   и няе.мест    за  .мест за  итянуютый.ણુંье.ણુંютсяопуот.мест ите.тиеисьтиеාවක් .сьсьсьтесьсьරයсьсьරීсьсь රයсьරයරයсьтරීсьරයරීсьмедсьсьતંત્રරීсьරීરુсьсьرتridсьсьગીсьсьરુсьරයවිල්ලරයсьતંત્રරයсьරීරීсьતંત્રગીсьරයરુсьતંત્રсьсьसत्ताсьсьмедරී
Управление по проектным работам,"Appleтыйарствои පවත්වාාරසක්и පවත්වාнуюместе.ણુંись иසක්ные илиоетяные затетныйગર.паз затзне  иසක්и.мест  за  за.мест за .ણુંсь за. за за.ણું. за.ныйગર за. .. за неза за..  за за за  и . за и и.., и и и, и,.  и и  и. за, и.,...गी.गी и и « и и за.गीगी.. и иеगी."
Блок технического директора," нетяные   таકરણе   иලූту ву татые.ое.ણુંь.оье и   ву.мест та맡 своите.тат.ણુંся  .ся .оооь,.вероь.вер .та... нет..та иоота. нет вта.Ме. нет и. нет .. в.. или. нет нет. нет,..Ме или..変わって..н..не..弹..フィー.."
Генеральный директор,Westосьтыйоооиее иты ите воете  и вныете и  вист вист и  за иттые.сяте.мест иусье иусьась.усьнуюи со.усьаусьнуюсь.сьсьсь.ность.усьусьусьнуюьridность.сь맡맡ность.ностьсьсьරයсьсьсridсьсь맡сьсь соностьусьот со.сrid со.сьරයරයсь맡тностьсьсьщесьсьતંત્રоиесridridrid со со
Проект «Обустройство объектов Новой нефти»,Westосьняе    иу   завоетого  ие  за  затый.мест   поое.осу гормене .осу.мест за   восу  за.осугортегор  .мест.осугори.осу вусье.овернуютете.усье строя.осу иусьетиеисьсьсь.усьнуюсьсь  строя.сьсьරයсьсьтиесьсьridridсьсьරීсьсь맡сьсьотсьсьતંત્રоиесьරයරයсьරය
Блок директора по мощностям,Westось заось за над затыйоооетый  нный    итый.ое.мест   за  гортете.осу.мест поныйарствои иттельствоот.осьтельство.усьосьтельствосьсьсь.сьсьරයсьсь රයсьරයරයරයсь сьсьттельствосьරයරීсьсьරීсьරයවිල්ලරයсь맡රයсьтотсьсь맡сьсьતંત્રсьсьرتridсьсьотсьරයરુсьсь方针сьсьગીсьсьرتهරයсьતંત્રරයсьмедсьсь
Блок директора по проектированию,Westось затасятый  за  поныйооое.оеты.лныйрче.лного.мест  зату.лныете понуютете.осу.мест поныйопол.осу поныйgerichte поный.усьттельствоттельство.усье.усьаютсятусьнуюи строя.усьнуютусьусьнуюсь за.усьусьусьтусьтот поность строя.сьсьсь поностьсьсь맡усьусьරීтусьරීсьсьරයсьсьтотсьсьරීтот строяусьරී
Проект «Обустройство объектов Новой нефти»,Westось на   татый.мест   за  затый ву ву понуютый нае  ите   вист   поныйопол итиеы.мест.мест за иусье иусьасьсьсьтиеисьсьridись.сьсь  со.сьridridridсьсьරයсьсьતંત્રоиесridсьridсьරයරයсьridьсьсьරීсьсьотсьсьжениесьсьпросridridьරීсьරයරීсьrid соridсьતંત્રсьсьсridьridrid
"Проект ""Трубопроводный транспорт Главного НГКМ""",Westось нае  итые   ие  за  ву ву понуюте и  вы.е.е и на   ве.мест   .мест.мест за  за ите.осу.мест ву.мест иту.усьнуюи строя.усье иусьнуюсь иусье.усьась.усььнуюridнуюсьсь.сьсьсьරයсьсь රයсь.сridridсьсь со.сьරයරයсьරයරීсьсьпросridсridсьпросьсьતંત્રоие
Блок деректора по газу,Westось наොත්осьй за .ણુંь иь и    за   итого  не.ણુંсятый  .паз  за.лныйопол.ણુંлся поныйопол .усье.осьтельство.ણુંютсяась понуюсь.осьттельствось.сьсьсьтиеисьсь රයсьсьරයсьරයරයсьтьرت රවෘත්තිсьсьرتтьරීсьсь맡сьсьмедсьсьرتهсьсьරීсьරයરુсьсьसत्ताсьсьતંત્રරයсь ခံခဲ့ရරයсьرتсьсьરુсь
Управление коммуникаций,Westосьтыйгортыйоооетгор Хртые.ое.ковооегор  итгор нныйянуютгороттгор итот.осугорот.мест.осу.осу иоиеы.ось맡맡맡тот доаютсятот за.усьусьот.усьоожиусьරීтот맡맡તંત્રооරයсьсьсь맡тооරීсь맡맡усьරීсьсь за맡맡ભсь맡તંત્રусьотсьсьරයсь맡усьот맡તંત્રරීсьતંત્રоරයරයсьતંત્રරී
Блок директора по мощностям," Навныетаме.ણુંтсядейетые и  и няныеттые.месте  ите .мест таттыхене,.верое, ить,.мест.вер,.н,. нет.верта. нет,.та.. нет нет...тую..та нет. нет в..не..弹.. или..Ме. нет или. нетステ..ステ. нет ..,..н. нет и..правляю..닛..フィー.."
Блок директора по строительству,Westосьй загортый нае  итсядейетыйоететые.мест  зате  за  за поныйое.ણુંсятты  за за иусье иусьусье.усьусьусьисьсьсь за.сьсь.усьесьсь맡усьусь짓усьусььગીсьсьતંત્રусьусьරීсьсьරීсь맡તંત્રусь짓ridсьсьරයсьсьગીсь맡сьсьусьусьරණයсьсь ခံခဲ့ရсь맡맡맡તંત્રරීсьતંત્રсьсьرتهсьсьرتсьсьခံခဲ့ရсьсь
"Блок исполнительного директора по реализации проекта ""Большое месторождение""","Appleтыйарствои няныйسارныйسارнетыйоетныйسارныетый乐у затый  за нныйянуютый.мест  .мест.мест за .паз за  за.паз тую за за. за. . за  и и и, и и за и и  и,.  и за., и,, и. за и, за.गी..ત્યા и иを迎え и и или и и.गी и и સોત્યા и. и иત્યા и,  и... и.ત્યા.."
Управление землеустроительных работ," Навныете.ણુંтсядейетыйоетые  итеттыхете  заттыхнеттыяныеттыхноготнене,.вероенешттых.вертатаправляюн,.н.верправляюн.н, и миро,.тата. нет.. нет вта...таправляю..правляю. нет,..вер..не..ステ..,.не,. нет нет. нет ..н и в..пут..десят..ль"
Блок заместителя генерального директора по строительству, ви затые затамратый.оое.ણુંьгорте.оетзне.ણુંизое иту.ણુંсяте за.ણુંтсяверт.ણુંтзневертвертверт.верт.овверт.оымииверт.ешт총장вероооાયાивертты иооы.목.мест.мест и맡верверт.верочен и弹 нет за.мест в.мест или.нопол и弹нопол.ком. нет.ком в.комсклад.弹 нет в.弹.
Блок директора по мощностям,Westось заось за  засяબર нный за ခံခဲ့ရ   горомтся  нный виствоете   за нныйправ.мест нныйબર સ્વામીосьاتورосьاتورусье.ણુંютсяопол иусье иусьот.усьесьсьсьтиеисьсьරයсьсь රයсьරයරයරයсь сьсь.сьсь맡 प्रबंधनරීсьсьරීсьරයවිල්ලරයсь맡රයсьતંત્રරයсьرتridсьсь प्रबंधनсьсьતંત્રсьсьтьරයсьмедсьсьмед प्रबंधनсьරයરુсьсьرتهරයсьරී
Блок директора по газовым проектам,Westось на  заось за столоооетты   поныйопол.месттыйое.мест  за  затныйопол 리스트исттетянуюте.ое иттельствотиеисьсьсьттельствосьсь맡맡тусьусььridись맡 प्रबंधनсьсьridьсьсьරයсьсь රයсь맡сьсьતંત્રсьсьරීсьсьтьරයරයсьridсьсьмед प्रबंधनරීсь맡т प्रबंधनсь맡версьсьرتridridridсь맡мед प्रबंधनсьරයරීсьridridьරීсь
Блок директора по строительству,Westосьй за  ится ноетыйое  итяе   и   няноготе  за  .мест  зате.осу.мест за  за вист вист.мест втете ите вусье.усьтесьтиеисьсьсьтусьесьсь රයсьсьරයсьтностьсьсьтикусьсьтьරයсьරයරයරයсьતંત્રරයсьтикуරයсьмедсьсьતંત્રсьсь맡сьсьරීсьсьordeරීсьරයවිල්ලරයсьordeරය
Блок технического директора,Westосьнаянуюмоянуюкстоянуютаяе.мест татамене.лный Михаиляный Михаили нныйянуюка.суе    ву ву.месте.шую.мест.мест всее строя.мест строя.е строя .мест свой.сь.усьнуюь строя.усьь.усье.усьасьсь.сьсьсь понуюись поностьсьсь со.сь поисьсьරයсьсьતંત્રсьсьдуьюсьсьусььсьсьridисьતંત્રоиесьсь
"Проект ""Южный""",Westось затащиетапаш поностите.оететныйоиеетый.лныетася нае.месттачастте ителиноститаютсятаютсятелиностище.усьаютсятиеы иусье.усьнуюись.усьасьсь.сьсьсь поность.сь.оиеисьсь со.усьridridridсьсьරයсьсьતંત્રоиесьсьridсьridridьridridосьridridorderidridотсьсьරීсьсьdintiсьсьorderidсьતંત્રсьсь
Проект «Обустройство объектов Новой нефти»," ютсяоутыяныйရတာу    и   про.мест  .паз   за  иттыянуютый .ણુંь . .سكو   вать .دتт  и « ,.دتтат , и  в,. ,,,...  в « . «  и в. нет. нет в.. нет . нет Верховн..десят в.десят .десят,.десят и. нетдесят. нет и..フィー.десят대표이사. нетခံခဲ့ရ. нет «.. или"
Управление коммуникаций,Westось на  иооое  за  итый.оетыйое итетые  и   вое.мест  зате   .мест за  за.опол .опол.мест.ણુંтся.оиеы.усье.усьаютсятаютсясь.усьнуюись.сьсь.оь.сьтусьоиеисьсьсьරයсьсь исьсь රයරයсьтотсьсь поностьсьсьтьරයсьරයරයරයтьරීсьсь맡сьсьරීсьරය
Управление по проектным работам,Westось поныетасятянуютый вусьетыйов вте втыйоете.мест затетабиныйовыее   за.мест.мест  за вист ву вусьнуюь.усье.усьь.сьсьсь.усьнуюисьсь за.усьусьусьнуюсьсьтность.сь.сь맡усьусььગીсьсь맡сьсьරයсьсь со.усьдуностьсьсьсridсьсьусьусьотсьсьridсь맡 प्रबंधनсьсь поностьправляюсьсьотсь
Блок технического директора,Westось затыйоооиее.ое.ણુંьгорттыеттыьгорететныйоетые.осу.местте  затзне.ણુંсяте.мест за.ણુંтся за.усьттыось맡ттельствоттыяусьусь짓усьусьусьтусьусььગીсьсьсь맡тусь짓ridисьсьරයсьсьтусььරයсь맡맡тьرتтرتтьරීсьсь රයсьтьරයරයсьරීтьщисьсьරීсь맡сьсь
Блок директора по мощностям,Westось на лосьось залосьосьй за  заопол.ણુંь итыйооое.ооистттыхетый.оетныйооиете.осу.осу вусьететැත්තте ите поныйопол   .усьтусьусьусьнуюи.усьнуюсь.усьусьаютсьтусьнуюьරයсьсьсь රයсьරයරයсьтьරයරයරයтرتтරයсь맡тусьරයсьරීсьсьරයсьرتهරයсь ခံခဲ့ရරයсьતંત્રරයсьرتт
"Проект ""Новая нефть""",Westось затыйоооеттыое.ое и вое воныетныете.месттасятетный.мест.оистттые.те иусь짓ridи.усьнуюись.усьаусьнуюь.усьь.ноститность.усьоиеисьсь.ностисьсьсьностись.сьсь맡ностьусьусьусьот со.усьridность.сь맡맡맡тностьусьооиесrid со.сridridridот соотправляюridrid соот сооие
"Проект ""Трубопроводный транспорт Главного НГКМ""",ВιστείιστείιστείОсмоновιστείιστείβαθιστείιστείకాιστείιστείאָנאַмігрантιστείιστείэхэдιστείιστείฑωσηιστείιστείረዳιστείιστείлітературмігрант۹۷אָנאַ۹۷אָנאַмігрант۹۷ιστείэхэд۹۷אָנאַэхэдιστείэхэдмігрант۹۷۹۷אָנאַωσηιστείэхэдకాэхэдιστείฑאָנאַ۹۷۹۷ιστείฑฑאָנאַэхэд۹۷ιστείאולэхэд۹۷эхэд۹۷۹۷۹۷эхэдιστεί۹۷אָנאַאָנאַ۹۷ιστεί۹۷۹۷ฑωσηฑωση۹۷אָנאַאולэхэдιστείאולฑωσηэхэд۹۷ฑאָנאַωσηฑאָנאַאולאָנאַ۹۷ລັດ۹۷אָנאַฑωσηאָנאַ۹۷אולאָנאַωσηאָנאַωσηאולωσηאָנאַאולאולאָנאַאולωσηฑאולאולאולωση۹۷۹۷
Блок технического директора,Westось поныетамечааме воооетыйое.ое итете.мест   .осу   поныйое  вое втер.мест.осу ви итась иоиеы иись ись.усьасьсь.сьсьсь иь.сьтиеисьсь со.сь иусььсьсь поностьсьсьridисьridсьсьරයсьсьдуностьсьridridridсьridосьсьсьщесьсьсridсьordedintiсьсь высьсь
"Проект ""Нефтяные краюшки""",Westось на  заосьй за  застре.ણું렸습니다 за горое.ણુંьгор  и  затетыйоете.ое    за.мест  за ите за.оиетиеы.тиеись за.усьнуюись.усьаютсясьсьсьтусьරීсьсь सत्ताусьරීтරීсь맡તંત્રරීтતંત્રරීсь රයсьсьරයсь맡රීсьරීсьරයරීт प्रबंधनරීсьતંત્રગીсьсьતંત્રරීતંત્રරීරීරීтотсьсь맡 प्रबंधनරීරීсь
Блок технического директора,Westосьтыйарствоищеетыйооеттыхетныйрчетые.месттгортете  затгоретныеместетгор ите.осу иьગીе.осьтельствотиеись.усье.усьаютсятусьусьусьаютсясьсьсьтусьරීсьсьරයсьсьતંત્રусьусьරීтусьотсьсьරීсь맡તંત્રગીсьсьગીсьරයරයсьતંત્રරීсьරයරීсьતંત્રсьсь맡 प्रबंधनсьсь රයсьරයતંત્રусьරයсь맡сьсьотсьતંત્રо
Блок заместителя генерального директора по имуществу,Westось затапаш поныетые  итеты иту поныйальныхте  зату ву воете.мест заттыянуюте за.мест.мест  за за за.ણુંтся.усьттыь строя.усье иусьаютсятусьтусьусьтот.усьусьусьнуюсьтусьот строя.сьсьсь맡усьусьот поностьусьот со.усьරීтусьරීсь맡맡맡тьරීтот строяусьотсь맡тусьооьරීсьсьт
Проект «Трубопроводный транспорт Ещё одного НГКМ»,Westось на   татыйооетый  нный   итый.ое  .оооы.осу   поныйое.мест   неосьттельствоттельствотели .осьтиеись .сь.сьсь රයсьсьсьරයсь  රයරයсьරයරයරය со රය телисьсьтиеරයсьтьරයсьරීсьсьرتсьරයරීсьරයවිල්ලරයсьતંત્રරයсьтьරයсьотсьсьતંત્રоරයсьرتridсьсьරීтьсьсь
"Проект ""Восточный""",Westось заось за킬로미터е    за  горттые горотттыяетыйооететныете  поныйопол  поностите.мест поностиරීттельствосьтиеисьсьсь за.сьсьтусьусьරීсьсь поරීсь засьсь맡усьусьусьотсьсьරයсьсьරීсь맡сьсьусьусьරණයсьсьرتсьсьતંત્રсьсь රයсь맡රීсьරයරයсьරයරීсьරීтусьරීтරීсьતંત્રරීсь ခံခဲ့ရсьсьગીсь
Имущественные вопросы,Westосьтыйоиеетыйовтыйыое.оооеттыхнуютый.ое иое  иоиствоетиеы.оиеы иоиеись.усьаусьоьridисьсь.оьગીооиеот со.усьусьооьරීоожиусьожисьсьсьтооьяооусьусьот сооосьсьот соот  сооиеતંત્રооતંત્રусьотот соridот со  соот со соотпредот соරීтот 
Блок заместителя генерального директора по строительству,"Germanyе ютсяоутатаме .ое.оистту.оооиствоетный.оьгоре.ણુંьгор итете.т.тые.е...ет..те,.. тые.ලූе. .. ие.ные..ные"
Проект «Обустройство объектов Новой нефти»,Westось затыйоооеттыое  иттыетяныететыйов  за нныйянуютый.местетныйое.ણુંютсяопуотттельствоттельствои.мест.ттельствосьтиеисьте.усьаютсятисьисьсьсьтусь짓ridись.сьсь.усьරීтусьусьусьරීсьсьරයсьсьරීсь맡тьරීтьرتтරීсьтьગીсьсь맡сьсь රයсьරයරයсь맡 प्रबंधनරීсьරීтරීт
Блок директора по строительству,Westось за ခံခဲ့ရ иствоетыйооое   итый  и    поныйопол  иое.мест   за  .мест за  за итсяот.осу ите.ттельствотели .тиеи со.усье  иусьесьridridисьсьсьridиරීсьсь맡 प्रबंधनරීсь맡िएकाridridridсьсьරයсьсьරීсьරයරයсьරයරීсьતંત્રරීтотсьсь රයсь맡රීсьridсьරීт प्रबंधनරීтරීсьмед प्रबंधनරී प्रबंधनරී
Блок директора по портфелю," нетяася та за  тапур    за татататый.сятый  .ся   нет  викисятты  , иттыхе нет .верое . нет  тую нет. нетrichtenправляю нет.тую нетrichten. нет.. нет,. нет в нет.вер. нет нет.Ме. нет и нет.ком главно. нет или. нет главно.Ме нет.ステ. нет Директор нет. или...Ме в. нет首相 нет.правляю. нет отвечаю. нетМе.."
Генеральный директор,Westосьтсядейется  затсялсясяттыье.лныйэг.пазсьсь   завоету ву втыйоьгорте  зату.месте.мест зате.осу.ણુંлся.ણુંьгоротте вусье.ણુંсьттельствосьтткуь.сьтесьсьсьтностьсьсь.сьсьтикусьсьරයсьсь맡сьсьтьностьсьтусььරයсьтьරයරයсь맡тьગીсьсььсьсь со.сьරයරයරයьරය
Блок заместителя генерального директора по закупкам,Westосьноооиеетыйое.оеты.оое и «у вое  воиеы.месте  затасяте.мест.оиетиеы иь.усье.усьасьсьсь.сьсьтиеись.усьисьсь поностисьсь со.сь.оиясьсьсridись поностьсьсьщесьсьridridсьсьностьсьridсьridьсьсьieri единицсьсь сьсь единицсь соностьсьсьюсьсьжьridсь
"Проект ""Восточный""","Appleтыйооетыйарствоии затажвытате.ое.е.ныететасяте за.осу.паз за.паз на.паз  за.мест за..паз...ный..лье.льные.ныйный.льи и и иет ие и и  и и за и ии ие  и. за ие. за. за  ии за и. и и, и и или и и « и иを迎え и и от и и.  и за. и  или и"
Проект «Трубопроводный транспорт Ещё одного НГКМ»,"Appleтыйоетыйарствои  затый вернуоттыйов затныйороноутетныете заттый.местетзне .мест затзне за.мест  за .паз зат за. зат.ણું за за.ણું. за зат и . за.ષ્ઠ и. за  и и и  и.  и за.. за и и за за и за и « за и, и и « и и. и и,. и...गी..ત્યા и иを迎え и и или и и"
Блок технического директора," 되면වලින්тыяныйسارныйسارные нныйяные поныйහොත්  нный илиой  про.лныйопол.ઠાся  .паз нный.паз вы нный иુ.ся  и нный,.сь,,,.вер,.осьн,.мест,.ся,.ساء ,. нет,.десят,.н,, и вта,.,.. нет.десят.десят вта.десят и в..десят ...н. нетдесят. нет Верховн..та. нет в.десят нет..됐"
Управление по проектным работам,Westось затыйооое  итты  иоеттыянуютый втетныйое итныете.ое.мест  за ите вусьате иусь짓ridисьтусьусьусьот.усьусьтусьот со.усььridridridи맡맡맡тусьridridусьусьridусьотсьсьсь맡맡усьridсь맡усьусьරීсьсьતંત્રусьусь맡맡તંત્રусьот맡тотсь맡તંત્રоьridсьсьරයсьсьridridсьતંત્રо
Управление по проектным работам,Westосьтыйоооиееты итете  воеттыхетый виствоете иты.мест  зате.мест стрелте вистттые.сяте за за.усьаютсяттыось맡тиеисьтусьусьнуюисьсьсь맡усьусьусьаютсясьсьтиесridусьнуюсьсьусьусьот со.усьусьරීсь맡맡맡усьотсьсьරයсьсьridсьсьсridridусьусьridсь맡сьсь රයсьරයරයсь맡
"Проект ""Обустройство площадных объектов НГКМ Поменбше""","Appleтыйарствои рутые  итетаяныете  зате.мест затас и на .мест   за .,.паз за ,.ણુંтся.мест.паз  за...,,.сьн.паз на  за за. .. за  . за., и на.ный..  и .   и и и  и, и и,, и,. за и и.  или и ие. н и и илие.. и и « и.."
Блок заместителя генерального директора по защите,Westось на  иь иоооье.ое.ковое.мест  за  и    итянуюте  и вист   за ите.сяте ви.мест.мест за.сьтиеисьсь.сьсьсьтесьсь .сь.усььсьсьරයсьсь исьсь со.сьරයරයරයсь රයсьරයවිල්ලностьсьсьridсьсьતંત્રсьсьරීсьсь맡сьсь поностьсьරයરુсьсьරණයсьсьرتсьсьмедсьсьરુсь
Проект «Трубопроводный транспорт Ещё одного НГКМ»,Westосьтыйоооеттыое.ооисттты  ите.ковоныететныетныйрче.ણુંтся  за.мест за итты за.оиеы.усье вусьот.усьнуюсь за.усьот поностивероиетот поность за за за맡맡맡вероьગીсьсь맡맡тот 맡맡તંત્રооиеотсьсьсь за맡તંત્રусь맡맡отсь맡версь맡તંત્રот맡맡ભсь맡тતંત્રоьරීсь맡от맡તંત્ર
Управление по проектным работам,Westось нае  и  затые  за   завоете.оое.ковоа .мест   вттые.мест зататетты  за итиетиеи.усье.усьисьтиеиеисьсьсь.сьсьтусьесьсь맡тиесьсьරයсьсьරීсьсьridсьсь රයсьтотсьсьرتridridridсь맡сьсьотсьරයරයсь맡усьотсь맡රයсьරයරීсь맡 प्रबंधनсьсьતંત્રоرتridсьරය
Блок директора по персоналу,Westосьй за  итсядейетты  поныйоетыйое  поные поныйальные   нетый  понуютете   .мест  зате.осу.мест поноститты поностиосьттельствоттельство.тиетиеисьтиеාවтиеාවක් .сьсьсьттельствосьсьරයсьсь поරීсьсь රයсьтотсьсьતંત્રරීсьරයරයරයсьරයරීтьරයсьતંત્રоරයсь맡 प्रबंधनсьсьотсьтьරීт प्रबंधनරීт
Имущественные вопросы,Westосьтыйоетыйовтогоое.ое вое  заттыхете.мест затетныйрче.осу ви ви иусье вусье иоиеы.усье.усьоиеись.усьот поностисьсьсь.оооиесridсьсь맡맡усьооьગીсьсьтотсьсьот со.сьсь поностьсьсь заотсьотсь맡તંત્રооරයсьсьતંત્રоьridот соот сооиеот со соотот со 
Блок заместителя генерального директора по защите,Westосьняапашгорамечае  итяететяныеместетаместе  зате .месте.мест.мест несьтиясьте исьсьсь.сьсьтиеисьсьridьсьсь со.сьridсьсьдуесьсьщесьсьරයсьсьරීсьсьieriсьсь сьсьતંત્રсьсь맡сьсьщисьсь посьсьмедсьсьordeරීсьдусьсьગીсьсьпросьсьжениесьсьотсьсьсridсьridridсьмед प्रबंधनсьсь
Управление землеустроительных работ,"Germanyаме,, к.ныетасье.,.етене не есть..сяправляюмен былимен были были былименправляюмен справляюмен, были былиनर былимен смен былиनरе былиनर produktyправляюмен ве были былииhed ве, былиनर 나서 были былисон были были轮 были были個人 былиनर, е былимен, справляю策еを重ねе былиかけеを重ね были былиishе 나서 былиかけные были былиかけ были былиправляюмен策е былисонを重ねеを重ね策е с策е  были были produkty"
Блок заместителя генерального директора по безопасности,Westосьاتورось заось за  за   заопол   горттыянуютыйоетыйов висттете   ите.осуاليةосьاتورе.осьтельствои.осу иусьись.осьරීтиеисьсьсь.сьсь රයсьсьරයсьරයරයරයсьරීсьරයරීсьсьતંત્રරයරයවිල්ලරයරයරීවිල්ලරයсьرتهරයсьતંત્રсьсьරීтرتهරයරයરુсьсьرتсьсьرتهсьсьмед प्रबंधनරීсьતંત્રරීсьරීરુсьරයသိမ်းرتهරයරී
Подразделение по информационным технологиям," Навныете .ણુંютсяоутыяныетые  итсядейется .местется.ણુંтся.мест за та맡яного.ешттыхеттыхноготтого.ештоых.мест тую,.ешта맡 над.мест.вер,,. нет. нет,.ся нет.вер... нет над. нет нет..Ме.Ме,..н. нет ..フィー. нет в.. или..десят..弹 нет.フィー,.フィー или. нет首相..朽.."
Генеральный директор,Westосьтыйоиеетыйовтты  завоетныетыйые  заттыхнуютетныйоете.ое.осу.мест за.ттыостиосьтиеы.усь짓ridьරීтот доаютсяттыьગીсьтусь짓රීтусьусьот 맡тусьරීтරීт짓ridරීтગ맡맡맡тотරීтостсьсьсь맡тරීсь맡맡તંત્રරීт प्रबंधनරීсьсьтотправляюරීсьотරීсьරීтправляюරීототරීотරීරී
Проект «Обустройство объектов Новой нефти»,Westосьтыйоооеттыянуютые.ое.лныетете.мест  затасе.ково.мест зате .месттасятесятась.мест.осу.мест поноститты .усьасьтиеи.усье.усьаютсясьсьсь.сьсьтусьисьсь поностисьсь .сь.оиеись.усьоиеысьсь맡сьсьпросьсьотсьсьжитесьсь со.сь поностьсьсьсridсь
Блок директора по мощностям," нныйنية瑟яные нныйяе  되었습니다тый нный રહ્યાં  .мест   и  няноготый Небеснтатся нный и нный,,,.ся ,, и нетось нетосьنية.ся « .ся нет,.こない,. нет. нет, и. нет .こない. нет и нет.。《. нет нет.احت. нет в. нет Верховн нет...。《湃 нет.こない и.. нет痍. нет湃 нет в нет.フィー,.。《 и.フィー..フィー篪. нет"
Блок директора по мощностям,".ણુંье  и   няе  . ...мест . мечтяе.ણુંне .мест.ણું..  ,.. арест .فينта. ,,.违约   в . нет .ся .,. нетось..,, или.. нет бы.. или. нет..н,.н..та,.та. нет,., и. нет нет.н нет. нет вта..。《. нет и..었다. нет отвечаю. нет Верховн.."
Блок директора по персоналу,Westось затыйооое  итты  и    иое и  поныйоете .ое.осу.лноготу ву вое вистте.мест  .мест.оисттты ите иттельствотели итиеи .усьнуюи иоиеись.сь.усьоиетот .сьсьсьтиеыරයсьсь맡тотсьсьරයсь රයсь맡 प्रबंधनරීсьсь  රයරයсьරයරීтотරීтоие
Управление землеустроительных работ,"Appleтыйоооиеетый вернуусьетые  и няныетый  ите  .мест  затый.мест за  за ,.мест.ણુંтся  за.мест,.паз за .паз  за за.паз. за.ણુંсь за.ныйныйный. за  и за.. ...,..ный.  и и иет и и, и и  и,, и,. за и и.   и..गी и и « и иを迎え и и за и"
Блок директора по мощностям,Westось затяе   иттыянуютый нныйяныйрче.лноготтые .лту.лныйભ.лныету втеભ.мест затеттентттнетныйભттныйسارнуюте ите.тется .ттельствоте  иусьтесь맡те всеост иусьнуюсьсьсьරයсьсь රයсьරයරයරයсь ခံခဲ့ရරයсь맡сьсь맡රයරයවිල්ලරයсьтරයරයтرتт
Управление землеустроительных работ,Westсьтыйоиее  итыйозатянуютяныйое  вое.ણુંьгортые  затетныйрче.осу.ણુંсяту.ણુંлся поностите.ое вусье ваютсяттыь.ણુંтся.усьнуюи.усььગીсь맡맡맡ись.усьусьнуюсьсьсь.сьсь맡вероьරයсьсь රයсь.усь맡맡версьсьරයсь맡රයсьරයරයсьтотсь맡сь맡тусьусь맡тьරය
Блок директора по строительству,Westось затамечааме.кстоусьетатетее.местетеньдаьстрае-асье итех.мест.мест вист вы вы.мест иь.мест поноститиеы.усье.усьась.усьиеисьсь.сьсьсьтиеьridridисьridridridсьсьridьridьсьсь поностьсьсь со.сьridсьrid соridridьગીсьсьсridridorderidridсridсьරයсьсьжьridсь
Блок директора по мощностям,Westось затапаш поныйоро Гуйноооьгороое иое.ое за  за  вооист за  поныйовыхое .осу.осу за.ણુંусьнуюи.оиеы.усьоиеись за.усьусьусьот.усьнуюсь.усьот со.усьаютсятусьусьоусьооиеусьусьridridridсьсьсьරයсьсь맡усьотсьсьотсьරයරයсь맡тоиеотсьridridусьот රයсьот соотсьотпредот
Блок директора по строительству,Westось затыйоооьгор иьгорск иооеты иое.ое итете.осу.оист за ви вусьа.мест иусье иусьасьсьсь.сь.усьь.сьсь за.усьнуюисьсь поностисьсь со.усьусьусььсьсь .сь поностьсьсь맡сьсьусььridсьсьщесьсьщисьсьતંત્રсьсьridridсь맡усьотсьсьරයсьсьжениесьсьтностьсь맡 प्रबंधनсьсьсridсь 
Управление по проектным работам,"Appleтяе  иетые  воетяные затете  заты.месте.ણુંся за  за неприое.мест  за   .мест за ,.мест.ણુંтся. за за за . за непри .. за. за « за.ный. за  и ие и и и за и и, и и « и и  и,. за ие.  иを迎え и и или и иを迎え. и и સુધી и и. и   и за. иеત્યા и и રહેશે и"
Управление по проектным работам,Westось заось поныйоро Европейские  иુетныйоетыйое  засяттыянуютые   иසක්ье за    за  иттые.сяте.ણુંютсяопол иසක්и  за.усье.усьаютсяттыь  иусьнуюись먼트.усьнуюсь.усьасьсьсь රයсьсьтьرتridисьсьරයරයсьරයсь맡тьරයсьтностьсьсь.сьсь맡сьсьرتridсьсьරීтьරීсьсь먼트
Генеральный директор,Westось затащиетапашгортяныетете.местетзне.месттасятесятасе.мешянуюкетместтетельствотелиноститасьттельствотели.мест поноститиеись맡исьисьсьсь.усьись поностьсьсь поностись.сьсьтусьусьусььсьсь맡сьсьусььridисьтностьусььщисьсь со.сь пощись поridridridсьсьridridусььстояниесьсьсridridьrid
Блок технического директора,Westосьтыйарствоидрате  заттыхе.оое.мест    за  ноететныеправ.ое иусьот.усье иоиеы.усьусьусьот поность.усьоттусьот .усь짓ridусьотусьотсьсьсь맡усьот со.усьоооьગીсьсьотототтотсь맡тотпредотсьтототпредусьотпресьсь засridсьсьтностьсьсьсridотпредсьотсьотпредтотпрепред
Блок директора по строительству,Westось за до О  иу  итаянуюта ву ву   ву.мест  за  вчен  за.мест с   .ણું за  за с .кпер.опол.ણું렸습니다.ણુંь за.ણું.ણુંся.мест.усьу.усьнуюи ви иусьнуюь.усье.усьась맡맡верись맡вер屋и со.усьусьнуюсьсьсь.усь맡맡맡тيل맡вероьරයсьсь맡ခံခဲ့ရරයсьරයсь맡тьرتခံခဲ့ရරය
Блок директора по портфелю,Westосьтыйарствоищеетогооеттыхетыйое.ое  иое вое итете поныйовыхое поноститиеы.оиеы иоиеисьсьсь.усьасьсь поность.сьсьridьсьсь со.сь поностисьсь  со.усььગીсьсьдуridсьсьщисьсь맡сьсьщесьсьગીсьridridridсьridсь сьсьтотсьсьරයсьсьсridridьridсьотсьridусьridrid соrid
Блок директора по строительству,Westосьняныетыйарствоищеетыйовтыйоетыетасьгорететныйое.местетянуюье.ое иусье.сьтиеи со.усььridись.осьтельствоисьсь.усьиеисьridridиridridridьridridсьсьсьridьсьсьරයсьсьતંત્રоиеьridсьridсьordeරයсьridосьridridorderidridосьсьсьordeностьсьсьжениесьсь රයсьරයරයсьorderidсьતંત્રсьсь
Блок заместителя генерального директора по безопасности,"Westось нае  ится ခံခဲ့ရяетые   и втыяе.мест  за  и    ву  .мест за  ,.мест.комте  за итете.ણુંютсяи .ણુંь .осьтесь.усьесьсьсь.сьсьткуасьсьтиеисьсьරයсьсьтикусьсь රයсьරයරයсьтикуусььරයсьтьсьсь неприьюсьсьරීсьсьмедсьсьરુсьсьતંત્રරයсь ခံခဲ့ရරයсьරීт"
Блок директора по газовым проектам,Westось заось заста за킬로미터у затыйоетыйовтыйозатыйост    за гороттетныйое.осу.мест   поностите.мест за.ણુંютсяопуот.осьරීтся.сь.сь за.сьсьсьтусьරීсьсь.осьсьсь රයсьсьරයсьරයරයсьтьරීсьтරීтරීсьරයරීсьරීтරයсьරීсь맡රීтотсьсь맡сьсьભсьсьતંત્રсьсьරීтсясьсьاحتсьсьခံခဲ့ရරයсь
Блок заместителя генерального директора по организационным вопросам," Навныетые  иලූте  заттыяныету.мест  за таттые.ણુંь.сятетесяттыхетты .вероеттыхноготтого.верттого,.верта.вер та.та. нет...та,.та и нет. нет,. нет вта.. нет нет.та нет.,..вер..Ме..н. нет . нет"
Блок заместителя генерального директора по закупкам,Westось нае  иоеттыяныетыйое.ое  затыетый.местететныйовыете ите.мест поноститиеы иь.осьтаютсятиеисьсь.сьсьсьтусььсьсь сьсь поරීсьсьරීсьтьරීсь맡сьсьරයсьсьridсьсь맡тьગીсьсьтьරයсь맡 प्रबंधनсьсьગીсьтотсьсьતંત્રсьсьرتсьсь засьсьотсь රයсьරයරයсьරීьරීт
Подразделение по информационным технологиям," Навные    итый татыйое.оетыеттыхеттыяныетете  .местты.мест ,.ешты,,,.верое, ить,.н,. нет,.мест,.та,.,...н. нет.. нет нет., и нет.н нет. нет . нет в нет.та нет.ステ..та. нет над..Ме. нет отвечаю. нет до..,, и в. нет и..フィー."
Блок технического директора,"  Александра  Александраотта ие   и   .ત્યા  та и та.   отттые.ણુંь . .. тат  ,.  ите , и ,,,. нетось нетось,.,, ита, и нет . нет бы,.. нет  и нет бы и .та,.та. нет. нет вта.та и вта и нет и нет отвечаю. нет Верховн. нет отвечаю и и. нет и и и И. нет реше  и и нет.."
Генеральный директор,Westось нае  илиое  иттыянуютые   и  иое и   за   .мест  заты.ое.ણુંся .осу за .ئتтете .ણુંютсяопол.те.осуસ્વામીте ится .усьеты රවෘත්තිсьтесьтиеисьсьсь رت රවෘත්තිсьсьරයсьсьтرتтиеාවක්رتтරීсьсьරීтරීтотсьсьرتсьсьاحتсьсьاولرتсьරීсьරයරයсьරයරීсь
Блок заместителя генерального директора по безопасности,Westось нае  итсядейетые  воетогоетыйоиеете .мест  за  заты.ковоася и    ву ву.ણુંь  ите.ણુંсяттые.сь맡 понуюсь맡.сьсьсьтиеисьсь.сь.усьнуюсьсь맡сьсьරයсьсь поностьсьсь රයсь맡тиесьсьщисьсь засьсьridсьсьරීсьсьරණයсьсьтьරයсьරයරයсьтотсьсьતંત્રусь
Блок заместителя генерального директора по безопасности,Westось на  затсяпашгортты  завоетыйов ву ву  вое вооете.ковоое.осу ви иье иьridиеы.усььridисьсьсь.сьсь поность.сьridсьсьridridridсьridьсьсь телисьсь со.сь поностисьсьරයсьсьжитесьсь맡сьсьотсьсьщисьсьරීсьсь высьсьсridridьridrid соridridотсьridот соridсь맡 प्रबंधनсьсьпредсьсь за
Проект «Обустройство объектов Новой нефти»,Westосьтыйооое  ится  итты  завоете.оеттыхвоетыететыое вое.осу.ковоое ите вте за.ણુંсяબર иты.осу за.усье.усьаютсяттыось맡ись.усьась맡исьосьтельствосьсь.усьнуюсьсьсьරයсьсь රයсьරයරයсь поностьсьсьтرتтусьусьотсьсь맡сьсь поරීсьсьරීсьරයවිල්ලරයсь맡тотсь맡맡
Блок директора по строительству,Westось нае  и  выс    итого няе   за  не.ણુંся  за выс  затый.мест  иසක්е  за.осу   поныйопол.ણુંсь за.ણુંьгорте.осу итете строя સ્વામીсь иусьесьсьсьтесь.сьсьරයсьсь方针сьсь රයсьරයරයරයсьرت රවෘත්තිсьсьරීсьсьرتсьсьмедсьсьرتهсьсьતંત્રරයсь ခံခဲ့ရරයсьرتهරයсь方针ridсьсьગીсь
Блок директора по мощностям," Навныете  итсядейетыйоетые   и неттого.мест та맡яное  итете нетось нетось.верось нет .вероાયાось нет Хр нет Хр. нет Хр . нет. нет,.ся нет.вер нет.ся. нет нет.н. нет в нет.. нет отвечаю. нет и нет.Ме. нет  нет.ステ. нетМе...Ме нет.フィー. нет до. нет или..フィー,. нет Верховн нет.,..священн."
Блок директора по мощностям,Westось затася тататый вооое.лныйрче.оетыйое вте.мест  зату.лныету ву.местте ите понуюте вусье.усьттельствотете .усьнуюсь.сь.усьусьнуютусьусьусьтусьнуюисьсьсь.သိမ်းرتтусьرتтرتтьරයсьсьරයсьරයරයсьтرتခံခဲ့ရරයсь맡тသိမ်းرتခံခဲ့ရсьсь맡сьсьරීсьсьرتခံခဲ့ရරී
Блок директора по мощностям,Westосьняе  иу    итянуютяныйое.паз  за .лноготу.оетыйое .ણુંсяту ву.ણુંьгортый.ણુંнянуюв.ણુંте.ણુંсь .мест.мест за.усьтмест.усьнуюсьть.усьусьусьтьරයсьсьсьтнуюсьсь.сьсь රයсьරයсьтностьсьсь맡сьсьරයරයсь.усьරයсьતંત્રරයсь ခံခဲ့ရරයсь со.сьරයවිල්ල
Блок заместителя генерального директора по имуществу,Westось затамра поныетасяте.лныйоете сэг наоое.мест затетныйоьныее.ое итместе.осу.мест.мест итесьты.осу ии иоиеы ии.усьась.оиеись.усьоиеьныеиеи со.усьисьсьсь.сridridridисьridridсьсьridи единицсьсь поностиridrid со.сьсь со.оооие единицсьridсьridоиесridиridrid
"Блок исполнительного директора по реализации проекта ""Большое месторождение""",Westось зателиоооетты  итыйое итетые    вое  вте  иоиствоете.ое.осу.осу иоиеы иусье.усьасьсьсьтиеисьсь.сьсьරයсьсь  со.сь රයсь тели со.усьරයсьරයරයсьતંત્રоиесьсьતંત્ર со телисьсьරීсьсьridсьсьотсьсь поරීсьරයරීсьતંત્રරයсьරීтелисьරයවිල්ලරයсьот රයරයරය
Блок заместителя генерального директора по организационным вопросам,Westосьй за  за  итсядейеттыоетыйоиее вое.ણુંсятый ву ву   вонуюте итете.оист.осу.ણુંь  за итты за за.усье.усьаютсяте за.ось맡ись.усьасьсьсь.усьусьнуюсьсь맡усьусьусьරීсь맡맡усьරීтусьусь맡맡맡версьсьරයсьсьусьусьотсьсьරීсьсь за맡맡රීсьරයරයсь맡сь맡тусьරී
Управление по проектным работам," таકરણтяе  и   няные та и та не. тата тат   итый та.  . .та.тат. ,,,.та, и ,. нет та,.,..тата,, ит.та и нет . нет. нет, и нет.та нет., и. нет вта и вта.н. нет нет.. нет и...н,.н и.та됐. нет отвечаю. нет Верховн..弹."
Блок директора по строительству,Westось нае  итсядейетыйооетые   иое  вое.мест    за  нныйправ.ковоопуопол вист вист ите.осу итиете иусье.осьтельствосьсьсьતંત્રоиеисьсь රයсьсьරයරයсьරයсьмедсьсь со.сьсьරීсьсьмед प्रबंधनсьсьдуරයсьતંત્રරීсьරයරීсьતંત્રරයсь сьсьridсьсьرتridсьරයરુсьсьसत्ताсьсьотсьсьرتهсьсь प्रबंधनсь
"Проект ""Нефтяные краюшки""",Westосьняе  итые   иоетыйоое.ое .мест    за татзне та итетащиеттыете.осьтельствое.паridисьсьтиеисьтесьсьсьරයсьсь රයсь сьсь со.сьсьරීсьරයරයරයсьරයරීсьсьرتridсьсьતંત્રсьсьridсьරයરુсьсь方针сьсьرتهරයсьતંત્રරයсьරීьсьсьмедсьсьરુсьරයعيсьсьтикусьсь
Блок директора по газовым проектам,Westось заось за  за  пооооеттыяныйооьныеетыйое итныйое.ое    поныйопол о  поностите.ттельствоттельствотели.осьтельствотелиоиеисьсьттельствосьсьсь.сьсь поностьсьсь за телисьсьтьරයсьсьරයсьтотсьсь맡сьсьරීсьсьرتridсьсь රයсь맡 प्रबंधनсьсьотсьරයරයсьරයරීсьот प्रबंधनරීсь맡රයсьототсьотරීтотරීсь
Блок директора по мощностям,Westось затыйоооеты.ણુંьгорте.ое.лныйооисттетныйое ите    иттые.мест.оиеы.осу.осьтиетиеись.усььridисьсь.сьсьсьтусььرتridьරීсьсь맡тьරීтьرتтьગીсьсьරයсьсьරීсь맡сьсьridсьсьતંત્રоьරීьridridridсьтьridсь맡 प्रबंधनсьсь රයсь맡맡тотсьсьот
Блок директора по мощностям,Westосьтасятый вооое.ооы.ое ите воетныете.осу.осу воный.оный вы.мест поноститиеы ии.усьа.усьись.усьнуюись поность.усььridисьсь.сьсьсь за.усьridridridностьсьсьridridсьсьностисьсь поностищесьсь맡ьridridьગીсь맡맡맡ностьсь맡сьсьતંત્રоьridьridсьridсь맡тьridусьооие
"Проект ""Обустройство площадных объектов НГКМ Поменбше""",Westосьтыйоое  иты итете  заты зате заттыхе.местте воеты.мест затгорте.осу за за за иттельствотели за за.ણુંтся за за висьи за иусьи за.усьаютсятусьусьусьаютсятыьරීтаютсятаютсясьтусьаютсясь맡тусьරීтусьтусьоттоттусь맡맡맡ттыьرتridridridусьотсьсьсь맡맡усьотправляюridусьоооراتරීт
Блок заместителя генерального директора по закупкам,Westосьтсядейе поныетыеэг.лныйрче.лного.стре.лныету.мест  заттые.мест затсятсятсялся.ણુંлсяся.ણુંся  за.стре за.ણુંтся за за.усье.усьаетсятся.усьнуюи строя.усьаютсясьсьсь.усьусьусьнуюсьсь맡 строя.сьсь за.сь.сь맡맡맡сь맡сьсьරයсьсьусьусь맡맡усьусьරණයсь맡усьරණය맡맡версьсьරීсьсь ခံခဲ့ရරයсь맡රයсь
Управление землеустроительных работ,Westосьй за  итсядейеты.ણુંь  ите  воетыйоое.ковоасе.ое  и   вочных воиствоете.ણુંсь за.ણુંтся.осьтельствось.сь.усьнуюсьсьтиеисьсьсь .сьсь исьсьරයсьсь поностьсьсь맡сьсь за රයсь맡тиеරයсьරයරයсьтьગીсьсьridсьсьරීсьсьотсьсьગીсь맡 प्रबंधनсьсьતંત્રсьсь со.сьරයවිල්ල
Блок директора по мощностям," Навныете.ણુંтсядейетыйоетыеттыхететтого.местетеньетзне.местттыхноготзне,,,.сяттых. нет.ся нет. нет,. нет нет.не. нет в нет.. нет . нетステ. нет и нет.ステ..не нет.н. нет или...,..н,.не,.ステ,.н нет.フィー,.フィー. нетдесят..フィー или. нетправлен..десят. нет отвечаю..священн. нет"
Блок директора по газовым проектам," 되면වලින්тыяныйسارныйગરу нныйяныйગર   нныйુ   되면  되면મયот  татани .ся .ئت. нетось нетось иМГ,,,. нет . нет. нет,, и нет,.不了. нет « « « .という方. нет нет.という方 и нет.. нет и нет  нет.та нет.。《 и. нет отвечаю. нет Верховн. нетдесят И. нет вта. нет。《. нет痍..。《.。《 И...десят и.。《 भएका. нет И."
"Проект ""Нефтяные краюшки""",Westось за ခံခဲ့ရ иствоетыйое исттый  нный    итого няныйооое.мест   за  .мест.мест за  за.осуاليةось поныйопол.усье.осьاتورосьтельствось .сьсьсь.сьරයсьсьරයරයරයсь රයсьරයවිල්ලරයсьтьරයсьරීсьсьرتridсьсь맡 प्रबंधनරීсьරයરુсьсьтرتهරයсьرتсьсьرتهсьсьмедсьсьતંત્રරයсьرتهරයරයරීсьරීтотсьсь
Блок заместителя генерального директора по безопасности,Westось затыйооое.ણુંь иты итете  ита вое и  за  вте.ое  за.местте за.ણુંся  за за.стрелттые.мест.ણુંтся за.усье.усьаютсятаютсясь.усьусьаютсясьтусьусьнуюи строя.усьнуюсьсь.сьсьсьтностьусьусьусьтностьсьсь со.сь맡сьсь맡тьગીсьсьරයсьсь поностьقيمсьсьતંત્રусьотсьсь රයсь 
Блок деректора по газу,Главни۹۷۹۷۹۷۴۲۹۷۹۷ັນ۹۷۹۷โพ۹۷۹۷రం۹۷۹۷เชีย۹۷۹۷ለሁ۹۷۹۷ረዳ۹۷۹۷گيري۹۷۹۷۳۸۹۷۹۷ գալ۹۷۹۷ின۹۷۹۷płaszcz۹۷۹۷ιστεί۹۷۹۷าะ۴۲۹۷۴۲ັນ۹۷۴۲เชีย۹۷۴۲โพ۹۷۴۲۴۲۹۷ັນరం۹۷۴۲ข้อ۹۷۹۷۸۶۹۷۹۷۴۶۹۷۹۷پرس۹۷۹۷۵۳۹۷۹۷ბრ۹۷۹۷۹۹۹۷۹۷ωση۹۷۹۷ კი۹۷۹۷אָנאַ۹۷۹۷эхэд۹۷۹۷ страхування۹۷۹۷ገባ۹۷۹۷ капітал۹۷۹۷แยก۹۷۹۷Зориг۹۷۹۷ଥିଲେ۹۷۹۷ฑโพ۹۷โพ۴۲۹۷پرس۴۲۹۷โพэхэд۹۷۴۲ιστεί۹۷
Управление по проектным работам,Westосьй за  за  итсядейетыйоетты    иое.ое  и  вое воист за  понуюте.мест   за.оиетиеы.усьасьтиеисьсьсь тели со.усьусьусььරීсьсь.сьсьтусьусьරීсь රයсьсьridсьсьරයсьරීсь맡 प्रबंधनсьсьтьරයсьරයරයсь맡сьсьرتridridridсьරයරීсьотсьсьරීьсьсьпредсьсьતંત્રсьсьот 
Блок заместителя генерального директора по безопасности,Westось затасятый нае.ооетыйое.ковоасьгорскететате итныете вое вте.месттасе иусье.усьаютсятаютсятиеи иусьаютсясьсьсь.сьсьтиеь.сьтьગીсьсь поностьсьсь соисьсь먼트 со.сь.усььсьсьරීсьсьරයсьсьતંત્રсьсь රයсьтсьсь맡сьсьridсьсььරීтьරීсьт作风сьсьગીсь
Проект «Обустройство объектов Новой нефти»,Westось затамечаатаме.косттатетасьету воете.месттася на.месте  за    понуюи.мест.мест понуюсь.мест строя.усьась понуюь.усьь.ось поность.усьись.сьсьсь поностьусььridridисьсь.усьridridridсьсьridridьridьсьсььridсь поridridосьсьсьorderidridусьridсьridьorderidсьරීсьсьරීьrid
Управление по проектным работам,Westось нае  итсядейеттыяе.лноготтые.мест  за  втыянуюте  ве.е  .мест за    влист .ણુંьгорте.осу.мест.ણુંсь맡 понуюсь맡.усьнуюсь.усьь.усье.сьсьсь.сьтусьнуюисьсь со.усьусьусьесьсьරයсьсь රයсьරයරයරයсь맡сьсь맡 प्रबंधनсьсьරණයсьсьતંત્રусьරයсьતંત્રරයсьтьරීсьсьරීсь
"Проект ""Трубопроводный транспорт Главного НГКМ""",Westосьтыйоооиее итсятся  ится  поныйоротсятсятсядейетый воететы.осу  зате.ое.ણુંся  за.ણુંтся  за ится за.мест за.усьась за.оиеы.усьнуюи строя.усьусьнуюсь맡맡맡исьисьсьсь.усьот строя.сьсь맡усьусьусьооусьусьот 맡тусьусьරීтусьоусьотсь맡тооьරීсь맡вероусь맡맡тот
Блок директора по мощностям,Westосьтыйоиеетыйовтые.мест затеттыхете.осу.местетянуюте итесяттые за иусье иусьаусьнуюи.усье.усьнуюсь.усьаютсясьсь.сьсьсь за.усьусьусьот.усьරීсьсь맡усьусьරණයностьусьусьරීусьотсь맡맡맡усьරණයсьсьරයсьсьતંત્રусьусьරයсь맡તંત્રусьරණය맡맡તંત્રоьગીсь맡тусьот со.усьот රයсьતંત્રоо
Блок заместителя генерального директора по безопасности,Westось затащие.костттыяныетасететачастоетныетех.месте.мест вист вист ите ви.мест.мест иусьась иусье исьсьсь.усьиеисьсьridись.сьсь поностисьсь  со.сьridridridсьсь со.усььridridностьсьсьсridridьridсьridсьжитесьсьщесьсь맡сьсьжитеridrid соridridиесridьщисьсьотсьсьරයсь
"Проект ""Южный""",Westосьтыйоооетты  итсятся  заттыое.ооы.ое    за нный.месттете.осу.мест.мест иусьа.оиеы.усьаютсятаютсятисьооиеись.усьооияગીсьсьсь.сьсьтооусьоиесridсьсь맡тотсьсьridотсь맡усьожисьсьරීсьсьотпредсьсьતંત્રооьяооරයсьсьпредусьотпредотсьотсьпредсьот 
Блок заместителя генерального директора по закупкам,Westосьтыйооое  иттыяе итыететый  иеты  за нныйяныйоетасяте .мест  за.мест.мест шпусьте.мест за ите иусье.усьасьсьсьтиеисьсь.сьсьтьностьсьсьරයсьсь맡сьсь රයсьтьරීсьсьщисьсьරීсьරයරයරයсь맡맡сь맡тотсьсьતંત્રсьсьridсьсьرتridсь맡 प्रबंधनсьсьотсьරයරී
Генеральный директор,"Appleтыйарствоищеетыйоые  затыйоудратете нный мироетныйоьныее.мест  за  ится .мест.мест за  за за .паз за за за. за.ણું. за за над.ણુંсь за за, и .ныйગર и и и за и и, и и  и за.  и и « за и. за и,, и,. .. за,,... и и..गी и иを迎え и и над и и или и иеત્યા и и સો"
"Проект ""Нефтяные краюшки""","Appleтяныйලූтые  иලූту  завоеты.лный.лные зату.паз  затзне.л.во .паз зат췄 на.паз на.ણુંьгорт긋е.тзне乐у.ણુંсьтзне зат긋и за.т.т зат. за. за . .. тую .,..., и и .т и и и.  и и, и  и,. за и и « и и за.. и иを迎え и ие и и"
Проект сервиса скважин,Westось на  залосьосьй за  за   завоете.ое.ણુંь.ковое  за.ковоасятый ву вист ву.мест  за итиеы.усьась за.осьтельствосьсьсь.сьсьтиеисьсь со.сь.усьесьсь රයсьсьරයсьරයරයරයсь맡сьсьridridсьсьරීсьсьતંત્રсьсь맡 प्रबंधनсьсьرتridridridьсьсь засьсьотсьсьગીсьсь поරීсьරයරීсьતંત્રරීсьරී
Блок директора по персоналу,Westось затащиетыйоооеттые.ое.ковоасе.мест    за   вочных вое ите.осу.оиеы.усььridьridись.сьсьсь.усьасьсьridьсьсь поностисьсь со.сьridridridиridridсьсьстисьсьщисьсьieriridridьorderidсьridсьстиьridridосьridridorderidrid새сьсьщесьсьordeстинridrid соridridстинridсьorderidordeorderid
Проект «Трубопроводный транспорт Ещё одного НГКМ»,Westось затыйоооетты  итогоетогоое итете  и  зате.ое.осу.мест    за.мест.оиеы.осу поноститаютсятаютсясьтиеисьсьсь.сьсь поностисьсьтностьсьсьරයсьсь රයсь.сridисьтотсьсьridсьсьતંત્રоиесьсьотсь сьсь맡сьсьсridridсьරයරීсьсьпредсьсьગીсьсьпросьсьරීсьරයරයсьот
Блок директора по мощностям,Westосьняные завоетаж  тане  и нный    итсявоетяететасье.ое.мест   за   неось.ось.сьте.осьтельствое.аютсятасьтиеись.осьтесьсьсь высьсь со.сьсьосьсьсь сьсьтьесь вы сь රයсьсьridисьсьරයсьرتсьсьරීсьсьرتridсьсь досьсь неприсьсь поරීсьරයરુсьсьતંત્રсьсьરુсь
"Проект ""Новая нефть""",Westосьй с образомтащие итетыетее  втгорте  завоете.месте   затгормене.осу.лныйગર- за.мест за.ણુંлись.мест.усьте ваютсяте иусье.усьнуюсь иусьусьусьнуюисьсьсьтусьнуюьරයсьсь.сьсь රයсьරයсь.усьесьсьරයරයсьтностьсьсьරණයсьсь맡сьсьусьරයсьусьරණයсьරයවිල්ලරයсь맡රයсьරීсьсь
"Проект ""Нефтяные краюшки"""," нетяныйગરу нныйядейе   и   не  итый  .лный.лного.лтыяный.лово .ણુંь . .паз   нет ,.л .верт ,,,. нетось нетось,.ся , и нет . нет  нет. нет,.ステ,, и вта,.н,, нет.. нет.н. нет вта. нет и. нет нет.та и нет.десят. нет Верховн,.десят и в. нет бы. нет"
Блок заместителя генерального директора по безопасности,Westось затащие.ооеты.оиеетасе.мест поныете итете.осу.месте  за.ое.сьтиеы.мест.усьа.усье.усьиеись.усьдуностиridисьсь.сьсьсьностись.сridridrid.сь.ностищесьсьridridностисьсьсridсridность.сьordeностисьordeность.сьridridсьсьorderidrid соridridordeordeorderidorderidсьordeordeностиridrid
Управление по проектным работам,Westосьняе  итсяост иствоете.мест   за  завоетые.ое.осу.мест «ьныее .мест.мест ву.мест поноститиеы.усье.сьсьсь.сь.усьасьсьridисьсь со.сьridridсьсь телисьсьieriсьсь поностисьсьдуridсьridсьorderidridridосьridridorderidсьieriridсьотсьсьсridrid соridсь сьсьordeотсьordeordeorderidordeordeстинсьсьот
Генеральный директор,Westось наоооисттыйоиеетыйов  итыйост нныйянуютетныйооете  иоиствоете.оиеы.ое иусьියක්усьියක්ьරීсьсьтиеисьсьсьරයсьсьridьරීьරයсьттельствосьсь රයсьරයරයсьridисьරයරීтиеරයсь맡 प्रबंधनсьсь맡тотсьсьරීсьරයවිල්ලностьсьсьرتridridridсьсьતંત્રоьridridьridсьridсь맡сьсьотсьරය
Блок директора по строительству," нетянаяянымиейтые   ится  викися.ся.усье  за    засяттыянуюь.ся  за.ાયાости .сяте.ся итетесяты.вереся  ить,.вероооાયા.ся истиаютсята ить. нет. нет ить или. нет в. нет . нет нет.. нетиспол нет.Ме. нет или.Ме или...ステ. нетステ..Ме нет.ステ нет.弹 нет.н. нет"
Блок директора по строительству,Westосьтыйовтамечаатыйооете.ое.месттетасяте вое вист воист ите .мест.мест иусьа.усье.усьь.усьаусььridись.усьаютсясь.сьсьсь.осьсьсь со.усьусьусььсьсьусььગીсьсьridridсьсь맡сьсьતંત્રоиесridridridосьridсьતંત્રусьоиесьсьරයсьсьщесьсьотсьсьсridсь맡 प्रबंधनсьсьරීсьсь
Блок заместителя генерального директора по безопасности,Westось затасятыйооое  ита вое.ое и   за  задесятверте  заттыянуюкотте.мест.мест за.мест  за.пазвертмест за за.ણુંтся.мест и맡맡맡 за.усьнуюи맡맡 строя.усьась맡맡верось맡вери맡вероь맡맡усьусьусь맡맡тусь맡усьную맡맡 со맡맡તંત્ર맡맡правляю맡맡про맡맡ભсь맡તંત્રусь맡т맡맡 맡맡
"Проект ""Восточный""","Appleи затапашобор Вии завоету зате затыйоететтыхетыеи вое.осу наое ите.ое воое за.литтыхныете и наные.е и  и .е ..е. за.ее ие и ие  и и и за ие за и и. за и. и и « и и, ие.. за за и за. и... и за  и. с и и над и и или и и"
"Блок исполнительного директора по реализации проекта ""Большое месторождение""",Westосьтыйооое.оеттыое итый вое втете.ковоевыетате иое  понуюи.месте.мест поностиось.оиеы иоия.усьась.ооиеись.усьооияridridridисьсьсь.сridridсьсь поностисьсьridridооьяооьridridотсьсьотсьridсьот соооරයсьсьતંત્રооьюсьсьරයсьотпредсьсьordeотсьотот
Блок технического директора," Навные   и   . ..  татататый ,. таттыяныйગર вта и та нетось нетось,.ся ,,,. нет,, и нет. нет.. нет нет.,..ся нет.ся. нет . нет в,.н. нет и...н,.та.. не..。《.., и. нет отвечаю..フィー.. или..弹..десят..Ме..됐 нет.フィー,.フィー и.。《 нет.。《"
Проект сервиса скважин,Westось затасятый ву вооое ите вое.оистттые.мест зате.осу.осу воист вист вусьа вусьнуюи.мест.усьате иусьаусьась.усьнуюь.усьаютсятусьнуюсьсь.сьсьсьтусьусьусььગીсьсьусьусьоусьусьнуюусьусьරීсьсь맡усьусьරයсьсьරයсь맡сьсь රයсьරයරයсьусьоьරීтусьотсьсьતંત્રусьусь짓ridсь
"Проект ""Восточный""",Westось залосьось затаусьу поныету.лныетый ву ву  за  поныйое.лный.лнуютый.л.лоянуюте.лощикопол.осу.мест за.ણુંлся понуюкот.усье.мест.усьнуютусье иусьнуюи.усьась.усьусьусьнуюсь.сьсь.ભсьсьсьරයсьсь රයсьරයරයсьтностьсьсь поность.сь맡сьсь맡රයсь맡тотсьсьતંત્રоරයсь 
Управление коммуникаций,Westосьне  затсядейетогоетыйоететыетащиетныетеэг.месте   за.мест.мест поноститиеы.усьисьсь.усььridись.сьсьсь поностисьсьдуьગીсьсьridсьсьતંત્રоиеись поностьсьсьщесьсьරීсьсь зажисьсьગીсьતંત્રсьсьотсьсьжениесьсьжитесьсьщисьсьсridсьતંત્રусьотсьતંત્રગીсьотправляюсьсьරයсьсьпредсьсь
Блок заместителя генерального директора по защите,Westось зататяоттыйоооиюооеттыянуюттыое итете  итый  .мест  за  зате.ણુંсятты .ણુંтся.мест поныйопол иту.усьнуюте ится.усьтусьусьусьнуюсьтусьнуюьරීтусьරීтьرتтьරීсьсьсь.усьусьරීсьරීтرتтරීтотرتтرتridсьсьරයсьсьරීсьරයරයсьرتтотсьсь맡тьරයсь
Блок заместителя генерального директора по безопасности,Westось задесятось за  задесят  загоромсь.ણુંсяબરтыйоетый    за гортете.ое.осу.осу за.оист за иусьියක්усьаусьась за.усьусьаютсясьсьсьтаютсясь.сьсь.усьаютсятусьусьусьотсьсь맡усьусьරීсьсь රයсьсьරයсь맡тотсь맡 प्रबंधनсьсьරීсь맡රයсьරයරයсьотсьරයරීсьරයවිල්ලරයсьтот රයරයරයරීтот प्रबंधनරීсьот
Управление по проектным работам,"Appleтяныйسارныйسارняныйэг нныйянымиーンючи  итыйое랍니다ттыяетый .местте .ලූтетныйભ.ણુંьгортенете 세상을тныйગર.лныйગર ите.સાયтеетяее  .સાયв.еее,.ет.ષ્ઠفينе.е.те иет и и ие  и и  и, и и,, иеત્યા и и સોેટе и и « и и.ત્યા и"
Управление по проектным работам,Westось нае  и  воетыйое.ое  заттые.ણુંьгортетныйое ите поныйоистте.мест поноститиетиеи.усье иусье.усьусьусь짓ridridисьсьсьridьරීсьсьරයсьсь.сьсь රයсьරයරයсьridridridсьсьරීсьරයරීсьridсьтиесьсь맡 प्रबंधनсьсьтьridridරීсь맡сьсьотсьсьતંત્રරයсьරීьridсьරය соridсьrid
Блок заместителя генерального директора по закупкам,Westось за  за  ခံခဲ့ရ и   горое  и нопол за  поныйопол  не   итянуютый.мест   за ится  за.ણુંютсяопол.осьරීттельствои .осьтиеисьтиеාවක් .сьсьсьරයсьсь රයсьтьරයරයсьරයරයරයරීсьරයරීтරීсьсьරීтرتтරීтьරීсьරීсьતંત્રරයсьતંત્ર රයරයවිල්ලරයරයသိမ်းرتтသိမ်းرتරයсьරීවිල්ලරයсь ခံခဲ့ရරය
Блок заместителя генерального директора по строительству,"Germanyетаметогоететые  завоетаноготате.оое.ные поое поныйныетныете ите зат..теંદરет.етзне..е...,..ંદરе.ંદર..оетое были.. ..之外..兢..ડ્ર.兢"
Блок директора по газовым проектам," нетяныйગરу тане тани татанетый нныйяное.мест нныйકૃતлер .месттыйое  .ся тастан нетось нетось,,.ся нетось. нетосьне,,, и нет . нет,. нет нет. нет.ся. нет  нет.. нет в. нет и нет.та. нет отвечаю. нет Верховн нет.,...та нет.。《. нет не нет. ..。《 нет. или. нет痍. нетдесят. нет или..десят."
Блок директора по строительству,Westосьне  итсящиеттыяетыететтыхе.местетащие.ковоевыетате.е.осу.мест поностищеи.мест иь.усьасьсьсь.усье.усьь.сь.сьсь поностисьсьтусььсьсь со.сь поностьсьсь  со.усьусььridсьсь맡сьсьતંત્રсьсьරයсьсьщесьсьગીсьсьරීсьсьщисьсьсridridсь сьсьridсь посьсь неприьridrid
Блок директора по портфелю,Westось на  залосьосьй за  за   затася    поооое.мест  поныету   ите  .сяте.осу .мест поныйопол .осу.осу понуюттельствоттельствось понуюсь맡 поный.усьнуюсь .усьусьнуюисьсьсь.сьсь රයсьсь поностьсьсьරයсь.усьотсьсь맡сьсьтьරයсьරයරයсь맡тотсьරයරීсьсьරීсь ခံခဲ့ရරයсьтьරයсь 
Блок технического директора,Westось на  заось за  за таттыянуютыйооетый    затый.мест гортете   ите иттельствоте.мест шпусьаютсятусьусьусь짓ridисьттельствосьсьсьтаютсясьтусьаютсясьсь.сьсьරීсьсь රයсьсьරයсьරීтусьරීсьтරීсьරයරයсьරයරීсьرتridсьсьતંત્રсьсьرتсьсь맡сьсьગીсьсь поරීсьරීරීсьતંત્રරීсь ခံခဲ့ရරයсьતંત્ર
Управление по проектным работам,Westосьтыйовтыйооеты.ое.лноготтыхе.ковоое итете.местттые ви ви иусье.усье иоиеи тели за.усьот.вероьщиностивероиещиности맡맡맡тность맡맡веро맡맡тыот 맡맡ность맡тот  맡ттыьщесь맡맡 за맡맡от  со 맡верот맡맡તંત્રот тели맡맡펴맡맡 единиц맡맡 맡от со  со맡맡
Блок директора по строительству,"Appleи за, к затапашотте.оетыйое.местететаевыеапаш зате с с с册прав.осу.пазетзнеи за.мест.мест за  за ,.мест, за за. за за . за., ие и и ие за и и за ие  и ии и и  ие. за и за.  и « и и, и и или и и « за.. и и... за  и. и   и  или и  « и"
Генеральный директор,Westось за  за  ится няе за   завоетыйоетый.мест  зате   .мест затсядейететянуюте.мест неприое.ણુંтся .тиеись .сь.сьсьсьтиеාවක්رتтиеьරීсьсьරයсьсь රයсьරයරයсьтьරයсьرتтьсьсьරීсьරයවිල්ලරයсьරීтرتтرتсьсьرتهсьсьતંત્રරයсьતંત્રсьсьરુсьсьرتсьරයරීсь ခံခဲ့ရරයсь
Подразделение по информационным технологиям,Westосьтыйоооеты итсядейеттыое.ое итетныйое вое сэг.ковоныете.осу иттые ви иоиеы иусье иусьаютсятаютсятиеы.усьнуюсь.усьаютсясьтность.сьсьсь.сь맡맡맡тностьсьсь맡ттыьગીсьсь поность.усьотсьсьтотсь맡сьсьотсьтусьооරයсьсьරයсь맡усьот со.усьоьරීтусьот 
Блок заместителя генерального директора по организационным вопросам,۹۷۹۷۹۷۸۶۹۷۹۷۹۹۹۷۹۷రం۹۷۹۷ለሁ۹۷۹۷۳۸۹۷۹۷ັນ۹۷۹۷پرس۹۷۹۷яння۹۷۹۷ агенттиги۹۷۹۷۹۸۹۷۹۷۰۷۹۷۹۷۰۸۹۷۹۷ื่อ۹۷۹۷ந்தி۹۷۹۷মু۹۷۹۷gjöld۹۷۹۷ գալ۹۷۹۷ ຊາດ۹۷۹۷სრულ۹۷۹۷קא۹۷۹۷αίρεση۹۷۹۷۸۸۹۷۹۷βαθ۹۷۹۷ኂ۹۷۹۷ కళ۹۷۹۷ адбылася۹۷۹۷ პრემიერ۹۷۹۷ ფილმის۹۷۹۷ଥିଲେ۹۷۹۷กับปรสิต۹۷۹۷ კი۹۷۹۷ кирген۹۷۹۷ спомен۹۷۹۷ ଖର୍ଚ୍ଚ۹۷۹۷ลาน۹۷۹۷ მკვლელობის۹۷۹۷ پوش۹۷۹۷חלק۹۷۹۷ പെൺകുട്ടി۹۷۹۷ چک۹۷۹۷โพ۹۷۹۷עש۹۷
Управление землеустроительных работ,Westосьймешяе  иооое   иසක් итыйое.оетый   за  затый.мест  завоете.ણુંсятете  за.осу.ણુંлся.мест поныйопол за.мест.мест за.ભ.усье.усьнуютмест.усьусьнуюсь맡맡맡ભсьсьරයсьරයරයсьсьсь රයсь맡රයරයරයවිල්ලරයсьભсьරයවිල්ලоරයсь ခံခဲ့ရරයсьවිල්ලරයරයခံခဲ့ရරයරයරීсьරය соරයсьරීсь
Блок директора по строительству,Westось затыйооое.ણુંсятты  иттыянуюте.лныйоро  вте итетныете вты.мест зате  затзне.мест.ણુંтся.мест итмест за.усьтты за.ણુંютсяи.усье.усьаютсятаютсясь.усьусьаютсясьтусьусьусьнуюись맡맡맡усьусьරීтусьරීсьсьсь.сьсьරයсьсь맡તંત્રусьусьරයсь맡сьсьусьусь맡맡тусь맡усьотсьсь
"Проект ""Южный""","Appleтяе  итые   ие  за  заты.ણું за  и   за.., за .паз за ,.ણુંь  и за   .ણું,.فينое.ણુંсь за.,.паз  за и .ныйગર  и. за. . за за. за тую за.е ие, и ие и и и, и  и,.  и и « и и н и и за и и. и и или и и до и и સુધી и «. и.."
Блок директора по строительству,В۹۷۹۷۹۷۳۸۹۷۹۷۴۲۹۷۹۷۸۶۹۷۹۷۹۹۹۷۹۷płaszcz۹۷۳۸۳۸۹۷۳۸płaszcz۹۷۹۷ັນ۹۷۹۷پرس۹۷۳۸เชีย۹۷۹۷ለሁ۹۷۳۸ັນ۹۷۳۸ страхування۹۷۹۷เชีย۹۷۳۸۹۹۹۷۳۸ գալ۹۷۹۷אָנאַ۹۷۹۷۵۳۹۷۹۷۷۵۹۷۹۷ գալ۹۷۹۹۴۲۹۷۹۹۷۵۹۷۹۹۳۸۹۷۹۹۸۶۹۷۴۲۸۶۹۷۸۶۷۵۹۷۴۲۴۲۹۷۸۶۸۶۹۷۹۹۵۳۹۷۴۲۹۹۹۷۸۶۴۲۹۷۴۲۵۳۹۷۸۶۹۹۹۷۹۹płaszcz۹۷۸۶ለሁ۹۷۹۷эхэд۹۷۹۷γραφο۹۷۹۷ופר۹۷۹۷రం۹۷۹۷แยก۹۷۹۷אול۹۷۹۷ฑ
Блок директора по мощностям,Westосьйтыйарствоищеетыйооеттыое.оооистттыхе.ковоевыете.мест  ите  ится.мест.мест за.оиеи.осьтельствось.усьасьсьсь.сьсь за.усььગીсьсь .усьусьусьот.усь짓ridсьсь맡тусьот со.усьотсьсьщисьсьતંત્રоьсьсь поностьсьсьරයсьсьعاتсьсьотсь맡сьсьગીсь맡તંત્રсьсьරීсьсьтьරීсь맡맡
Генеральный директор,Westось затыйоетты  заттыое.оиствоете.ણુંсяттыетныйрчететныете ите ваютсяттыьગીе иусьаютсятусьусьусьаютсясьтусьаютсяусьусьоттусьот.усьусь맡맡맡тусьтусь맡усьотсьсьсь맡맡усь짓ridсь맡тотсь맡вероьරීсь맡усьරීсьсь за맡맡 प्रबंधनсь맡 प्रबंधनරීсьотсьતંત્રусьот प्रबंधनсьсьતંત્રоьridсьсьусьот 
Блок директора по портфелю," нетянаяяные нныйяе  иලූтые .лныйગર.лного.лныету  .месте.паз та맡януюместетзне .ся  ,.мест нный,. нетось нетось,,.вер,.верт,.сяттых,.りません,,, и нет. нет,.. нет.та. нет . нет в. нет нет.Ме. нет до. нет начальника нет.,.ステ. нет и нет в нет...Ме,.었다. нет Верховн."
Блок директора по мощностям,Westось за над зататяоттыйоооетыететыйов вте  итеетноготате вое.осу.мест  за итты поностите итиеи иусье иусь짓ridисьсьсьтесьсь.сьсь රයරයсьсьරයсьтностьсьсь맡тиеරයсьරයවිල්ලරයсь맡맡тотсьсьотсьරයරයරයවිල්ලностьсь맡 प्रबंधनсьсьridсьсьරීсьсьતંત્રоරයсьridridridсьරය
Блок директора по газовым проектам,Westосьтыйарствоии затамечае.косттасяте.оететате вое.местетныеместе.осу ви.мест иусьа.усьаь.усье.усьись.усььridьridисьсьсь.сь.осьridridridиridridьorderidridсьсьridridосьсьсьorderidьсьсьતંત્રоьridridorderidосьridсьridсьordeorderidсьતંત્રсьсьотсьсьщесьсьieriridrid соridridусьrid
Блок технического директора,Westось на  заосьй за выс  за опол опол воетыйоое   затый.мест  за поныйопол   поныйоист за  за ите.осу  понуюьગીе.осьтельствоот.усьетиеисьсьсьරයсьсьරීсьсь රයсьරයරයсьтиеරයсьරීтරීсьරයරීсь맡රයсьмедсьсьرتridсьсь맡сьсьતંત્રсьсьرتهсьсьмед प्रबंधनරීсьતંત્રරයсьતંત્રусьරීсьරීරීсьмедරීсьт
Управление землеустроительных работ,Westосьноооетыйоиее.ое.лноготыетасететныйоехое .месте.мест.оист.оиеы.оияridridисьridиridridridьridridсьсьсьridrid.сьсьieriridridоиеасьсьжитеridridieriridсьridсьieri единицсьсьжисьсьorderidridсridridordeасьridооиесridorderidсьordeстинridridосьridrid соridrid새сьridordeorderidorde
Блок заместителя генерального директора по защите,Westось затамратагороое.ое итетныете.мест зате наныетася нае.осу.оистте .мест.мест ита.мест  за.усьаютсятаютсятели.усьа.оиеы иусьась.усьнуюи строя.усьоиеись.гражденияridись .усьисьсьсь.сь.оооие единицсьсьпунктусьооияridridridсьсьотсьсьтотсьот со.усьотсьпунктправляюrid
Управление коммуникаций,Westось затасятыйовтыйоетые.лныйрче.ое.осу.лныетете.мест    ву вусье ву.мест иусье иусьаютсятаютсяттыьridись.усьусьаютсясьтусьусьусьот со.усьот.усьridridridусьусьරීсьсьсьරයсьсьridridсьсьරීсьරයරයсьරයරීтотсьсь맡тусьотсьridсьridусьridсьот соridridотсьотරීсьતંત્રооие
Блок технического директора,Westосьнащие итсящиеттыяныеттыетапаш поныйое.ковоасятый.месте  за.мест ви вияте.мест иусьась.усье.усьа со.усььridridисьсьсь.сьсь со.сьridсьсь поностьсьсьridridridсьrid со.сridridосьсьсьරයсьсьжениесьсьжитесьсьતંત્રоие единицсьсьсridсь соridrid со соridсь  соrid соridснабсьсьотсьсь 
Генеральный директор,Westось затыйооое  иое.оеты.ооистте.ково  за  поныйногооттетныйоист ви ите вусьи иусье иусьисьсьсьтиеись.усььગીсьсь.сьсь поностьсьсьridьсьсь со.сь.сridridсьсь맡сьсьරයсьсьотсьсь රයсь맡тьridсьරයරයсьridridridьridьරීсьсьсridсь맡 प्रबंधनсьсьતંત્રоьridотсь
"Проект ""Обустройство площадных объектов НГКМ Поменбше""",Germanyетаме вооетныетатыетыныететтыхете.етте е .е...е вспомнил.е были.е  подход.ныеспое были ве были е были были были вные были были.ные были変わってе変わってе былиные были вдесят ве変わって были были変わって были в策е  были былиные
Проект «Трубопроводный транспорт Ещё одного НГКМ»,"Appleтыйарствоииваાળભરооетыйое.ое  затыйоза.осу заттыянуютныйоронетныйભર.ણુંнныеетзне за иසක්ьгорте и за.е за.ણું за и за и, и и и за за и и, за. за., ие и ие. за и.. за за. и и  и и.,...  и,. и ..ત્યા и и « и иを迎え.. и.ત્યા..गी..ાર્થ и и સો"
Проект сервиса скважин,Westось затыйоооетыеттыянуюттые.ое.лныйоьныеете.ковоныететате ите ви вусьаттыьગીе.осьтиетиеисьтиеье.сьсьсь.усьусььગીсьсьтностьсьсь поностьсьтьсьсь맡тотсьсьරයсьсьරීсьсь රයсь맡сьсьતંત્રоьරීтьරයсьරයවිල්ලностьсь맡맡тьරීьරීсь맡 प्रबंधनсьсь за
"Проект ""Нефтяные краюшки""",Westось затыйовтыйооетыйы.ое.мест  заттыхетныйрчететы.местеттыхправы.осу.мест.мест поностите.тиеи.осьтиеы.усьаютсятность.сьсьсь.сьтностьсьсьරයсьсь රයсьරයවිල්ලностьсьරයරයсьтьсьсь맡тотсьсьતંત્રоьරීсьсьотсь맡сьсьтот රයරයවිල්ලරයсь맡맡тьරයсьતંત્રусьотсьતંત્રсьсьරී
Блок директора по портфелю,Westосьтыйоиее  итыйовтые.ковоететате ите  зате.местетныеттыянуюи итиеи иусье иусь짓ridисьсьсь.сьсь за.усьусьаютсясьсь поностьсьсьтностьсь.усь짓ностьусьусьусььсьсь맡тностьусьотсьсьridсьсьරයсьсьતંત્રсьсьжениесьсьරීсьсьностьсьતંત્રусьridсьતંત્રоьridridсь맡તંત્રусьරණයсьсьотсьતંત્રරීсь
Блок директора по проектированию,Westосьняе  итяныетыйооетыетыйые  вое.ое   и    поныйноготе.ковоатете  понуюье.ттельствотелитиетиеи иоиеисьсьсьтиеьсьсьridисьттельствосьсь поностьсьсьරයсьсьරීсьсьતંત્રоиесьсь맡сьсь රයсьridridridсьridсьсьотсьсьтикусьсьстисьсьтьරයсьරයරීсьridьරීсьරය
Имущественные вопросы,Westось затты  завоетыйоооеттыое.ооиствоете.ковоныететныйое иты.ое вусьот.оиеы иусьот поноститот.усьаютсятусьот доаютсятооусьусьооьગીсьсьсь맡тот රයсьсьтотරීсьсь රයරයсь맡맡тරීтотсьсьරයсьරයරයරීсь맡රීсьотරීтරීсьරයරීтоරයсьотпредсьсьотсь맡отпредот
Блок заместителя генерального директора по организационным вопросам,"Germanyе ютсяоутатые  итаютсяоутыяныету вистте заттые вист заттетттасяте...,..пер..те,. .. ты..ся..лье.перがついて..趣..е.е, .пер были.пер씽е.趣 .е 등이 . がついて.е .がついて.пер带着.перાર્થ策е. මාලිてきたе.てきたе මාලිමාලිてきたકૃતпер.пер ."
Проект сервиса скважин,Westосьтыйоооиее  итый нныйянуюттыянуюьгортый.месте  за   нный.мест  зате .мест.мест заттые.ણુંсь за.мест පවත්වාнуюсь맡.сьсьсьтиеисьсь.сь.усьнуюсьсь  строя.усььсьсьරයсьсьતંત્રусьусьусььරයсь රයсьරයරයсьтьсьтностьсьсьridсьсь맡 प्रबंधनсьсьරණයсьсьරීсьсьусь짓ridridсьරයවිල්ලරයсь맡
Блок директора по персоналу,Westосьтыйоьгортогоетый воетые итете  иты итае.е.мест заттыеттыяноститты за иусье иусьаютсятусьнуюи.усьнуюсьтусьот.усьаютсясь за.усьусьусьнуюьරීтусьусьот со.усьරීтностьусьотсьсьсь맡맡тусьරණය맡맡맡усьот맡맡તંત્રусьоттотсь맡вероьગીсь맡તંત્રоооьරීсь맡тતંત્રоьrid
Управление по проектным работам,Westосьтыйооое иты итете.оеттыхе.месте.лныете и вое.е.мешянуюкое вы.мест иттые иусьа.усьасьтиеи со.усьись.усььridисьсь.сьсьсьтностьусььગીсьсь поностисьсь  со.сь со.оиеисьridridridсьсь соностьсьсьતંત્રоиеьridridьridсьridиridrid соridridусьоие единицсь
Имущественные вопросы,Westосьтыйарствоищеетыйоетогоое.ое за.ооиствоетете.осу.осу затный.оиеы иое поность.осьтисьоиеисьсьсь.оияગીсьсь поностись.сьсьтоооьсьсь со.сь поностьсьсьරීсьсьරයсьсьridridсьсьગીсь поරීсь посьсьотсьсь сьсьпредсьсьતંત્રооරයсь пощисьсь досьсьосьсьсь высьсьосьсь
Блок деректора по газу,Westось зататяот поныйоооье.оое.ковоасятый воете.осу нае  воист вист ву вист-а вись иусьа.усьась поность.усьись.усььridись поностисьсьсь.сьсь со.усьусьусььсьсьridridсьсь пощисьсь  со.сь.сridridьridridridиridridусьridсьridсь맡 प्रबंधनсьсьරයсьсьщесьсь맡сьсьотсьсьorderid
Блок финансового директора," нетяныйопол тане  и    иту   за  затый  не.мест за та맡яные за  .паз татты .вероооાયાты,.тро  ,,.вер .тро Хр.вер,,, итн,.н,, нет. нет,. нет.gelöst. нетrichten. нет вта. нет нет...н. нет .. нет до..та..десят. нет и нет.н и. нет"
Блок директора по мощностям,Westосьй за  затащиетые  итсядейететяныету ву воетасяте.мест  за.ણુંьગીттыьગીе иь.осьтиеисьсьсь.сьсьтусььગીсьсь поностьсьсь за.сь.усььсьсьтьностьусььرتridсьсьරයсьсьරීсьсь맡тьرتсьсьرتridьරීсь맡сьсьગીсь맡 प्रबंधनсьсьતંત્રоьරීьරීтьсь맡ьرتтьරී
Генеральный директор,Westось затасятатыйоое  ите.оетыйов втетныйое.лныйоро  поныете  вты.осуве.мест    за  .осу   поныйопол.осу.тныйопол .тттельствоттельство.усьосу.усьь.усьттусььગીсь맡 поностьсьсьсь.сьсьтьرتтرتтьරයсьсь맡сьсьරයсь맡тьරීсьсьтьරයсьرتтусьусьرتт
"Проект ""Нефтяные краюшки""",Westось нае  итсядейетыйов втыйооетыете   итянуютетасяте.сяттыянуюьеттые.осу иьગીе иусье.сьсьсь.усьусььсьсьтиеьсь.сьтностьсьсьරයсьсьridсьсь맡сьсь со.сьරයරයсь맡 प्रबंधनсьсьતંત્રсьсь රයсьтьсь맡ьරයсьridridridсь맡රයсьмедсьсьотсьсьordeරයсьරයරීсьсь
Генеральный директор,Germanyе  итые  зататаяные поныете  ву вныетныету ву.ણું засяту.сяттые былите былистты ты та... та были тые ты.  были . тыдесят .пяе были были были  были были.пер были がついて были  がついて  были. がついて.перные были былимен были были выбрал  были в были ていました были былиがついて ていましたмен были  Майкл были  жест были были или были были вы были
Управление землеустроительных работ,Westось затыйоооиее.оое иттые вое.ковоныете  итетныйоистте.ણુંсятный.мест  за.мест за иусье иусьот.усьнуюи иусьнуюсь맡맡 за.усьусьнуюь.усьот со.усь맡맡맡.усььગીсь맡ность.усьරණය맡맡тность.сьсьсь맡тотсьсь.сь맡તંત્રусьотсь맡усьот 맡맡તંત્રоьrid со.сridот  со.сь
Блок директора по строительству,Westось наොත්от.ણુંь  иу  и  за   заты.во .оое.мест  за высте.ковоасятянуютете .мест нети .ણુંсь иттельствотели итась맡 понуюсь.сьсьсьтесьсь.усьесь.осьтельствосьсьරයсьсь රයсьරයරයсьтиесьсьرتсьсьරීсьсь맡сьсьતંત્રсьсьтьරයсьرتridсьсьગીсьсьdintiсьсьرتهсьсьпредсьсьмед
Управление по проектным работам,Westось поныйоро Европейские  заныйоетыйое   затныйоьныее  ите .мест    вист  ву вист-а.ое.оиеы.ьridьridьныеиеьridисьridridиridridridьныеьridridьorderidridосьridridсьсьсьridьныеоиеridrid соridridсridridorderidсьતંત્રоиесridьстояниеridrid새сьorderidьныеасьсьતંત્રridridснабridridがついてridrid統治ridridотridrid
Блок директора по проектированию,Westось затащие.ооеттыяныетасе.мест  затетасяте.лныете наете .мест.месте.осу.сьтиеы.усьасьсь.сьсьсь .сь.усьиеисьсь поностисьсьridись.оиеысьсь со.сьridridсьсьжитесьсьતંત્રоие единицсьсь맡 प्रबंधनсьсьотсьсьරයсьсьпросьсьпредсьсьorderidridridьсьсьරීсьсьieriсьсь
"Проект ""Нефтяные краюшки""",Westосьтыйооое  итый  иоететые   и   вое итянуюте .мест  за  за.мест за.ણુંтся  за ите.сяте иусье.усьте за.сьтусьнуюисьсьсь.усьусьусьнуюсьсьтностьсьсь맡сьсьусьусьරීсьсьරයсьсьતંત્રсьсь රයсьරයරයсь맡усьусьරයсьતંત્રусьусьотсьсь со.сьсьරීтусьරීтьсьсь
Блок технического директора," Навные    итсядейе.  татататтыяные за  за татый.мест та맡яные та иете ,.еште,.еттыхе,,. нет Хр.та. нет. нет,.та и нет.та нет.. нет нет.тую. нетrichten. нет в...тата..н. нет . нет отвечаю. нет или. нет и..Ме..ステ..не..ну..все. нет"
Блок заместителя генерального директора по строительству,"Germanyетаяныетата зовуте разооое.оиствоетный.ооьгор.ое за.ણુંь ..мест...ણું..тзне,.те..оваذاые.е,..е.趣..之外..兢.е之外.е共同努力е.ડ્ર.е兢.兢,.е были.е මාලිてきたе.兢 सञ्चालक सञ्चालक होस्.е с策මාලිてきた होस्兢е てきたе,带着е 나서 с策е 나서 මාලිමාලිてきたてきたてきたе 나서"
Блок технического директора," 되었습니다ту  и    되면  되면 за  ,.ئتта за . , .ئتтый .осу .паз  за ,,. ..ئت нный,.осу,.лный.   или или,.,,, и нене되었습니다т,.та, ит, иооое되었습니다н, и вта,.н,. нет.н. нет вта и нет.та и. нет . нет и.та. нет нет. нет отвечаю. нет Верховн нет.."
Управление по проектным работам,Westосьтыйоооиее  итты  иоеттыянуютые.мест  заттые.лныететасятянуюкпер.ое.оист.мест.осу за.осу.ણુંь.усььગીте.усьисттиетиеисьтиеьridисьсьсь.сьсьරයсьсь රයсьරයරයсь맡тиеරයсьтностьсьсьтотсьсьridridridсьсь맡сьсьරීсьсьсridьරයсьridьරීт
Блок директора по персоналу,", к нныйяные    и  не и н  та Небеснта и та няноготтыхе  иты,,, и ,,.ся ,.,.вер,. нет .,, нет,.та,.. нет, и нет. нет., и в,.н, и. нет в. нет нет.н. нет бы. нет и.н и.та. нетдесят,.десят и...та нет..десят. нет됐 нет.десят, и и в..됐"
Блок директора по проектированию," Навные    итсядейе  и не тататаકરણттыяные та нетяе  .ся ,. нетось нетосьне,,.вер . нет,.不了. нет. нет .不了 нет.. нет нет, и нет.та. нет в. нет отвечаю. нет и. нет не..та нет.н. нет。《. нет все. нет Верховн нет.。《...не. нет И. нет до. нет были..統治..。《 нет.не нет.統治 нет. не."
Блок директора по газовым проектам,Westось за ခံခဲ့ရ иствоетыйарствоище нныйяныйسارныйગરу ист    и няныйગર  нный.лныйопол.ое  .мест  неосьттельствоттельствоот.осьරීте.осьтиеисьтиеාවක් රයсьсьсьරයсьරයරයсьтلاتරයсь රයරයරයරීсьරයරීтرتهරයсьරීсьсьرتهරයරයවිල්ලරයсьرتهرتهරයරීවිල්ලරයරයરુсьсьරීтරීсьرتهсьсьતંત્રරයсьતંત્રරීт प्रबंधनරීт
Блок заместителя генерального директора по организационным вопросам,Westосьйте  иттыяныетянуюье  затые  воетасятете за.месте   за  задзее.мест.мест за за за.ણુંтся.сь맡 за.усьнуюи.усьь.усье.усьаютсятусьусьусьнуюсьсьсь.усьусььગીсьсь맡усььරයсьсьтностьсьсьරයсь맡тностьусььсьсь රයсьරයරයරයсьтьරීсь맡맡맡тьridсьсьતંત્રоьරීь
Проект «Обустройство объектов Новой нефти»,Westосьтыйоооиее.ооеттыое вое поныйое.лныйоьгорте.ковоететасе.месте.мешстое.осу.мест поныйопол иттельствоте вусьась понуюь.оиеи.оь.усьоиетиеисьтиеыරයсьсьсь поностьсьсьridridridисьсьරයсь රයсьරයරයсь поරයсьridсьсьтооьරයсьтотсьсь맡сьсьотсь
Блок заместителя генерального директора по организационным вопросам," Навныетядейе  итсядейетсяоттаકરણттыяныете   итыйоетыеттыхететтыеттого.вероетататтого,.вертатата, иверта,. нет над.тата. нет. нет,.н. нет до. нет нет.вер. нет втата нет.. нет  нет.та...フィー,.フィー. нет痍. нетステ..ステ. нет首相 нет.弹 нет.フィー нет.ステ нет.朽. нет"
Блок заместителя генерального директора по имуществу,Westось наооое  иоетыйое.ооы.ое итый    итянуютете  .мест  за.оиеы.мест.ось맡.осьтельствосьсьсьтиеисьсь.сьсь поностьсьсь맡сьсьridсьсь රයсьсьරයсь맡тотсьсьотсь맡вероьсьсьпросьсьусьотсьරයරයරයсь сьсьગીсьсьරීсьсьдуරයсьridridridсь맡 प्रबंधनсьсьતંત્રсьсь
"Блок исполнительного директора по реализации проекта ""Большое месторождение""",Westось затыйооое.оеттыянуюттыое итете.ковоетате иое .месте.мест.оиеы иоиеись.ось.оия.усьась.оьridисьсьсь.усьооияગીсь.сьсь со.ооие единицсьсьරයсьсьරීсьсьridсьсьતંત્રооьяооьગીсьсьотсьсь телисьсьпредсьсь поරීсьridridridсьот соооරයсьот
Блок бизнес-директора,"Appleтыйоиеетыйоза.оеттыооое.ооьныее.ણુંьгор  итетныйоровытся  завоете.осу.паз затзне.ણુંтся.ણુંсь за.ણું렸습니다, за  за.ныйный.ણુંнныйй за. за.,.ણું.ный. за ., и. ..., за..ный и и и  и и, и и за и и «.  и,.. и и.,, и,,. за и. и.."
Блок деректора по газу,Westось затасятыйоооьгор.оое.ое ите воеты.ковоасе и на итенье.осу.местту ву.мест ву втоттмест.мест итот.мест.усьнуюттыянуюи.усье иусьнуюи иусье.усьаютсясь.усьусьнуюсь맡맡맡ностьусьнуюьridнуюи со.усьот со.сь맡тность맡맡усьную맡맡 строя.усь맡맡 со.сridнуюсьсь
Блок заместителя генерального директора по организационным вопросам,"Westосьняе, и викися ,,,.та и вые,.пазе,, и,.ое.комтесье.е.оь,.комте.мест всее.ણુંье.осу,.ણુંсь.осу иь.сь.сь поность.сьсь.осььorde.сь иьordeасьтикуюсяьordeтикусьтикусьсьсьтикущуюсьсь до со.сьтикуосьсьсь тикуюсясьсь высьсь поરુтикусь подуььюсьсьridсьсьщесь"
"Проект ""Нефтяные краюшки""",Westось затыйоооье  иоеттыянуютетныйоьгорте.местете ите  за.мест.мест вист за.ानिось.мест иусье.осу иусьнуюисьсь.усьнуюсь.сьсьсьරයсьсь රයсьරයරයරයсь.ભсьсьтностьсьсьරීсьсь맡රයсь맡රීсьරයවිල්ලරයсьતંત્રусьරයсьтотсьсьતંત્રරයරයවිල්ලностьсьරයරීсь맡 प्रबंधनсьсьරණයсьсьગીсьсьотсь
Блок заместителя генерального директора по строительству,"Appleтаяноеетыету воеттыхетеетатетныйоое.ое ите.е.ные за  и    иое,.мест   за .мест за  зате .осу.осу,.паз за  .ныйныйое  и и  иет.е ие и и ие за и и за ие, и ии и и « и и до и иを迎え и и или и и. и иမဟုတ် и и от и и સુધી и"
Блок директора по газовым проектам," Навные  и   . .., .паз нядейе.мест  н.мест,.мест за ,.召няноготзне , нетосьн,.ся ,,.ось нетось,.вероооосьн.ось. нетось нет. нет,. нет.н. нет нет... нет . нет и нет.ся нет.та нет.десят. нет в нет.Ме. нет до. нет репутаци. нетдесят..フィー. нет не нет.弹 нет.钉 нет.フィー нет"
Подразделение по информационным технологиям,Westось затыйооое.оеты.ооиее иое вое и  воист ите.мест.оиеы.мест ии.оия.усьа.усьоиеи.усьаютсясь.усьусьаусьась.сь.оь.усьот.усьнуюсьсьсь.сridусьооияગીсьсь поностисьсь  со.усьснабностиridridrid со.сьсь со.оьяоие единицсьсьот со.сьridridусьот соот со 
Блок заместителя генерального директора по безопасности,Westосьняе тане  и танищее    и ву   втого и не и   отте .мест   за   нелосьось.ણુંютсяопуот.ось.ось .осьтельствое.ણુંье.осьись  ись .сьсь ાટсьсьсьтикусь රයсь тикусьсьරයсьсь.сьරයරයරයсьරයරීсьсьતંત્રоиеисьсьරීсьරයરુсьсь высьсьرتરુсьරයતંત્રරයсьતંત્રරීсьતંત્રරය
Блок заместителя генерального директора по имуществу," Навные   и  .ણુંютсяоуты  заттыяныету.ણુંьгорте.ણુંсятый  за  загорттыхеттыхного.вероооеттого.вере,.веросьй .вер,.гори.вер тую,.мест.верочен.вер.верпред. нет. нет,,..вер首相 нет.вер в.. нет . нет в нет...н,.령. нет над. нет нет.령,.н..령 в.フィー,."
Блок технического директора,Westось затты затыйооетый  за  затогоое.мест затете  итется  итсятсятся  за.мест  за за.ણુંтся за за за итсяот.усьусьусьттельствотся за.усьтусьусьаютсятусьරීтусьаютсясь맡тусьтоттусьරණයරීтරීтот맡맡тරීсьсьсь맡රීсь맡맡රීттельствосьсьтотсьсьරයсь맡රයсьсь රයсьරීт प्रबंधनරීтતંત્રරීтьරී
Блок заместителя генерального директора по безопасности,Westосьняныетыйарствоищеетыйоетыетапашгортете .мест  затасяте.ковоащие.мест поноститиетиеисьridисьсьсьridridиridridridиеиridсьridсьсь.сьсьттельствосьсь телисьсьતંત્રоиесьсьරයсьсьරීсьсьщисьсь поridridосьridridьridridсьતંત્રсьсь方针сьсьотсьсьпредсьсь맡сьсьorderidridරීсьridorderidсьරී
Управление по проектным работам," нетянаятсядейетсядейи татсядейу  за  заты.ણુંне.ણુંь иттыяныетасятете .сятты таттыхенеты,.верты ить.вертатата.тата нет. нет.та. нет нет.. нетrichten. нет вта...та нет в. нет,..Ме. нет ..ком. нет и..richten..弹 нет.Ме или..zne..ステ..не..правляю"
Управление по проектным работам,Westось затыйарствои затамечае.ое.месттатете.лныйоетащие.е.осу.мест.местетиеы иьordeась.сьсьсь.усьасьсьridисьсь поностьсьсь со.сьridьridridridсьridridьсьridсьсьieriсьсьતંત્રсьсьщиесящисьсьщесьсьorderidridосьridridусьridridorderidсьieriridridиridrid соridridмедсьсьරයсьсьරීсьсьщисьrid
Блок директора по проектированию,Westось затыйоооьгор  иоое.ооисттты  и   и воист ите.мест  иттые.осу.осу за.осу иоиеи.усьнуюи.оь.усьаютсятусьаютсясь.усьусьоьગીсь맡맡맡тусьусьусьот со.усьоттусь맡맡તંત્રусьот맡맡усьот රයсьсьсь맡તંત્રоьරීсь맡тતંત્રооරයсь맡усь짓ridсь맡 प्रबंधनරීтусьотсь맡сьсь 
"Проект ""Новая нефть""","Appleи  иье ие  и за  и  ву ву  иу   за  за за ...,..ણુંь.ные за.паз за..паз  за,.паз на.паз.ныйныйный.ный.  за. за.ныйgerichte за. . за  .ныйного..  ие.. за и ие и и и  и и « и и, и и или и и за и   и «. и и до и и.. и  « и «  и,. и «"
Блок заместителя генерального директора по закупкам,Westось на  заты.оооеты итсятся  итетыйое втыете.местте  затсятсятзнетзне.мест зате за.стрелтместтте итмест.мест.усье.усьаютсятаютсяту.усьнуюи.усьтусьнуютусьусьусьнуюсьсьсь.усьот.сьсь맡맡усьусьают.усьусьотсьсьтусьот со.усьරීтусь맡맡맡версьсьරයсьсьусьусь맡тусь
Генеральный директор,۹۷۹۷۹۷ለሁ۹۷۹۷రం۹۷۹۷۸۶۹۷۹۷۹۹۹۷۹۷ັນ۹۷۹۷پرس۹۷۹۷۰۷۹۷۹۷۹۸۹۷۹۷۳۸۹۷۹۷۴۲۹۷۹۷ գալ۹۷۹۷ агенттиги۹۷۹۷ ფილმის۹۷۹۷মু۹۷۹۷۰۸۹۷۹۷ந்தி۹۷۹۷ కళ۹۷۹۷ адбылася۹۷۹۷სრულ۹۷۹۷ მკვლელობის۹۷۹۷ კი۹۷۹۷۸۸۹۷۹۷ ຊາດ۹۷۹۷קא۹۷۹۷ื่อ۹۷۹۷γραφο۹۷۹۷ спомен۹۷۹۷ଥିଲେ۹۷۹۷ీ۹۷۹۷ چک۹۷۹۷płaszcz۹۷۹۷ ισχυρ۹۷۹۷ پوش۹۷۹۷ահար۹۷۹۷эхэд۹۷۹۷ኂ۹۷۹۷ ଖର୍ଚ୍ଚ۹۷۹۷βαθ۹۷۹۷ ΘΑ۹۷۹۷gjöld۹۷۹۷עש۹۷۹۷ პრემიერ۹۷
"Проект ""Восточный""",Westосьтыйарствои затыйооое.оетапаш поныйоьныее итете.местте .месте.осу.мест.мест иье иусье иьridисьсьсь.усььridьridсьсь со.сьсьridridьсьсьતંત્રоиесьсьරයсьсьдуьridridridсьridсь맡 प्रबंधनсьсьщесьсьරීсьсь රයсьતંત્રсьсь맡сьсьсridсьતંત્રусьотсьсьжениесьсьщисьсьorderidсьරයරයсь
Блок заместителя генерального директора по строительству,Westсьтянуютыоооиее.ооеты.ое.месттые  иты вое втету.мест  затместте.комтенне.те  за.тгортегортенье.осу.мест втмест .мест.тмест.сь맡맡맡тмест строя.сьтнуюсь맡сьсьсьтусьнуюисьсь  строя.усьнуюсьсь.сьсь поностьсьсь맡тьсьсь со.сь  всесь
Блок заместителя генерального директора по безопасности," «у  затсядейетсядейу за  затыйоетсятсятся  за дотый  за нетзне.ણુંтся за.ણુંь  ите.ણુંсятетется.ણુંютсяоутзне,.вер.вер .вер,.ся.вероાયા.вер вать.верта.вер президента.вер нет. нет.. нет вта.та. нетиспол...弹 нет.弹..та в..испол. нет и в. нет ..ステ. нет弹. нет нет"
Блок заместителя генерального директора по закупкам,"Germanyе  итсядейетатаяныете  затныету.ણું затетнеттыете... тые тыдесят ты..пяе.е. ..е были были были.е, были былиные были былимен были были ве  были были е были  были .ные были  ве, е е.ные"
Блок финансового директора,Westосьтыйооое.оеттыяныйое итетый вое втасе.месте.осу наоистте.татиетиеы.усьоиеы иоиеись поностись.усьасьсьсь поность.сьсь.сь.ооиесridисьсьridridсьсь맡исьооьяооияridridridусьооьridсь пощисьсьусьоьяridсьотсьсьот поностьсьсьисьоьсьсьරීсь
Блок технического директора,Westосьттыяныетяе  итты  заттыоое.лныетете.мест затгортеньетныйgerichteту вте за.месттгор зату.ણુંсятгор  за.ણુંтся.мест.усьту за.тты за.усьусьттыьтттусьттностьусьтность맡맡тусьусьнуюсьсь맡тьරීтусьරීтරීтьગીсь맡맡맡ભсьсьсьරයсь맡усьරීсь맡ભьරයсьсь
"Проект ""Северная деревня""",Westось затапаш поныетые.месттасе.осув.лныете воете.ое.мешянуюкое .мест.осу.мест строя.мест итась.осу иь.сь.усьь.усьасьсь.сьсьсьтиеисьсь .сь со.сьridridисьridьridridridьсьсьridсьсь поностьсьсььridсьridиridridсь поridrid соridridосьсьсьorderidridorderidсьordeсьсь
Блок директора по мощностям,۹۷۹۷۹۷۹۹۹۷۹۷ለሁ۹۷۹۷రం۹۷۹۷ந்தி۹۷۹۷۸۶۹۷۹۷۳۸۹۷۹۷ັນ۹۷۹۷קא۹۷۹۷۴۲۹۷۹۷ీ۹۷۹۷پرس۹۷۹۷სრულ۹۷۹۷ агенттиги۹۷۹۷۹۸۹۷۹۷ پوش۹۷۹۷ కళ۹۷۹۷মু۹۷۹۷ბრ۹۷۹۷۴۶۹۷۹۷płaszcz۹۷۹۷۰۸۹۷۹۷ მკვლელობის۹۷۹۷ Өмүрбек۹۷۹۷ адбылася۹۷۹۷گيري۹۷۹۷ ຊາດ۹۷۹۷گرفت۹۷۹۷ პრემიერ۹۷۹۷۸۸۹۷۹۷ چک۹۷۹۷ଥିଲେ۹۷۹۷ якості۹۷۹۷ահար۹۷۹۷۹۱۹۷۹۷ ଖର୍ଚ୍ଚ۹۷۹۷ ஊர۹۷۹۷หม۹۷۹۷ територията۹۷۹۷ кирген۹۷۹۷ კი۹۷۹۷กับปรสิต۹۷۹۷ლუ۹۷
Блок директора по строительству,Westось на лосьосьот за татанеттыянуютыйоетый нный.мест нныйправ.месттый.мест всеост    ите.местопол.мест.мест иттельствотиеи.опол.усье.осьтельствотели со.оиеисьсьсьරයсьсь රයсьරයරයරයсьтиеරයсьරීсьරයරීсьсьරීтرتridсьсьرتтරීсьرتсьсьતંત્રоරයරයරීтотсьсьотсьරයરુсьсьмедсьරයවිල්ලරයсьмед
Блок технического директора,Westосьтыйовтыйооеттыхе.ое.ણુંсяттые вое итете  иттыщие.мест.мест за иоиеы иоия펴맡 за.усьаютсятность.усь맡맡тность за맡맡맡펴맡맡вероьગીсь맡맡ность맡맡тыьщесь맡тот единиц맡맡 единицсь맡펴rid맡맡 맡맡 поностище맡맡 за맡т единицсьсь맡 единицсridот맡맡снабностищесьот 맡т맡맡от
Блок директора по мощностям,Westось нае  и    итого  татыйоетый  .ое .мест  за  затый.местте   за.осу   поныйопол   нетосьтельствое.те.усье иусье  неприиеись  неприисьсьරයсь රයсьරයරයරයсьсьсьරීсьරයවිල්ලරයරයරී රයරීсьරීтරීсьсь맡රයсь맡රීсь맡 प्रबंधनරීсьرتridсьරයරීවිල්ලරයсьරීરુсьсь ခံခဲ့ရරයරයවිල්ල
Генеральный директор,Westосьтыйарствоищеетыйоеттыхеты.местте  затыететянуютместетзнеසක්и ите.мест  за иттельствотельствоттельствотусьусьусьтусьттельствосьтусь짓ridисьсьсь.усьусьаютсясьсь맡усьусьරීсьсьусьусь짓усьусььرتтусьරීтусьරයсьсьරයсь맡сьсь රයсьරයරයсьતંત્રусь짓රයсьරීсь맡тьරයсьтරීсьරයවිල්ලсьсьતંત્રсьсьт
Блок директора по мощностям,"Apple затны, к наену и  и ву   и    за  иусь над ву ву ие и  ву.е.е  за и  за.мест за  за за за и «ее и иее  ие нее ие, и и и « ие за ие . за и и не и и до и и за до ие « и и от и и  « и « до и «  и и или и и — и и, и « за и до. и и су  и « « и "
Проект «Обустройство объектов Новейшей нейти»,"Germanyе  зататыйые  иоета вое.ные за  и    за  за.. за ...ое .ણું задесятте есть. .  .,.е есть,. тые есть были были были стоят.е были были есть, были были  были былиතී были මාලිමාලිමාලිдесятමාලිමාලිе මාලිе были десятමාලිе есть共同努力ные共同努力ные были были策මාලිමාලිကုမ္ပဏီමාලිе 나서 මාලිдесят මාලිကုမ္ပဏီાર્થ были былиကုမ္ပဏီමාලිමාලිてきた होस्策ાર્થ были "
Блок технического директора,Westосьняе  иу  за  завоетыйое.мест   затые   ите  за.мест затсятсятся  за итсятся за за за иттельствотся.усьаусьнуюсь맡ись.усьнуюьරීтусьнуюисьсьсь.усьусьусьරීсьсьරයсьсьරීсь맡 प्रबंधनරීсьරයරයсьridridridсьсь맡сьсь රයсьරයවිල්ලсьсьridсьරයරීсьridරීсьતંત્રоරයсьотсьсьرتridridмед प्रबंधनсьсьતંત્રරී
Блок заместителя генерального директора по закупкам,Westосьтыйоиеетыйовтыйарствоиии затетате.ое.ковоасете итетельствттыеттыянуюсьтиетиеисьсьттельствосьсьсьосьтельствось за.сьсьරයсьсьતંત્રоиесьсьridисьતંત્રсьсь රයරයсьරයරීсьсьරණයсьсь맡сьсьдуරයсьridridсьсьරීсьતંત્રරීсьridсьતંત્રරයсьતંત્રусь짓ridridridьсьсьщисьсьсridсьරයરુсьсь
Блок заместителя генерального директора по безопасности," Навные   итсядейе  и  татся няе.ણું за татата и та.ણું.ણુંь   ,.тататты таттыхе,. нет .вер  .та.та,.вер,,..вер вта. нет.. нетrichten...та и..н..тую. нет в..т. нет,.richtenправляю..Ме.. или..не..десят..ステ..弹..ну.. ..닛.."
Блок директора по мощностям,Westосьноооиеы.ое.ооеттыхе.ково.оиеетыйое .месте.мест перетате.е.осу.мест понуюьગીе.осьтельствое.сьсьсьтиеисьсь.сь.осьсьсь поностьсьсьridсьсь со.сьтьсьсьieriсьсь сьсьдуьсьтсьсьતંત્રсьсьරයсьсьරීсьсь맡сьсьмедсьсь засьсьусьridсьridridridсь сосьсь высьсьorderid
Управление по проектным работам,Westось затыйоооеттыяныйое.ое итете.ковоныете .местте итсяот вы.мест.мест за иоиетиеы иоьridисьтиеисьсьсьridridridьridridсьсьтностьсьсь.сьсь поностьсьridсьridьсьсьරයсьсьотсьсь රයсьrid соridridностьсьරයстисьсьරීсьсьсridridотсьridරීьridсьот प्रबंधनсьсьતંત્રоьщисьсь맡
Блок директора по мощностям,Westось залосьось затаусьу  поныйооое.оетыйое  ите  вое и  ву ву    нете итый  .мест .осу.ковоасяте.ковоность.мест.усье иусьетиеись исьсьсь.сьсьтиеьරයсьсьරයсь.усььсьсь රයсьරයරයсьતંત્રоиеරයсьරීсьсьતંત્રусььරීтьරීсьරයවිල්ලරයсьтотсьсьરુсьсь
Блок заместителя генерального директора по строительству,"Germanyе рази зататася.ое  затныете.мест зату.ણુંьгорте затныйрче.ણું затете ...е.е  .,.. тые..ные. . 兢..兢.兢,.兢 兢策策策趣策策共同努力策策ાર્થ策策быз策策方针策策 策策꿨策策达到策策흐策策"
Блок бизнес-директора,"렸습니다 затыйоиеетыйоза.оеттыое.лныйоронныеетныйоьныее.е.ણુંьныееты.ететнныеетсядейетныетные  ится.вероાયાты.осу.осу, иоооાયાтую.веросьт.верттых. нет...нопол..та.. нет над..опол.弹 или..弹.. или. нет и..десят..ком..от. нет в. нет"
Блок технического директора," нетяныйසක්тноись танитане  и нныйяе татани тататанеттого.мест таттого, нный,,,.ся та,. нетось нет . нет,, и нет. нет.ся нет,.та. нет нет.та, и. нет в. нет и... нет Верховн нет..та нет.,.. или. нет  нет.。《. нет или..。《 нет.н. нет痍..десят. нетдесят..フィー. нет首相..었다. нет"
Блок директора по газовым проектам,Westось поныйургаме итый ву понуютыйов ву вистте  ите ву    за  за понуюкот вист вы.мест.мест за.осу.осу ись ись.усьнуюьridись.сьсьсьridridridьridridиridridнуюсьсь.сridridсьсьරයсьсь со.сьridсьridьсьсьсridсь රයсьridсridсьridсьотсьсьતંત્રоиесrid соridridотridridorderidrid
Блок технического директора,Westосьй с образомтаме.оиеетыйоетасьетые  и вое и  воое.мест  за  .мест перете.меше.осу.осу ится.мест поноститасьтиеые.сьте иь.сь.сьсьсьтьridьныеасьсьridисьсь поностисьсь.усььridсьсьતંત્રоиесьсь телисьсьරයсьсь맡сьсьieriсьсьorderidridridсьridсьતંત્રсьсь
Блок заместителя генерального директора по безопасности,Westось затыйоооеттыяныеттыое.ое сэг.осу наететый.местетныете.мест.мест поноститиеы иусье.усьасьсьсь.усьаютсясь.сьсьтиеисьсь .усьусьаютсятелиусьусьусьот со.усьот.усьridridусьотсьсьridridсьсьતંત્રоиесridridrid со.сь телисьсьтелисьridусьridсьridсьતંત્રусьот प्रबंधनсьсьот соridсьотсьrid
Блок директора по строительству,"Appleтяетаяныету  иетыйоетые  и   итяные затый.мест  за .мест за  затетного.мест.ણુંтся  за...ныйныйныйગર .паз за.,.. ..паз.. за.ный.., и и ие.  и и, ие и и  и,.,, и . за и и « и и или и и за. и иを迎え.. и..गी и и રહેશે и и.गी"
Блок директора по мощностям,Westось заось за ямимешяные Бродое  и    за  гор.ое.мест  завоету.месте .оист за  за.осумед над.мест поноститтельствосьтиеи.усье.осьтельствосьсьсь .сьсь.усььсьсьтьностьсьсьරයсьсьridсьсьતંત્રсьсь方针сьсь неприьරයсь රයсьරයරයරයсьмедсьсьරීсьсь맡 प्रबंधनсьсь поරීсьරයවිල්ලරයсьતંત્રоරයсь方针ridсьරයරීсь
Блок директора по мощностям,Westось за ခံခဲ့ရ иооое   итыйоетыйов  .мест  за  затый   задзеететтыетядейеттельствое .ણુંютсяопол .осьте.тиеисьтиеාවක් .сьсьсьරයсьсь රයсьරයරයсьرتт作风сьсьт作风 රයරීсьсьරීсьරයරීтرتтරීсьرتсьсьરુсьсьતંત્રරයсьරීરુсьරයවිල්ලරයсьતંત્રරීсьતંત્રсьсь方针сьсьसत्ताсьсь
Блок деректора по газу,Westось затыйоооеты.ое итеттыхе.местте.оистте и вое.е.осу.месте   воист вист вы.мест.мест ви.мест поностище.усьь.усьи.усьась.усьнуюи со.усьиеись.сьсьсь.ность.усьусььridисьсь со.сь.сridьridностьсьсь맡ностьправляюridridridсьсьridridьщесьсь поностьправляюьridьщисьсь
Блок директора по мощностям,Westосьтасятяетатые  иту вооетыйое.ое итете .местте.мест  заттыхе.ково.мест.мест вистттыянуюттые맡тиетиеисьтиеиеи со.усььridridridисьсьсьridridьridиridьරයсьсьරයсьridсьсь맡сьсьтотсьсьતંત્રооиесridridсьridьරීсьсь රයсьරයරයсь맡тьridсь
Блок директора по мощностям,Westось нае  ие   и   втыяе.ણુંь   за  тататого таттые.оетый.мест   .мест.ણુંсь за.ણુંютсяась понуюсьте.осьтельствосьсьтиеисьсьсь.сьсьරයсьсь поරීсьсь රයсьරයරයсьтьગીсьсьරීсьරයරීтиесьсьતંત્રсьсьગીсьරයවිල්ලරයсьતંત્રරයсьرتсьсь맡сьсь方针сьсьотсьсьભсьсьसत्ताсь
Блок заместителя генерального директора по защите," таы   и    про оттые  ите  прое .ные  . .паз  ,,, и  нет ,. , ит,.ешта,,. нет .та,.та ит. нет,.ーン. нет. нет вта, и нет.та нет.. нет нет.。《та...та. нет отвечаю..という方. нет Верховн. нет и..десят. нетдесят..gelöst..н..。《 и. нет痍..フィー.。《.."
Блок технического директора," викитсядейе  итсядейу  за  затяные затся дотяется дояетяный렀ные за  ваютсятся,.осу,,,.вер,, иМГ,. нет,.ся,, или,.,.тую,.. нет. нет в. нет . нет или или или. нет нет...та.. или.., и в..н,.н..десят. нетдесят..或者是 нет.та,.десят,.或者是..ステ..священн..首相."
Проект «Обустройство объектов Новой нефти», нетяноетанету тани쇄   татты  итыйоетый  затыеты.ое.ણુંтся  и  нાળтзне.ооется т.мест  .ાયાты .оાયાты иооાયા렸습니다.осуоાયાооот.ештн.ештооо됐тноо났다. нет... нет и нет.н.н и. нет ..н нет. нет нет.。《..пред..。《 и..
Генеральный директор,"렸 нныйяные добиось на 렸.ણું렸 таકરણтныйопол няныйગર нفينтататый Небеснтатого таттого, иુ.ساء нный иુ,,,.احتтого,.こない,, и вта, и нет.こない.こない и.н. нет.н, и. нет Верховн,. нет отвечаю. нет вта и.. нет и в нет. нет,...。《. нет нет..페..或者是. нет痍..десят и.десят..フィー.."
Блок заместителя генерального директора по организационным вопросам,Westосьйнуе итсядейеты.оетыйое.лноготтыянуютые ите  итасятете.осу.мест заттые.мест.осу за.ણુંь итты за.усье.усьаютсятаютсяте понуюи иусьнуюи.усьнуюсь.сьсьсьтусьнуюьગીсьсь.усьусьнуютусьусьරීтностьсьсьරයсьсьරීсьсь맡сьсь රයсьරයරයсь맡тьગીරයсьતંત્રоие
Блок технического директора,թշնամరంరంరంັນరంరంለሁరంరంლილიరంరం ຊາດరంరంমুరంరంֆիզరంరం ରକ୍ତለሁరంለሁለሁరంლილიለሁరం ຊາດለሁరంັນ ຊາດరంለሁლილიరంለሁ ରକ୍ତరంరంחלקరంరంמניתరంరం დავიწყეరంరం киргенరంరంאָנאַለሁరంমুლილიరంლილი ຊາດరంლილილილიరం ຊາດັນరంለሁ σοβαράరంరంدگيరంరం σοβαράరంለሁ ຊາດరం ຊາດ ຊາດరంັນლილიరంັນለሁరం ରକ୍ତరంለሁگرفتరంరంเตรียมరంరం споменరంరంୱେరంరం നേതൃത്വംరంరంگرفتరంለሁমুరంለሁ споменరంლილი споменరంለሁאָנאַరంరం៨రంరం
"Проект ""Трубопроводный транспорт Главного НГКМ""",Westосьнооое  иоетыйое.ое иооисттетныйооиеете.мест  поныйоиствоете .оиеы иоиеи за.усьоиетиеисьтиеاتисьсьсь රයсьсьරයсьරයරයсьරීсьරයවිල්ලරයсьતંત્રоьරීсьсьරීවිල්ලооරයරයරයවිල්ලоරයරීтотරීсьරීтරීсьતંત્રગીсьсьતંત્રරීсьотරීවිල්ලරීරීවිල්ලරයරයරීරීරීતંત્રоරය
Проект «Обустройство объектов Новейшей нейти»,"Appleтяе  иоетые   иет.ое  за  заттого.બરтыйое за  и   .оое.  за. .   за за .ова.но.ова,.нуюв.но за  ,.оेगी .续 .ізе.осу. туюе.续.  и ве ...ет и и ием ие и и  и и, и и « и и за. за и и. и и су и и от."
Генеральный директор,Westосьняные  татане таттыяныйищеетыйоете.местетащие.ковоопуот.месттеттые.сьтиее.осьтельствосьсьсь.сьсьтасьсьridисьсь со.сь.осьсьсь сьсьતંત્રоиесьсьරයсьсьරීсьсьдуridсьсьગીсьсь посьсьieriсьсь펴сьсь方针сьсьщисьсьотсьсьсridridridсьridсьતંત્રсьсьжениесьсьordeරීсьridrid
Управление землеустроительных работ,Westосьйтне за  итетые   и   нетыйоете  иසක්  за  затасяте.мест  за за   за.мест за.осу иттельствоттельствотели за итиетиеосьтельствотиеисьтиеරයсьridridridисьсьсьරයсьсьridьridridсьсь රයсьරයරීсьсьරීсьරයරයсьતંત્રරයсьරීьරීсьridсьridරීсьતંત્રоරයсьотсьсьતંત્રсьсьот प्रबंधनරීсьරී
Блок бизнес-директора,"Germanyе разетатыйые  затые сэг.оету.оые.е..еттые не, е тые былимене е были е共同努力е  е, были были былимен были были  подход е 나서 были были変わってе  подход былимен変わってе 나서 е変わってе変わっててきたе 나서轮е 나서を重ね策е 나서 с策е были былиફર එක්ව 나서 былиાર્થ策ાર્થ策еを重ね策ાર્થ 나서 были මාලිてきたеを重ね带着е変わって策ાર્થ带着е てきたе"
Проект «Обустройство Интересного лицензионного участка»,Westось затымие.кост зату воооеттыхнуютыйое.лныйопол иое вте.осу.мест затый.мест.мест ву ву.местте за.мест  за.осу за.ણુંтся.мест итсяසියось за.усье.усьась.усьнуюись за.сь.сьсьсь.ભ.усьусьаусьусьусьнуюсьсь맡맡맡вероусьусьරීтусьусь맡맡усьусьотсьсьරයсь맡усьරීсьсь
Генеральный директор,Westось затыйоооиееттыоое.оетныйооьныее.лныйоьныеое итете  иттые.мест за.ણુંтся за.тты за.усьттыьગીе.сьтиеись.сьсьсь.усьнуюисьсь за.сь.رتтьગીсьсь맡ьرتтусьусьусь짓ridсьсьтьරීсь맡맡맡тьсь맡тграждениясьсьරයсьсьગીсь맡сьсьරීсьсь රයсь맡веро
Блок заместителя генерального директора по организационным вопросам,Westосьноооиеетыйарствоищее.ое.ковоевыетете.местетащиетныйовыее    неось.мест поноститиеые.осьтельствосьсьсьтиеисьсь.сьсь поностьсьсьridridсьсь сьсь со.сьridсьridосьсьсьරයсьсьщесьсьсridridridьсьсьотсьсьжениесьсьжитесьсьતંત્રоиесьсьorderidridосьсridосьridсьordeотсьridьridridотridсьот
Блок технического директора,"Westосьняныетые  иеты.лныйоете.лного.месте  за  затасятетамра.мест.мест  за иусье иусьаусье.усьье иьridисьсьсь.усьусьусье, со.сьсьridridсьсь со.усьоиесьсьරයсьсь맡сьсьતંત્રоиесridridridьсьсьотсьсьщесьсьorderidridorderidсьridьridridотсьridсьતંત્રсьсьරීсьсьпредсь"
Блок технического директора,Westось на ခံခဲ့ရ иствоетыйарствоищеетыйоеттыхеты.местопуоттянуютете  ите.мест неприое.ણુંютсяопуот.осьтельствотелиарствоосьтельствотельствотели.усь짓ridисьсь රයсьсьсьරයсьරයරයරයсь поරීсьරයරීсьсьтусьරයсь ခံခဲ့ရරයсьරීсь رتсьсьرتсьරයවිල්ලරයсьતંત્રරයсьرت රයරයરુсьсьරීтرتсьරීවිල්ලරයරයවිල්ලсьсьતંત્રсьсьसत्ताсьсь
Блок заместителя генерального директора по строительству,"Germanyетыйоооеты ите итныете.ое. затасды.оиствоетные.ооидатете ...е.. ты..,..ные..之外.. при..兢..굵е были.. обстоятельства..усье.е были были.ные были былимен были были 년부터е былимен с策ાર્થ былимен ве были мен былимен 년부터 ве 나서 были были были вાર્થ策ાર્થ策е мен с с策е с策"
Блок директора по строительству,Westось на  затасятый.месте.месттатыйоететасьетеньетместетныете.осу.мест.мест неприиеы.мест иье.сьтиеись.усье.усььridисьсь.сьсьсьridьridсьсьтьностьсьсьтьridridridсьridridьсьсь со.сьridосьсьсьරයсьсьстинсьсьorderidridосьridridстинстинстинridridorderidсьordeстинстинсьridсьරීсьсь
Блок технического директора,Westосьняе   и  не  итого ноетыйое .мест    за нныйянуютете  вое.мест иттельствоттельствосьтиеисьте.осьтельствосьсьсь.сьсьරයсьсьતંત્રусьесьсь රයсьતંત્રсьсьмедсьсьරීсьсьرتridсьсь поරීсьරයරයсьරයවිල්ලсьсьridсьරයරීсьતંત્રරයсьмед प्रबंधनсьсьотсьсь方针сьсьसत्ताсьсьжениесьсь प्रबंधनරීсьмед
Блок директора по мощностям,Westосьтыйоооиее.оое.лныйрчеты.лоянуютые.е.лощие итете.месте.пазвыте за иттые вусьнуюттыьગીе вись иусьот.усье иусьнуюись.усьнуюсьсьсь за.усьусьнуюьગીсьсь맡усьусьусьот со.усьотсь맡맡맡усьотусьусьridridridсь맡тотсьсьරයсьсьтьරයсь맡вероьරීсь맡 प्रबंधन
"Проект ""Обустройство площадных объектов НГКМ Поменбше""",Westось за за над зату затые  поныйрчеты завоете  и ву ву   за  затый.паз  за поныйопол  понуюве  за.ણુંсяબર.ણુંтся  за над.ણુંлся  за ву за.ساء за.усьෙනවා за.опол.усьусьусьот.усьнуюсьтусьусьопуусьусьасьсьсь රයсьсьරයсь ခံခဲ့ရරයсьтرتтرت ခံခဲ့ရсьсьරීсьсь высьсь поностьсьсьرتခံခဲ့ရсьرت
Блок заместителя генерального директора по имуществу,Westось нае  иලූтыетатыйоооететый нныйянуютый.местте   .мест нянуюв.местетянуюье.ое.ણુંютсяопол ите.тиетиеисьтиеосьтельствоисьсьсь.сьсьරයсьсьтьсьсь රයсьт प्रबंधनсьсь поරීсьсь맡сьсьرتсьсьරීсьරයරයсь сьсьતંત્રсьсьridсьсьعيсьсьмедсьсьтьරයсьරයරීсь
Блок технического директора,Westось нае   ится ноетыйое  итый    за  гортетогоетяете .мест  за ите.мест шпусье.осьтельствотельствотельствосьттельствосьсьтиеисьсьсь тельствосьරයсьсьරයරයсь රයсьරයරීсьсьරීсь  प्रबंधनсьсьતંત્રсьсьтьරයсьт प्रबंधनරීсьරයවිල්ලරයсьмедсьсь맡 प्रबंधनරීтотсьсьرتridсьсьмед प्रबंधनсьරයરુсьсьرتهсьсьотсь
Проект «Трубопроводный транспорт Ещё одного НГКМ»,Westосьй за  за  пооооетыйое  поныйоро горое.ооисттый  понуютетныйопол  поностите.мест поныйопол иттельствоте иоиеы.опол.опол исьсьсь.сьсь за රයсьсь රයරයсьтот රයттельствосьсьරයсь맡тотсьсь поරීсьсь맡රයсьරයරයරයවිල්ලරයсьරීсьරයවිල්ලсьсьતંત્રоරයсьતંત્રරයсьотсьරයරීсь ခံခဲ့ရරයсь 
Блок директора по газовым проектам,".лодавогоные поные поный렀ные понуютамне про к.мест тате.татные, ненетенянымитаттыхного. нет рядта. нет .та.. нет...мест..ся..тан. нет нет. нет бы..н..не. нетrichten нет.н нет.не нет.та нет.Ме. нет в нет.священн. нет отвечаю. нет ни. нет были. нет не нет.弹 нет. не. нет и нет.フィー.. не"
"Проект ""Восточный""",Westось затые  ится  втыяе воеттыяныете.лный.лныету ву  за   загорту.месте.мест .мест за  за на.месттзне.ણુંсяте вусье.осу.ણુંтсятсятся.усьется.сь за.усьтетется иусьнуюсь맡맡맡тусьтусьусьусьнуюисьсьсь맡сьсьරයсьсь.усьරීтусьරීсьсь රයсь맡тотсьсьරීт
Блок директора по строительству,Westосьтогоетогооеттыяныетыететыйое.ковоныете ите вое втеэг맡те.осу.осу вистттые вусье ви ви иусье иусьусьусьисьсьсьтиеись за.сьсь за за.усьусь짓ridись맡맡вероьridridridьગીсьсь맡верисьridсьсьridridсь맡сьсь රයсьсьරයсь맡тьridьරීсьсьતંત્રоьරීт
Проект «Трубопроводный транспорт Ещё одного НГКМ»,Westось на  за  и  затты затыйоеттыое  итетого   горте   поныйопол   иසක්ттельствоттельствотелиттельствотельствотельствотели  иоиеисьтиеи  тели тели поරීттельствосьттельствоරයсьтот поරීсьсьсь රයсьсьරයсьරයරයරයсь  රයරයවිල්ලරයсьරීсьරයරීтотсьсьтرتridсьсьતંત્રරයсьતંત્રоරයсьотсьරයවිල්ලсьсьරීтරීсь
Блок заместителя генерального директора по имуществу,Westось затасятыйые.ооеты итетыйое.осу наое иту вое вте иое зате.ણુંсятотте за.осу.осугороттот.осу иусье.усьот.усьтот за.усьусьтгорсьтусьусьусьнуютусьнуюи.усьнуюсь맡맡맡усьусьරීторуыරයсь맡тот맡맡тусьот맡රීтотරීтусьоооусь맡맡ભсь맡усьот
Управление по проектным работам,Westосьтыйоетые  итеттые.местеттыхеталебянуюте  заттыныете.осу.мест зате за иттыностите иусье за за.усье.усьусьусьаютсятусьнуюи.усьаютсясь.усьнуюсь.сьсьсь за.сь맡ностьусьусьнуюьગીсьсь맡맡맡тностьсьсь.сridridridсь맡тьridностьсь맡сьсьતંત્રоьridьridсьсьусьотсь맡તંત્રоие
Блок директора по газовым проектам,Westосьтыйооое  итты  иоеттыянуюттые.ое.ણુંьгортете  заттыьетныйоистте.осу.ણુંютсяопол за понуюттельствоттельствосьте понуюсьтиетиеосьтиеисьсьсь за.сьсьтьرتтиесьсь맡сьсьරීсьсьරයсьсь поරීсь맡тرتтرتсьсьусьරීсьරයරීсьරීтьсьсьرتтьગીсьсьગીсьරයරයсь
Генеральный директор,Westось на  застаопол  за опол заттыое.ણુંсяттые.ковоевые  затете итсятсятся  ится  поностите вись.мест.опол ии за иусьась за.сь.сьсь.усьнуюисьсьсь за за за.усьаютсясьсь поностисьсь .сь за .усьот со.сь поностьсьсь맡맡맡сьсьсridсьсьරයсьсьщесьсь со.усььગીсьсьતંત્રоьсьсьотсьсьقيمсь
Подразделение по информационным технологиям,Westось заось за  залосьось за выс  за гором  поныйое.ое   гороттыйоете.осу.оое воистте итеттельствоттельствотели со.оиетиеисьтиеосьтиеාවක්رت тели со со.сьсьсьරයсьсьтьරයсьරයරයරයсьтотرت රයсь රයරයරීсьсьرتтотсьсьරීсьරයරීтرتridсьсь  प्रबंधनсьсьતંત્રоරයсьот प्रबंधनсьරයවිල්ලරයсь
Блок директора по персоналу," Навные  иу   и   . ... за . за..,.ણુંь .паз  назад.ણુંтся乐у.ણુંсь за над за  назад  и вать .ણુંся .ся  вать « .见面,.见面. нет .zul. нет. нет и .こない.. нет над.zul в. нет или или..zul нет.. или. нет в. или или или в..ーン. нет"
Проект сервиса скважин,Westосьтыйоетыйарствоисьоое.ое  иты.оисттете.месте  заттыхеттыянуюьеттельствоте ите за иусь짓ridисьсьсьттельствосьсь.сьсь за.сь.усьнуюсьтусьусьусь짓ностьсьсьරයсьсь맡сьсь රයсь맡тусь짓ьсьсьગીсьсьරීсьсьતંત્રусьරයсьරයරයරයсьતંત્રсьсьرتهරයсьтьරයсьرتтьරීсь맡 प्रबंधनсьсь
Блок заместителя генерального директора по безопасности,Westось за  залосьось за за   за  поныйопол.лныйопол за та за горомсь.лноготу ву  за итетянуютяетатяные   .усьотттельствотасьттельствось.осьта.сьтиеись.сьсьсьтьગીсьсьරයсьсь.رتтьرتridисьсьරීсьсьرتсьсь රයсьරයරයсьرتridсьсьراتсьсьرتهсьсь высьсьગીсьරයරීсьرتт
Управление коммуникаций,"Appleтыйоиее  итые   иළяе.мест   , за  и  за ,.ણુંь за  .мест за .ણુંсь за  за,.паз за  про.ણુંться.паз  за.ણુંтся,.мест.ણુંтьный.ણુંнныйяе . . за.  и «  и. за  «е.,, и и и  и иет и и, и «.  « и и « и   «. и и за и и. и... "
Управление по проектным работам,Westось затыйоооеты итсядейе итеттыхетапаш поностите  итасяте.ое.осу.осу за иусьатиеы.усье иусье.усьаютсятиеисьсьсь.усььridись.сьсь  соностисьсь со.усьridridridи со.сь맡тностьсьсьridridсьсь맡맡тьગીсьсьщесьсь поностищесь맡сьсьતંત્રоие единицсьсь за  соridrid со со со
Проект «Обустройство объектов Новейшей нейти»,тыковоевые리스트осьاتورтаસ дотаકરણ대로ттыяе.ઠાтанеттыьетыйоетянуютыететы.верт .верттᆯтатат  и  .т .ئتтат.احتт.татся.احتтся.татдесяттатн.احتтаттых итносьн.ттых.тнтнтат нет. нет.тататан.н.десят ит.н и втн и.т. нет Верховн нет.ндесят. нет
Блок деректора по газу,"Appleтыйое  иලූтые .оеттыянуюттые.ણુંьгорттыое.осу.паз затзне.ણું за.ણું렸습니다.ણુંсьттзне魄 иту.ણુંсят.мест за. зат.ણું.ણુંтьный. за. ...ણું,..ный.ણું и «..  и.., и и, и  и и и.,.,, и,. за и и « и и за.. и и . и. и «, и."
Блок директора по мощностям,Westось затыйооое  итты  иое.ое итете  воетныете.мест  за  за иттельствоттые вусье иусьот.усье.усьттельствось맡тусьот поностисьсьсь.сьсьтусьусьот со.сь.усьотсьсь맡맡тотсь맡сьсьતંત્રусьот රයсьсьරයсь맡 प्रबंधनсьсь රයරයсьтностьсьсьridridсьсьотсьරයවිල්ලсьсьරීсьсьжениесьсь
Проект «Трубопроводный транспорт Ещё одного НГКМ»,Westось на  заось затты  завоетыйоооеттыое.ણુંьгортый   поныйое   итетныйопол итттельствоттельствотели.мест поноститтельствосьтусьтусьусьтот.сьтот поරීсьсьсь.сьсь맡вероьગીсьсь රයсьсьරයරයсь맡тотсьсьтරීтරීсь맡맡맡тусьරීсьරයсьරයරීтотпредсьсьતંત્રරීсьотсь맡сьсьරීсьતંત્રсьсь
Блок заместителя генерального директора по организационным вопросам,Westось на  завоетые  ится нетыйоететогоеттыхетянуютее   .мест   за.ковоопу.ково.ковоосьтельствоись.усье.осьтельствосьсьсь.сьсьරයсьсь රයсьරය со.сьරයරයсьતંત્રоиесьсьරීсьсьતંત્રусьරයсь맡 प्रबंधनсьсь맡сьсьотсьсьرتridсьсь со රයරයරයරීсьරයවිල්ලරයсьරීරීсьતંત્રරයсь ခံခဲ့ရරයсьпросьсьмед
Блок директора по персоналу,Westосьтся исттыйарствоищеетыйое.месттыеттыхететате.осу.местетянуюи.мест неприоетиеисьтиеы.осьтельствосьсьсь.осьсьсьтьсьсь со.сьсьосьсь.усььсь сьсьරයсьсьridисьсьරීсьсь поностьсьсьщесьсьગીсьсьщисьсь රයсьරයරයсьරීьridсьсьતંત્રсьсьмедсьсьرتridсьරයරීсьරීтьridridсь
Блок заместителя генерального директора по безопасности,Главниωσηֆիզωσηιστείιστείັນωσηιστείັນັນັນωσηັນωσηωσηັນັນιστείັນмігрантັນωσηֆիզιστείັນιστείωσηັນιστείιστείιστείωσηιστείֆիզιστείιστείረዳັນωσηگيريωσηιστείωσηωσηιστείረዳιστείιστείֆիզωσηωσηگيريັນωσηโพັນωσηረዳιστείωσηگيريιστείιστείэхэдιστείιστείאָנאַωσηιστείэхэдωσηιστείאָנאַιστείιστείโพωσηιστείگيريωσηωσηֆիզັນιστείረዳωσηιστείโพιστείιστείگيريັນιστείֆիզֆիզιστείωσηโพιστείωσηאָנאַωσηگيريโพັນιστείэхэдֆիզιστείֆիզאָנאַιστείωσηለሁιστείιστεί Үүндωσηιστείлітературωσηιστείለሁωσηιστεί Үүндιστεί
Генеральный директор,Westось затасятый наусьетыйооетыететтыхе.местту вое ите  иттыянуюте.осу.осу иьગીе иусье.усььridисьсьсь.сьсь со.сь.усьнуюсьсьтностьсьсь  со.усьусььсьсь поностьсь맡сьсьරයсьсьridridсьсь맡тьridridridьridсьridсь맡 प्रबंधनсьсьщесьсьотсьсьતંત્રоьridьગીсьсьсrid
"Блок исполнительного директора по реализации проекта ""Большое месторождение""","Appleтыйоетые  итеттыхетате.ое зате  затныйоое.ણુંтся.ણુંлись за итый на.тзне за за и  за за. за за за, за за . за.ણું за за над. за и,. за  и и и, и и за и ие и и  и за.  и, за. и и « и и или и и. и... и,,.. за,. и за, и,  и или..गी."
Блок заместителя генерального директора по строительству,"  и   , и  за   за...  ..,. ,.т .ое. нный..оооありません и  ит.  Небесн .  и нет ,,, и Небесн   в,,.о Сол,, в,. нет. нет, и в, и, и нет,., и. нет и в. нет в. или. нет . нет Хр нет.됐 нет. или,. Reh. нет или..됐. нет됐.됐,.. Reh됐.. нет"
Блок технического директора,Westосьтыйоооетые.ое.лныете.мест  затете .местетасяте вы.мест.мест иусьа.усье.усьась.усььridисьсь.сьсьсь со.усьдуность.усьот со.сridridностьсьсьridridсьсь  со.сь соностьсьridсь соridсь телисьсьරයсьсьщесьсьતંત્રооьridridridот соот со со соridrid со соотсьсьот соrid
Блок заместителя генерального директора по имуществу,"Germanyе рази затаяныетые.ણુંся.ણુંютсяатате.ое.комтныйныйныйного.ણું зату.ણુંусьетет.ણુંтеંદર... ..,..усье..વ્ય..之外..ડ્ર..اساتные..兢.ડ્ર"
Блок технического директора,Westось затапашгортыйоетыйовте.месттетеетасятехост  нныйянуюьгорте ите висьи иусье.усьасьсьсь со.усььridьridисьсьridьсьсь.сьсьдуьridridсьсьරයсьсьતંત્રоиесridсьridridridосьсьсь맡 प्रबंधनсьсьсridridусьотсьсьотсьridсьતંત્રсьсь сьсьусьridсь соridсьරයරයсьridосьridrid соrid
Блок финансового директора,Westосьй с образомте.оооиееттыянуютыетасье.мест  вое.осу.лныйое  ву вист ву.месте .мест.мест свой.усье.усьнуюи.мест строя.усьи.усьась.усьь.сь.сьсьсь.ось.сьтиеись.исьисьсь поностьсьсь со.усьусььсьсьridсьсьтьridсь.стройсьсь высьсьжисьсь맡сьсьරීсьсь 
Блок заместителя генерального директора по безопасности,Westосьй за  и  за   иттыооое.оетыйое  иое вое и  понуютете.ણુંютсяопол ите ваютсяте иусьаютсятиетиеы.усьнуюись.сьсьсьтусьнуюсьсь රයсьсьරයරයсьтностьсьсь맡тиеරයсьරයсь맡сьсьતંત્રරීсьсь поностьсьරයවිල්ලරයсьતંત્રоьරයсьරීсь맡맡тьગીсьсьગીсь맡તંત્રоරයсьотсьсь
Блок директора по мощностям,Westось на  иь иооое    иое и  та и та   поного.ое.мест  ите  за  .мест.мест за.осу иттельствоте ви .усьнуюсьтиеисьсьсь .сьсьordeусьесьсьતંત્રоиесьсьරයсьсь맡сьсьтностьсьсьridсьсь поරීсьсьмедсьсьරීсьරයරයරයсь රයсьordeරයсьරයරීсьordeරීсьતંત્રосусьсь方针сьсьтикусьсь
Блок деректора по газу,۹۷రంັນັນັນరంັນరంరంັນ۹۷ັນັນ۹۷۹۷ັນరం۹۷ັນ۹۷రం۹۷۹۷۹۷రంరంరం۹۷ኂ۹۷۹۷ኂັນັນኂັນ۹۷ኂరంັນኂ۹۷ັນኂరం۹۷రంኂ۹۷రం ຊາດ۹۷۹۷ адбылася۹۷۹۷ mempengaruhi۹۷۹۷ కళ۹۷۹۷ პრემიერ۹۷۹۷ιστεί۹۷۹۷ ຊາດ۹۷ັນ პრემიერ۹۷ັນ mempengaruhi۹۷ັນ ຊາດັນ۹۷ პრემიერັນ۹۷ιστείັນ۹۷ కళັນ۹۷ mempengaruhiັນ۹۷ адбыласяັນ۹۷ ຊາດັນັນ ຊາດ۹۷ኂኂ۹۷ኂιστεί۹۷ັນמנית۹۷۹۷মু۹۷۹۷אָנאַ۹۷۹۷ ເກີດ۹۷۹۷ለሁ۹۷۹۷ maamuzi۹۷۹۷gjöld۹۷۹۷
Проект «Обустройство Интересного лицензионного участка»," Навные    итсядейетсяоттаકરણттыяныйગર нетыйоетыетеся .местеттыхене,.верое,,.мест,.ся.ся нет. нет,.н,. нет.н. нет вта. нет нет.. нет . нет или. нет и...та нет.,..не нет.та..н нет.не..ステ.. или..Ме..десят..령..ну..フィー. нет首相.."
Управление по проектным работам,Westось наොත්ප්පු ခံခဲ့ရядейе  и   нныйяе   итого нетельствтыйое .мест   за няноготый  .сяте.ણુંются нетосьтельствои .ણુંсьттельствосьсьсьтиеありませんරීсьсьරයсьсь方针сьсь රයсьරයරයරයсь ခံခဲ့ရරයсьતંત્રරයсьරීсьරයරීтиесьсьරීтرتهරයсьرتهරයරයරීсьرتهсьсьرتсьсьرتهခံခဲ့ရරයරයરુсьсьતંત્રරීсьරීරීсь
Блок заместителя генерального директора по защите," Навные  итсядейетые  заты  за  завоете.е.ные затете иетате .ештаттыхеттыхноготе,.месте.верооое,,.ешттых. нет. нет,. нет Хр нет.мест. нет нет.та. нет в нет.. нет и нет.не нет.н. нет . нет до. нет или. нетrichten нет.弹 нет.ステ. нет首相 нет.フィー. нет главно. нет弹..."
Проект «Трубопроводный транспорт Ещё одного НГКМ»," Навныетый вернуу  затсядейетыйоетыеттыхетяныететтого.местетененештоых,. нет Хр нет Хр. нет. нет,.ся нет.령. нет в. нет нет... нет отвечаю. нет . нет и нет.не..Ме..弹 нет.弹..священн..フィー..,..н..мест..не нет.フィー,.フィー и..朽..。《..десят..首相..правляю.. или"
Блок директора по мощностям,"Westось на  иу  за  затася  за.стре.стре, задесят над зату ву.оое.ое  за на.ણુંсяту.осу.мест  за за.ણુંтся.ણુંсь за.усье.усьусьусьнуютусьусьу.усьнуюсьтусьнуюи.усьаютсятусьот.усьтусьаютсясьсьсь.усьают.сьсь맡усьусьаютсьсьусьусьරීусьусьотсьсьරයсьсьරීтусьරයсьරයරයсь맡тусьරීсьсь"
"Проект ""Северная деревня"""," нетяныйગર нныйяные тане  и  татый нетыйоетыетеся .ся   нетось нетось,,.мест ,.верось нет,. нет,,, и нет. нет.ся нет.вер. нет нет.. нет в нет.та. нет . нет отвечаю. нет и нет нет, и. нет не нет.н. нет или. нет Верховн нет.弹 нет.Ме. нет痍. нет首相 нет.フィー. нет됐 нет.ステ. нет ни..."
Управление по проектным работам," Навныете.ણુંьтатаме и  и таттыяныетащие  иое тататтыхноготтыхененопол. нетrichtenправляюосьта. нет. нет,.тую. нет вта..не... нет нет..та нет.не нет.ステ..туюправляю..Ме..правляю. нет ..弹 нет.Ме или.не или.. или. нетправлен..フィー..ного..首相 нет.правляю нет.フィー,..священн..닛"
Блок деректора по газу,Westось на  заосьй за  загортыетыйооететныйоиее.ковоевые-ащие.мест  за  вое  вист ву вист  поныйое висьоиетиеисьтиеиеи со.сьсьсьтот со.усььridridисьсь맡тиеотсьсьරයсьсьridridridсьсьતંત્રоиеරයсьරයරයсьотсьරයරීсьсь රයсь맡 प्रबंधनсьсьරීсьරයවිල්ලсьсьот प्रबंधनරීтотсь
Проект «Обустройство Интересного лицензионного участка»," нетяный렀изоооетыйое.ણુંьгорттыяныетые  иты нетосьтсядораты, иооાયાты,,.верооось нет,.ся нет, ить,. нет. нет,, и нет.н. нет нет... нет в. нет . нет над. нет или. нет и..,..フィー..н,.フィー,., и. нетдесят. нет отвечаю..弹..десят..не.. или..ステ. нет"
Управление по проектным работам,Westосьтыйоиеетыйовтый.ое.лныетете.осугорте заттыхетзне.местте итеડ્રтесяттые.ણુંтсяте ваютсяте맡те  за иусьте строя.усьаютсятусьтусьусьттусьаютсясьтусьරීтусьнуюись맡맡맡тусь짓ridисьсьсь맡તંત્રරීтرتтරීтતંત્રусьусьරීсь맡тતંત્રරීсьсьරීтправляюරීтьරීтотсь맡
Блок заместителя генерального директора по защите,Westось заось за  за горот.кстоусьетты  завоетыйоевоете.оететыйов    поныйое.осу.осу иусьියක්усьියක්осьтиеисьсь .сьсьсьරයсьсь.сьරයරයсь රයсьරයරීсьсьරීсьරයවිල්ලරයсьرتridсьсьرتсьсьતંત્રරයсьරී රයරයරයවිල්ලсьсьотсьсьවිල්ලරයරයරීරීсьતંત્રරීсьරීтරීсьرتරීсь ခံခဲ့ရරයсьот प्रबंधनරීсь
Блок заместителя генерального директора по строительству,"Westосьй за  заме.ооое.осу.ое иое вое,.мест поныетые.пазвытельнуютзне.оиствоету.онуютый.мест.оие.мест за.ણુંьгор.опол.ои за.усьнуюи.усьоиеи.сь.сь맡ись.усьисьсьсь맡исьись за.сьсь засьсь.остсьсь со.усьусьусьнуюсь맡맡맡версьсьусьусь맡맡сьсьරයсь맡веро"
Управление коммуникаций,Westось залосьоооетты  иое итыйое.ое втый    итете  заттыхеттыхнуютый.комтгорте.осу.мест зате вое за.осу иту.осу за.усьнуюсь맡맡 понуюи.усьот.усьусьнуютусьооусьнуюись.усьоьරයсь맡усьоරයсьсьсьරයсь රයсьරයරයсь поностьусьот රයරයරයවිල්ලооරයවිල්ලරයсь
Блок заместителя генерального директора по безопасности,Westось затыйоооеты.ое.лныйоьныее.оьныеы итете.е .мест   за.мест.мест за.оиеы.мест поностиось.ось.усьись.усььridисьсь.сьсьсь .сь.оьગીсьсьridridridсьсь поностиridridиridridьridridосьridrid соridсьridсьતંત્રооиеисьridосьсьсьරීсьсьотсьсьorderidridorderidсьотridridරීсьrid
Блок операционного директора,Westось заныйоро Вивероронныйоро  затныйоро   заныйопол.лныйороноутыйоетыйов за  за  поныйое.мест.осьтельствотели.ось за.усьисьтисьоиеись.усьаютсятот тели тели со.сьтот поностисьсьсьтностьсьсь맡тотرتridисьсьщесьсьරීсьсь телисьсьridridсьсь поරීсь맡исьоرتridсь맡сьсьරයсьсьотсьсьرتridරීсь
Блок деректора по газу,Westосьне  итогоетыйоетыетапаш поныйое   и  вое и  поный итый.ое.мест  поноститасьтиетиеисьсьсь  со.осьridисьridи со.сьсьridьridridridсьсьරයсьсь со со.усььсьсьતંત્રоиесьridсьridridосьridrid соridсьતંત્રсьсьorderidridьсьrid со соridridorderidсьරය соrid сосьсьරීсьсьжениесьсь
Блок директора по строительству,Westось за  за  итты   нный итяе   и нный воетыйое  иое.мест   поныйопол  .мест за   за ите.опол .осу.тетесь .осьтиеисьсьтиетиеාවක්رتтьرتridисьරයсьсьсьරයරයරයсьරයරීсьсь රයсьтرتهරයсьرتтرتridсьсьරීсьරයરુсьсьرتهсьсьмед प्रबंधनරීсьරීт प्रबंधनсьсьતંત્રරයсь
Блок директора по строительству,Westось нае  итсядейеттыяетые  втыяныете   и    за нете.мест  за.мест.мест вист вист за ите вись.мест за.осьтиеисьтиеь.осьтельствосьсь.сьсьсьтностьсьсьරයсьсь රයсьтьсьсьridсьсь맡сьсь со.сьරයරයсь맡 प्रबंधनсьсьતંત્રсьсьщесьсьරණයсьсьотсьсьරීсьсь поностьсьતંત્રоьridridсь
Блок технического директора," 되면ેટе  и    되면  되면 за  . .احتт .ણુંютсяоутыя痍痍ттого и  иુ.ся .опол.опол иМГ, иМГ иМГ. нет « . нет .та и нет. нет.десят ита,. нетдесят и.десят. нет Верховн нет.та. нет нет.. нет и. нет痍.десят И भएका..та нет.。《 и..десят нет.フィー.десят ...フィー и и и.フィー篪..。《..という方..됐"
"Проект ""Северная деревня""",Westось на  за  завоетащие.ણુંьгорте  итетый    затасятесятяете.мест  за.мест за.осьтельствосьтиетиеисьсьттельствосьсьсьරයсьсь.сьсь රයරයсьරය со.сьරයරයවිල්ලරයсьтностьсьсь맡сьсьරීсьсьотсьсьridсьсьતંત્રсьсьرتridсьරයරීсьරයවිල්ලсьсь方针сьсьරණයсьсь поරයсь맡රයсьતંત્રරයсьотරීсь
Блок директора по газовым проектам," таниતનось над тане  и  тарения и тарение и 리스트 над татане и  отттого и того, и  неосьнтани,, ие ие,,,. нетось и , и нет бы, и и нет . нет ,, отвечаю. нет бы и  и отвечаю, и отвечаю и отвечаю.та, и И, и вта и и и И. нет отвечаю и И и отвечаю И и и отвечаю отвечаю и и. нет. нет и и  И и. отвечаю и.。《 и и"
Блок директора по мощностям,"Appleтыйарствои не  иоетые .е  .месте  за та맡януюве та.мест.мест за  ,.ણુંтся.ныйgerichte за  за.ный...,.. .. за .ного, и и ие и и, и,.  и и  и . за и и за.. и и « и и или и иを迎え и и..गी и и над и и સુધી и и之外 и и су  и,, и   и.गी.."
"Проект ""Южный""",Westось задесятста за  за   завоетый.ооое.ણુંся поныйоро.лныетый ву понуютые.ое поныйныете.кста.ણુંтся.осу за.мест.осу.ણુંь.осу ится.усье.усьаютсясь.сь.усьнуюи.усьась за.усьают.усьусьнуюсьсьсь.вероиеиверооиесridнуюисьсь맡вероуюсьсьරයсьсь поностьсьсьරීсьсь රයсьරී
Блок деректора по газу,"Westосьнаасятася  строя нныйяе.месте.е.льу ву ве-амете.лоянуюте .мест.мест  итсядейе.сяте,.мест исьтиетиеись.усье.сь.сьсьсьridисьсь тели со.сь поностьсьridridridсьсь поностисьсь соridrid со.усьridridьridridorderidridосьridсьridсьorderidсьieriсьсьordeorderid соridсь со соridorde"
Блок директора по строительству,Westосьняе   иое  и   нетого татыйоетыйов  итете .мест   за  таправи   вусье.мест иусьетиете.усьесьсьсьරයсьсьтиеисьсь රයсьරයරයсь сьсьridсьсь맡сьсьмедсьсьતંત્રсьсьරීсьсьдуරයсь맡 प्रबंधनсьсь поරීсьරයවිල්ලсьсьотсьсь펴сьсьرتridridсьරයරීсьмед प्रबंधनරීсь
Блок директора по портфелю,"Germanyе  затася  зася   затся  за  застре.ણું за.ણું렸습니다 заттыеттыоететые есть,.е.е е...е были.е共同努力ные.е,.兢.еを重ね были были былиફર共同努力е были былиકૃત策еを重ね策е былиાર્થ были былиાર્થ策еકૃત策ાર્થ чтобыдесят чтобыдесятを重ね策ાર્થ策ાર્થ былиાર્થ હતાе былиકૃતеを重ねе былиફર එක්වеを重ね带着 чтобыдесят вાર્થ策策ાર્થ带着 чтобы策ાર્થાર્થ策десят чтобыાર્થ策"
Блок финансового директора,Westось на ાટаютсятыйоооетыйов  иое  и  нный и ное.мест    ите  .мест поноститты .ковоатиеи .оиетиеාවක් ાટтиеارتтиеыභාවය  رتтотرتтرتridисьсьсьرتridсьсьරයරීсьсьරීсьرتтරීсьරයсьсь方针сьсьતંત્રරීсьරීт प्रबंधनරීсьતંત્ર प्रबंधनсьсь රයсьරයරයсьતંત્રоරයරීтرتт प्रबंधनرت
Блок заместителя генерального директора по защите,Westось затыйоооетты  итый  затныйое.лныетете.ковоопуотттые.местте иттельствоттельствосьтиетиеисьтусье.усь짓ridисьсьсьтаютсясьсь.усьусьусьаютсятусьусьරීсьсь맡усьусь짓රීтусьරීтотсьсьරයсьсьرتсьсьරීсьරයරයсь맡сьсьગીсьсь රයсьරයරීсь맡 प्रबंधनсьсьતંત્રсьсьотсь맡රීсьරීтරීсь
Блок директора по строительству,"Appleтяетаяе  иетые   и  за  затете .мест за  ите.е.ое.ણુંютсяоуи за .осу.паз за  нет за., за.ણુંь  за.ныйગર.ણુંсь за за зат зат. за за. за. . зат и .  и «. за ие и и и  и ие, и и за и и, ие. за  « и и之外 и и « и,. и и. и.."
Блок технического директора," таниее  и   итый   .мест  таты  иопол та맡яноготы,,,.татата,, ита,. нет .та, и нет. нет,.. нет.та. нет нет..та и нет, и. нет отвечаю. нет вта нет.н. нет Верховн. нет не. нет и..。《. нет痍. нет됐 нет.。《та...弹. нет или. нет все. нет。《 и.。《 нет.弹 нет.という方. нет弹."
Блок заместителя генерального директора по строительству,Westось нае  итсядейетяетатянуютяныйрче.лныйлныйрч.лнуютгортетныйгортныйлное.лноеноститгор .комтгор Хрте.тныйрчмед.тзнетельствоттельствотный.ттельствонуюттельствось맡 поный.усььරයсьтьරයරයсьсьсь රයсьරයсь ခံခဲ့ရරයсь поностьсьсьරයරයරයтьරීсьсьтරයсь方针сьсь맡сьсь поරීсьරයခံခဲ့ရරයරය
Блок технического директора,Westось затыйарствоищеетыйоетыететапашгорте.местетзне.местте  итетельствте ительствотелиарствои иусье.сьтиеисьсьсьосьтельствосьсьтесьсь.сьсьරයсьсьતંત્રоиесьсьරීсьсьridисьતંત્રсьсьગીсьсь රයсьridсьсьмедсьсь맡сьсьرتridridridсьරයරීсьતંત્રරීсьරයරයсьતંત્રරයсьරයરુсьсьотсьсьстройсьсьordeරීсь
Проект «Обустройство объектов Новой нефти»,"Appleтыйарствои затыйооетныйоронныее  затныйопол зату.ણુંьгортый за  за нныйправ.мест затзне за.ણુંтся.ણુંсь за за за.ныйныйныйоро  за. за .ણું.ણું за за,.ныйного.ный. за. . за за  и и и, и и за за и и  и,, и,.  и за и, за.,. за и за.. за,,..., и .. и и или и и"
Блок заместителя генерального директора по имуществу,Westось затыйооое  иоеттыое.ое итете .оисттныете.ковоопуот поный.ковоаттельствотиеы.осьтельствотели иусьасьсьсьтиеисьсьridисьт प्रबंधनьරීсьсьતંત્રоиесьсь맡 प्रबंधनරීсьતંત્રරීсьridridсьсьරයсьсь රයсь맡т प्रबंधनсьсьотсьсьරීсьරයරීсь맡сьсь펴сьсьગીсьсь поරීсьරීт प्रबंधनරීтотсьતંત્રсьсь
Блок технического директора,Westосьтыйоетты  заттыоое.ое заттыхетныйое итете .мест  за.ણુંсяттые.ттыосьтельствотели.усь짓ridьныеоиеись.усьаютсятусьусьаютсясьтусь짓усьусьусь짓රීтусьරීсь맡맡맡усьусьотсьсьсь맡તંત્રусь짓તંત્રусьот 맡맡તંત્રරීсьсьતંત્રусьරීтотсь맡 प्रबंधनරීсьતંત્રරීт प्रबंधनරීтતંત્રරී 맡тот맡맡тусьотරී
Управление по проектным работам," нетяныйગર нныйяныйسار нный    и  няный  нный.  ... та Небесн .лныйગર.л Небесн   нет . .т . нетось нет ,.,.л ,,,.вер,.ся .сят,. нет та. нет,.. нет..та,.н. нет нет. нет Верховн.. или..н,. или или. нет в. нет и. нет首相..。《та.та..됐 нет.。《."
Управление землеустроительных работ,Westось заось за  заось над гортыйоетый  за горое.мест гор  затый.ое  итете.осу иттельствоттельствоот.усь짓ridьныеоиеисьтиеи .усьот.сьсьсь.сьтусьරීсьсь  प्रबंधनරීсь භාවයсьсьтьරීсьරීсь맡 प्रबंधनсьсьරයсьсьотсьсьرتridridсьсьරීтරීсьරයරීсьતંત્રරීсьот प्रबंधनරීтотсьරීьරීсьridсьරී प्रबंधनරී
Блок директора по персоналу," и ютсяоуты и  затсядейе.ое.ные   за  за до за  и ву   понуюты за. за . за...ણુંь  за над.ણુંтся. за над за над,.ણુંся .мест .мие, или.вероооાયાмест.вер  ить.мест.мест или или илиМе или или. нет. нет и в. нет или. или или и. нет в. или.Ме или..Ме.. нет  или или нет.. или в."
Блок директора по строительству,"Westось нае  ие .ое   иты.кост   туюе и не и ву втый.мест   за  .ся .осу   ву.ણુંь .мест.осу.осу и  поностите.те ите, со.тась.усье.сь .сь.сьтесь исьсьсь  со.сьсьосьсьсь высьсьтикусьсьть единицсьсь поность единицсь вы тикусь тику единицсь  "
"Проект ""Трубопроводный транспорт Главного НГКМ""","Apple затнытты затые  и  за  зататы зате.ણુંсяте за.ણુંьгортете  за.паз за   за за.мест за зат긋етзне за.ое .ણુંсь за. за за за . за.ુ.ણું за., и и и, и, за  и и за и и « и и  и,, и за.  и « за и,.,. за и . и иを迎え и и. ... и,  и."
Блок технического директора,Westось затасятыйоетыйовтые.ое.лныетете.месте.осу наеттыхе.е.ણુંются.мест ваютсятаютсяттые.усьаютсятиеы.усьась.усьоиеисьсьсь поность.усьусьусьаютсясьсьтностьсьсьગીсьсь맡тотсьсь.сьсь высьсьусьоооьગીсь맡усьотсь맡сьсьотсь поностиગીсьગીотсьગીridridсьсьරීсьсьતંત્રо
Управление по проектным работам,"Germanyе  итсядейетаяныете  за  завоете.ણુંье.пазвытся  за.ણું затеттыете былитеકૃતе тые были ты...е были.е.е  были были были .е, были былимен были были ве былимен.е 나서 были былии были  были е были были вы были были હતાе е 나서 е  나서 былимен ве 나서десят были былиાર્થ были былиись были былиဉ ве මාලිе  е,  были"
"Проект ""Восточный""","Germanyетатыйоетые  итете  заттыхетныете зате.ણું заттеંદરет.те兢. тт兢.兢 былит兢 兢..兢.走出去те共同努力ные.兢, 兢 были 兢  兢 в策策策ાર્થ были策ાર્થ兢 были策策е 兢策ાર્થ策策මාලිе策策达到策策 兢,策策 были были策е兢 были были былиાર્થ策ાર્થાર્થ策මාලිてきた策ાર્થ带着策达到е策ાર્થ"
Управление по проектным работам,Westосьтыйоооиее  итты  и   вое.оеты.мест  затете   за   .мест.паз  за на  за ите.осу.ણુંь.усьь.сьтиеись.сьсь.усьнуюисьсьсь за.усьусььગીсьсьтностьсьсьridсьсь поностьсь맡сьсь맡ьridьridridridсьridridьщисьсьරයсьсьсridьсьсьતંત્રоьridсь맡 प्रबंधनсьсь 
"Проект ""Новая нефть""",Westось затасятый ву    за  поныйое  вттыянуютый.мест  заттыетыйоете.осу.осу втеттыьгоротте иттыосьтты .усьтусьусьусьнуюисьтусьаютсятусьරීтусьнуюсьсь맡усьусьරීсьсьсьтностьсьсьусьусьرتridridridсьсьරයсьсьرتridусьусьотсьсьරීсь맡тرتridсь맡сьсь රයсьරයරයсьරීт
"Проект ""Трубопроводный транспорт Главного НГКМ""",Westосьтыйарствоищеетыйоооеттыхе.ое.лныйооисттянуюьгорететныйое ите.мест поность за.ттельствосьтиеись.осьтельствосьсьсь.сьсьтусьусььсьсьосьсьсь за.сь.усььગીсьсь맡сьсь රයсьсь поностьсьсьતંત્રсьсьරයсьරයරයсь맡тностьсьтьරීсьсьусь짓ridсьсьотсьсьગીсь맡 प्रबंधनсьсьරණයсьсьщесьсь
"Проект ""Нефтяные краюшки"""," Александра   и    оттты нныйяе  итый  нный.мест  таિયાтане .  ,, и  нетось нетось, ита, иМГ, и нет . нет  ита и нет бы, и и нет нет  нет ,. нет бы и нет. нет Верховн, и И И И. нет.та и и. нет отвечаю. нет и нет Верховн. нет痍. нет нет.. нет, и.という方 и нет отвечаю и нет и и и И и и痍 и нет痍 и и ."
Блок операционного директора," Навные   и   . .. татата на.  та наое.тататтыянуютые.ся .ся на . нет  ,,.вер та,. нетось нет .вер,.та,,, иь,.,.. нет.та. нет,.н. нет нет. нет вта, и нет.н,. или...та нет..десят. нетдесят.десят вта..н нет.десят,.десят или. нет отвечаю. нет и."
Блок заместителя генерального директора по имуществу,Westось наොත්от наоооеттыяе.ое.лныйоьгортетыйое ите.осу вое воист ви итиетиеы.осу иисьсьсьтиеись.сьсь поностьсьсь.усььсьсьරයсьсь රයсьтотсьсь со.сьරයරයсь맡сьсьridсьсьරීсьсь맡රයсьරයවිල්ලностьсьтьරයсьતંત્રсьсьотсьරයරීсьරයтьсь맡 प्रबंधनсьсь方针сьсьતંત્રо
Подразделение по информационным технологиям,Westось зататятул наоетыйоое.ое итете вое вте.мест вист ву вист-а вист поный.оиеы иусьа.усьасьтиеись.усьисьсьсь.сьсьтусьусьусьоиеи со.усьоияridridridсьсьridridись맡сьсьරයсьсьતંત્રоиесьсь맡 प्रबंधनсьсьотсьсьරීсьсь රයсьridсьරයරයсь맡тотсьridотсьот  प्रबंधनсь
Блок заместителя генерального директора по строительству,.ооое.ое из.оы итыетасень.оиеетоете.тооиствоете иое итеты ится.десят.мест.десят иооы.десят илиоо. нетосьн.. нет. нетдесят или. нет и нет...н.не. нет в. нет или..не или. или или.не нет. или.десят нет.десят в.. или и. нет нет.не в в. или в в в нет. в
Подразделение по информационным технологиям," ютсяоутыяныетый нныйяное танетыйоеты.ое.осугортый Небеснтаттыхноготтыхе  иттых,.вероооાયેલા иооાયાого .сяттых.ся,.ся нет.вер, и вта, и нет. нет,. нет.десят и в. нетдесят..десят.десят .десят,.десят в нет.. нет в.десят нет.н. нет и. нет . нет нет. или...フィー.десят или. нет"
Блок финансового директора,Westось на ခံခဲ့ရ иоиствоеты.ое.оое итый.осу  ите  и воете.осу на  ву воисттныйое   за .осугортныйопол.осу.осу ву.оист.осу и翘.усьнуюи.усье.усь્ડᆯусьнуюсь иусьусьнуюось맡исьисьсьсь맡исьусьусьусь맡맡исьосусь맡맡усьусьරීсьсьරයсь맡सत्ताусьусьතීරීсь맡усь맡ભсьсьරී
Блок финансового директора,Westось затасятый нае.кот.к пятетыйоететыету.мест  зату вте.месттзне.мест зате  за.пазклонттыеттыянуюте за.ттыотттттыь.тттельствоттот.усьттусьтусьот.сьтусьරීтусьусьරීсьсьсь맡맡тотсьсь.сьсьтот строя.усьусьусьотсь맡усьот со.сь맡сьсьරීсь맡т
Блок заместителя генерального директора по имуществу,"Appleтяетые  оттытане  иеттогоරීе   и   за  и за  .опол.ое.ણું렸습니다 за  заттого,.ણુંь .мест за ,.ттого.ણુંтся,.ооете.т .ныйальногоееетного.ее .ет.е иее.е.续ет ие и и иене и  и и « ие.  ии и и  « и и之外 и иを迎え и и."
Блок директора по мощностям,Westосьняе тане  тани татане и   та тата няноготый  не.мест таталдые.е .осу   неосьтельствое.ણુંютсяопол.тетиетиее.осьтельствосьтиеисьсьсьරයсьсьтесьсь රයсьරයරයсьرتridсьсьරීсьсьرتсьсьرتهරයсьرتهсьсь方针сьсьعيсьсьતંત્રරීсьරයરુсьсьરુсьරයරීсьرتтرتсьරයවිල්ලсьсь
Управление землеустроительных работ,Westось за  за  поныйоро   гороетыйое  затые  итете   иое.мест   за иттельствоте.тиетиеисьтиеьරීтиеосьтельствосьсьсь  .сьсьтьරීсьсьරයсьсьරීсьරයරයсь රයсьරයරීсь맡 प्रबंधनсьсь맡රයсьતંત્રරීсьරීт प्रबंधनරීсьતંત્રරයсь맡сьсьرتridсьсьતંત્રоරයсьරී රයරයරයවිල්ලсьсьотсьсьခံခဲ့ရරය
Управление по проектным работам," Навные затсядейе  затые.ણુંся  за таттыяныете.паз   не тататтыхноготтыхетты та맡 та,,.верта,. нет.вер,.татата. нет,.ся нет. нет та.вер. нет вта.. нет нет...тую. нет до. нетステ..ステ. нет или. нет главно..ся..령..Ме. нет и..не..,..弹..десят.."
Управление по проектным работам,Westось затыйооое  иттые.оеттыяныйое.лныете.мест  затете .месттныетныйоистте ите вусьате за иусье.тиеисьтиетиеы.усьнуюисьсьсьтностьсьсь.сьсьරයсьсь맡тностьусьусьусьотсьсь රයсь맡сьсьતંત્રусьරීсьсьотсь맡맡맡тотсьරයරයсьтусьරීтусьот со.сь맡усь
Блок директора по строительству,Westосьтыйоиеетыйые  итыете  вое.ковоасятянуюте.ое воист ви ви иусье.осу.усьась за.усьисьсьсь.усьнуюись.сьсь맡맡исьись맡усьусьусьот со.усь짓ridсьсь  со.сь맡тностьсьсьridridridсь맡сьсь за맡맡맡усьотсьсьતંત્રусьridridусьridсьતંત્રоьridrid соridridотсь맡તંત્રооо
Блок директора по мощностям,Westось заста за ခံခဲ့ရ итсядейетыйоеттыяныйопол.оое.ое  за  заттые.осу.ковоопуопол.опол.мест.ковоа за.осу за.те.усьаютсятаютсяты.осьтаютсятся.усьусьаютсясь.сь.усьаютсьсьтусьусьусь짓ьرتтьગીсьсьсьරයсьсь රයරයсьරයරයරයтرتтرت රයсьرتтотсьсь맡тотرتтусьරයсьтот රයවිල්ලරයсь
Блок технического директора,Westосьноооетыйое.ое за.оистттыхе.лныйое .мест  за.мест.мест поностиось.оиеы.усьась.оьridись.сьсьridridridсьсьсь поностисьсьностисьrid со.сьridсьridсridrid соridrid.сьжитеridridьridridоиесridсьorderidridorderidсьжитесьсьordeстинridridсьridсьсridordeorderidordeотridrid새сьсьпредridrid प्रबंधनridrid
Подразделение по информационным технологиям,Westось затыйоооетты  иое.ое итетыйовте.осу.оиствоетныйое вое за.осу вты.осуසක්и иттыосьтиеы.усье.усьаютсятиеись맡исьоиеиරයсь맡맡исьисьсьсь맡тусьусь짓රයсьсьරයсьරයරයරයсьтරයсь රයсьرتтоරයсьતંત્રоරයරයවිල්ලරයсьරීтот රයරයරීт प्रबंधनරීтرتтотсьсь
Генеральный директор,Westось на  затсядейеттыяныетыйооетыйов нныйяныйое  ите.ое.ково.месте.мест .мест.осу иоиеы.усььridьridисьсьсьrid со.сьсь со.усьridridridьсьсь.сьridridсьсь поностьсьсьරයсьсь телиridrid соridсьridсь соridridосьтельствосьсьරීсьсьтелисьсьотсьсьжитесьсьпредсьсь प्रबंधनсьсьતંત્રоиесьсьorderidrid
"Проект ""Нефтяные краюшки""",Westось залосьось затые.ણુંь  ите  и  втете.ое.ковое .мест  за  затгортенье.сяте вист ву вист    за иттые.мест за.усьттыь.сьте иусье.усьнуюсь.сьсьсьтиеисьсь.усььරයсьсьරයсь රයсьරයරයсьтностьсьсь맡тиеරයсь со.сьරයවිල්ලностьсьරයરુсьсьતંત્રරයсь맡රයсь
Проект сервиса скважин," Навныете.ણુંтсядейеттыяные затсядейу  за  заттые.ковоныетасяттыхеттыхноготненете нет Хрне,.вертатата. нет.та.тата нет. нет втата ибр. нет нет...та и вта.не. нет,. нетステ. нет .. нет до..ステ..Ме..не или. нет и в.не нет.не в..弹.. или..десят..правляю.."
Генеральный директор,Westось на  за  завоеттыянуютый.мест  затыйоое.ковоа  итете.оеттые.осу.оиеы.осу иьridисьсьсь.усььridridridосьтельствосьсьridridсьсь රයсьсьරයсьridьridсьridосьridridьරීсьсь맡 प्रबंधनсьсьотсьсьતંત્રоරයсьරයරයරයсьતંત્રотсьridсьරයරීсьridот प्रबंधनсьતંત્રсьсьරීсьот प्रबंधनරීсьતંત્ર प्रबंधन प्रबंधनсьотridrid
Управление землеустроительных работ," «у за  за ခံခဲ့ရ иලූтсядейетсятсятся  затсятся乐етые  затᆯાયેલાся итсятся итется  ится.ся.сяся .ся ,.ся,.мест.ся нетются.gelöst,.gelöst.сятн. нетдесят ит. нет. нет .десят и нет.десят. нет нет.та. нет и в. нет в нет..десят .. нет,.десят вдесят и.десят,...н.десят нетдесят.десят Идесят.."
Блок директора по строительству," нетяныйગર нныйяныйسارныйગરу нныйنية скоротый няные нفينоеся  и  та нетось нетось .ся ,,,.احتта,. нет . нет,, и нет,.ся нет. нет.та, и в. нет вта. нет нет.н. нет Верховн нет.. нет и нет.という方..та...。《. нет痍..десят. нет됐 нет.。《湃 нет.或者是 нет.десят в..됐..という方 и..或者是.."
Блок технического директора," Навные затсядейетсядейу  затыетыйоеты.ણુંняные за неттыхеттыянуювететтого.верое,.вере, ивере   .вер, ить,.ся туювер,,,. нет.вер . нет,, и нет. нет вта. нет нет.. нет ...вер. нет главно,..ステ. нет до. нет или. нет и в..н..ну. нетステ..,."
Проект «Обустройство объектов Новейшей нейти»," Навныетася татые  воететы зате.ое.ણુંьгорттыянуюветныйовыеяныете ите  иттыхеттыхноготенет.верое,.вер, иооое вта, ить.вертатата. нет втата и вта.. нет. нет,. нет нет...та.таправляю нет.правляю. нет и в..Ме. нет ..弹 нет.Ме,.弹."
Блок директора по персоналу,"Germanyе  зататаяныету  за  засяту ву горе.сятетнете   ... тые . .兢,  ие,  兢   иを重ね策е 兢, ие  веを重ね策ાર્થ были  මාලිеを重ね带着е е මාලිてきたе 轮  ાર્થ былиાર્થ策ાર્થ чтобыhistાર્થ策еを重ね ાર્થ чтобыдесят чтобыhistе ાર્થ带着带着 чтобыhist ાર્થાર્થ чтобы轮 чтобыдесят иを重ね带着 чтобыдесят  "
Блок заместителя генерального директора по безопасности,"татнитны заاحتтыйарствоище.ણુંютсяоуты завоету за  затыйоетый  за нный итетныете  иттыхетеся .문을ся ,.вер,.문을осьта, ивер,, ить,.ся та,.та,,,. нет.та. нет,... нет вта.н,.н.тата..та нет. нет и..н и в..Ме. нет ..ステ..弹. нет"
Блок директора по строительству,Westосьй за  итсядейетогоетыйооетые  иететноготате.мест   за  за иરિયાи ви виятельствотели.ણુંьગીе иьridись.осьтельствосьсьсьridьridьсьсь.сьсьતંત્રоиеисьсьරයсьсь රයсьridridridсьсьщесьсьරීсьсь맡 प्रबंधनсьсьordeරීсьridсьતંત્રරීсьતંત્રсьсьтьridridьorderidridосьridсьridorderidсьරයරීсь
Блок финансового директора,Westосьнащие исттапаш поныете.лный Михаиляный Михаиле.месттасье ите висьое иоиеы.сьсьсьridисьсь со.сьridсьсь поностьсьсьщесьсь высьсь сьсьсridсьridridridсь  प्रबंधनсьсьරයсьсь맡сьсьતંત્રоиесьсьorderidсьщеridсь соridсь प्रबंधनсьrid соridrid со प्रबंधन प्रबंधन प्रबंधनсь со प्रबंधनсь  соrid со соridorderidrid प्रबंधन प्रबंधनridсьordeстин
Блок заместителя генерального директора по организационным вопросам,Westось затыйооое  итсядейе итый ву вое вте  вты.месте.ણુંсяттыхе.мест зате.осу.мест  за.ણુંтся за за за.усье.усьаютсятты за иусьнуюи строя.усьнуюь.усьась.усьусьнуюсь맡맡맡 строя.ность.усьают.усьот строя.сьсьсь맡усьусьусьот со.усь맡맡તંત્રоие.усьරණය맡맡.усььrid со.сь맡તંત્રусьот
Блок заместителя генерального директора по безопасности," Навные   итсядейется乐етые  затся та맡яныете тата맡 нныйنيةвернутьтанеттыхноготтыхенеттого,.вертатата,,.тата.та,. нет,.н,.мест. нет.та. нет нет. нет втата нет.. нет . нет до. нетrichtenправляю. нетステ..тую нет.правляю нет.ステ. нет Хр нет.тую...не нет.не. нет и нет.Ме..ステправляю.."
Проект «Обустройство объектов Новой нефти»,Westосьтасятый нае  зататасе.мест затете .мест живетабиныете итех.местте.осу.мест поноститиетиеы.усьасьтиеисьridисьсьridьridиridridridи со.сьсьсь.сьridridсьridсьсьieriridridностьсьсьстисьсьщесьсьorderidridдуridridьorderid соridridorderidсьieriправляюridridусьridrid со соridсьordeorderid
Блок директора по строительству,Westось затасятыйооое.оеттыянуюттые.лноготтыое итете.месттныете .мест.мест за.ણુંтсятсятся иттельствось понуюи за.сь.сьсьсь.усьь.сьтусьусьусьнуюисьсь맡сьсь поностьсьсь за.усьнуюсьсьусььсьсь .усьусььગીсьсьරයсьсьтностьсь맡맡맡сь맡тьرتсьсьරීсьсьщесьсьщисьсь
Проект «Трубопроводный транспорт Ещё одного НГКМ»,Westосьтыйоооеттыое.ооьныеетый  итетныйое итныете.осу.местете иое  за.мест.оиеы иоиеись.усьасьсьсь.сьсь поностиગીсьсь телиусьусьусьооьગીсьтусьусьот поностисьсь맡усьотсьсьગીсь맡тотсь맡вероожисьсьпредсьсьતંત્રоосьсьтотпредсьотсьотпредотсьпредусьотпредусь
Имущественные вопросы,Westось заось за опол итыйоетыйов    за  завоететныйрчетогоете  ите.мест  горте иттые.оиетиеи .осьтиетот поරීсьтиеාවක්රීсьсьсьරයсьсь රයсьරයරයсьтرتтرتridරීсьරයරීсьරීтотсьсьرتridсьсьරීсьرتтරීсьતંત્રරයсьරීරීсьотсьරයවිල්ලරයරයරයරීтරීтرتරීсьпредсьсь
Блок заместителя генерального директора по безопасности," Навныетася татсядейетсядейоттаકરણттыяныетыетыйоеттыхететтыеттого.верое,.веретне нет Хр нет Хрне, иверта,. нет Хр. нет. нет,.н. нет нет.та. нет в нет.. нет . нетステ. нет и нет.フィー,..フィー. нет или...ステ..령. нет отвечаю. нет首相 нет.,.フィー или. нет до. нетフィー..統治. нет"
"Проект ""Нефтяные краюшки""",Westось на ခံခဲ့ရ исттыйое    и  нный  тане  итый  ист   неось  .мест  итсяот.мест.месте.мест неприиете.усьесьте неприиеисьтиеосьтельствосьсьсьරයсьсь රයсьරයරයරයсьмедсьсьмед प्रबंधनරයсь ခံခဲ့ရරයсь方针сьරයරීсьсьරීсьරයවිල්ලරයсьرتهරයсьرتсьсьرتهсьсь方针ridсьсьતંત્રරයсьරීરુсьсь неприරයсьતંત્રරීсь
Блок директора по мощностям," Навность затсядейе  и  не.е.ણું за  и ву  за  затые .ણુંь  итете  .е ,.е,.верт.ене,,.вер,.та.верое, иооое.вер .вер. нет.верта,..та и нет. нет,.н,. нет вта..н...не.. нет нет..Ме. нет ..弹..령.. или..フィー.."
Генеральный директор,Westосьтыйарствоищеетыйооеттыхе.ое.мест затетныйое ите  итместете ится  за.мест вусье за иусье иусьь.усье.усьнуюсьсьсь.усьусьнуюьગીсьсь за.усьот со.сьсь맡ностьусьусьусьот.сь.сь맡맡맡тностьусьотсьсь со.усь짓ridсь맡тусьот строя.усьоьරීсьсьусьусььරීтностьсь맡сьсьотсь맡
"Проект ""Нефтяные краюшки""",Westось за  ခံခဲ့ရ    되면данттыяныйسارняныйоооыйоое  итый  .мест   за  затый.лного.ое.осу   нетосьاتورосьтельствоттельствотельствоте.осьтетиеисьтиетиеාවක්رت රයсьсьсьරයсьරයරයсьтьරයсьරීсьсь රයරයරයරීсьරය соරයсьтرتridсьсьරීтиеරයсьرتهරයсьતંત્રරයсьرتridridсьරයවිල්ලරයсьعيсьсь
Блок директора по мощностям,Westосьтыйоооиееты.ое.ооеттыое вое итетныйое  итые.мест поныйовыете.ттые.осу иттыьગીе иусье.сьсьсьтиеисьсь за.сьтусьот.усьусьусьот со.сь맡тот соностьсьсь맡сьсьridсьсь.усьотсьсьරයсьсьотсь맡맡맡сь맡вероьсьсь со.усьооьridсь맡 प्रबंधनсьсь 
Блок технического директора,Westось на  за  залосьось завоетыйоетые.месттете  итеетасяте вусье иттельствое иьordeусье.усьосьтельствосьсьсьරයсьсь со.сьсь.сьරයරයсьтиесьсь රයсьරයරීсьсьridсьсь맡 प्रबंधनсьсьતંત્રсьсьусьරයсь맡сьсьтотсьсьරීсь맡රයсьмедсьсьщесьсьсridсьරයවිල්ලсьсьпредсьсьотсьරයરુсьсь펴сьсь प्रबंधनсь
"Проект ""Трубопроводный транспорт Главного НГКМ""",ЗМІረዳιστείιστείιστείረዳιστείረዳpłaszczιστείιστείັນιστείιστείฑωσηιστείረዳረዳιστείωσηιστείιστείֆիզιστείιστείకాιστείιστείאָנאַιστείረዳאָנאַιστείιστείמניתιστείιστείωσηїхавιστείιστείэхэдιστείιστείאולιστείιστεί۹۷ιστείιστείЗоригιστείιστείለሁιστείιστείмігрант۹۷ιστείረዳ۹۷ιστεί۹۷אָנאַιστεί۹۷۹۷ιστείֆիզฑιστείιστεί۵۳ιστείιστείเชียιστείιστείєднιστείιστεί۴۲ιστείιστεί російськіιστείιστεί прийнятиιστείιστεί գալιστείιστείОсмоновιστείιστείїхавιστεί۹۷ረዳιστείັນ۹۷ιστείאָנאַ۹۷ιστεί۵۳ረዳιστεί۹۷ັນιστείັນັນιστεί۹۷מניתιστεί۹۷۳۸ιστείιστείлітературιστείιστείລັດ
Блок технического директора," Навные затноось на итсятсядейетсятсятсяот дотыйоетый  заттыеттыхететтого.вероенетненопол.верттых, ить, иверта,.верта ить. нет,.н. нет. нет нет.вер,.령. нет вта нет.. нет и нет.령,. нет . нет до. нетステ..령 в нет.,...ステ. нет или..Ме. нет首相 нет.ステ,.Ме,."
Управление коммуникаций,Westосьтыйарствоищеетыйоеттыхеттыое.месттетате  итместете поныете.осу.мест поноститасьтиеисьсьсьттельствосьсь.сьсь поностьсьсьосьтельствосьтусььсьсьridсьсь сьсьતંત્રсьсьරයсьсьරීсьсь со.сь රයсьતંત્રоиесьсьગીсьсь맡сьсьщесьсьотсьсьжениесьсьщисьсь प्रबंधनсьсьсridridridсьતંત્રරීсьridrid
Проект «Обустройство объектов Новейшей нейти»,"Appleтыйооое итсятсятся ится иты затся затся  затые.ણુંютсяоунисты завоете.ое.осу.ણુંтся за.ણુંь.ણું за  за.паз.ણુંтьнуюв.ણુંться.ણુંнныйе и.ણુંлся и.е.ет.е и, и и и,.  и и  и,, ие и и «... и и. и. за и и за и., и..,. и,  и. .. за.."
Блок заместителя генерального директора по имуществу,"«уоттыйооиеетые  итяныете  затый.мест затетые.осу.мест .мест.осу,.осу нау.у.осуОЗ.осуу.осаосу.осу策ые.осуосууыыыاتу.кыуотот.осууку.осе.осот.осу.пау вообщеистиот.кыоосу.ососу.кыосу.احيыя.осуотототукукуот.اجот.акты.осу вообщеототосуот."
Блок деректора по газу,Westось затасятамечае.лныетяетяныетете строяету вое.месте за.лныйоета.осу.мест.мест  за.мест за.усьаютсяте.аютсятиеи.усьась.осьтиеы.сьсьсь.сьтиеьridисьсьтьridridridсьсьridridосьсьсь поridridиridridьсьсьieriсьсь высьсьщисьсь맡сьсьતંત્રоиеисьridсьridосьridrid
"Проект ""Трубопроводный транспорт Главного НГКМ""","таы итсядейе. за. затасдейетаменне.петтся .мест татныйовые.ушае.таттые.месттасяттыхе,..мест. нет...ешта.ештоешта и нет.не.не или.не,. нет,.н.не нет. нетrichten..нета.. нет или. нет вта. нет нет.弹. нет弹..弹 нет.соб.нене. нет и в.не в.. или..ного."
Блок директора по строительству,"татане   и  нтане и не тататани та и та Небеснтатататый таттого,, нныйяе,,,.верое,. нет   ,.,, и в, и нет . нет,.. нет. нетrichten ,, отвечаю. нет отвечаю,, или,.пера,.н,.ся. нет в.., и... отвечаю..н. нет нет..ステ.. или.. ..десят. нет и в. нет"
Блок директора по портфелю,"Appleтяе  и   иты   .ලූтые .ણું за  и за  за ,.паз  затзне.ણુંтся.ણુંсь за .мест за  , за  про.ણુંь.ણુંться.ણું.ણુંтьнуют за. за.  за.. .. за  уже.ણું .,.  и. за за.шееат..ный..., и и и  и ие.  или и и, и  или или и.,, и или и или."
Блок заместителя генерального директора по организационным вопросам,Westосьтыйоиеетыйов  заттыоеттыхе.ое.ણુંьгортете.осу.мест   за  за.оистттые.тиеы.оиеись.оьridись поностись.усьасьсь.сьсьсь поностьсьсьridridridьગીсьсьтностьсьridсьсьරයсьсьරීсьсь රයсьтьridridсьridьсьсьતંત્રоьગીridridосьсьсьотсьсьગીсьતંત્રсьсь맡 प्रबंधनсьсь
Блок директора по мощностям,Westось на ютсяоутатыйоетыйовтыйые.лныйрчететныйоевоете.ое.местетащие.осьтельствотели.осу иисьтиеисьсьтесьсьсь.сьсь  со.сь.усьесьтусьусьусьරීсьсьරයсьсь поරීсь රයсьරයරයсьරීсьරයરુсьсьridridсьсьતંત્રоරයсьતંત્રсьсьرتridсьරයරීсьતંત્રරයсь ခံခဲ့ရරයсьridсьતંત્રරීсьරී
Блок директора по мощностям,Westось затасятатые.лныете вооете.мест поныетамте итянуютетяный.мест.мест ву.мест  за.мест нет.мест строя.усьаютсятаютсяту.усьнуюь.усьь.сьтиеись.сь.усьусьнуюисьсьтностьсьсьсь.гражденияьગીсьсь поность.сьсьусььсьсь со.сь поностисьсьતંત્રусььridridсьсь맡сьсь за.усьооие
"Проект ""Нефтяные краюшки""",В۹۷۹۷۹۷אָנאַ۹۷אָנאַpłaszcz капітал۹۷אָנאַ капітал۹۷płaszczאָנאַpłaszczאָנאַ۹۷۹۷ιστείאָנאַpłaszczpłaszczpłaszczאָנאַለሁאָנאַ капіталpłaszcz капіталpłaszczאָנאַ капіталאָנאַ۹۷ страхуванняฑpłaszczpłaszcz капіталאָנאַለሁpłaszczאָנאַ спомен۹۷אָנאַ споменאָנאַ۹۷płaszczpłaszcz۹۷אָנאַЛЭГ۹۷אָנאַለሁ۹۷אָנאַאולאָנאַ۹۷ιστεί۹۷۹۷ັນ۹۷אָנאַאָנאַ۹۷אולັນ۹۷۹۷אול۹۷۹۷płaszcz۹۷۹۷ለሁ۹۷۹۷эхэд۹۷۹۷ின۹۷۹۷پرس۹۷۹۷ฑັນ۹۷אולאול۹۷אָנאַэхэд۹۷אָנאַັນ۹۷ັນאָנאַ۹۷ฑאָנאַ۹۷ለሁאָנאַ۹۷ັນιστεί۹۷אָנאַแยก۹۷۹۷ኂ۹۷۹۷ລັດ۹۷۹۷מנית
Блок технического директора,Westось заось за  заста за   за горттыянуютый.ણુંь   иое.оист за  ите.мест  за.ણુંютсяопол «ьગીосьтельствотаютсятаютсясьтусь짓усьусь짓රීтусьаютсятусьусьусьරීтරීтાосьරීтતંત્રරීтرتтусьරීсьсьсьтරීсьරීсьරයсьсьරයරයсьරයරීтرتهරයсьતંત્રරීсьતંત્રગીсьсьරීтاولرتтරීරීсьرتهсьсьતંત્રරයсьරීરુતંત્રරී
Блок деректора по газу,Westось затасягортянуютыете.местетамранетгороетместесятяныеместе ите  за.мест.мест вия맡.мест иусье.усье иусьасьсьсь.сьсь со.усьусьесьсьтностьсьсьridсьсь맡сьсьරයсьсьщесьсьતંત્રсьсь රයсь соностьсьරයරයсьridностьсьridridridсьતંત્રоиесьсьотсьсьсridсьridосьсьсьරීсьсьпредсьсь
Блок заместителя генерального директора по защите,Westось затыйооое ие иты итете.ое.осу.ооиствоете и на  заты.мест зату.ણુંсяте за за.ણુંтся.ણુંн за.мест.ણું맡맡맡 за.от.усьнуютот.осу맡맡тусь맡맡веро맡맡про.усь맡твертот맡вертусьот맡맡усь맡верот맡т맡맡 맡맡правляю맡맡તંત્ર맡тот 맡т닫맡맡ભ맡맡.усьот
Блок директора по строительству," нетяныйسارныйગર нныйяные за    и  не  итсядейется няноготтого, нفينтаттого.ся та нетось нетось,,,.верта,. нет,.та,, и нет. нет.н,.н. нет вта. нет нет.. нет ..та нет.,..н нет.та..., и. нет Верховн нет.десят. нет до. нет и вта нет в нет.フィー..десят в..ステ..フィー,"
Блок заместителя генерального директора по организационным вопросам,Westось затыйоооеттыяныетый вернуусьетыйовтныйое.лныйоисттете.местттыеттельствотые.ттыосьтельствотели.усьусьусьисьсьсьтусьусьот.сьсь맡усьусьесьсь.усьотсьсьусьусьරීсь맡맡тусьот со.сь맡версьсьරයсьсьતંત્રусьусь짓ridсьсь රයсь맡сьсьරීсьсьотсь맡රයсьරයරයරයсьતંત્રоරයсьотправляюridсь맡
Генеральный директор,Westосьтсядейеты затыетыйооете.месттзне.мест затетасяте вое.осу вте  воист ваютсята вусьася.мест поноститаютсятаютсяь.усьасьтаютсясь.сьсьсь.усьаютсясьсь поностисьсьтностьсьсь со.усььગીсьсь맡сьсьщисьсьусьоьсьсьරයсьсьщесьсьරීсьсьстисьсьતંત્રоооьridridсьсьотсьсь 
Блок директора по строительству,Westось наоро Дмитрийсяબરтасятыйоое  за  поныйооьгороетныйое.лныйоист ите   .мест за.ણુંютсяоиеи иоиеы.усье.усьисьсьсьтиеись.усьусьусььсьсь.сьсьridсьсь со.усьотсьсь රයсьсь поностьсьсь맡сьсьරයсьridridridсьridьරීсьсьતંત્રоиесьсьотсьරයරයсьරයරීсьරයවිල්ලсьсьරීсьrid
"Проект ""Северная деревня""",Westосьй за  итсядейетогоетыйооетые  ите  вое.ковоащие.мест  вист   ви иттые ви поноститиетиеисьтиеосьтельствоисьсьсьттельствосьсьridисьridridridьગીсьсьරයсьсь රයсьridсьсь맡 प्रबंधनсьсьරීсьсьતંત્રсьсьотсьсьжениеරයсь맡රයсьරයරයсьતંત્રоьridridсьridьridсь맡сьсьරණයсьсьсridrid
Блок операционного директора,Westосьнасятащиетыйооетыететныйоиеетасье ите.ое.ковоасьтиетиеы иьordeасьсьсьridridисьсь.сьсьтьridridridсьсь поridridьсьсь сьсьieriсьridсьridосьridridосьтельствосьсьරයсьсьරීсьсь맡сьсьжитесьсьотсьсьતંત્રсьсьorderidridorderidсь맡 प्रबंधनсьсьщесьсьпредсьсь соridсьordeරීсьrid
Блок директора по газовым проектам," 되면වලින්тыяныйسارныйગરу нныйяные    되면   и   про и .  .опол. татани  нетось иоાયેલા .근 . нет .ست и нет , и нет « « « .という方 и нет. нет «  и нет, и И. нет.. нет,. нет Верховн. нет отвечаю. нет нет.。《 и. нет и.。《. нет вта и...。《 И.。《та. нет痍. нет。《.。《 .。《 भएका нет.десят и.という方"
Блок директора по мощностям,۹۷۹۷۹۷రం۹۷ັນ۹۷۹۷ັນັນ۹۷ັນరంັນ۹۷రంັນັນັນరంరంັນరం۹۷۹۷ኂັນັນኂັນ۹۷ኂ۹۷ັນኂ۹۷۹۷ለሁ۹۷۹۷ maamuzi۹۷۹۷ адбылася۹۷۹۷קא۹۷۹۷ కళ۹۷۹۷ პრემიერ۹۷۹۷ mempengaruhi۹۷۹۷ ເກີດ۹۷۹۷מנית۹۷۹۷ ຊາດ۹۷ັນ პრემიერ۹۷ັນ ຊາດ۹۷۹۷ιστεί۹۷۹۷মুັນ۹۷ პრემიერັນ۹۷ కళັນ۹۷ maamuziັນ۹۷ ເກີດັນ۹۷ mempengaruhiັນ۹۷קאັນ۹۷ለሁັນ۹۷ιστείັນ۹۷gjöld۹۷۹۷ლილი۹۷۹۷ ισχυρ۹۷۹۷ీ۹۷۹۷ Үүнд۹۷۹۷мігрант۹۷۹۷gjöldັນ۹۷মু۹۷۹۷ֆիզ
Блок директора по строительству," Навные    итсядейется乐у   за татые  и  неты.мест та맡 татататтыхноготтыхене,.верооое,,,.сятн,.령,. нет. нет,.тата. нет нет.та,.. нет до. нет . нет вта нет..та...,.ステ. нет и нет.н..ステ,.н,, и нет в нет., и в. нет"
Управление коммуникаций,Westосьтсядейе поныйрых затсятсящие.мест поный.лныйоротсятсятся ючи.мест затсяпаш поныйопол.мест.месте.осу.мест ись.сьсьсь.усьасьсь поность.сь.осьсьсь .сь поностисьсь со.усььсьсьщесьсьностьсьсьсridсьсь맡сьсь засьсьridсь.сridностьсьсьсь сьсьordeностьсь.щесьссьсьતંત્રсьсьරයсьсьстисьсьщиесящисьсь
Блок заместителя генерального директора по имуществу,Westосьтыйарствоищеетыйооеттыое.лныйоротсятете.мест затасяттые.ковоася.мест.усьи.усьаусьась.оиеись.сьсьсь.усьоиеысьсь поностисьсь со.усььсьсьтусьооиесьсьරයсьсьતંત્રоие единицсьсьරීсьсьridсьсь රයсьતંત્રсьсьગીсьсьпредсьсьотсьсьосьсьсь맡сьсьусьරීсьતંત્રරීсьттельствосьсь
Блок технического директора,Westось затыйоетыйы  итый    иое  и  заты.ое.мест   за  за над затеттые.ણુંтся .мест за.тиетиеисьтиеиеи со.усьаютсятусьусьаютсясьсьсьරයсьсь රයсьරයරයсь.сьсьරීсьсьтرتridсьсь맡 प्रबंधनරීсьරයවිල්ලරයсьтотсьсьرتridridсьරයරීсь맡сьсьતંત્રරයсьරීт प्रबंधनсьсьભсьсь поරීсь
Проект «Обустройство Интересного лицензионного участка»,".ણુંьзім и таકરણтне затсяоттаકરણ대로ттыяе.ણુંтсяот втыяноготты тататся.татся ится.ся.ся .ся нется. нет .та.. нет. нет нет..та,. нет,.та и нет.ся нет.та нет.페...десят. нет и. нет или. нет вта. нет Верховн.. или..フィー..という方..。《. нетдесят..페 нет.フィー。《..나가..弹..朽.."
Блок технического директора,"Westось нае  иты  ие   итее  затасе.месте.е .пазе.паз  за.мест  за  за,.паз-.е.шую.мест,.мест.мест итьнуюи.мест за ите.усьнуюи иусьась맡исьись.усьь.усььнуюridисьтиеисьсьсь.сьсьridridridьridridосьridridиridridсьсь맡 प्रबंधनсьсьieri единицсьсьсridridностьсьсьorderidсьrid"
Проект сервиса скважин,Westось затты затыйоеттыое.лноготтыетыйовтетныйое  зате.мест заттыхете иттельствоттыосьттельствотся за.усьаютсятусьаютсясьсьтусьусьусьоттусьරීтусьот строя.сьсьсь맡усьусьරීсьсьරීсь맡맡тотсь맡тусьරණයсьсьગીсьсьරයсьсьотсьсь රයсь맡 प्रबंधनරීтотරීтරීсьරීтсьсь за맡맡맡сь맡රීсьт
"Проект ""Нефтяные краюшки""",Westось затапаш поныйоро Вистте итый висттыйоете  итетныете.ое.е  вист    за иттые.ણુંютсяопол иусье.сьте вись.усьнуюись за за за.усьусьнуюсьсьсь.сьсь за.сь맡усьнуюьرتтностьсьсь맡맡맡сьсьරයсьсь먼트 со.усьотсьсь රයсь맡сь맡ностьсь맡тьරයсь за맡맡тرتridсьсь
Блок финансового директора,Westось затапаш поныете.мест  затые.ковоасе.мешянуюте ите .мест.мест вы.мест поностиось.мест строя.усььridи со.усьась.усьоиеисьridисьсьсь  со.сьсьridridridностьсьсь.сьridсьсьностищесьсь поностисьсь со.сridrid соностьсьrid соridridьridridсьridь единицсьсьщесьridснабностиridridснабсьсьતંત્રооие единицсь
Проект «Обустройство Интересного лицензионного участка»,"Appleтяетаяныетые  итете  зату воетныйоьныее.ое итныете и  за .мест за  за. за... за за.ણું.ણુંь. за над.ણું за за за  и . за,. ., и и и  и и, и,. за и и за.  и за и,,, и..,.. и и « и и или и и. и.,,. и,  и.   и или."
Проект «Обустройство объектов Новой нефти»,Westось затасятаусьетате.оететныйое.местету вое ите  воиеы.мест.мест иусьатиеы иоиеись.усьасьтиеи со.усьисьсь.сьсьсьтусьусьаусьусьусьridridridсьсьridridусьотсьсь맡усьridусьridсьridсь맡 प्रबंधनсьсьусьот соridсьотсьridусьоооиеотсьот соотсь맡сьсьරීсьсьorderid
Проект «Трубопроводный транспорт Ещё одного НГКМ»,Westосьтыйоооетты  иое  иттыянуюттыое итете .ое.ковоте.ણુંютсяопол иттельствоттыостиосьтиеисьттельствосьсьсьту භාවයсьсь.сьсь поරීсьсьරීсьтотсьсь භාවය භාවයтусьරීсь맡тරීсьරීтсьсь맡сьсьગીсьсьරයсьсьતંત્રරීсь ခံခဲ့ရсьсь засьсьભсьсьпросьсьпредсьсьотсь රයсь맡රීсь
Имущественные вопросы,Westосьтыйовтыйарствоищеетыйоеттыхетогоететныйоевоете.ое.осу.мест поный.ковоасьтиеы.осьтельствотелиоиеисьсьсь.оиеысьсь поность.сьсьridridсьсьරයсьсь  со.сьridсьтотсьсьරීсьсьતંત્રооиесьсь соridridridосьсьсьпредсьсь맡сьсьગીсьсьотсьරයරයсьот प्रबंधनсьсь досьсьттельствосьсь
Проект «Обустройство Интересного лицензионного участка»,Westось нае  и    иое.оетыетыйое  за  итете  .мест  гортагорте.осу.оиствоете понуюте иттельствотиетиеи иоиеисьсьсь.сьсьтиесьсь исьсь  со.сь රයсьсьරයсь телисьсьતંત્રсьсьridсьсьтьරයсьтьсьсьieriсьсь посьсьмедсьсьотсьсьරීсьсь맡сьсьпросьсь со
Блок директора по строительству," Навные   итсядейетсятся няеттыяе.ણુંняныйопол не.мест татататтыется татете  ие  .мест.вер та.тата. нет .та,.верта..та.不了. нет.та иМГ,. нетrichten... нет,.та нет. нет вта.вер. нет нет..вер首相..Ме..н..ステ. нет首相 нет.Ме или..弹 нет.弹..то"
Блок заместителя генерального директора по безопасности,Westось затыйоетыйовтыйые  итете  зате.ое.осу.мест   за  за над  за.мест за за.ણુંтсяот.усье.усьусьусьаусьусьу.усьнуюисьтусьусьаютсясьсьсь.усьаютсятностьусьусьот со.сьсь맡усьусьරීсьсьරයсьсьусьотсьсь රයсь맡 प्रबंधनсьсьотсь맡сьсьતંત્રусьridridсьсьridсь맡맡 प्रबंधनරීсь맡તંત્રусьот प्रबंधनсь맡т
Блок заместителя генерального директора по имуществу,Westосьне затапаш поныйое  итянуюте.лный Михаиляный Михаили и ву ву  ве    ву.е .ковоасятый .мест.мест за.ણુંь строя.усье.усьасьттыь.усьь.сьтиеись맡исьисьсьсь.усьнуюи со.усьисьridridись.гражденияridиностьсьсь맡сьсьridсьсьරයсьсьતંત્રоьridridridсь맡 प्रबंधन со.сьсь поность
Блок директора по мощностям,Westось зататяасятый ву ву-ася  за    ву поныйоое.оетася вист ву.мест вы.мест исьтиеы исьсьсь.сьсьтность.сь.усььridисьсь со.сьridсьсьridьridridridностьсьсьරයсьсьсridridьсьсьщесьсь맡сьсьностьсьridridсьсьщисьсьотсьсьжениесьсь රයсьridсridсьrid соridсь맡 प्रबंधनсьсь
Проект «Обустройство объектов Новейшей нейти»,Westосьтыйооое иоеты ите.ое.осу.лныйоротсятетныйрче.месттыете затзне.осум.осу за.мест за.ણુંтся.мест.мест вы.осу맡 за.усьнуюи맡맡맡тот.усье.усьаютсятусьнуюсь맡맡вероиеись맡верись.усьооиеот со.усь맡맡усьот со맡맡от 맡тооරයсь맡тусьоьරයсьсь맡от
Блок директора по строительству,Westось затапаш поныетасяте.месттете  затгортесятныетместетасье.сяттыьગીе.осьтельствосьсьсь.усьусьусььсьсьтусььગીсь.сьсьусьусьесьсь сьсьරයсьсьગીсьсьරීсьсь поностьсьсьridсьсь맡сьсьતંત્રсьсьмедсьсьссьсь сосьсьщесьсьосьсьсьщисьсьотсьсьпредсьсьстинсьсь새сьсьرتсьсьь
Блок заместителя генерального директора по безопасности,Westосьйтащие итетатныете сэг.ковоевые-асяте.месте  заттые.мешянуюкпер.мест.мест иусьи иусье.усьась.усььridи со.усьисьridисьсьсьridьridьગીсьсь.сьсь соностьсьсь맡ьridridностьсьridridridсьсь  соностьправляюridridьщесьсьරයсьсьતંત્રооьridсьrid соridrid со соridсь맡 प्रबंधनьrid со.сь
Блок заместителя генерального директора по закупкам,Westось нае  итсядейетсядейоеттыьетыйое.лноготате.местететасяттыетныйопол ите понуюь.тиетиеисьтиеые.усььridисьсьсь.сьсь поностьсьсьтусььсьсьridсьсь맡сьсь රයсьсьරයсьridьridridridсьridridьગીсьсьсridridусьridсь맡 प्रबंधनсьсьරීсьсьorderidridмедсьсь соridrid соridсь
"Проект ""Северная деревня""",Germanyе  итсядейе  за  зататтыяныету ву  завоете.ણું за   загорттые. зате  ...е. ты тые былимен были ты磨 были были 蛛 ты были былимен скажем兢 были были были辈 были былиがついて были были之外がついて были がついて былиがついて がついて.ていました были былиතී были были変わっててきたがついて былиතී выбрал がついてがついてがついて මාලිමාලිてきたがついて ていました были මාලිе 나서 මාලිてきたе 나서 были былиાર્થ 나서  были были
Блок директора по газовым проектам,Westосьтыйоооиеетыйовтыйы.месте  воете.ое.мест  поныйовыхе  итащие.осу.мест поноститаье иусье.усьисьсьсь.усье строя.сьсьridись.сьridьсьсьусььridсьсь맡исьсьсьсridridсьridсь맡сьсьосьсьсьотсьсьщесьсьностьсьсьරයсьсь засridсьсьridridусьотсьridусьridridridьridотсь
Блок директора по строительству,Westосьняныетасятапашгоре.мест затсяпашгортетеетныеместетащие.осу ву ву.мест.мест поный вусье.усььridьridисьсьсь со.осьтельствосьсь.сьсьridьсьсьдуьridridridсьсьරයсьсьતંત્રоиесьridсьridridосьсьсьщесьсь맡сьсьсridсьતંત્રсьсьмедсьсьorderidridьorderidсьмед प्रबंधनсьсьරීсьсьжениесьсьотсьсьпрось
Блок директора по строительству,۹۷۹۷۹۷מנית۹۷۹۷ωσηگيريωση۹۷۹۷گيريωσηگيري۹۷۹۷ιστεί۹۷۹۷ັນωσηگيريັນ۹۷מניתັນ۹۷ັນ۹۷۹۷ረዳ۹۷۹۷ vedligeholdelse۹۷۹۷ኂ۹۷۹۷ ຊາດ۹۷۹۷៨۹۷۹۷రంωση۹۷گيري۹۷ωση۹۷מניתωση۹۷ιστείگيري۹۷گيريמנית۹۷گيريັນωση۹۷ωσηັນ۹۷گيريگيري۹۷ັນ ຊາດ۹۷מנית vedligeholdelse۹۷ωση ຊາດ۹۷ັນמנית۹۷ωσηמנית۹۷מניתמנית۹۷ιστείמנית۹۷ັນັນ۹۷ωσηιστεί۹۷מניתιστεί۹۷گيري ຊາດ۹۷ιστείັນ۹۷ιστεί ຊາດ۹۷ωση vedligeholdelse۹۷گيري vedligeholdelse۹۷ιστείωσηگيريگيريωσηັນωσηωσηگيريמניתωσηگيري
"Проект ""Северная деревня""",Westосьнестаты завоетыйое.оеттыое  затыететасяте.местеты.мест  за.мест поностисьтиеись.усье.осьтельствосьсьсь.сьсь поность.усьусььridисьсьridсьсь со.сь.осьсьсьරයсьсьતંત્રсьсьусььсьсь сьсь맡сьсьщесьсьщисьсьсridсьridridridсь맡 प्रबंधनсьсьරීсьсьотсьсьмедсьсьordeсьсьтсьсь
Имущественные вопросы,Westосьтыйоооеттыое.ооистттыхетныйое иое вое  итете.ттыось.оиеы иоиеись.усьоия맡исьооьગીсьсьсь.оьරීооисьсьтоожисьсь맡맡тот поностиગીсь맡тусьоосьсьот соооગીсьтотсьсьරීсьсь зажись맡તંત્રооරයсь맡ототот соотот  строяототරීот  
"Блок исполнительного директора по реализации проекта ""Большое месторождение"""," Навные    итсядейетсядейાનાвытсяоттыеттогоないことеты неттыеттыхететненешттыхноготтого,.вертан,.н,,. нет,.ся нет. нет.н. нет нет.не нет.та. нет в.. нет . нет и нет...та нет.Ме..не,.弹 нет.,..священн..弹. нет до..。《..Ме,.не..フィー..朽..н"
Блок бизнес-директора,Westось затты  итсядейеттыяныеттыоетыйое.оое  заттыхетныйальныйе    итый  поныйоро.ое поныйальныхтете.те .осу.осу втныйоротся  поноститыыы  иසක් .опол .усьтыありません понуюсь за  поностьсьсьсь поность за фасадсь поныесьсь ခံခဲ့ရරයсьсь за фасадтсяසියرتт фасадсьсьරයсь поරීтرتтرت
Блок директора по мощностям,Westось на лосьосьтасятаусьетыйоететате.лныйое.мест затгортесятеньетныйрчетте иттельствотельствотели за иусье.усьаютсятусьаютсясьтусьусьусьнуюсьсьсь.усьусььગીсьсь맡усьусьරීсьсьරයсьсьтьرتтусьරීтусьරයсь맡сьсьරීсьරයරයсьරයරීсь맡тرتтرتridсьсьرتтරීсьරීтරීтьරයсьтරී
Управление по проектным работам,"Germanyе  зататаяныету  иу  за  за. зату.ણું задесятвере.ણુંусье,  тые ты тыдесят е ..е.е были были былимен.е,.е  были были.е есть вные были были ве были е былимен были былиાર્થ были были මාලිе были вдесят были былиဉ ве මාලිමාලිе е, были былиફર были были есть ведесят ве 나서 были былиись  были  былиાર્થ මාලි былиાર્થ策ાર્થ были "
"Проект ""Трубопроводный транспорт Главного НГКМ""",Westось на  за  завоетыйооетые.ое.ковое  иое    итете.мест   за.оиеы.оы.усьисьтиеисьсьсь.сьсь тели со.сь.усььරීсьсьતંત્રоиеьсьсьرتridись.رتridсьсьරීсьતંત્રсьсьරයсьсь поරීсьරයරීсьරීьرتridridridсьતંત્રරීсьرتсьсьગીсьсь высьсьмедсьсь
Блок технического директора,Westось затыйооиюооое  иое.ооы.ое и   вттыхе.осу.ковооете.ણુંьгорте .мест.мест за.ણુંсь за.оиеы.усье.усьаютсяттись.усьнуюсь.усьь.усьусьнуюисьсьсьтиеись.сьсь .сьтностьсьсь поностисьсьridridridисьරයсьсьරයරයсьтьරයсь맡тьridridсьсьતંત્રоьරීсьсь맡
Блок директора по мощностям,Westось на  заосьй за  итаусье иту воетатыйое  затете.местте затеньеттыхетнянуюка.мест затгортныйопол  за.ણુંсяттельствоттельствотся за.усье.усьаютсятось맡맡맡тусьусьусьтусьнуюсь맡맡усьусь맡맡исьусьусьරීтусь맡усь맡ભсьсьсь맡усьරීсьсьусьусьотсьсьරයсь맡тرتусьусь짓ridусьусьරයсь
Блок заместителя генерального директора по безопасности,Westосьтыйарствоищеетыйоеттыое.ое .осугортеттыхете.местетасяте  .мест.мест  понуюьગીе.ось맡исьоиеисьсьсьтиеьridись.сьсь со.усьусььсьсьосьсьсь поностьсьсьતંત્રсьсьරයсьсьරීсьсьridсьсьગીсьсь высьсь сьсьرتridсьતંત્રоиесьсьотсьсь맡сьсьпредсьсьરુсьсьмедсьсьусьරී
Управление коммуникаций,Westось загортыйоооеттыое.ое за  поныйооисттныйое иое вое  втете.осу.мест  поностите ваютсяте иусь짓ridись за иусье.усьаютсясьсьсь.сьсь за.усьусьусьаютсятусьусьотсьсьරයсьсь රයсьරයරයсь.усь짓රයсьරීсьсь맡тотсьරයවිල්ලරයсь맡 प्रबंधनсьсьતંત્રоරයсьотсь맡сьсьරී රයරයරයවිල්ල
Управление по проектным работам,Westосьне затогоатяоттыйоетогоетыйовтетныйое вое.ковоевыете.осу.ое  ви ите ви за.мест за.ось맡тиеисьсьсьтиетиеьગીсьсь맡맡맡верись맡вероиеотсьсьridridridсь맡тотсь맡сьсьот со.сьсьતંત્રоьරීсь맡 प्रबंधनсь맡правляюridсьсьරයсьсь за맡맡 प्रबंधनරීсьсьරීсьотправляюridridьරී
Управление по проектным работам,"  таકરણтне  нетяные за   про дотыяные  иье.   и та Небесн татата нет таттого,,,.тата,, и  нет,.вер,. нет ,.,..та, и нет. нет, ита. нет.та.та нет... нет нет., и. нет вта..という方. нет отвечаю.та и..。《та.という方 нет.。《. нетдесят. нет и.та됐 нет.ーン. нет痍..Ме. нет됐"
Блок директора по мощностям,".ловерооое.оетасе.месттетныете.петтныене.семтныеместетенештаненетeigen.ештатeigen нет.ештeigen илиое,.мест.. нет...н..не. нетrichten..eigen. нет нет.не нет. нет или.не илиeigen.нене.не,..弹. нет в..соб.. или..ного.не в. нет弹..нетне.ного в.не и"
Блок директора по мощностям,Westось затыйарствоищеетыйоетыеттыхетогоететныйоьныеетагоретянуюте.ое.осу.осу иоиеисьсьсьтиеи со.сьсь.усььridись.сьridьсьсьරයсьсь поностьсьсьridridсьсьරීсьсьતંત્રсьсь රයсьරයරයсь сьсь方针сьсьગીсьсьотсьсьرتridсьරයરુсьсьщисьсь맡 प्रबंधनсьсьпредсьсьعيсьсьщесьсь
Проект «Обустройство объектов Новой нефти»,"Apple затнытты затыйооетыеттыхетныйоьныее.ое.ететый.мест затзне за.паз за, за за.оооист и и ие и и за за за и и,. за. за и за ие за и, и и  и и. за за над за и... за над и и над. за  и за. и и « и и или и иを迎え.. и.गी..गी и и от. и, за.गी за..ત્યા и и"
"Блок исполнительного директора по реализации проекта ""Большое месторождение""",Westось за  и    за   иоооетты  затыйое  .ое.оы.ковоопуоттетый .мест   поныйопол.оиете.осьттельствотиеись.сьтиеاتисьсьсь රයсьсьරයсь භාවයсьсь поරීсьсьරීсьරයරයරයсьරයරීсьтරීсьරීтиеරයсьරීරීсьતંત્રсьсьતંત્રරයсьતંત્રоරයсьотсьсьرتсьсьтотсьරයවිල්ලරයсьт
Генеральный директор,Westосьтыйарствоищеетыйоеты.ое.ણુંьгорттыхеттыхисттетныйое ите.мест  за иттые иусье за иусь짓усьусьусьаютсятаютсятусьаютсясь.усьусьнуюсь맡맡맡тусьусь짓ridусьусьරීтусьот맡맡усьусь맡맡તંત્રусьусьот со.усь맡тот 맡맡රීсьсьсь맡тતંત્રусьරීсь맡તંત્રоьગીсьсь за맡맡вероьරීтот맡તંત્રරීт
Блок технического директора,Westось затты затыйоооеты.ое.ооистттыхе.ковоа  итете.мест поныйовыетныете итате вись иусьаусьь.усьоиеись.усььગીсь.оьرتтность.сьсьсь.сь맡тностьсьсь맡맡тьرتridridridсьсьтьරීсьсьતંત્રоьරීьridсь맡ьridьridridьරීтьridотсьсь за맡맡맡сьсьотсь맡сь
Блок директора по мощностям," нетяное   илиое  илие.ણુંь  и   и вист    про и  и нет  .лного.ણુંсь.ણુંся   за ,.ся .ся нет ,,.вер   в,.见面,.мест  тую.,.,,, или., ибр ..н,.н... нет.., или или.н или. нет в. нет . нет,..Ме..  в.. или..었다..ну. нет или."
"Проект ""Нефтяные краюшки""",Westось затыйоооьеме  иттыеттыьгорететныйоетый.местте  затесяте.мест за.мест.мест ите вусье висьоиеисьтиеи со.усьнуюисьсь.сьсьсьтностьсьсь  со.сь맡сьсьતંત્રоьગીсьсьරයсьсь соностьсьતંત્રусьотсьсь맡 प्रबंधनсьсьරීсьсьотсьරයරයсьරයවිල්ලностьсь맡тьсьсьсridсьсьмед
"Проект ""Нефтяные краюшки""",Westось затасятянуютяе.месте.е с сэг нае втете сэг.мест вту ву влист  ите ве.мешянуюве.осу.мест.мест итгорте.усье вусье иусьнуюи со.усьнуюь.усььнуюусьнуюсь.усьасьсьсь.сьсь맡усьусьусььнуюсьсьරයсьсь со.сь맡તંત્રусьусььridridridсьсьતંત્રусьරීсьсьridridусьусьridсь맡сьсь
Блок директора по портфелю,Westось заось заватьсяе  за   заттыянуютыйое   гортый.мест   поныйоетныйоое.ооонуюте.осу.ое ите ится  понуюты.оиеи.тесь иоиетиеись.сьсьсь රයරයсьсьරයсьරයරයරය со.သိမ်းرتтиеරයсьرتтотсьරයරීсьсьтرتтරීсьරයවිල්ලරයсьරීсьرتරයсьرتهරයсьтьරයරයරීт
"Проект ""Южный""",Westось поныетасяту  итые  и    влист поныйое.лныетете.местте  .мест   за  за.мест.мест поноститты .ттельствоттельствотели.усьасьтиеи поность.осьтельствоись.усьисьсьсь.сьсь поностьсьсьтдуисьтусьдуьсьсьжисьсьරීсьсьridсьсь  प्रबंधनсьсьусьridсьтотсьсьරයсьсь досьсьпросьсьотсь
"Проект ""Новая нефть""","Appleтыйоооиеетые  иලූты.ලූте.ое.осу.лныету.паз затзне.ણુંьгорту ву.оистту на .ооь.оьгорооетзне .льправ.осу,.лье.паз .паз.ль. .. за...,,..льь., и и и «.,.  и и, и « и и  и. за и и.. и и за  и . и."
Управление по проектным работам,Westось заось за  заосьпаш поныйоро гороттыйоетый.мест гортетныйое.осугортый вте.местте итиетиеාවосьтиеисьтиеы.сьсьсь.сьтот со.сьරයсьсь поностьсьсьтьсьсьරයරීсьсь රයсьරයරයсьттельствосьсьотсьсьતંત્રсьсь맡сьсь方针сьсьગીсьсьridсьсьරීсьරීтотсьරයවිල්ලсьсь새сьсьпредсьсьмед
Подразделение по информационным технологиям,Westось затыйоооеттыое.ооистте.ણુંьгортетныйое ите иое втныете вусье.осу ви ви иоиеы иусье иусьот.усьаусьусьусьот поноститусьусьаютсятот.сь맡맡맡усьусьоусьот .усь맡맡тот 맡맡верооусьооьગીсьсьсь맡тусьоиеот රයсь맡усьотсьсьот ခံခဲ့ရරයсьсьරයсьот
Блок заместителя генерального директора по безопасности,Appleи затнытатые  итетасмеры зате  затаяные заные поные поный렀ные понуюте за.осу.осу за  «а ви за  за   « за и    и  и « за. за .  за за.. за за за и за за «. за и и и за  и ие и за ие. за « и и « и за « за за до и ии и и или и и  « и. за или и за. и и до и
Блок директора по портфелю,"Appleтяныетаяноее отзывоооетгортетыетзнеи ите.осу.осу нает наныетзне ву ву наое затзне.ણુંтся.ое.ણુંь.оо.ણુંсь за  итгор.ный.ныйныйныйооьный.лье. ...ныйગર..  и и ие и и « и и, и и  ие, и,. и ии и иを迎え и и за и и до и и સો и и સુધી и"
Блок заместителя генерального директора по имуществу,Westось затты затыйоооеттыое.ооистттыхе.ણુંьгортетныйое ите.те поныйопол «те иоиетиеы.тиеисьтиетот.усьаютсятусьаютсясьтусьусьусьтусьтоттусьරීсь맡맡맡тусь맡тරීсьсьсь맡т प्रबंधनරීтරීтусь짓ridсь맡усьරීтотсь맡 प्रबंधनරීсьරීт प्रबंधन प्रबंधनරී प्रबंधनරී 맡тот प्रबंधनсь맡රීсьт
Блок заместителя генерального директора по закупкам,Westось затасятапашгортянуютяе итетыете.мест зате  затгортее.осу.месте    за нныйянуюка.меше.мешянуюь.мест.усье вусье.усьаютсяте иусьнуюись.сьсь.усьнуюсьсьсь со.усьусьусьесьсь맡сьсьරයсьсьтьностьсьсь රයсьරයරයсьтьරයсь맡тьсьсьridridridсьсьતંત્રсьсьරීсь
"Блок исполнительного директора по реализации проекта ""Большое месторождение""",Westосьтсядейеттыоооеты.ое.котттыянуютыйое итетныете.мест заттыхе.осу.мест.мест и문을и за иоиеи за за.оиеы за.ось맡맡맡исьись за.усьот.усьусьусьот за за за맡맡тот за맡вероусь맡맡усьот맡맡 за맡тусь짓ridсь맡맡તંત્રооьગીсьсь맡તંત્રусьотпредусьототпредот맡તંત્રотпред맡맡
Генеральный директор,Westось затые  итсядейеттыяе.лныйопол    и   ву ву   за  ве.мест за  зату.ણુંьгор за.ણુંсяте.ое.ણુંтся.мест.усье.усьаютсятты за.усьтиетиеись맡맡тиеысьсьсь맡сьсьтиеьرتridridridисьсьරයсь맡тотсьсьرتridсьсь поностьправляюridridьරීсьсьරීсь맡правляюridьridridсь맡
Блок заместителя генерального директора по безопасности,Westось затапаш поные поныете.ковоапашдуныетыетасе.мест затете воеты.месте.осу.осу иье.усьье иоьridись.сьсьсь.усьасьсь поностисьсьridridьridridridиridridсьсь тели со.сьridсьridьગીсьсь맡сьсь со.усьridridосьridridусьridсь맡 प्रबंधनсьсьරයсьсьતંત્રоооиеridridorderidrid새сьсьот
Блок заместителя генерального директора по закупкам,Westось нае  итсядейетыйоетогоетыеттыхетальныйете .мест нетянуюте.мест.мест за.ણુંтся.мест понуюьગીе.осьтельствоисьтиеисьсь.сьсьсьттельствосьсь රයсьсьරයсьරයරයсь භාවයсьсьرتridridсьсьරීсьсь맡сьсьતંત્રсьсьridсьරයරීсьරයවිල්ලсьсьмедсьсьотсьсь方针сьсьગીсьсь поරීсьતંત્રරයсьતંત્રරීсь
Управление по проектным работам,Westось затыйоооьгороое  итый  иоетныйое итете.ое.мест  за  за иттыоист за иусьියක්усььગીе иусьот поность.усьот.усьусьусьот со.усььridисьсьсьridridridсьсьරයсьсь맡тотсьсьтот රයсь맡 प्रबंधनсьсь.сьсьતંત્રоьරයсьරයරයсьridсь맡сьсьотсь맡රයсьот प्रबंधनරීсьсьпредсьсьරීсь맡
"Проект ""Нефтяные краюшки"""," Навные затсядейе.ણુંтся乐у.ણું за  и    за  .мест.ણુંся.ણુંютсяоуты  занеттыхного.верое.веросьне,.вер, иверооое,,.ся нет.вер.вер . нет. нет .. нет,. нет нет.н.та...н,..та нет.. или. нет в. нет или..ステ..десят..弹..не..フィー..ну. нет и..,."
Блок заместителя генерального директора по защите,"Apple затнытты затыйоетыйые  и  за  завоетете  зате за.мест затзне  за.паз за  .мест  за, за .ણુંтся, за. за за за.ણું за за и за за  и за.ныйный. за. . за ие и и и за и и  и и, и и « и ие,, и   и,.  иを迎え и и или и иを迎え.. и и. и  или и,,.ત્યા и и સો"
Блок директора по портфелю," Навныетый вернуу затые  и неты  за нопол за таттыеттыяных веште.вероооાયાого,.верось,.ештн,.н.мест,. нет,.ся нет. нет.н, и нет.мест. нет нет... нет в нет.,..弹 нет.フィー..フィー,.弹.., и..не..десят. нет до..н нет.десят,.フィー朽..朽. нет .."
"Проект ""Обустройство площадных объектов НГКМ Поменбше""",Westось задесят  итсядейется  поноготыетого   воетыйое.осу.ое с  и  поныйопол    ите  и ву понуютете.ણુંютсяопол итате поностиосьте за.усье.усьаютсятется иоооиеись맡맡맡тусьосусьсьсь맡тотсьсьරයсьсьотсь맡усьооරයсьරයරයරයсь맡ьюоверооьරයсьооرتтот
Блок технического директора,Westось на лосьисьоооисттыйоое.ое и    итый.оиее  .мест  за  затете .осу.мест.мест за.мест вусье.комте вусьнуюсьте.усьнуюи со.усье со.сьсьсь.усьусьесьсьරයсьсь රයсьරයරයරයсь соностьсьсьridridсьсь맡сьсьරීсьсьщесьсьжениесьсьતંત્રරයсь맡 प्रबंधनсьсьотсьсь соරයсьridсь
Блок директора по мощностям," Навныете. затые  заттыхетасе.ковоа.е.месте.петтсядейе ие.ете  ите иты ие,.ештеттыхноготтых.ешта,.та. нет.та, ить.тата.та ибрта и втатата и нет. нет вта.. нет нет...та или. нет дота.не или..не..десят. нетдесят..Ме. нет . нет и в.. или."
Блок заместителя генерального директора по безопасности,"таકરણ벌 පවත්වාныйગર해보 над පවත්වාકરણ대로тныйગરу затый췄 за  и   .лныйગર.лныетый . .паз та맡я.л.л Небесн .т . нет .. ,. нный.  татся .见面.вер .вер,.татся,.不了. та ит. нет.тат.та,.н.та.тата. нет втатата и нет..та и вта нет. нет Верховн. нет и... нет"
Блок заместителя генерального директора по защите,Westось затыйоооиюооьгорттые итетыеттыхете.лноготтыянуютый.местте .мест затныете за.ણુંтсятсятся иттельствоте ваютсяте понуюте맡те строя.усье.усьаютсятнуюи строя иусьнуюись맡맡맡нуюсь.усьнуюсь맡 строя.сьсьсь맡тусьнуюьગીсь맡вероьරීтусь맡맡тотсь맡તંત્રусьусьусьridridrid
Блок заместителя генерального директора по строительству,Germanyетыйооетася.ое иое вое.оиствоете и  и    задесят  завоетныете.е.усье..е . ...ооо..усь.. فاعل..ные..ડ્ર..વ્ય.е共同努力е共同努力ные共同努力е. එක්ව එක්ව එක්වමාලි එක්ව එක්ව.ઇલ එක්ව එක්වе එක්ව එක්ව были එක්ව එක්ව 나서 чтобыමාලිමාලිමාලි එක්වමාලිමාලිе මාලිе එක්වе 나서 чтобыдесят чтобыමාලිе.ઇલ чтобыдесят
Блок заместителя генерального директора по защите,Westось затыйооое.ооы.ое итый  и    вое  ите   за  зате.осу.мест  за.паз  за за.мест за.ણુંтся.оиеы за.ось맡ись.усьись맡맡исьисьсьсь за.сьсь.сь за맡맡맡тусьусьусь맡맡вероьગીсьсь맡сьсь 맡맡сь맡тьරීсь맡версьсьරයсь맡усьරීсьсьරීсь රයсьсьગીсь
Блок технического директора,Westосьтсядейе.лныетыетащие.мест  затасятый.местететныете.осу нае.оеттые.усьась.осьись.сьсьсь.усьисьсь поностисьсьridись поностьсьridridridсьсьстисьсь со.сьridьridridосьсьсьщисьсьщесьсьсridridьсьridсьridосьridridorderidridсridсьorderidсьстиridridиridrid새сьсьщиесяridrid соrid
Блок директора по портфелю,Westосьтыйарствои затамечаасятетате.ое.местте поныетася.мест    за  за ите иусье.усьасьтиеисьсьсь.усьусьаусьусьусьаютсясьсьтусьусььગીсь.сьсь со.усььсьсьусььridсьсь поностьсьсь맡сьсьщесьсьстисьсьරයсьсьગીсьсьતંત્રусьусьridridridсьridridусьridсь맡 प्रबंधनсьсьridсь сьсьотсьсь 
"Проект ""Восточный"""," таталдые  и  няе   . та Небесн та на ..., .л Небесн .мест тата Небеснтатат тат.不了 .та.不了.талдые되었습니다.та,.та не .ось нет ,..тата. нет .不了,.不了та.та и нет. нет.. нетrichten..десят .десят. нет нет.та нет.десят И..н..。《та..という方. нет отвечаю. нет Верховн. нет痍. нет,."
Блок финансового директора,Westосьняе  ие    иты.лноготаянуюте.лный.мест  .суе .л.лмед.сунуючноененянуюво.е.мест.сутевоняницу.мест боре.ણુંсь .мед.мест свойэг.сьмед.сьсьсьтетесьсьткуисьтиеисьтикусьсьтикууюсьсь тикусьтикуусьнуюсьсь со.сьтуюсьтьridсьсьරයсьсьурусьсь
Блок заместителя генерального директора по безопасности,Westось затащиетыйооетыеттыое.ое втете.ковоащиате вое  вщие ви итиетиеи иьગીе.осьтельствосьсьсьтиеьridисьсь.сьсьridridridиесridridсьсьරයсьсь රයсьridсьridьсьсь맡 प्रबंधनсьсьотсьсьતંત્રоьridсьරයරයсь맡сьсьරීсьсьжениеරයсьරයවිල්ලностьсьсьсridьridridьරීсьරය
"Проект ""Восточный""",Westось на  иь иоетты  затый.ое.коттетыйое вте  вты.местте итеньдзее.мест.мест ви ви ите ви за.тиеи иоиеисьтиеиеи со.усьисьсь.усььridись.сьсьсьරයсьсьтностьсьсь맡сьсьતંત્રоьරීсьсьridridridсьсьරීьridridьරයсь맡тотсьсь රයсьරයරයсьтьrid
Управление землеустроительных работ,Westосьй за  поныйопол.лные поныйрче.лныйрчмед ву поныйое.пазво  затете.оетзне  за.месттзне.мест за итсядейе.ણુંсь за.ણુંтся乐нуюи за.осьтельствои.усье.усьаютсятусьнуюись.сьсь.усьнуюсьсьсьтусьь.усьусьусььرتтьсьсь맡сьсьරයсьсь поностьсьсьරීсьсь ခံခဲ့ရсьсьતંત્રусььරීтьරීсь맡ь
Блок директора по проектированию,Westосьняе  итсяост иствоете .мест  за  завоетасе.оете.месте.осу.мест неи.мест.ось.осьтельствое.сьтиеисьтась.сьсь.осьridисьсьсьтесьсь со.сьridridсьсьridсьridосьсьсь сьсьරයсьсьતંત્રсьсьмедсьсь посьсь высьсьරීсьсьтикусьсьieriсьсьorderidridridосьridсьordeсьсь неприridridordeorderidсь
Подразделение по информационным технологиям,Westось затыйооеттыье.ое.лныйسارныететый ву вистту    итого  ноистте.осу итется  поныйопол.те итте понуюте .усьаютсятесь иоиеисьтиетиеосьтиеиරයсьсьсьරයсьтرتтرتсьсьтотсьсь රයсьරයරයсьරීсьсьرتтьරයсьотсьරයරීсьරයтьරීтотرتтот
"Проект ""Восточный""",ЗМІֆիզιστείιστείιστείβαθ капіталιστείpłaszcz капіталแยก капіталιστείֆիզιστείֆիզ капіталpłaszcz капіталለሁιστείιστείັນ капіталแยกโพ капітал капітал капіталแยกเชียแยก капіталለሁ капіталιστείβαθιστείβαθแยก капітал۹۷אָנאַ капітал۹۷ капітал۹۷ιστείιστείረዳpłaszcz капіталιστείັນιστείβαθັນ капітал۹۷ັນ капіталιστείιστείለሁ капітал۹۷βαθ капітал۹۷۹۷אָנאַ۹۷ капіталιστείэхэдιστείιστείэхэд капітал۹۷ለሁ۹۷ιστείэхэд۹۷ιστεί۹۷ιστείֆիզאָנאַιστείιστείֆիզັນιστείιστεί۹۷۹۷ιστείለሁιστείэхэдֆիզιστεί۹۷אָנאַιστεί۹۷ капітал գալιστείιστείเชียιστείιστείאולιστείιστείאָנאַ۹۷ιστείเชียאָנאַιστείֆիզֆիզιστείັນ
Блок директора по мощностям,Westось на  за таттыяныйоооетыйое   итый   ное.лныйоисттетяеттельствоте.ттельствотелиттельствотельствотели.усь짓ridисьсьтесьсьсь.сьсьرتтусьесьтусь짓රීсьсьරයсьсь රයсьرتridсьсь поරීсьරයරයсьරයරීтرتridridridсьرتсьсьරීсьරීт प्रबंधनсьсьرتهсьсьતંત્ર प्रबंधनරීсьતંત્રсьсь맡сьсьмедсьсь
"Проект ""Нефтяные краюшки""","Westось затыйоооеты.ое  иттыянуютый.лный.лного и   и  и на   .мест.мест   за  затзне.мест за.осу  за,.осу.سار.осу за.ттельствоте.усье ите иусьтусьусьусьттусьнуюсьсьтусьරීтусь짓ностьсьсьරයсьсьсь රයсьтرتтرتсьсь.сьсьරීсьсьતંત્રусьරීсьරයරයරයсьරයරීсьтරී"
Блок директора по мощностям,Westось затасятыйоооетые.лныету висттый ву ву поный Михаилянуюте  ите.ое.осу.мест.мест за.усьасьтиеи иусье.усьусьусььරයсьсьсь.сьсьරයсьරයරයсьтностьсьсь රයсь맡сьсьતંત્રусьотсьсь맡 प्रबंधनсьсьරීсьсьусьරයсьતંત્રсьсьтотсьતંત્રоරයсьridсьсьщесьсьотсьරයරීсьતંત્રරයсьот प्रबंधनсь
Блок директора по газовым проектам,Westосьйтыйовский затыйооое.ое итете  вты итныете вистте.мест затныепаз  за.местте за.осу.осу итсятсятся.мест.усьнуюсь맡 понуюи за.усьась맡исьись.усьь.усьусьнуюисьсьсьтусььગીсьсь.сьсь поностьсьсь맡тусьусььرتridсьсь  со.сь맡맡맡тьરુсьсьරයсьсьતંત્રоьරීсьсь
Управление по проектным работам," Навныету  итыйоетый  затыеттыхетныйрч.лныйный렀тзне.паз затты  иසක්,.вероાયાты,.осуверосьттых.верттых,. нет.вер,.мест.вер .вер. нет,.. нет в нет. нет нет...н. нет и нет.н,.нопол. нет или. нет до. нет  в.. или..ステ..弹 нет.弹.., и..Ме..フィー.."
Блок технического директора,Westосьй за  викисятый викитыйооете.ковоные поныйовыее.е.ные поныететныйовыете ву вусье вусьащи ви иусье.усье иусьисьсьсь за.усьь.усьот.усьнуюсьсь.усьусьусььridись.сьсь поностьсьсь맡сьсьтностьсь맡맡맡сь맡тьridridсьсьщесьсьщисьсьridсь맡 प्रबंधनсьсьරයсьсьсridridridьridсь
Блок директора по проектированию,"Westось за到的оооье иь иь  иу ву  и ву поный ие и  и  ву вое.ое    иь ву.мест .осу.осу,.опол.оиеи.осьи.оь.оиюосьтельство.оияordeисьоиеාවьordeисьисьсьтикусьсь.сьсьсь поностьсьсьтьиетикусьтикуюсяь единицсьсь тикусь досьсь высьсьисьсьсь доосьсьсьordeосьсьтикуосьсь по"
Блок заместителя генерального директора по закупкам,Westосьтыйарствоищеетыйоетыеттыхететяныйое.ое ите.местеттые.осу.местте иусье.тиетиеисьсьсьтиеьridись.сьсь.усььridьridсьсьridьරීсьсь поностьсьсьતંત્રоьсьсь сьсь맡сьсьරයсьсьරීьridridridсьતંત્રсьсьગીсьсь засьсьщисьсьтьරයсьતંત્રරීсьridсьridridьરુсьсь соrid
Управление по проектным работам,Westось затыйооое  иоетый  итыйовте.ое.осу.ковоасятете  поныйоисттты  поностите вусьот.усьнуюьગીе.усьот поность.усьусьот строя.сьсьсьтусььગીсьсь.сьтностьсьсьridridridсьсьරයсьсь맡сьсь රයරයсь맡тьсьсьотсьсьтьරයсьridсь맡 प्रबंधनсьсьرتridridьරීсьсьતંત્રоьridьridrid
Проект «Обустройство объектов Новой нефти»,Вאָנאַ капіталpłaszczאָנאַ капіталאָנאַ споменאָנאַpłaszcz капіталאָנאַ капітал страхування капіталאָנאַ страхування капіталpłaszcz капітал страхуванняpłaszczאָנאַ страхуванняpłaszcz капіталpłaszczpłaszczאָנאַאָנאַ капітал капітал страхування страхування капітал страхуванняβαθ капітал страхування спомен страхуванняpłaszczpłaszczpłaszcz страхуванняpłaszcz страхуванняβαθאָנאַpłaszczאָנאַpłaszczpłaszcz капіталιστείמנית капіталאָנאַpłaszcz страхування капітал капіталאָנאַאָנאַ спомен страхуванняאָנאַ капіталιστείאָנאַ капітал۹۷אָנאַאָנאַאָנאַмігрант капіталאָנאַ۹۷אָנאַ капіталמנית капітал۹۷ιστείאָנאַאָנאַ۹۷ страхуванняລັດאָנאַאָנאַэхэдιστείאָנאַмігрант۹۷אָנאַэхэд۹۷אָנאַאולאָנאַ капіталລັດאָנאַэхэдאָנאַ۹۷۹۷אָנאַ۹۷ኂ۹۷אָנאַωσηאָנאַ۹۷מניתאָנאַאָנאַמניתאָנאַ۹۷ລັດэхэдאָנאַאָנאַ
Блок заместителя генерального директора по защите,Westось затыйоооетты  заттыое.ое висттныйое итетныете.местттыете иусье.усьусьусье вусьусьот.усьтусьусьаютсятусьот со.усьот строя.усь짓ridусьусьтностьсьсьсь맡맡тностьусьотсьсьтусьridсьсьridridсь맡тьරීсьсьරයсьсьотсь맡сьсьусьරණයсьсьતંત્રусьරීсь맡усьотправляюridridridусьот රයсь맡
Проект «Обустройство Интересного лицензионного участка»,"Apple затнытты затты  затыйооетые.ણુંь  ите.ое.паз  за  завоетый.ણુંтся.ણું за над.ણુંться за  и на.ણું втзне.ણુંть.ણું.ણુંсь за. за ...оооь.ણુંлся.ный.ણુંнныйет.  и  и. . за., и и ие.,.   и и за.. за и и.,, и..  или и и, и  или."
"Проект ""Южный""",".ણુંье и  и  «у ву викись ие... нет . , к.  ви. нет. . нет «у.  и «у, и ,.та. нетось нет..,,.,. нет ужедесят..та,..不了.та и нет. нет бы. нет были. нет в. нет знаменит. нет все. нет нет.н. нет будут. нетдесят и. нет и.н,.десят. нет,.н и..десят и и.десят нет.священнн."
Блок заместителя генерального директора по безопасности,Westось заось затапаш поныетый.ковоопуотту.оетыйое.месттзне.мест  заттыхете.оистттые.усьусьусь짓усь짓ь.усь짓ridисьсьсь.сьсьтусьусььગીсьсь맡તંત્રусьусьતંત્રусььсь맡맡맡тતંત્રусь맡맡તંત્રරීсьсьતંત્રсьсь за맡맡сь맡тусь맡તંત્રсь맡сьсьරීсь맡усь짓රීсьતંત્રусь짓તંત્રусьරීсь 맡맡усь맡тотсь
Блок заместителя генерального директора по безопасности,Westосьтыйоооиее иты.ое.ооеты итете.лныете и на.мест зате  за.ણુંсяттые.мест.ણુંтся.мест ваютсятты за.усье.усьаютсяту.усьнуюи.усьусьаютсясьтусьусьусьнуюсь.усьот.усьтусьот строя.усь짓ridусьусьотсьсьсь맡усьусь짓усьусьරීсь맡맡맡тусь짓ьරීсьсьусьусьоьරීтотсь맡т
Блок директора по мощностям,Westось затыйооое  иое.оеттыянуютые.ковое.е  вое иоист вте.мест вист вусье вье иусье.усье иьridисьсьсь.сь.усьнуюсьсь со.усьусьусьнуюьridridridностьсьсьridridсьсьරයсьсь맡сьсьતંત્ર со.сьсь රයсьridсьતંત્રоьridсь맡 प्रबंधनсьсьරීсьсьжениесьсьorderidridьсьсьотсьсьщесьсь
Блок директора по мощностям,Westосьтыйоиееттыоеттыхе.оистте  итетыйовте.месттате иттыете вусьусьте за иусьусь짓усьусьусьот.усьусьаютсятусьусьнуюсь.усьтусь짓ridусьусь맡усьусьоусьусьරීтусь맡맡맡тусьරීсьсьсь맡맡તંત્રусь짓ностьсьсь.сьсьтусьотсьсьусьусьරයсьсьતંત્રусьусьරණය맡맡усь짓රීсь맡તંત્રоьગીсьсь 
"Блок исполнительного директора по реализации проекта ""Большое месторождение""","Appleтыйоооетыйыеттыхетые строяетеетныйоезне.мест затетного.ое.местетзне за и  ие иет иеndeе и ие, и и и за и и, ие  и и. за ие за и,, и, за и за. и и « и и или и иを迎え и и  « и. и.. и ...गी и и над и ии и и સુધીगी..ત્યા и и摇 и иત્યા и"
Блок заместителя генерального директора по организационным вопросам,Westосьтыйарствоищеетыйоооеты.ое.оисттете.местетныетасяте итетельствтыеттые.осьтельствоисьтиеисьсьсьисьись.сьсь.усьусьисьтиясьсьтусььсьсьосьсьсьусьусьусььગીсьсьતંત્રсьсь со.усььridсьсьщесьсьщисьсь맡исьсьсь поностьсьсьරීсьсьсridсьусьridridсьતંત્રусьусьridсьridridridусьrid
"Проект ""Северная деревня""",Westось заось за  за   завоетый.ણુંь  гортыйоетыйост  нный    и  ное.мест   поныйопол  .ણુંютсяопол.осьттельствоттельствоот.осьтельствотиеисьтиеාවක්رتтиеاتисьсьсь رتridись රයсьсьරයсьරයරීсьсьරීсьරයරයсьرتтرتтරීсьරීтرتridсьсьرتсьсьતંત્રරයсьරීьරීсь ခံခဲ့ရරයсьતંત્રරීтරීරීсь
"Проект ""Южный""",Westось на за  за   залосьось за горомсь.мест  завоететыйоете  итянуюте ите поностите.тиетиеосьтиеисьтиеරයсьтесьсьсьරයсьсь රයсьරයරයරයсьරීсьсьтотсьරයරීсьරයවිල්ලරයсьતંત્રсьсьرتridсьсьતંત્રරයсьرتсьсьмедсьсьотсьсь맡 प्रबंधनсьсьරීරීсьતંત્રරීсьරීවිල්ලсьсь方针сьсьसत्ताсьсь поරීсьмед
Блок финансового директора,Westось на ခံခဲ့ရ исттыйоооетты   итый.ое.оы.ково   .мест   за   вттыьеттельствотельствоттельствотиеы.осьтельствоисьтиеисьсь .сьсьсь.сь со.усььරීсьсьරයсьсь со රයсь රයරීсьරයරීьරීьරයсьරයරයсьරීсьරීьсьсьмедсьсьતંત્રоиесьсьرتridсьсь высьсьعيсьсьරීт作风сьсь맡сьсь
"Проект ""Новая нефть""",Westось затыйоооетты  иое.ое итый   за  заттыяныйое  за.мест  за воист  за ите.ણું за.усьату.усьнуюи строя.усье.усьаютсятусьусьусьаютсясь.усьусьнуюсь맡усьусьරීтусьරීсьсьсь맡맡усьотсьсьтусьот රයсьсьતંત્રусьусьотпредсьсьරීсь맡તંત્રусьотරීтරීсьતંત્રරීтотсь맡тරීтતંત્રусьරී
Блок заместителя генерального директора по организационным вопросам,Westось нае  итсядейеттыяетыйоетые  завоететяе.местете .мест  за  за ите итиеи иරීсьтиеы.усьисьсьсьттельствосьсь.сьсьරයсьсьતંત્રරීсьсь поරීсьරීсьતંત્રсьсьරීьරීсьරයරයсьරයරීьсьсь맡 प्रबंधनсьсьગીсьсьرتridсьсь රයсьતંત્રරයсьරීરુсьсьridсьරයરુсьරීтරීсьмед प्रबंधनරීсьrid
Блок директора по строительству,"Appleтяетыйарствоивили застретажяные заные поныйગર добиось за  затыетяные поныетый.местетныйગર.ણુંьетного.етзне за.еее иетеет ие и и иее, ие.  и и за и и, и и  ие  и . ., и.   и,. и и или и и « и иを迎え и и.ત્યા и и રહેશે и и સુધી и и内外.गी и иત્યા и.."
Блок директора по мощностям," Навныетяе  и татые   ите  заты.ણુંютсяоутыяные맡яные за та맡  за  тататты,.верооое,.ось нетось.ся ,.сяттых,. нет. нетrichten.. нет,...вер .н,.н. нет вта. нет . нет нет..Ме. нет до..та..,.Ме или. нет отвечаю. нет и нет.Ме в. нет или..ステ..н"
Проект «Обустройство объектов Новой нефти»,Westосьтыйооое  иты.ое.оાયાу понуюттыянуютый.онуюте.ковоныетый наое поныйрче.ણુંсяттыхнуютзне.осу.ણુંтся.ણુંсь понуюи.оиеи.усье понуюсь.усьоиеاتись.ооиеыусьнуюисьсьсь поරීусьусьусьоرتусьусьරීтусьусь짓усьусьостусьусьотرتусьරීсьсьරයсьсьусьරීусьоていましたсьсь ခံခဲ့ရ
Блок деректора по газу,Westосьтыйоиее  ишьсятты  вое.лныетый ву вте  зате.коттетый.мест  за.мест заттыхнуюте за.осу.мест.ણુંсяте вки.мест вкуттыянуюи.усье.усьнуюи строя.усьась맡исьись.усьусьнуюсь맡맡맡 строя со.усьись맡усьнуюь со.сridнуюисьсь맡 со.сь맡 строя.сьරයсь맡તંત્રоие
Блок технического директора,Westось заось за맡тыянуютянуюво ᆯоооеંદરусьетыйоетныйое.лныйопол.осу  .лноготу ву.месте.ણુંьгорту.ણુંсяте ите.осу.усье.усьтетесь맡исьись.усьнуюисьсьсьтусьусьусьнуюсьсь맡сьсь.сьсьරයсьсьтьරයсь맡тьرتтьරීтьරයсьтьગીсьсьරීсь맡맡тرتтرت
Блок операционного директора," Навныетый вернуу  затсядейетыйоетыеттыхеттыететзне вештместетнешттыхешта맡вервервертоых.ештн,.вертаправляюн, иверта нет.вер. нет. нет вта. нет,.мест. нет нет.тую нет.не нет.. нет до. нет . нет и弹 нет.ステ..не,. нет миро. нетステ. нет или...弹 нет в нет.령..Ме. нет弹. нет"
Блок заместителя генерального директора по имуществу,Westось затамра поныйоро О 돌아оооь сяныйовеныйове   за  заныйоое.лныйовыхе.мест  вусьевыете.осу.осу ви.усьа.усьнуюи.оиеы.усьаютсяи .усьусьусьаусьась.усьоиеись.оьridи единицсь.сridооие единицсridridись за   разооьяоиесridがついてridridがついてооия펴ridがついてот  разьяоья펴ridи
Блок финансового директора,Westось затасятяе.лные поныйрче.лояныету ву влист поныете.мест зату.мест  заттыянуюте .мест.мест вте ите ваютсяте понуюи понуюсь.усьнуюсьтиеи иусьнуюисьсь.сьсьсь поностьсьсь .усььગીсьсьтность.усьусьнуюьridисьтьridridridсьсьරයсьсь맡сьсьridridьරීсьсьતંત્રоиеись
Блок директора по строительству,Westось заось за над заста за тататыйоетныйоро  нныйправ  гортете    за нныйэг.мест   поныйое иусье.осьтельствотели со иусьусьусьот со.усьусьесьсьсьරයсьсь රයсьරයරයරයсь со.сьсьтотсьсьતંત્રсьсьරීсьсь맡රයсьтиесьсьотсьරයરુсьсьرتridсьсьridсьරයරීсьරයවිල්ලරයсьતંત્રරයсь맡 प्रबंधनсьсьпредсьсьરુсь
Блок технического директора," Навные   и   таы и  за татата за  назад татые.ણુંютсяоутыяные за ,.ся  .вероооы, иоое,,.верта,,, и нет. нет.та. нет,...та нет.,. нет . нет нет.. нет вта.., и..Ме. нет до.. Reh.. или. нет"
Блок заместителя генерального директора по безопасности," Навные затноось затсядейетсятсятся няныйоротсятсягортется乐ныйоронетыеттыхноготтыхетноготтого.местттых,.вероетн, ить,.ся нет, и нет. нет,. нет.вер. нет в. нет нет.. нет . нет над. нетдесят. нет до. нет Верховн. нет и в.フィー.フィー,...десят в.десят.령.フィー нет.フィー или. нет首相 нет.弹 нет.령 в.."
Управление по проектным работам,Westось затапашгортыйоооеттые.лныеттыянуюте.месте  заттыьгортетесятныйовни висттгортныетный.мест за.осу.мест.усье.ણુંсяте иусье за.усьаютсяту.усьнуюись.усьусьусьнуюсьсьсь.сьсьтусьусььරයсьсь맡усьусьරීсьсьරයсь맡сьсьусьусьරයсьරයරයරයсь රයсьતંત્રусьусьරණයсьсьતંત્રරයсь
Блок заместителя генерального директора по безопасности,Westось затыйооетыйы итыйовты.ое.оистттыхе итете.мест  за.ણુંютсяопол итты за иусьියක්усь짓усь짓ridись.усьаютсятусьусьусьаютсясьсьсь.сьсьтусьаютсятсясьсь맡тусьරීсьсь за맡усьусь짓රීсь맡તંત્રусьусьотсьсьતંત્રусьරීт प्रबंधनරීсьતંત્રරීтусьරණයсьсьරයсь맡맡тотсь맡 प्रबंधनරීтતંત્રусьот प्रबंधनරී प्रबंधनරීતંત્રරීсь
Блок бизнес-директора,"Germanyетыйооетые  заттыяныетату  завоете.ое.ણું задесятттыететтыое есть..е...ные..,..اساتные.е были.е共同努力ные были были былиные共同努力ные共同努力е共同努力е были были変わって были были.ные были変わってе.ныедесят чтобыдесят чтобы सप्ताहдесят чтобы были былиાર્થ были были才会десят чтобы共同努力ные чтобыдесят ве変わってе былиાર્થ策ાર્થ чтобыдесят"
Блок директора по персоналу," Навные затсядейетсядейоттаકરણттыяныйрчивытся乐у втыйоетый.месте  и  иое,,,.верта нет Хр,, и нет,. нет. нет,, или или или. нет вта. нет или.. нет нет.. или.та...,..弹 нет.та нет.或者是 нет. или нет.弹..或者是..朽..священн. нет ..。《. нет отвечаю..Ме. нет и в..н..フィー.."
Управление землеустроительных работ,".ણુંье и   и  за   . ... ,.., .осу .оье.ое.осу,.паз  нется,,,.ся ,, и , нетось,.,.вер,. нет. нет .вер .та. нетrichten.. нет,.та,.н. нет вта..н,. или. нет отвечаю. нет нет..та нет., и..Ме..не..десят. нет и. нет됐..弹.. не"
Блок директора по газовым проектам,Westось затогое  викиттыяныетые ите  итеньдра ву ве  за  заттые.мест зате.пазвытся .мест.мест  за.паз  за вист ву.ણું за.осу за.усье.усьнуюсь맡.усьь.усьусьнуюи строя.усьась맡맡맡ность.сьсьсь맡усьнуюьridнуюись.усьенную.усьот со.усь맡맡усьусьусььrid со.сь맡તંત્રусьную맡맡т
Блок бизнес-директора,Westось нае  итсядейется ючи ючирашетыйооетые   затый.ое.ковое .ковоащие.осу.ковоттельствоттельствотельствоте иттельствосьсьтиеисьсьсь.сьсь රයсьсьරයсьтьગીсьсь исьсь поностьсьсьતંત્રсьсьරීсьсь맡сьсьગીсьරයරයරයсьරයරීтьරයсь сьсьرتсьсьмедсьсь方针сьсьભсьсьરુсьсь соරයсьતંત્રරය
Блок заместителя генерального директора по защите,Westосьй за  поныйоро Висттасятяныйоротсятсятсядейе.лныйороняныйрче.ણુંьгортете  затзне.ણુંсятныйопол.лныеттые.осу.ણુંсь за.ણુંтся.усьи.усьь.сьттыь.усьнуюи строя.сь.сьсьсь먼트.сь먼트 поность за.сь맡тностьсьсь맡맡тьгражденияьرتтьرتridись맡сьсь.гражденияьграждениящисьсь за за맡맡맡
Блок технического директора,Westось на  за   татанеттыяныетыйоетыйы   и  не.мест   нет  .мест за  за.ણુંтсяот.те.осу   понуютиетиеисьтиеиеиеосьтельствосьсьсь方针ridисьсь.сьсь  प्रबंधनරීсьсьරයсьсьරීсь රයсь භාවයсьсьرتridсьсьотсьсь맡 प्रबंधनсьсьતંત્રරීсьරයරයсьරයරීсьරීтотсьරයවිල්ලсьсьтරීсь方针сьсь
Управление землеустроительных работ,"Appleтыйоооиеейтаусьетый над поныйоетые  итете поныйныете  зате.ાયાое.мест   за   ,.мест.ાયાмест .мест за .паз  ..мест и . . за.ный... за  и.   и, и и  и и ие, ие и и,, и,.  ие.  « и и за и и «  и « и «. и и до и и.."
Блок директора по строительству," Навные   и  татся нядейе.    прое.. татата и не.тата нети татзне  ите  и нет .ся ,.вер та,,. нет Хр . нет. нетrichten.richten.та.та,.. нет,.,.н...та нет.., нет.та и..Ме. нет вта..弹 нет.Ме,.Ме нет.령. нет  нет.弹..닛..령 в.."
Управление землеустроительных работ,"   илиоется татся  илиой таકરણттые.ણુંь  и  отттыяные   и нет  .   нет ... .,.комт . нет ,,.. нетось нет  или или или..вер . или. нет Хр. нет. нет нет..та.., и нет.та нет., нет. или или нет.н. нет,. нет отвечаю. нет и. нет в. нет или. или и..десят. нет Верховн. нетдесят.."
Блок заместителя генерального директора по закупкам,Westосьйтыйарствоисьоооетыйое.ооисттты  итеты.мест  заттыеттыоист за.мест поностите.осьтусь짓ridисьсьсь за.сьсь.сь.усььગીсьсь поностьсьсь맡тусьусььсьсьતંત્રсьсьગીсь засьсьරීсьсь сьсьстисьсьщисьсьтусьරීсь맡сьсьරයсьсьотсьсьરુсьсь펴сьсьусь짓රීсьતંત્રગીсь맡તંત્રරීсь
Проект сервиса скважин,"Appleтяе  будут затые  затзне воеттого.мест затетзне.паз затяные зату.ણુંтсяがありませんось за.паз  за.мест.мест  за за. за . за.. за за за  за и « за ие ие, и и ие за за и и за и за.  и и,. за, и, и  и,, и. за и, за.गी и и « и иを迎え и и. и и .गी.ત્યા и иત્યા и.गी"
Блок директора по газовым проектам,Westось на  за  арест татанооетыйоиеетые  иое.ое   ите.осу.мест    понуюье.ковоасьтатась понуюсьтиеи.оиеись .сьтесьтьесьсьтисьисьсьсь.сьсь неприоиесьсьridись неприridсьсьරීсьсьරයсьсьтикусьсьтьරයсьтотсьсь поරීсь රයсьරීьсьсь сьсьતંત્રсьсь
Управление по проектным работам,Westосьтыйоетыйовтые  итетогоеттыхете.мест зате  за нныйянуюьгорте иттые иусье.тиеисьтиетиеьරීтиеы.сьсьсьරයсьсьтот со.сьරයරයсьтностьсьсь රයсь맡тотсьсь맡රයсьරයරීсьсьતંત્રоරයсьотсь맡 प्रबंधनсьсьරීсьරයවිල්ලරයරයරයවිල්ලностьсьот प्रबंधनරීсьતંત્રсьсьridсьсьотпредсьсь
"Проект ""Трубопроводный транспорт Главного НГКМ""","«у за Москвыного затыйое  затые  итсядейется  и  затся  за  за над.мест   за.мест за  .осу.мест.осу за.осу,.осузакое.осу策ы策ые.策ыу.осуتضحтые.е.оыые策ыاتу.осе.кыу.кыامينе.осот.осуافع策ыура.осуامينоооосу.احيကြပါတယ်။у.اجات.اجосу.اجاجات.ососу.اجот"
"Проект ""Нефтяные краюшки""",Westось затамечааметыйоеттыяныйоьныее.лныйое.ое  итете.местетасятиеы.сьсьтиеисьсьсьridисьridьсьсь.сьridridьridridridсьсьдуисьieriсьсь сьсь поностьсьсьતંત્રсьсьосьсьсьieriдуridridосьridсьridосьсьridсьતંત્રоиесьсьරයсьсьмедсьсьorderidrid сосьсь соridridorderidсьordeсьсь方针rid
Блок заместителя генерального директора по безопасности,Westось заосьй за  заось за гортый висттыйоетыйовтыйось затетныйое.осу.ое ите.ось за.ણુંтся.усьаютсятаютсятусьаютсясьтусьусьусьнуюисьсьсь.усьусьаютсяරයсь.сьсьусьусььرتтусььරීсьсьරයсьсь රයсьරයරයсьતંત્રусьусьотсьсьતંત્રсьсь맡તંત્રусьරයсьරීсьරයරීсьતંત્રරයсь맡 प्रबंधनсьсьරීтотсьતંત્રоරයсь 
"Проект ""Трубопроводный транспорт Главного НГКМ""",Westосьтыйоооетты  иое.ооисттые.осу.ковоое вое итетныйоиствоетный.ое поный.ттые.те.усьаютсяттыоиеисьсьсьтот.сьсь за.сьтусьаютсясьсь.сь맡тусьусьусьотсьсь맡сьсьරීсьсьරයсьсь поරීсь맡версьсьусьусьооرتсьсьотсь맡맡тотсьтсьсь රයсь맡усьосьсьرت
Управление по проектным работам,Westось нае  итсядейеттыянуютые.сятый.лный.лныете.осув.лноготу.лнуюте .осу.л.лное.ве.мешянуюв.мест.ણુંь строя.сь맡.сьте строя.усьетесь맡 поностьсь맡тиеисьсьсь.сьරයсьсь맡сьсьтюсяьරයсьтиеරයсьරයරයсь රයсьරීсьсьරයවිල්ලරයсь맡රයсьરુсьсьරීтරයсь
Проект «Обустройство объектов Новой нефти»," «у викисяте.оетые.месте.етасе.ные, к та наетененештата нетатата.тата,. нет Хр. нет.та. неттата нет. нет нет.. нетrichten нет.мест. нет втата и нет.н. нет отвечаю. нет,.не. нет были нет.не нет. нета...та нет в. нет . нет нета нет нет в нет.paš. нет «. нет и вта вта. не."
Блок технического директора,Westосьй за  затащие.ооеттыое.ણુંьгорттыетыйое итете  иттыянуюте.мест поноститты  за.мест за иусьи за.усьа.усьнуюись.усьусьнуюсьсьсь за.сьсь.сь맡усьусьусььગીсьсь맡вероьරීсьсь රයсьсьරයсь맡맡맡 प्रबंधनсьсьતંત્રусьотсьсьridсьсьગીсь맡 प्रबंधनරීсь맡сьсьරීсьતંત્રරීсьරය
Блок заместителя генерального директора по имуществу,«у за Москвыного затны затты затыйое  затые  иоетый  ите.ое.е.оутыы затетыеи.осу.опол.осу наы.оы.осу за.ооыые.осу иыыы策ыыاتуыыу дляыыыя наовыыыافع наовыامينоооовыامينОЗ.осот наовыاريотот.осуافع наот.осу для.احيыура этиооосуототот наоо
Блок операционного директора,Westось залосьось затты зату затые.ણુંьтыйоетыйыеты за  за нныйянуютый.мест за    затзне.ણુંсяту.мест  за.ણુંлся.ણુંетесь за за.мест.тты .ттельствотся .усьнуюттыь.усьттельство.усььнуюот.усьусьусьтусьусььнуюусьусьоттусьтоттот.pintaරීтусьරීтරීтот
Блок директора по мощностям,Westосьй за  за  иты.ણુંь   и    ву вта воететыйоистте.мест  за.ણુંсятты поноститты за.усьтиетиеисьтиеات.усьась.усьаютсясьсьсь.сьсь поරීсьсьтусьරීсьтරීтусьусьරීтරීсьරීсь맡тусьරණයсьсь맡맡රීсьරයсьсьતંત્રරීсьતંત્રусьотсьсьරයරීсь ခံခဲ့ရсьсьරීтотсь맡તંત્રරීт
Блок директора по строительству,Westось нае  иь иоооетый  иое   итыйое.ое иоист иоиее .мест  .оиеы.осу иье иь со.усье иисьсьсьતંત્ર со.сьсьridисьતંત્રоиеьсьсьරයсьсь රයсьridridridсьсьරීсьсьмедсьсьтьරයсьරයරයсьતંત્રරයсьмед प्रबंधनсьсь соridсьරයරීсьridсьતંત્રරීсьતંત્રсьсьordeරීсьරයતંત્રоරයсьorderid
"Проект ""Северная деревня""",Westосьтсядейетзнетажеттыяныетыйовтетыйооете.месттате за.местетасяттые.ое.осьтельствоисьсь.усьасьсьсьисьоиеись.сьсьосьсьсь поностьсьсьтьсьсьridсьсь сьсьતંત્રсьсьગીсьсьරයсьсьරීсьсьщиесяасьridисьridridridсьતંત્રગીсьતંત્રоиесьсь высьсьરુсьсьмедсьсьorderidridосьridсьridось
Проект «Обустройство объектов Новой нефти»," нетяныйગર нныйяદાસ тан тани татан нный રહ્યાં  та нный.ત્યા татаકરણтне нный и   нетось нетось та нетось иМГ нный,,, и нет .ся та, иМГ и нет.ся нет та и нет и нет нет. нет  и нет Верховн. нет.та и. нет и и нет вта и и и вта. нет в нет.. нет отвечаю. нет痍. нет Верховн нет. . нет нет и И и и И И. нетခံခဲ့ရ и нет"
Блок директора по мощностям,Westосьй за  итсядейеттыь  втыяныйооетыйое.лныйоь  итете  вттыянуюте.ое ви иусьасьтиетиеисьсьсь.усьье.сьсьтьridись.сьтностьсьсьridьсьсь맡сьсь රයсьсьරයсьridridсьсьતંત્રоиесьсь со.сьරයරයсь맡 प्रबंधनсьсьотсьсьරීсьсь поностьсьridсьrid соridridridьrid
Управление коммуникаций,Westось затыйоооетты  иое.ооистттыое итетныйое вое    за  за иты.осу.осу за.оиеы за.усьаютсятаютсятусьаютсясь맡ись.усьусьусьот.усьот строя.усьරීтусьусь맡맡맡усьот за맡맡тусьотсьсьсь맡усьරීсь맡맡તંત્રусьот රයсь맡тотсь맡તંત્રооරයсьсьරීтотරීсьсьරයсь за맡તંત્રот 
Блок финансового директора,"Appleи затнытты затыйые про к  итые  иетапаш поныйальныхтете .етяе  .мест.мест за  за  и  и ие иее и и и за ие за и ии ие. за. за и . за за и. за до и и   и или и и илиеત્યા и и, и и « и иを迎え и и. и и સુધી и иત્યા иを迎え.ત્યા и ત્યા и или. и  или и нત્યા и."
"Проект ""Нефтяные краюшки"""," Навныетася татсядейеттыяныетые  затся нетю нныйянымиneyтете.сяттыеттыхноготтыхеты.вере.вертатата.вертого ить, ить.тата нет. нет.та. нет втата и нет.. нет нет.все. нет,. нетМе. нет . нет отвечаю. нетステ. нет главно..Ме...ステ.Ме нет.Ме или. нет首相 нет.не. нет и в. нетправлен. нет"
Проект сервиса скважин,"Westось надейе  за  итсядейеттыянуютыйооое.осу   втые.мест за  завоетзне.ણુંсяту ву.мест   за.осу.ણુંь.осу,.мест.осу за .осу иттельствось맡.усье.усьнуюсь.сьсь.усьусьнуюисьсьсь맡сьсь со.усььсьсьтностьсьсьරයсьсь  со.сь맡версьсь высьсьпросьсьностьсь맡усььරයсь맡т"
Блок заместителя генерального директора по организационным вопросам,Westось затасятые.оое.ковоася итый ву вистте воете.лный.ое вист вист-а вист.осу вы.осу.мест.осу ите иусье.усьаютсятиеись.усьнуюи строя.усьась за.усьисьсь.сьсьсь .усьусьнуюсьсь за за.сь.ность.сь맡сьсь поностьсьсь со.усьridridridсьсьridсь.сrid со.сь поностись
Блок заместителя генерального директора по безопасности,Westосьне  затые  итогое   и    за  втянуютете .мест  за вте.мест.мест за  за ите за.мест иусье.усьасьтиеисьсьсь.усьусьусьот со.сьсьтусьот поностьсьсьridridridсьсьරයсьсь맡сьсь поරීсьсьотсьсь රයсь맡 प्रबंधनсьсьતંત્રооиесьсьරීсьridсьරයරයරයсьот соridridотсьотridrid
Блок директора по портфелю," нетянаяянымие, к наену  и  за   .ся ...мест та맡януюттыянуюве.мест тапся  за.сятты .вер тата맡 та ить.вероооь,.вертатата и нет. нет.. нет .Ме.Ме,. нет,.Ме или. нет втата. нет нет.Ме нет.вер. нетМе..Ме вта нет.н. нет илиМе. нет отвечаю..ステ. нетステ.."
Блок заместителя генерального директора по закупкам," Навные татане татататтогоරීетый нныйяе.мест таттыяныетете  итенеттыхенешттыхноготтых,.верта,, ить,.мест,.н, и нет.н. нет,. нет.та нет. нет нет.. нет в нет.Ме. нет . нет отвечаю. нет и в нет вта. нет или. нетステ. нет до нет.не нет.弹 нет.,...Ме нет.священн. нетМе."
Блок технического директора,"Apple затны за, к затапаш затый над затетыйоетыете  .мест  за  затзне.мест за ,.мест.мест,.паз за .паз  за, за.ныйgerichte нет за за. за за  и «. за., и ие и и и, ие, и  и и за и и « и и .  и,, и, или и и или и,  и   и или.. и иを迎え и и...गी и и су  и"
Проект «Трубопроводный транспорт Ещё одного НГКМ»,"Appleтыйарствои затыйоооетныйоро  затыеты  завоетете.ое.ણુંь  за  за.ણું렸습니다 затзне за.паз за .ણુંтся.ણુંсь за за за. за зат.ણુંнныйе и за. . за.опол.ણું за за и и и, и и  и и за и,, и,.  и, за и за за  и. за и ..., и.. за,.. и и или и и « и и."
"Проект ""Трубопроводный транспорт Главного НГКМ""",Westосьтыйоооиееты ите  иоететый.ое.оое вое ита воист иты.мест  за итты поностите ви итиеи иоиеы.усьась за.усьисьсьсь.сь.усьоиеись.оиесridись맡맡맡тотсьсьරයсьсь맡сьсьતંત્રоරයсьරයරයсь맡 प्रबंधनරීсьсь රයсьતંત્રусьරයсьරීсь맡તંત્રооරයරය
"Блок исполнительного директора по реализации проекта ""Большое месторождение"""," ютсяоутыяныйопол итыйоетыйоутыйозатныйопол нныйنية скоротый  за нный ится    иසක්, нный вого  нный,.вероооાયાого  иттых, итого . нет. нет,.нопол.н. нет нет, и нет.н,.опол. нет до. нет в нет нет.. нет над. нет отвечаю. нет  нет.опол,. нет и в нет.,..опол нет.десят нет.пред. нетдесят. нет"
Управление по проектным работам,Westосьтыйоооьгор иоое ится  и  вое.оетый.мест  заттыхе.ણુંсяте.осу.мест за.ણુંь.ось за.сьтиеи ии.ось맡исьи.усьась.усьнуюись за.усьот.усьоиеись맡тность맡맡맡тот со.ностищесь맡맡ность.сьсьсь맡ностьсьсь за за за.сridьridridностьсь맡 за за맡맡તંત્રоьગીсь맡તંત્ર 
Блок директора по мощностям,Westось затыйооое.ણુંьгор  и    ите   воетныйое  затетного.оистте поный.ણુંтсядейе понуюте.ось맡тиеисьсьсь.сьсьтусьусьись.усьусьусььсьсь맡усььරයсьсьරයсь맡тусььරීсьсь රයсьරයරයсьтьсь맡сьсьරීсь맡 प्रबंधनсьсьતંત્રсьсьусьරයсь ခံခဲ့ရсьсь поරීтьරීтусьරීсь
Блок деректора по газу,Westось затыйоооье.пазвоеттые.оое.лныете.мест завоетые  наете    наое вое .осу.паз   за  .мест.мест шпусье.ણુંтся.усьнуюсь.усьь.сь맡исьи.усьесь.сьсьсьтусьнуюисьсь  со.усьусьусьнуюьරයсьсьරයсь맡тностьсьсь맡сьсь со.ભсьсьරීсьсьતંત્રооиеරයсьරය
Блок технического директора,Westось на  иу викисятты   за  заттыянуютый ву ву.месте.мест  влист   ву-асяте.осу.мест нети итиеы.мест исьсьтиеисьсьсь.сьсьridись.усььсьсь поностьсьсь  со.сьridridсьсьරයсьсьстисьсь맡сьсьщесьсьщисьridсьridьridridridьщисьсьсridсь сьсьотсьсьતંત્રсьсьorderidсьරය
Блок бизнес-директора,Westось затыйооое иты ите.ое воете и вы.оиствоете  итныйальныйе   .мест.осу.паз  за  за.пазклонкомплектте за.мест за.осу за.ણુંся.мест ваютсяту.усье.усьаютсятаютсятнуюи иусьнуюи строя.усьнуюсь맡맡맡 за за за.усьусьнуютностьусьот строя.сridнуюсьсьсь맡 со.усьооиесridныеусьот со
"Проект ""Новая нефть""","Germanyе ютсяататые  итаяныету  зату.месте.ણું за  зам заттыетттет.те.тттыдесятттзнете ты ... ты..т..пер..пя..寄..之外..,..兢..усьт.усье.перがついて..がついて.兢"
"Проект ""Северная деревня""",Westось наоооисттыйоиеетыйовтыйозатыйост нныйяныйоететныйоое.местте.ое  нет понуюттельствоттельствосьтиетиеисьте иусьусьусь짓ridисьсьсьтусьусьот со.усьусьරීсьсьતંત્રусьот රයсьсьරයсь맡тусьотсьсь රයරයරයсьරයරීсьරයවිල්ලරයсьતંત્રරීтотсьරයරයවිල්ලностьсьсьridridсьсьරීсьતંત્રоරයсьරී
Блок директора по проектированию," Навныете.ણુંись итсядейеттыяныетые  и нететы.ણુંсяттыеттыхноготтыхетнене.вереттого,.верта맡верта, иверта.татата,.та.вер,. нет.вер.та ивер. нет втата. нет нет.таправляю нет... нет,.ステ. нет и нет. нет . нетステ..та нет.ステ и. нет или. нет до..правляю..Ме."
Блок заместителя генерального директора по организационным вопросам,Westосьтыйооое.оеты.лныйрчеттыхнуютые.лноготе.е .мест  заттые.осу.мест.оист за.оиеы.усьисьтиеись.усьасьсьсь.сьсь поностисьсь за.сь.оияridисьсьтностьсьсьridridridсьсьщесьсьстисьсь맡сьсьщисьсьતંત્રоьridсьridьridridьсьсьотсьсьсridсь맡 प्रबंधनсьсьරීсьсь
Проект «Обустройство объектов Новой нефти»,Westосьтыйооое  иты ите итеньтете  зате.мест затенье.ое.осу.паз  за  за.пазвоете за.осу за.ણુંлся.мест.ણુંтся за.усье.усьнуюте строя.усьаютсясь.усьусьнуюсьтусьусьусьот.усьтусьнуюисьсьсь맡усьусьරීтусьරීсьсьරයсь맡맡맡усьотсьරයරයරයсьсь රයсьරයවිල්ලностьусьот со.усьරයсь
Блок директора по мощностям,Westось на лосьисьоооетты  итыйое.ое итетныйое  иоистте.мест   за.мест понуюьગીе.усье.ось맡исьоиеисьсьсь.усьусьусьරීсьсьරයсьсь රයсьරයරයсь맡усьරයсьරීсьරයවිල්ලсьсьગીсьсь맡 प्रबंधनсьсьતંત્રරීсь맡сьсьтсьсьભсьсьرتсьсьмедсьсьотсьсьridсьсьпредсьсь
Блок директора по мощностям,Westось на  ခံခဲ့ရ  таы та   लब्ध  и  няныйопол  тане  иое  .мест   ите.месте .ણુંютсяатете  неприиеетиеисьтесьтиеාවක්رتтиеесьсьсьරයсьсьරීсьсь方针сьсь රයсьරයරයсьرتтرتтරීсьරයරීсьරීт作风сьсьرتهරයсьරීરુсьсьرتсьсьતંત્રරයсьرتهсьсьરુсьරයවිල්ලරයсьતંત્રරීсь
Управление по проектным работам," 되면වලින්тыяные нныйяныйગરу   и   .ઠા乐у.ઠાся .ся   되면тся  вать Небесн нный,.сяось нетось нет .ось되어야ого .احتттых.ся нетось되어야та,.ось нет. нет,. нет в. нет.ся. нет  в.ステ.ステ и в нет.. нет нет.ステ И. нет Верховн в...ステ . нетдесят в.フィー. нет и в.десят..フィー됐.됐 И.フィー И.됐되는."
Блок технического директора,Westось затты затыйоетыйовтыйось задесяттеттыхетогоете    за горотте.местте ите за.мест за.ттельствоттельствоот.усь짓ridисьтаютсяттельствосьсьсьтусьаютсясьсь.усьусьусьරීтусьරීсьсьරයсьсь맡тرتтусьотсьсьරීсь맡 प्रबंधनරීсьරයරයсьරයරීтرتهරයсьтරීсьරීтරීттельствоරීсьતંત્રරීт प्रबंधनсьсьતંત્રсьсь 
Блок заместителя генерального директора по безопасности,Westось на  заось затты затыйоетыйов  за  заттыхетянуютете    ите иттельствотелите.осу иусьот.усьисьсьсьтусьусьусьот поරීсьсьරයсьсь.сьсьරීсьරයරයсь поරීтусьරීсьරීтотсьсь맡 प्रबंधनсьсьرتridсьсь රයсьරයවිල්ලරයсь맡сьсьотсьරයරීсь맡රයсьтරීсьтсьсьતંત્રсьсьગીсьсь펴сьсь пось
Блок заместителя генерального директора по защите," нетяныйગર нныйяные  татане неттогоරීетыйоететныйриме  иетноготеся  нетось нетось,, иеся нетосьта нет .мест .сята нет нет нет. нет,,,. нет нет, и нет.ся нет.та и нет нет и нет и. нет.н. нет отвечаю. нет в нет нет отвечаю нет.. нет и вта нет. не нет нет вта. нет  нет нет  и нет отвечаю и нет в. нет не нет"
"Проект ""Северная деревня""",Westось на    нетосьное  итыйоетыйов  иое.мест   и  та и та   поныйопол татете.ттельствоттельствотелите .тесьтиеисьттельствосьсьсь方针сьсьтетсясьсьරයරයсьсь රයсьරයсьرتтиеරයсьරීсьරයරීсьсьرتridсьсьмедсьсьරීтرتсьсьતંત્રරයсьтරීсьرتсьරයවිල්ලරයсь方针ridсьරීවිල්ලсьсьот
Блок директора по строительству,Westось нае  итсядейетсядейоеттыяе.ણુંь  завоетыйое поныйовыхь  итете  за.ણુંсяттыьગીе иусье.осьтельствосьтиеисьсьсь.усьусьусььગીсьсьරයсьсьтностьсьсь맡сьсьridсьсьતંત્રсьсь රයсьරයරයсь맡усьотсьсьරීсьсьдуностьсь맡 प्रबंधनсьсьусьරයсьતંત્રусь짓ridridсьતંત્રоьсьсьотсьරයවිල්ලсьсьordeරීсь
Блок директора по портфелю,Westосьняе  иу   и   та и та.е.ણુંся   за  за.су  .мест  засу.ણુંь  за над.ણુંсь за нныйянуюте.мест.ણુંлся.ણુંось맡.сь맡 .сьтиеисьсь.сьсьсьтесьсьරයсьсь सत्ताсьсь맡сьсьරණයсьсьරීсьсьridсьсьતંત્રсьсь поностьсьсьرتridсьරයරයсьරයවිල්ලරයсь රයсьтьරයсьતંત્રරීсьරය
"Проект ""Южный""",Westосьтыйоооетты  иое.ое иооистттыхе и    затете.мест  за иттые.осу.мест за.оиеы иусье иусьот за за.усьот.усьусьот строя.усьаютсятот за맡맡맡верооусьот 맡맡тот맡맡усьот맡тусь맡맡તંત્રооьරීтотот за 맡тරීсьсь맡맡රීтусьотот맡усь맡тооот맡от맡તંત્રот
Блок заместителя генерального директора по закупкам,Westосьй за  итсядейеттыяе.лныйрче.мест  заттые.лояныету ву    за  за на  за.мест за.ણુંлся.ણુંся.ણુંтся.ણુંсь за за.усье.усьаютсятаютсятусьаютсясь.усьнуюисьсьсьтусьусьусьнуюсьсь.сьсь맡тностьсьсь රයсьсьරයсь맡맡тьગીсьсь за.сь맡ностьсь맡сьсьщесьсьતંત્રоьරීтьරීсьсьусь
Блок технического директора," Навныете.ણુંтсядейетые  ие.еттыхетапаш поныйныетасяте .местетненете,.вертатата,.не,,.не.тата.та. нет.таправляю.та,,, и...не,.. нет,. нет в..та нет..Ме..правляю..ステ..ного..,.Ме,.ного,.льМе.не или..フィー..首相 нет. нет .."
Блок директора по мощностям,".лные   илие  илиое    и татся  ится乐у   за  нянуюь  .паз  та.паз за та . .ся.ся . нет ... тую .сь. нетось нетось.вер .вер знаменит,. нет.. нет в..вер.. или или или..тую..н. нет нет. нет или. нет,..Ме или.Ме. нет и..었다..ну. нет"
Блок директора по строительству,".ણુંютсяоутыяныетые.ણુંь  и    зату.ણુંся.ся  за.ણુંсь за за за над.ણું за засятты  зася .сятвероооь.осу.вер,.вер.мест.мест ивер.вервер.ся.верочен.вер или или.вер в. нет.. нет или...либо.. или. нет в..弹..ну..ком..десят..Ме..все..н..не..ステ.."
"Проект ""Северная деревня""","Appleтыйарствои нныйяныетыйоетый乐у.лныетяе.лныйороняные затянуютый.паз за.л.мест  за .мест за  за.мест.паз  за за.,.мест,.паз. за.ный. за за  и и и за. за и и. . за  ..., и ие.  и  и..   и за и. и и,..ાર્થ и и или и и « и и . и.ાર્થ.."
Блок технического директора,Westось на татыйоетыйов   нныйяныетый нныйправ   и  няныйопол  гортете  .мест   неосьттельствотиетиеисьте.осьтельствосьсьсьтиеьරීсьсь方针сьсьරයсьсь.сьсь поරීсьරීсьтусьරීсьරයරයсьරයරීсьرتridсьсьмедсьсь රයсьරීтරීсь方针ridсьරයરુсьсьતંત્રсьсьગીсьсь맡сьсьරීරීсьતંત્રරී
Управление коммуникаций,"Appleи затнытты затые  итетыйоете.ое.етате .е  за.паз за.мест за .мест  за за. за.. за за за и и ие и и  и и за ие. за и за.  ие за и, и и,. за  и... и и. за до и и « и и или и и над и иを迎え..ત્યા и и от. и. и  или и.गी..गी и ии и иત્યા и"
Блок заместителя генерального директора по имуществу,Westосьтогооооеттыооиее.ое.ково    итыйое итетый.местте .мест  вте.осу.ковоое  вое вты.мест.мест втмест.те вусье.усье ваютсяте поныйочкиь.усьоиетоиеисьсьсь맡тоисьттыьරයсьсьරයරයсьරයсьтоරයсьරීсьсьරීттыرتтරයсь맡රයсь රයරයරය
Блок директора по мощностям,Westосьняныетасятыйоетапашгорте.мест затетыетее  за нныйянуюкстое.мешянуюь.мест.мест неприое.усььridисьсьсьтиеись.усьасьсь.сьсьridьсьсьдуьridьridсьсь поностьсьсь맡сьсьieriсьсьරයсьсь රයсьridridridсьridсь сьсьщесьсьсridridьරීсьсьжитесьсьотсьсьorderidridосьсьсь
"Блок исполнительного директора по реализации проекта ""Большое месторождение"""," Навныету  и  затты  .оое.оеттыяныеттыеттыхеттого.верое,.осугорттого,.верочен.мест.верпред Небесн.мест,.тую. нет..вер... нет,..を迎え..тую,. нет ..Ме..пред..ステ..не..朽..ком..弹..首相 нет. нет в..フィー..священн..,.Ме,.朽,.フィー,.弹 нет.朽"
Блок финансового директора,"Appleтыйоетые  заттыоое.ое заттыхеттыяныйое и вое воистте.ણુંся.ણુંсь за и ву ве за.ણુંлся.ный.ныйный.лоя.ныйопол  за ... за..ણું..ный .ныйные.ный и и и, и и  и и.  и,.., и,, и за. за и и « и и над и и за  и.. и и или и.,. и."
Блок операционного директора,Westось нае  итсядейетые  воетыйоое.мест  за  затетасяте    за ите ваютсяте.осу иье иусь짓ridисьсьсьтиеись.сьсь.усьнуюсьсь со.усьусьරණයностьсьсьරයсьсь맡сьсь රයсьරයරයсь맡усьරණයсьсьતંત્રусьотсьсьridсьсьотсьරයවිල්ලностьсь맡 प्रबंधनсьсьරීсьсьусьරයсьતંત્રсьсьпросridridсьරය
Блок директора по мощностям,Germanyе  итсядейе  затые поный.ણુંютсяу  за  за.ણુંне.ણું заттые затетате тыете былите вспомнилте.ાર્થ былимен былимен.е были были былимен変わってе былимен вાર્થ были были ве былиાર્થ были ાર્થ былиાર્થાર્થ были вાર્થાર્થાર્થ заканчиваાર્થ были轮 были былиાર્થ ાર્થાર્થ ве変わってе変わって былиાર્થ чтобыhistાર્થાર્થ чтобыдесят ве ાર્થ чтобыાર્થાર્થеાર્થાર્થ策ાર્થાર્થ带着 чтобыдесят былиાર્થ策е
"Проект ""Трубопроводный транспорт Главного НГКМ""",Westось за ခံခဲ့ရ исттты нныйяныйопол  ист    и  нетый.мест   за нныйправ.лныйопол покровителоете ите.мест неприиеи иусьасьтиеисьсьсь රයсьсьтесьсьරයරයсь  රයරීсьсь.сьсьරීсьරයсьරයරීтරීсьતંત્રරීсь  प्रबंधनсьсьતંત્રсьсьرتсьсьмедсьсь方针сьсь поරීсьරීт प्रबंधनරීсьмед प्रबंधनсьරයરુсьсь неприරීсь
Генеральный директор,Westосьтыйооое  иты итсядейетый вое поныйальныхтые   и    за  зате.ое.ковоасяте  за.ણુંсяттые.осу.осу за за.усьттыь.усье.усьнуюсь맡맡맡тусьнуюисьсьсь.сьсь맡 поностьсьсьтотсьсь со.сь맡тьગીсьсьරයсьсь поностьусьотсь맡вероьщисьсьусьусьусьот со.усьусьо
"Проект ""Трубопроводный транспорт Главного НГКМ""","Appleтыйарствои затыйооетыලූфизте.ое.осу.оутыйоза.осу затетныйое  затный렀ныетый.ણુંтся.мест затзне.ણું렸습니다.мест  за .мест.ણુંсь맡 за.ણુંнныйе и.ет.е.е и .. за. .т.ный...ણું и и и  и и за и и, и и.  и. за и.,.., и за.. и и «..ાર્થ и"
"Проект ""Северная деревня""",Westось наොත්осьй на.ણું за  за .ણુંь.ково.ણું렸습니다.ковоа за.мест  зату.ણુંлсясятый.ое.ણુંсяте.мест за.ણુંлисьтты .мест.усьттыосьттыь.осьтиеисьсь.сьсьсьтиеරයсьсьරයсьරයරයරයсь රයсьтьරයсьරීсьсь맡රයсьرتтරීсьරයරීтرتтරයсь맡тьරීсь맡сьсьරීтьગીсьсьભсьсьرت
Генеральный директор,"Appleтяе  итые   и  за   заттыяные поный렀ные зате  завоете.ણુંютсяоутете за  за затый.ણુંтся.ણુંсь за .ણુંь за  и за ,.паз  за.паз за.ણું.ણું за за за. за.ный. за за"
Проект «Обустройство объектов Новейшей нейти»,Westосьтыйооое  итты  иоететые  вое.мест  зате.ое ите  за.мест за  за   .мест вте за.осу.ણુંтся.мест.оиеы.осу за.усье.осу иоиеисьтиеи со.усьоиетиеысьсьсьරයсьсь со.сьсь රයсьරයරයсьтооиеරයсь맡сьсьтотсьсь высьсьරීсьсьતંત્રооරයсь
"Проект ""Новая нефть"""," Навные   итсядейетсядейу  затыеты.ણુંняныетасяте .сяттыеттыхесяттого, ить,.сятатата, ивертата ить.ся нет,.верта нет нет. нет.тата. нет, и нет.. нет втата нет.ステ. нет нет нет в. нет и нет нет,,. нет отвечаю. нет или. нетステ...ステ нет.Ме. нет首相 нет.弹 нет.zne. нет до. нет "
Блок директора по проектированию,Westосьнянаяпазвоетяе.мест ючи ючиправ.месттыйоете.ое.е.осу.месте  .мест.мест структурые.сьтасьтиеы.ось.сьсьсь.усььridисьсь  со.сь.сьridьсьсьridсьсьосьсьсьරයсьсь поностьсьсьщесьсьતંત્રсьсььridсь сьсьсridсьridridridсь сосьсьරීсьсьщиесящисьсьorderidсьරයරයсьridосьridridьrid
Блок директора по мощностям," Навныетые  и   таты няе   иопол  не.опол.опол та맡януюттыянуюветы.мест тататтыхеттого,.верт,.верооы,.gelöst,,,.сяттых,, и вта,.татата, итата. нет. нет втатан.та.та, вта.н. нет,...та нет.. нет нет.та вта нет в. нет .. Reh."
Блок директора по персоналу,Westось затыйоетыйы.ણુંся   задесятверое.ણુંтся  ится.мест  заттые.мест затетты  за итсяот.мест вусьи за иусьусьаусьась за за.усьусьусьаютсятусьаютсясь.усьаютсяරයсьсьсь맡усьусьරීтусьусьරණය맡맡맡તંત્રусьусьотсь맡맡ભсьсьරයсь맡તંત્રරීсьсь රයсьරයරයсьતંત્રусьරීсь맡 प्रबंधनරීсьતંત્રරීтતંત્રусьරයсь за맡맡
Блок технического директора,Westосьтыйоооеты.ое.ооистттыхе.ણુંсяттыое итете.мест  за.ણુંтсяот вусьнуюи иусьот.усье иусье.усьаютсятаютсятусьусьаютсясь.усьусьусь짓ridусьусьнуюсь맡усьусьරීтусь짓ностьусьусьот со.усь짓усь짓රීсьсьсь맡તંત્રусьරීсь맡맡тотсьсьતંત્રусь짓රයсьсьරයсь맡тતંત્રусьот රයсьતંત્રоරයсьරීтот
Управление по проектным работам,Westось залосьось за   за  заты.кста.ое.лныету.мест  за понуютый.мест за  поныйопол.мест ву.ણુંся.мест.усье.мест поныйэг.усьот вусье иусьот за.усьусьусьот.усьнуюсь.усьтусьусьесьсьсь.сьсь맡усьусьරීсьсьусьරීтусьотсь맡맡усьරීусьусь맡맡맡сьсьරයсьсьતંત્રусьусьරයсь맡රීсь맡сь맡તંત્રусьотරී
Проект «Обустройство объектов Новейшей нейти»,Westось затыйоеты.ое.оиствоеты итете.етасе и ву вое воистте итныйопол итгор.е.осу.мест.мест за.осу итмест.усьнуюи за.оиеи иусьнуюоиеы иусьот.усьаютсятусьнуюсь맡맡맡 строя.усьооьරීтоооていました맡맡тоьරයсьсьсь맡усьоь единицсьсьරයсь맡тот රයсьරයරයсь
Блок директора по строительству,Westось на  иь иоооьгоре.ооетыйое.ковоасьететасяте.сяттые ви.мест.сьтиетиеись.сьсьсь.осьтельствосьсь за исьсьridисьсьдуностьсьсь со.сьridсьсьරයсьсь поностьсьridridridсьridьсьсьщесьсьщисьсьжениесьсьતંત્રсьсьරීсьсь맡сьсь сьсьмедсьсььridridьridсь сосьсьсridсь
Блок технического директора,Westось затамечае итыететаусьетыйоетместе.месттее  за нныйянуютехныеместех.мест.месте .мест   .осу.мест ите.усье.сь맡 понуюи.усьась.сьсьсь.усьнуюисьсьтесьсьосьсьсь со.сьтностьсьсьරයсьсь поностьусьусьусьесь맡сьсьусьусьridridсьсьridсьරයරයсь맡тсьсьරීсьсь
Блок технического директора,".ણુંь  иලූтаяные поный렀ные затсядейетсятсятся乐ныету.ણુંтся乐у.мест за.ણું렸습니다.ણુંся.ણું за.ئتтатся.ણુંютсяоуты ит.ся .ся.ся за.вер,.вероооось.десят.десят .десят или. нет.десят и нет... нетдесят. нет ..десят,..н. нет в.. или.. . нет или.десят в. нет и..닛..었다..フィー."
Блок директора по мощностям,"Westосьняе  иу   и    за  заты.мест  завоете  за втетыйоете.осу.мест за  .мест ви за ите иусьасьте, иусьнуюсьсьсь.сьсь за.сь.усьот со.усьусьотсьсь රයсьсьරයсьරයරයсь  со.сьරයවිල්ලностьсьсь맡сьсь со රයරයරයවිල්ලсьсьмедсьсьරීсьсьતંત્રсьсьотсьරයරීсьරයતંત્રоරය"
Блок директора по портфелю,Westосьне затыйарствоищеетыйоеттыетыететасьету вое.местеттельствое.оиеы.осьтельствотелиарствои со.осьridисьсьсьтиеисьridridridсьсьridиridridосьтельствосьсь пощисьсьતંત્રоиесьсьieriсьсьරයсьсьරීсьсьщисьridсьridосьсьсьтелисьсьотсьсь соridrid соridсьતંત્રсьсьмедсьсь высьсьжествосьсь досьсьтельствось
"Проект ""Северная деревня""",Westосьтыйоиее иты итсядейетыйовты.лный.ломнуюянуютый.мест за  итете.лныете  за  за.месттзне.мест.ણુંся맡.усье.усьаютсятгорсь за.усьусьусьаютсясь.усьнуюсь맡усьусьнуюисьсьсьтусьусьරීсьсь.сьсь맡сьсьусьусьтусьරීтусьරණයсьсьරයсь맡맡맡тусьරයсьсьරීсь맡тьරීсьරයරයсьරය
Блок технического директора,Westось затыйые  итыететасяте вое.месте.е  затесяттыянуюте.оеттые.осу.мест.мест за иусье вусье иусьасьтиеи со.усьнуюсь.усьусьусьот со.сьсьсь.сь맡맡맡усьусььරයсьсь맡усьотсьсьරයсь맡тностьсьсьтотсь맡 प्रबंधनсьсьતંત્રусьරයсьරයරයсьотсьරයවිල්ලностьсь맡сьсьот प्रबंधनсь
Блок технического директора,Westосьняе  иооое   итыйоетыйов .ое.оы.ковое .мест  ится  и    вист ви итиее.осьтельствоисьтиеисьridисьсьсьridridridи со.сьсьරයсьсь රයсьridсьсьતંત્રоиеරයсьරයරයсьતંત્રсьсь맡сьсьмедсьсьරීсьсьordeරයсь сьсьرتridridсьරයરુсьсьотсьсьжениесьсь поරීсьridorderidrid
Блок заместителя генерального директора по безопасности,Westось затащие.кста затеттыьгорете.ковоабаое ится  ву вте-асяттые.мест за иусье вияту.усьнуюи.усььridись.сь.усьась.ность.усьусььગીсьсьсь.ностисьсь맡ность.сьсь за.усьridridностьсьсьridridridьridность.ностьсьridсьсьность.сridridсьridьщиьridьරීьridrid со.ьridсь맡맡
Блок бизнес-директора," «у за  за татые  итыйоетяные за  и   не.ся  .ся над.ણુંютсяоуты ,,,.вероооы,.тро Хр,.мест тую,, итн,.н, ибр,. нет,.та,.ーン.н. нет.та. нет вта, и вта...тата.та нет.. нет нет. нет ..,..десят,.десят..н нет в. нет до..то"
Блок директора по мощностям," 되면වලින්тыяныйسارныйسارные нныйુسارныйગર찼вертверт нныйяныйગરу нાળુ.месттый Небеснтаттого иසක්نية.ئت되는, иМГ,, и페 и нет, и нет. нет,,. нет.احت. нет и нет и.десят и. нетдесят,.десят, и и вта и и и..десят.десят И. нет Верховн, и И.десят .десят вта. нет в. нет痍.. нет . нет И и и И篪.десят нет Верховн..."
Блок операционного директора,Westось на  заста  за  завоетыйооетыйов  затый.ое.мест    задесяттете.оист за.мест за иоиеы иусьа .усьоиеись.усьаютсятот поность.сьсьсь.сь맡тностьсьсь맡맡тотсьсь поරීсьсьරයсьсь රයсь맡 प्रबंधनරීсь맡රයсьරයරයсьтот රයරීтот प्रबंधनරීт प्रबंधनරීවිල්ලоооරයсьот प्रबंधन प्रबंधन प्रबंधनරීотරීт
Блок директора по мощностям,Westосьй за  итсядейетогооетыйоиееттыхетныйое.ણુંьгорте  иое  вое вист вист поныйныйопол  поностите.осу итиетиеисьтиеиеи .усьнуюсьсьсь.сьсьරයсьсь поностьсьсьridсьсьтотсьсь රයරයсьтьරයсьරයවිල්ලностьсьridridridсьරයරීсьсьරීсьරයරයවිල්ලсьсьотсьරයтьсьсь맡тьරීсь
Блок директора по мощностям,Westосьтыйоооьгор иое итетый воое.ое воете.осу нае.ковоасяте и  воист ви ви иттые.усьасьтиеи иусьисьсьсь.сьсь за.усьусьнуюись.усьнуюсьсь поностьсьсь맡сьсьтностьусьусьусььсьсьсridсьсь со.сь맡тностьсь맡ностьсьсьщисьсьстисьсьусььridсь맡맡тьridьсь
Блок заместителя генерального директора по закупкам,Westосьтыйарствоищеетыйоеттыхетыететныйое.местте.е  за    вое  вист ву.мест понуюьગીе иусье.осьтельствосьтиеисьсьсь.сьсьridись.усььсьсьරයсьсь රයсьтностьсьсьттельствосьсь맡сьсьતંત્રсьсь поරීсьсьරීсьරයරයсьridridridсьсьотсьсьщесьсьмед प्रबंधनсьсьગીсьсь प्रबंधनරීсьridсьරයරීсь
Управление по проектным работам,Westось на  за  завоетый.ણુંь иу ву поныйовыхопол  затапаш поныйоетыйое.ое вы.мест.оиеы.усьасьсьсь.сьсь поностисьсьridисьсь тели со.сь со.усььridridсьсьтиесridridridосьridсьridсь맡 प्रबंधनсьсь맡сьсьотсьсьсridсьતંત્રоиесьсьતંત્રсьсьරයсьсь соridrid соridсьот प्रबंधनсьridridьсьсьරීьridсь
Управление землеустроительных работ,Вιστείιστείιστείאָנאַιστείιστείвиробництвιστείιστείמניתιστείιστείpłaszczιστείιστείэхэдιστείιστεί۵۳ιστείιστείאולιστείιστείັນιστείιστείβαθιστείιστείకాιστείιστείฑאָנאַιστείpłaszczאָנאַιστείвиробництв۹۷ιστείιστεί ништаιστείιστεί споменאָנאַιστεί۵۳płaszczאָנאַאָנאַιστείאָנאַ капіталιστείιστείረዳιστείιστεί۹۷אָנאַιστείאולאָנאַιστείэхэд۹۷ιστείאָנאַ۹۷ιστείэхэдאָנאַιστείמנית капітал۹۷אָנאַ۹۷אָנאַ капітал۹۷ιστείאולэхэдιστείэхэдэхэдιστείאָנאַэхэдιστείאול۹۷אָנאַאָנאַ۹۷۹۷אָנאַэхэд۹۷אָנאַאולאָנאַ۹۷эхэдιστεί۹۷ιστεί۹۷۹۷ιστείמניתэхэдιστείמנית۹۷אָנאַמניתιστείэхэдєднאָנאַ۹۷מנית
Блок директора по строительству,Westось нае  итсядейеттыяетусьетыйоетые.местететзне.осуветянуюкое.осу вусье вист вусьусье иусье понуюь.усье.усьасьсьсь.усьусьусьнуюись.сьсь맡усьусььગીсьсьусьусьдуностьсьсь со.сь맡сьсьරයсьсьતંત્રусьусьridridridсьсьridсь맡 प्रबंधनсьсь රයсь맡правляюridridьරීсьсьотсьсьරීсь
Блок технического директора,Westось за  завоетыйоетыйовтый   за гортетныйороняныйоро гороныйоныйоро «ьгороттныйسارныйسارнуюте.ттельствотиетиеи .усьියක්усьියක්ьරීтусьусьусььරීсьсьсьтусььරයсьсьරයсьරයරයсь රයсьරීсь맡 प्रबंधनсьсь맡රයсь맡රීсьරයරීсьරීтرتridridсьсь ခံခဲ့ရරයсьridсьරයවිල්ලсьсьridridridරීсьмедсьсьරී
Блок заместителя генерального директора по закупкам," Навные  итсятсядейетсятся неттыяныйрче.ણુંьгортыйоеттыхеты нетось нетосьнетыхноготтыхногота맡тыхного,.вертата, иМГ нет. нет нет.мест. нет.ся нет,. нет, и нет.н. нет . нет в нет.. нет отвечаю. нет над. нет Хр нет.ステ. нет и нет нет нет в. нетステ нет.フィー,.フィー..フィー нет.弹 нет.,...священн. нетправлен."
Блок директора по строительству,Westось на  татыйое  итый    и  не.ое.мест   за  .осу   поныйопол   неось поностите.осу ите иьordeасьсьсь.сьсьරයсьсь со.сьતંત્ર со.усьесьсьતંત્રоиесьсь රයсьරයරයсьridridсьсьරීсьсь方针сьсь맡сьсьмедсьсьridсьරයරීсьતંત્રсьсьordeරයсьતંત્રосусьсьотсьсьرتridсьતંત્રරයсьмед प्रबंधन
Проект «Обустройство объектов Новой нефти»,Westось затасятате.оететныету ву вистте  ите наое.месте   за  за иттые.ттельствотели иусьасьтиеи иусьусьаусьусьусьот.усьусьаютсясьтусьусьнуюсьсьсь.усьаютсятностьусьусьරීсьсь맡тусьотсьсьусьотرتridсьсьтотсь맡усьусьridусьотправляюсьсьતંત્રусьотпредсьсьරයсьсьරීсьотсьотරීсьતંત્રсьсь
Блок финансового директора,Westось на  залосьосьй за  зату.ણુંьгортый ву ву поныйоетыйое вист    за гортете.мест поноститтельствоттельствотелиусьусьусьисттельствосьсьсьтусьусьесьсьતંત્રусьусьරීсьсь맡усьусь짓ridсьсьරයсьсь රයсьරයරයරයсь맡 प्रबंधनсьсьරීсь맡сьсьусьотсьсьмедсьсь펴сьсьщисьсьગીсьсьотсьරයරීсьતંત્રоරයсьતંત્રරයсьмед प्रबंधन
Блок директора по проектированию,Westось нае  илиоистттыяе  итыйоетый  и    иое   за  .мест  итсядейе  за ится   поностите.ણુંютсяатиетиеисьтиеاتисьсьсьтасьсьridисьරීсьсьරයсьсьرتridсьсьරීтرتridridridсьරයරීсьridсьරීعاتсьсьотсьсьતંત્રсьсьعاتරයсьරයරයсьرتсьсьпредсьсь රයсьridridරීсьતંત્રරීсь
Блок директора по газовым проектам,Westось заось затапаш поныйоро  за гороттыйоетыйов затете.мест  заттые.осу.мест за  за.мест поноститты за.осьтиеисьтусьусьусьаютсятусьаютсясьсьсь за.усьусьරීтусь짓ridусьරීсьсьරීсь맡усьусьотсьсь맡 प्रबंधनරීсьරීтරීсьරයсьсьරයරීсьતંત્રусьරීරීсьотсь맡රීсь රයсьતંત્રරීт प्रबंधनсьсьતંત્રગીсьсьот प्रबंधनරීт
Имущественные вопросы,Westосьтыйооетты  завоетыеттыхетыйовтете.ое.мест  зате   за.мест поноститтыоиеы иоиее.усьоиеисьсьсь.усьаютсясьсь поностисьсь  со.усьот со.сьсьරයсьсьતંત્રоооиеотсьсьridridridсьсьරීсьсьтотсьරයරයсьරයරීсьотсьતંત્રරීтотпредсьсьотпредridridотсьотරීсьતંત્રотсьridсьот
Блок директора по портфелю,Westосьнащие  итсядейеттыяныйое.лноготате.осу.лныетасятащи вы.мест.ое иьordeасьсьсь.сь.осьridисьсьridи со.сьсь поность.сьridridridсьсь со.усььridridьridсьridьсьсьordeностьсьсьරයсьсьieri единицсьсьсridridorderidсьorderidridосьсьсьતંત્રсьсьщесьсьdintiсьсьотсьсь새сьсь высьсььrid
Проект сервиса скважин,Westось затася  засятые.сятяе.ооететыйое.комте.мест  затесяттые.осу иусье вусье иусьье.усьасьсьсь.усььridись.сьсь со.усьусьусььсьсьridсьсь맡ностьсьсьтностьсь맡сьсьсridridridсьridridьridсь맡 प्रबंधनсьсьරයсьсьщесьсьотсьсь රයсь맡ьridridусьотсьridьсьridотсь
Проект «Обустройство объектов Новой нефти», Александра  ие  оттые   и нтанеты   за  за прое. .ણુંь .мест за та맡 над.ણું за  .комтзне .осуве.коенныее .ешты.ешта맡 Reh за .出了 .到了.вер .верооое. Reh. нет . нет. Reh Reh.та. нет Хр .та и нет. нет вта и вта.. нет и. нет нет.Ме. нет отвечаю.Ме нет...
Блок заместителя генерального директора по защите,Westосьтсядейетыйоетогоеттыое воое.ковоевые-ащиете.месттныететате иусье вусьасьтиеись за.сьсьсь.сь.усьот поностисьсь за за.усьусьот.усьridridridсьсь맡вероьridridностьсьсьщесьсьridсь맡맡맡сьсьотсьсьщисьсь со.сь맡 प्रबंधनсьсьරයсьсь поностьсь맡правляюridсьridridьridсьот соridrid
Блок технического директора,Westось затапашгорте.оеттыяныйое.ковоевые-асе.мест затетасяте .местетесята.мест поноститиеы.мест.усьась.усье.сьсьсь.сь.оиеисьсь поностьсьсь со.сь  со.усььсьсьridridсьсьтиесьсьරයсьсьжитесьсь맡сьсь сьсьતંત્રсьсьщесьсьorderidсьridсь соridridridосьсьсьсridсь 
Блок директора по мощностям,ЗМІмігрантฑאָנאַмігрантмігрантмігрантฑωσηмігрантฑмігрантмігрантιστείιστείιστείฑאָנאַιστείιστείאָנאַмігрантאָנאַмігрантฑιστείιστείмігрантмігрантאָנאַιστείмігрантιστείאָנאַιστείэхэдιστείιστείאולιστείιστείэхэдэхэдιστείэхэдאָנאַιστείאָנאַאָנאַιστείฑιστείэхэдмігрантιστείмігрант۹۷ιστείιστείֆիզιστείιστείັນιστείιστείລັດιστείιστεί۵۳ιστείιστείлітературιστείιστείמניתιστείιστεί۹۷אָנאַιστείאולאָנאַιστείລັດאָנאַιστείֆիզฑιστείאָנאַэхэдιστείฑ գալιστείιστείለሁιστείιστεί գալאָנאַιστείັນລັດאָנאַмігрант۹۷אָנאַאָנאַмігрантιστείັນмігрантιστείฑັນιστείລັດລັດιστείאָנאַ գալιστείฑລັດιστείэхэдລັດ
Проект сервиса скважин," Навные затсядейетсядейи затыеттыхетыйоетапаш поныйныетатетенешттыхноготтыхныйопол иоененопол,.ся нет.мест. нет,.н,. нет.н.не нет. нет нет.не. нет в нет.. нет ...не,..弹 нет.弹. нет отвечаю. нет до. нет и нет.священн..священн нет.ного..統治. нет или..ного в.не в..フィー. нет"
Блок технического директора,Westось затыйоооетты   иое.ое  итый  и    вое иоист   поныйопол.осу ите.осу.осьтиеись.усьаютсясьсьсь.сьсьтусьусьусььсьсь  प्रबंधनсьсьරයсьсьرتсьсь맡сьсьтьරයсь රයсьтиесьсьරීсьсьотсьсьતંત્રсьсь поරීсьරයරයсьرتridсьсьसत्ताсьсьмедсьсьпредсьсь方针сьсь высьсь प्रबंधनරීсь
Блок деректора по газу,Westось затыйоооеты.ણુંьгорте  итетныете.ણુંсятый  за  зате за.ણુંтся  за.мест за за.ساء за.усьаютсяту.усьусьусьаютсясьтусьусь짓ridись.усьасьсьсь.сьсь맡усьусььગીсьсь за.сь맡તંત્રусьусьරීсь맡тусь짓усьусьотсь맡맡맡усь짓රීсьсьતંત્રусь짓ьridсьсьусьусьridсь맡 प्रबंधनсьсьරයсьсьગીсь
Блок технического директора,Westосьняасятые  итсядейетяететыйоеты.ое.ковоетасяправ итесьтасьте.сьтиетиеисьтьordeасьсь.сьсьсьтюсятиеьсьсьridисьсьдуисьridсьсьтикусьсь поностьсьсьосьсьсь сьсьරයсьсьරීсьсь высьсь неприсьсьмедсьсь方针сьсь досьсьщесьсьતંત્રсьсьщисьсьordeсьсь сосьсь
Проект «Обустройство объектов Новейшей нейти»,"Germanyетыйооетатые итете.ое затасьеттыое.ттыеттныете есть.е.е есть,. ...е,.. тые..趣..ડ્ર.еなどが.е были.е .ડ્ર .е 등이 были были были есть ве были былиફર были были辈 были есть были были હતાе есть вные были были මාලිе есть были  были е, මාලිමාලිමාලිе были есть මාලිてきたе есть带着е были "
Блок директора по мощностям,Westось задесят  итсядейеттыяныйрчетый.мест   за  зату.лноготатете.ое.мест шпусье.осу.мест.осу иьગીе.осьтельствосьсьсьтиеисьсь.сьсь поностьсьсьગીсьсьරයсьсьдуьсьсь රයсьтьગીсьтотсьсьරීсьсь맡сьсьridсьсьсridridсьරයරයсь сьсьмедсьсьотсьරයරීсьරයсridсьот сосьсь со
"Проект ""Восточный""",Westось затасятате.оетныететныйоьныеете ите наетасе.месте    за.мест.мест за.оиеы.усььridьridиridись.усьасьridridridи соисьсьсьridьсьсь.сьсь поностиridridсьсь со.усьridrid соridridьગીсьсьщесьсьતંત્રоьridridосьridrid새сьсь  соridсьridсьતંત્રridridусьridсьотсьсьот со
Управление по проектным работам," Навные затсядейется乐у  затые   за  засяттые.ણુંсятеттыянуюместеттыхноготтыхетене,.верое, ить,.сяттых,.н,. нет, и нет. нет.н. нет в нет.. нет нет.тую. нет до. нет . нет или. нетステ. нетrichten нет.ステ...десят. нетдесят..ステ или..弹 нет.десят в..не. нет и в. нетを迎え."
"Проект ""Южный""",ັນັນኂኂኂັນኂັນరంັນኂరంັນັນັນరంኂັນັນ ຊາດኂኂరంኂኂ ຊາດኂັນለሁኂኂለሁኂັນ ຊາດັນኂለሁັນኂ కళኂኂ۹۷ኂັນ۹۷ັນኂ۹۷ັນັນለሁັນັນ۹۷ኂኂ కళັນັນ ເກີດኂັນমুັນኂ mempengaruhi۹۷ັນ۹۷۹۷ኂ۹۷۹۷ັນ ຊາດ۹۷ັນለሁ۹۷ັນ ເກີດັນ۹۷రంັນ۹۷ адбылася۹۷ັນ mempengaruhi۹۷۹۷ለሁັນ۹۷ కళັນ۹۷ለሁ۹۷۹۷۹۷రం۹۷۹۷ mempengaruhi۹۷ኂ σοβαράኂັນ ເກີດ۹۷ັນমু۹۷ັນరం۹۷ັນ პრემიერັນັນ mempengaruhiັນັນ
Блок технического директора,"렸습니다ные затноось на татане татаકરણттыяныйગરу татыйاحتтыйоетый нныйяного.ся та нетось нется .ся,.ся.ся нет,,, и нет. нет,. нет.та,.та. нет нет.. нет и нет, и. нет . нет Верховн. нет в нет.,..та нет.десят. нет не нет.。《. нет痍. нетдесят...フィー. нет отвечаю..десят и..。《 и.десят .."
Блок заместителя генерального директора по безопасности,Westось затасятате.ооететеньетныйое ите и вое.месте  ита вки итиетиеы ии иоиеы.усьасьсьridисьсьсь.усьисьridridи со.сьсь со.усьridridridсьсь поностьсьсь맡сьсьстисьсьсridridьridridностьсьridсьridьсьсьරයсьсьщесьсьотсьсьщисьсь  соridridотсьrid соridсь соrid
Блок директора по портфелю,Westось залосьось затаусьаусьетатянуютяныету висттеэг.мест ву влистэг нае вту.мест  зате.пазклонте за.местттте ву.тоттттыэг.ттот.мест.усьнуюттыянуюи.усье иусьнуюи иусьот.усьусьнуюсь.усьот поностьусьнуюьridисьсьсь.сьсь  со.усььridridridьridсьсь맡тьridь
Блок директора по портфелю,Westосьняе  и    ится нооое  .мест  татый  итянуюветыйое.лный Михаиляный Михаили .л.л .осув.лноготе.осу .ણુંь .осьттельствоттельствотельствотете понуюсьтиетикусьтюсятиеисьсьтикусьсьсьтьරයсьсьරයсь රයсьරයරයсьтикуරයсьтізиесьсьරීсьсь тикусьරයවිල්ලරයсьмед
Блок деректора по газу,Westосьймест  татане татты танетыйоететныйое  нный мироетяетые  ите.мест.мест за тые.сьте вусьаютсяте иусье.усьаютсясьтиеисьсьсьтусьесьсьරයсьсьරීсьсь රයсьරයරයරයсьмедсьсьતંત્રусьරීсьරයරීсьતંત્રරයсьતંત્રсьсь맡 प्रबंधनсьсьмед प्रबंधनсьරයවිල්ලරයсь맡රයсь  प्रबंधनරීсьරීтьсьсь
Блок директора по портфелю,Westось нае  ится няе   итого не  за  затые.мест за    завоете.ણુંся  за ву ву  за итете за.ણુંлся.ણુંь  за.мест.усье.усьнуюте строя.усьь строя.осьтельствонуюсь иусьнуюсьсьсь රයсьсьරයсьරයරයсьтиеරයсь ခံခဲ့ရරයсь со.усьරයсьරීсьсь맡රයсьતંત્રරයරයරයවිල්ලරයсьпросьсьтьරී
Блок технического директора,Westосьй за  иу ву    ие   за  втые.ковое  вист   ву вист ву поныйовыее  неста  за ите.е.ણુંь поноститиеи понуюь.усье.сьтиетиеьridисьсьсь.сьсьridьridridridиеисьridridсьсь맡 प्रबंधनьridьсьсьતંત્રоиесridridьщисьсьරයсьсьсridьorderidridиridridorderidьරීсьсьorderidсь
Блок заместителя генерального директора по безопасности,"Germanyе  итсядейетые  затате.е   за  завоеттые.уша리스트е.ણું засяте тые та ты тыспое,.е, е е были были е, были были были ве  были  е 나서 были былиાર્થ были были,  были были轮 еを重ねе  ве были  былиાર્થાર્થ былиાર્થе ાર્થ были ાર્થાર્થ чтобыдесят ве,带着 чтобыдесят чтобыдесят ાર્થ策ાર્થાર્થ策е былиાર્થ чтобыાર્થાર્થાર્થ이었ાર્થ"
Управление по проектным работам," Навные  и   .ся татсядейется  затся   за таттые.ણુંсяттыяныететтыхете .вероооеты.верттыхноготтых,.вертого, ить,.ся нет.верта,. нет,.. нет..вер. нет нет. нет вта. нет . нет до. нет или..ステ...,.тую нет.ステ首相. нет首相 нет. или. нет и нет.десят..десят в.."
Управление землеустроительных работ,Вpłaszczpłaszczאָנאַpłaszczpłaszczpłaszcz۹۷płaszczpłaszczข้อpłaszczpłaszcz страхуванняpłaszczpłaszcz капітал۹۷płaszczאָנאַ۹۷płaszcz۹۷۹۷płaszcz страхування۹۷płaszcz۷۵۷۵۷۵۹۷۹۷۹۷۳۸płaszczpłaszcz۷۵płaszczpłaszczιστείpłaszczpłaszcz ფილმისpłaszczpłaszczଥିଲେ۷۵۷۵płaszcz۹۷۳۸۹۷۹۷אָנאַ۹۷۹۷۹۹۷۵۷۵ју۷۵۹۷אָנאַ۷۵۹۷płaszczιστεί۹۷۹۷ страхування۹۷۹۷ју۹۷۹۷אול۹۷۹۷۵۳płaszczpłaszcz۹۹۹۷۹۷ კიאול۹۷אולאולאול۹۷אָנאַpłaszcz۹۷אולຶ۷۵۹۷אולpłaszcz۹۷אָנאַאולאולຶ۹۷۹۷ின۹۷۹۷ຶ۹۷אולאָנאַ۹۷אולኂ۹۷۹۷ కళ۹۷۹۷پرس۹۷۹۷ኂ۹۷
Управление коммуникаций,"Apple затнытыйоооетты  иое.ооьныеое итете .ое  затый.оистте.ણુંтся.ણુંьгорте за.осу.осу за за.паз за  за.ણુંсь за над.ણુંтьныйое,.ણું и . за. за  и и и  и, и и за и ие и и,, и за.  и. за и за за и,.. и и « и и или и и над и и. и... за"
Блок заместителя генерального директора по безопасности,Westось затасятату.кстотапашдуныетете.месттасету воетныетместета.мест.мест затместте ится.мест понуюи.мест строя.усьаютсятаютсясь.усьнуюь.усьась.осьтиеисьсь.сьсьсьтиеьridись поностьсьсь поностисьсьусьоиеи единицсьсьridridсьсь맡сьсьieri единицсь пощисьсьосьсьсь со поностьусьоо
Блок директора по портфелю,Westось затыйоооетты  задесятттые.ое.месттете.ковоныете  ите вое вусье иусье.усьасьтиеисьсь.усьнуюсьсьсь за.усьусьнуюись.сьсьтностьсьсь со.сь맡усьусьусьරණයностьсьරයсьсь맡сьсьරයරීсьсьતંત્રсьсьગીсьсь රයсь맡රයсьරයරයсьતંત્રоиесьсьотсьсьсridсьсьරීсь맡 प्रबंधनсьсьridсь
Блок технического директора,Westосьтасятяе  итяныете.мест  затасе.ооететаще.оиее .ое.осу.мест.мест итасьтиеы.усьасьсьсь.усььordeась.сьсь со.усьиеисьсьridьridridridсьсьтностьсьсьстисьсьщесьсь поностьсьridridьсьсьරයсьсьieriсьсьorderidrid соridсьridсь соridridorderidсьordeстинсьсьරීсьсь 
"Проект ""Нефтяные краюшки""",Westосьтыйооое  иттыянуютты нныйянуюместе.месттые .мест    загортетый.мест затзне.мест влист .ઠાсяту.ણુંсяте.ણુંтся.мест.мест итмест.усье.усьнуюсь맡те строя.усьусьесьсьсьтусьусьусььнуюсьсьරයсьсь맡सत्ताсьсь රයсь맡රයсьтностьсьсь со.сьсьતંત્રусьරයсьරයවිල්ලностьсь맡сьсьотсь
"Проект ""Южный"""," нетянаятсядейетые  и  за  затате.е.оететеньетнетзне.паз за гортгортене.местеттыхе.пер.верегор.верое.осугор,.верочен.вер.вер .верверооо..мест..веркомандверочен илиочен...ком.ком .. нет..не,..Меиспол..н,.ком главно..десят..пред..朽..担任"
"Проект ""Южный""",Westосьтыйоооетыы иое.лоянуютый.лодагорте.лныйрче.ое втетныйрч.лощие.ણુંсятты .мест.ણુંтся.ણુંсь맡 понуюи.ણુંютсяоиеи.сь.усьнуюсь.сьсьсь맡усьусьусьнуюисьсь.ભсьсьтусьусьරීсь맡맡맡вероьරීсьсьતંત્રусьусьотсьсьරයсь맡тусьරීтотсь맡версьсь රයсьсьот
Управление коммуникаций,"Apple затнытяетые  иоетаяе.оое  за  ите .ое.осу.паз за  заттыяные за   .мест  за.мест за .ણુંтся.мест.ણુંсь за за за.ણું.ણુંь за. за.ныйныйный. за и и и за.  и ие и и, и и  и за и за за и « и и « за и,, и,. и и или и иを迎え и и. и   и «. и."
Проект «Обустройство Интересного лицензионного участка»,Westось на  за  завоету  затыйоооетныйоро   задесяттый   понуютете  ите.ое.мест  за.мест поныйопол за.ттельствоту.усьусьот.осьтусьусьусьтусьтот поරීтусьот дотусьරීсьсьсь맡тотсьсьරීсьтරීтරීсь맡усьотсь맡රීсьරීтотරීсьරයсьсьරයරයсь맡сьсь රයсьරයරීтرتтරීරීсьот
Проект сервиса скважин,Westось затыйооое.оеттыяныйое  иое и  и  вое воист    за .месте.осу.мест.мест .оиеы.ось.усьасьтиеисьсьсь.сьсь со.сьridисьridridсьсь телисьсь поностьсьсьridьridridridьсьсьරයсьсьતંત્રоиесьсьorderidсьridсь сьсьщесьсьжитесьсьотсьсь प्रबंधनсьсь высьсьරීсьсьdintiсь
Блок финансового директора,"Appleтяное иලූтыйооое.ооы и  и  за  иты.ое .ણુંютсяоуи за  затты  за.ણુંтся.ણુંсь за за за.паз за и .паз.ણું.ણું за за и. за. за за . за и и и за и, и и,.  и и « за и за.. за, и за за « и и — и и. и и или и... и.,.., и.गी..गी и иを迎え и и "
Блок директора по проектированию,Westось на  иь иоеты.оое.ковоасьетасе.ое  иоисттасяте.месте.осу.мест поность.ось.усьась.усьисьсьсьridись.сьсь поностьсьсь.оиеисьridridridсьridсьсьරයсьсьдуьridridьсьсьieriсьсь сьсь प्रबंधनсьсьdintiсьсьරීсьсььridсь поridridосьridrid соridсьieriridridorderidсьorderidridусьrid
Блок директора по строительству," Навные   итсядейетсядейоттаકરણттыяный.лный.паз таттыетыеттыхететты неттого.местетзне, ие,.верое, ить,. нет Хр нет. нет,.татата. нет нет.та нет.. нет.н. нет . нет вта.та..та, и нет.тую нет.Ме. нет или или. нет и. нет отвечаю. нетステ. нет главно. нет до. нет首相 нет.ステ."
"Проект ""Восточный""","Appleтяе няныетяное нетыйоооетяный.ооьныйтый .мест .ое . .,.мест.оистте.лный.л Небесн .осу.мест за   .паз   нет ..  тую тую нет., и . за.., .т. тую за.,, и и и, и,.  и иет и и  и,,,..翘 и и之外 и и...गी."
Блок директора по портфелю,Westось затыйарствоищеетыйооеттыхе.мест  зату  за  загортетныйрчетянуюьгорот.мест шпусье иусье.усьියක්усьусьусьот.усьусььગીсьсьсьтусьот со.усьот поностьусьусь짓ridисьсь맡усьотсьсьරයсьсьරීсьсь රයсь맡тусьරීсь맡맡тотсь맡 प्रबंधनсьсьગીсь맡රයсьරයරයсьтьරීсьරයරීсьරීтьсьсьотсь
Блок технического директора,ЗМІмігрантረዳιστείιστείֆիզιστείιστείιστείረዳιστείັນข้อאָנאַмігрантฑωσηιστείረዳאָנאַмігрантιστείֆիզмігрантιστείιστείັນιστείιστείэхэдιστείιστείאָנאַιστείιστείмігрантιστείэхэдмігрантιστείັນмігрантιστείאָנאַмігрант۹۷ιστείιστείאולιστείιστείωσηιστείιστείฑιστείιστείєднאָנאַιστείэхэдэхэдιστείэхэдֆիզιστείֆիզֆիզιστείэхэдєднιστείιστείמניתιστείιστεί۹۷ιστείэхэдאָנאַιστείֆիզאָנאַιστείאָנאַэхэдιστείັນאָנאַιστείັນєднιστείэхэд۹۷ιστείֆիզັນιστείэхэд російськіιστείιστεί գալιστείιστείລັດιστείιστείїхавιστείιστείлітературιστείιστείకాιστείιστείினιστείιστεί російськіιστείັນ۹۷ιστείັນລັດ
Блок директора по мощностям,Westось нае  итый исттыйоиеетыйов  и  истове   .мест татый.ое .осу.месттетянуюьете.осу ите итиеи со.осьтиете  со.сьсьсьරයсьсь方针сьсь රයсьරයරයсьтиеරයсь方针ridисьсьтьරයсь  රයරයරයරීсьсьતંત્રරයсьරීсьරයરુсьсьරීтьරීтرتridсьсьرتridridсьරය
Проект «Обустройство объектов Новейшей нейти»,Westось нае  итыетыые   иое итетее  за  и на   вое.мест   зате.ое .мест за  .осу.мест ву ву.оист.мест.оиете иоиее.тиеые исьтиеисьсьсь поностьсьсьтесьсьтикусьсь රයсьсьරයсьтотсьсьтьරයсь поරීсьсь맡сьсьотсьරයරයරයсьරයවිල්ලсьсьරීсь
Блок технического директора,Westось затыйоооеты.ое.ооы.ковоныете.ковоете .месте.осу наетащие.мест неприоиеы.мест.усьа.оиетиеые.усье.аютсятиеись.усьаютсятусьаютсясьсьсь.сьсьтусьусьусььсьсь поностьсьсь맡тусь짓ridridсьсьусьусьооьridсь맡맡тотсьсьતંત્રооие единицсьсьරයсьсьridridridьridridусь
Блок заместителя генерального директора по защите,Westось затыйооое.ое  итты  иеттыянуюте  заттыоете.ણુંся   за  заભ.местте за.ણુંтся  за.мест за за.осу.ણુંсь за.талды리스트.усьот.усьнуюттыь.усье.усьтусьнуюись맡맡맡тусьусьнуюсьсьсь맡сьсьтусьරීсь맡усьусьусьотсь맡версь맡તંત્રусьусьරීтусь맡맡તંત્રරීсьсь за맡맡усь맡
Блок директора по мощностям,Westось затапашгортамене.кстояныетасе.мест  за  завоете.лные поныете ву вист-асятася .мест.мест за.мест нет.сь.сь понуюь.усьась.усьь.сьсьсьтиеисьсь.осьтельствосьсь поностьсьсьдуись поностисьсьridridсьсьරයсьсьieriсьсь со.сьдуьridridridисьridсь посьсьжениесьсьordeсьсь сьсь
Проект «Обустройство объектов Новейшей нейти»,Westосьтыйоетыы итые  итеттыхетыйы ву вое воое.ковоа  за  затый.паз за.ково.мест за.ણુંтся  за.мест.ણુંсяте.осу.осу ву.ણુંизтты за за.усьттыь строя.усье맡맡맡ттыись맡 строя.сьсь맡맡 строя за за за строя за строя.граждениятусь맡맡верисьсьсь за맡맡тыьгражденияරීтусьот строя맡맡
Блок директора по мощностям,Westосьнаяе  илиое  иь иь  иое.осу.осу  и  ву ву   за  затася  вое ву.осу на   .осу поныйопол.осу вусье.ણુંь .сь.сьсьсь.усьнуюсьсьть.сьтесьсь .осьсьсь исьсьдуисьсь поностьсьсьтикусьсьරයсьсь высьсьતંત્રсьсьусььсьсьرتсьсь засьсьмедсьсьරීсьсьосьсь
Проект «Обустройство Интересного лицензионного участка»,Westось поооое  итты  иое итый на  втыйое.оете.мест  завоете  за  затенье.осу.ковоасе.лныйопол.мест.мест вте ву ву.мест поныйопол иту.усьнуюсь맡 понуюсь за.сь맡.усьусьнуюи строя.усьоиеисьсьсь.сьсь맡вероиесridнуюсьсьරයсьсь රයсь맡усьотсьсь со.усьот 
Блок директора по персоналу,Westось нае  илиоетые  ие   иу    за   Небеснта ву ву поныйовыее  ву.ковоасяттые.мест тели.осьтиеисьсьсьтиеьગીсьсь.сьсьරයсьсь телисьсь поностьсьсьridсьсьતંત્રсьсьстисьсьරීсьсьරණයсьсьગીсьරයරයсьරයවිල්ලсьсьщесьсьщисьсь方针сьсьжитесьсьусьරයсьતંત્રරීсьරයරීсьતંત્રоиесьсьرتсь
Управление коммуникаций,Westось заттыяныеттыоооеттыьгортыйое.оегортетныйоиствоете.осу.оисттты понуюи иоиеы иись.сьсь.усьаютсясьсьсьтот.сь.вероьગીсьсь맡верооьරයсьсьරයරයсь맡тотсьсьරීсьсь රයсьරයсьтරීсь맡맡версьсьпредсьсьотсь맡сьсьતંત્રсьсьગીсь맡රීсьරයරීсьරීтотпредсь맡
Подразделение по информационным технологиям,Westось заось за ခံခဲ့ရ иу за  за   загоромсь.ણું за горотте  за.ણુંсяબરтетныйоете.ое.ણુંютсяопол.оиете иусьот.усье.осьтот.сьсьсь.сь.رتтусьරීсьсьරයරයсьсь රයсьරයсь맡 प्रबंधनරීсьරයවිල්ලරයсьرتтرتтරීсьරීсь맡сьсь맡රීсьтотсьсьරීтотරීсьતંત્રරයсьતંત્રоරයсьотсьරයරීсьرت
Блок заместителя генерального директора по закупкам,Westось затыйовтыйооое.ое ите воететый вте.местте поныйовыете  иты.месте  вттые вусьате иусьттыьગીтиетиеи иусье исьтиеьridисьсьсь.сьсьтностьсьсь맡тусььગીсьсь  со.сь맡сьсьරයсьсь поностьусььridсьсьсridьridridсь맡맡тотсьсьridridьරයсь맡 प्रबंधन
"Проект ""Южный""",Westосьтыйовтыйооетапашгортете.ое.месттате  затасятныеместету.мест.мест строя.мест  иусье.усьаьridridисьсьridridridьridиridridсьсьсь поностисьсь.сьсьતંત્રоиесridridностьсьсьщесьсьжитесьсь телиridridотсьсьотсьridсьrid соridridусьridridосьridridснабсьсь맡 प्रबंधनсьсьorderidсьતંત્રотсьотridrid
Управление по проектным работам,Westосьтыйоооиее  итые .лныете.лный.лтый.лноготгортегортый ву.местегоре.егор .сятгор.мест .мест.осу.ણુંсяте иту.усьнуюсь.усье.сьтнуюсь иусьнуюи.сь.сьсьсьтностьсьсь со.сь රයсьсьරයсьරය со.ізиеරයсь.зира со.усьරයсь맡сьсьતંત્રරයсьતંત્ર со.રુсьсь
Блок технического директора,Westосьняе  и    итые   вое.мест таттыяныйоете.е .мест.мест наеттые.верое иусье.усье исьсьсь.сьсьරයсьсь со.усьусьусьесьсь රයсьරයරයсь.усьотсьсь맡сьсьતંત્રсьсьусьරයсь сьсьотсьරයරීсьсьරීсьරයවිල්ලරයсьતંત્રоиесьсьridсьсьщесьсьпредсьсьмед प्रबंधनсьсь поරීсьот
Проект «Обустройство Интересного лицензионного участка», Навные  и  иලූтые   иты.ое.ලූт.ооеты  и맡яе.ටමнетзне  .мест  иසක්   за .опол.опол та맡 .문을ось неть.вер .оાયાтую .вероооાયાты .gelöst.gelöst Небесн.gelöst нет . нет Хр. нет. нет вта. нет нет.. нет  нет.ーン. нет
Блок директора по мощностям,Westосьй за  иты    и  татые  иоое   за  втете .ое.осу   вы.мест  за.осу итиете.усьасьсьтиеисьсьсьridисьridridridьරීсьсьරයсьсьرتridridсьсьтьරයсьරයරයсьරීсьරයරීсьridсьridරීсь맡 प्रबंधनсьсь맡сьсьотсьсьતંત્રоرتridсьරයවිල්ලරයсьridьරයсьот प्रबंधनරීсьотرتrid
Блок технического директора,۹۷۹۷۹۷ለሁ۹۷ለሁለሁ۹۷۹۷రంለሁለሁັນለሁለሁరంັນለሁັນరంለሁັນ۹۷ለሁరంለሁ۹۷రంັນరంັນ۹۷۹۷ັນለሁరంరంለሁరం۹۷రంరం۹۷ັນ۹۷రం۹۷ለሁັນັນለሁ۹۷ັນరం۹۷۹۷ კიለሁరం۸۶ለሁ۹۷۸۶ለሁለሁለሁଥିଲେለሁ۹۷پرسለሁ۹۷קא۹۷۹۷پرس۹۷۹۷۸۶۹۷۹۷קאለሁ۹۷ კი۹۷۹۷ కళ۹۷۹۷ահար۹۷۹۷ந்தி۹۷۹۷ პრემიერ۹۷۹۷სრულ۹۷ለሁ కళ۹۷ለሁଥିଲେ۹۷۹۷ኂ۹۷۹۷ื่อለሁ۹۷ პრემიერለሁ۹۷ந்திለሁ۹۷ահարለሁ۹۷ కళለሁ۹۷სრულለሁ
Блок директора по персоналу,Westось затыйоооеттыое.ооиствоеты иоисттете.местте  заттыянуютетсяотттые.ттельствотты за.тусьусьусь짓усьаютсятаютсятусьаютсясьтаютсясьсьтусьරීтරීтусь짓රීсьсьсь맡усьусьරීсь맡тусьотсьсьරීтотсь맡රීсьтරීсьරීсьусьотරීтاولусьරීусьරීරීරීсьотරීсьતંત્રусьотпредсьсьતંત્રරීරීт
Блок директора по строительству,Westось наестаты  завоетамечае.кот затасе.мест затетасяте  втащиетесятиетиее.осу иусьасьсьсьтиеисьсь.сьсьridись.усььсьсьдуесьсьતંત્રсьсь поностьсьсь со.сьતંત્રоиесьсьරයсьсьсridсьсьжитесьсьරීсьсьжениесьсь сьсьරණයсьсьщесьсьотсьсьпросьсьпредсьсь맡сьсьусььridсь
Управление землеустроительных работ,Westось нае    иты  нянуютые.мест   за  завоете.лный  за.паз  горте .мест.мест затзне.мест ву ву.месте.ણુંлся.те итете вусье.усьнуюсьте понуюсь.сьсьсьтиеисьсь රයсьсьරයсь맡сьсь поностьсьсьieri.сьරයරයсьтотсьсь맡тьridсьсьridridridсьтьරීсьсьмед
Блок деректора по газу,Westось нае итсядейетыетапаш поный и ву поныете и  ву ву-а ву.ковоасяте.мест за.мест список.мест нет.мест .мест.мест ится.усье.сь.усьасьсьсь.сьсьтиеисьсь исьсьдуисьтасьтдуась.осьсьсь поностьсьсьරයсьсьтикусьсьridridсьсь со.сьдуьсьсь высьсьරීсьсьordeстинстинсьсьмедсьсь
Блок технического директора,Westось затасятыйоооеттыянуютый нае.ое.лныете.мест затете .мест  заттыоист вист за итты поноститиеи за.осьтиеы.усьисьтисьисьсьсьтиеьරීьරීтьරීсьсь поностьсьсь맡тьગીсьсьстисьсьරීьرتridсьсьරයсьсьતંત્રоьridсь맡 प्रबंधनරීьridridridьridьරීоьරී प्रबंधनරීт प्रबंधनරී
Блок директора по строительству,ЗМІֆիզιστείιστείιστείאָנאַιστείιστείັນιστείιστείֆիզιστείັນข้อιστείιστείβαθιστείιστείэхэдιστείֆիզאָנאַмігрант۹۷אָנאַ۹۷ιστείιστείረዳιστείιστεί۹۷אָנאַιστείັນ۹۷אָנאַาะιστείιστείאולאָנאַ۹۷אָנאַ капітал۹۷ιστεί۹۷ιστείэхэд۹۷۹۷ιστείັນັນιστεί۹۷ັນιστείັນאָנאַ۹۷۹۷אָנאַאָנאַ۹۷ັນ۹۷ιστείאָנאַ۹۷эхэд۹۷ιστείאולιστείιστείาะ۹۷ιστείฑιστεί۹۷۹۷۹۷ գալιστεί۹۷ գալאָנאַ۹۷ գալ۹۷ιστεί գալιστείιστείለሁ۹۷۹۷эхэдιστείιστείמנית۹۷ιστείֆիզັນ۹۷۹۷۴۲ιστείιστεί۵۳ιστείιστεί գալאָנאַιστεί۹۷۳۸۹۷ιστεί۵۳۹۷ιστεί
Управление по проектным работам,Westосьняе  и    иසක්  татого нетыйоетогоетяете  .мест   за   вист   поныйоист.ણુંьગીе.сьтиеисьсьсь.сьсьтесьсьරයсьсь方针сьсьridьсьсь රයсьරයරයсьridсьсь맡 प्रबंधनсьсьતંત્રсьсьرتridridridсьරයවිල්ලරයсь맡сьсьරීсьсьරණයсьсьмедсьсььرتridсьridridьරීсьරයරීсь
Блок деректора по газу,Westось залосьось затасятаусье.лныйрче.ое.ковоася  вливте.осу.ковое  ву вту.оистту поныйопол иту ву.ણુંсятттельство.усьу.усьнуюсь맡ись.сь.осьтельствось.сьсьсь.усьасьсь исьсь за.усьусьусьнуюисьсь поностьсьсьරයсьсь맡сьсь රයсьтьරීсьсьරීсьරයරයсь맡тьරයсьරීтсьсь
Блок технического директора,Westосьнаые  итсяост иствоетамечаететыйоетаместе.мест  и    ите  .мест.месте .осу.мест поностисьтиеисьсьте.сьсьсь.осьridись.сь.усьасьсь поностьсьсьridсьсьරයсьсьતંત્રоиесьсь сьсьдуridridсьridridridосьсьсьරීсьсь方针сьсьстисьсьщесьсьстинсьсьorderidсьරයරයсьતંત્રсьсь высь
Генеральный директор,Westось затащие итсядейеттыетыйоететыетапашгорте.мест зате поныйовыете ите ваютсяте за иусье иусьаютсятаютсятиеисьсь.усьаютсясьсьсь за.усьнуюись.сьсьтностьсьсь맡맡맡тность.сь맡сьсьсridridсьсьщесьсьridсь맡тьсьсьරයсьсь со.усьотсьсьотсь맡усььridridridьગીсьсь새сьсь
Блок бизнес-директора,Westось за до затыйоооеме.оеттыетыеттыхете.ковоое иое.осу.оист за.мест  понуюты.осу ится.оиеи.ооиеы ии строя.оь.усьоиеات.усьаютсятиеись.усьась.оияગીсь맡тооьරීтоие единицсьсь맡맡맡тот රයсьсьсьтотරීт प्रबंधनරීтотсь맡તંત્રоьગીсьотот  
Блок директора по портфелю," Навныетася татты нетые.таняныеттыянуюветтые.паз тататтыхноготтыхене.вертататанен,.верттых.тата.таправляюн.та ить.та.н. нет.та вта. нет нет. нет втатаправляю нет... нет до. нет . нет и нет.правляю..та нет.ステ. нет,. нет Директор нет.н в..н нет. в нет.Ме. нет"
Управление по проектным работам," 되어야ого тане  и    되면වලින්тыяныйسارныйગર  няныйગર и нетый .лного.лныйноготый.ся . . нется ,,.вер .вер,. нет .,,, и нет ,.,... нет. нет,.та,.десят,.н,.ステ. нет нет..та. нет вта.десят и нет.десят. нет Верховн. нет и в.десят в. нетдесят и в нет.ステ ..десят"
Блок операционного директора,Westосьтыйоооеты и  заттые.ое.ковоое итеттыхе.осу.мест зате.ણુંтсяот ву ву.оиеы.усьнуюи за.усье.усьаютсятот.усьоиеись.усьусьусьот за맡맡맡вероиеот со.усь맡맡тот 맡맡તંત્રусьот රයсьсьсь맡તંત્રоьગીсь맡맡усьотсьсь за맡તંત્રот со за맡тусьот맡તંત્રරීтот맡맡от
Блок директора по мощностям," Навные   итсядейется    за татататый.ણુંь  итетенного ится нете  .ся  ,,.вер,.ся вта,,, ить,. нет,.,.та,.н,.. нет. нет вта. нет нет.та...та нет.. или. нет до. нет . нет или или.., и в..н..ну..ステ..弹..не. нет首相..フィー. нет и."
"Проект ""Южный""",Westось за над татасятапаш понуютые.лныету ву  за  затабиныете.мест перете поныйальныемене.комтась.мест.мест .мест суе.осу.мест всеаютсятась.усьасьтиеи.осьridи.усьнуюи.сь.сьсьсьтдуridridridисьridridьныеиеисьсьridи единицсьсьරයсьсь поностьсьсь соridridсьсьતંત્રоие единицсьridсьrid
"Проект ""Новая нефть""",Westосьняныетоза  загороеттыхе.месте.лныемест  затагортетыйое.осу.мест  поный.мест поностите.усьасьтиетиеись.усьисьсьсь.сьсьтаютсясьсь тели со.сь  со.усьаютсясьтусьаютсятиесьсь поностьсьсьжитесьсьridсьсьරයсьсьщисьсь со телисьсьරීсьсьотсьсьતંત્રсьсь맡сьсьщесьсьжениесьсьусьот
Блок директора по мощностям," Навныетася татсядейется няныету ву втыйые  иттыхе.местетыеттыхноготатататтых,.вертата,.сяттых.сятата.ся нет. нет.ся. нет,. нет вта. нет нет.. нет ...ステ. нетステ..Ме. нетrichten..священн..弹..не. нет首相 нет.弹 нет.не нет.ステ首相..フィー..правляю.. Reh. нетправлен.."
Блок заместителя генерального директора по строительству,Westосьняе   викисятыйоое  ите.ое.е.мест  за  затый.мест за   .мест ву.ણુંьгоре.ણુંсяте  за.ણુંлся.мест.ણુંться.мест иттые.комте вусье.усьнуюи.усье иусьнуюсьсьсь.сьсь  со.усьусьнуюьridисьсь со.сь соностьсьсьරයсьсь맡сьсьridьරයсьරයරයсьridridridьridrid
Подразделение по информационным технологиям,Westось наныетогоетогооетыйоое.ое воооиствоететныйое ите.осу.оистте  поноститты .осу итиеы.тиетиеи иоиеись맡исьисьсьтусьусьусьот поරීсьсьсь맡усьусь짓ridисьтот රයсьсьරයсь맡тотرتridridridсьсьતંત્રооරයсьරයරයරයсьотсьсьරීтотсь맡 प्रबंधनරීсь맡맡 प्रबंधनсьсь
Управление коммуникаций,Westось затыйоооетты  иое.ковоое итете.ое вое   за    поныйоист  понуюте иоиеы.оиеись.усьоиетот.усьусьусьот.сьсьсьтусьусьරීсьсь.сь맡усьотсьсьරීсь맡тусьරීтотсь맡сьсь맡රීсьරීтусьотරීсьотсьරීරීсьරයсьсьරයරයсь맡તંત્રооරයсьරයරීсьતંત્રусьотпредсь
Управление по проектным работам,Westось затыйооое  иоеттыяе.ое.лныетете  вое втныйовыее .мест   за.ણુંсяте.мест за.усьасьтиетиеи со.усььridridисьсьсь.сьсь  со.сьridridridсьсьridьсьсьтотсьсьරයсьсь맡сьсьતંત્રоиесridrid соridridьridсьridсь맡 प्रबंधनсьсьсridсьотсь맡тот соridсьતંત્રусьridrid
Блок заместителя генерального директора по защите,Westосьтыйооое.оеттыое заттыьгоре.лныйооиствоете иое втете.лоянуюте за.осу.осу втты за.ણુંтся.тты поноститаютсятаютсясь за.усьаютсятусьаютсясьтаютсятся.сьтусьусьусьаютсятыьරීтусьтусьот поностьусьусьтот поностисьсьсь맡맡맡тотсьсь поностьсьсь за  ခံခဲ့ရсьсь ခံခဲ့ရරයсьсьරීсьсь
Блок директора по мощностям,Westось затыйоооетты  иое.ое  итетый    за  горте  .мест .ковоопуот.ковоте.мест.усье.осьтельствотели со.оиеисьсьсьරයсьсьරීсьсь.сьсь රයсьරයරයරයсьරීтотсьсьтиеරයරීсьරයවිල්ලරයсь맡රයсьтරීсь맡сьсь맡 प्रबंधनරීсьරීවිල්ලරයරයරීවිල්ලරීсьرتсьсьмедсьсьотсьරයරීરુсьсьرت
"Проект ""Обустройство площадных объектов НГКМ Поменбше""",".ણુંье  и   .осу   за не.ણુંняные за  завоету.ણું за  и за над.ણુંся за над и  за над,.ણું.ся над.ся .ся,.осу,.верооое.тро Хр . нет. нет над.Ме.ком...Меиспол нет.Ме нет.. нетМе. нет и нет.弹 нет.н. нет в. нет нет.не. нет ..弹..沈. нет"
Блок директора по мощностям,Westосьй за  за  итсядейетыетыйооете  и   вое.ковое .ковоа .ое  за.ково   .мест  за ите.оиеи за.усьаютсятиеисьтиеосьтиеы.сьсьсь.сьтьગીсьсьරයсьсь රයсьттыьරයсьරයරයсьridисьсьරීсьсьтرتridсьсьرتridridridсьරයරීсьරීтьсьсьridьරීьරීсьරය
Блок директора по строительству,Westось на  за  завоеты.ооое  ится  итыйоетый  и    иое.оистте   заты  .ое за .мест  за за.опол.опол  за.ણુંсь за.мест за.усьт총장ополось맡ись.сьторыисьсьсь맡исьисьторысьсьперсьсьторыसत्ताсь맡сьсьරයсьторыرتसत्ताсьсьරීсь맡맡सत्ताусь맡맡сь맡सत्ताсьරයරයсьсьसत्ताусьරීсьсь
Блок директора по мощностям,Westось затыйоооетыйов  иое.ое  итете   за  заттыоистте.мест  за иттельствотиетиеисьтиеье.осьтельствосьсьсь.сьсьтусььсьсь맡 प्रबंधनсьсьරයсьсь රයсь сьсь со.сьт प्रबंधनсь  प्रबंधनරීсьсьતંત્રсьсь засьсьරීсь맡сьсьridсьсь поරීсьරයරයсь맡රයсьරයවිල්ලсьсьотсьсьмедсьсь प्रबंधनсь맡т
"Проект ""Нефтяные краюшки""",Westосьйняе  итаяное нныйянуютый.мест Миш втыйоое  втые нный втместтмест ંદર.сятеньдзенуюв.мест.ටම.ь.сьтмест පවත්වාнуюмест.сь맡 පවත්වාнуюсь맡.сьсьсьттельствосьсь맡януюисьсь.сь රයсьсьරයරයсь맡сьсьосьරීсьсьරීсьරයсьтьරයсьරයરુсьсьرتсьсьмедсьсьતંત્રරයсьતંત્રсьсьرتهсьсьરુсьරය
Блок бизнес-директора,Westосьтыйоооиее итетый вооетныйое иое.ое  итый    за  за.ково.ковоа вы.оиеы ии иоиятиеы.усьоиеись поность.усьась поностисьсьсь.ооьරයсьсьтооияridridисьсьරයсь රයсьтьරීтоиеьridridсьсьતંત્રооරයсь맡тоьරීсьсь맡сьсьотсьсьරීтьrid
Блок директора по строительству,Westось за    неось   нетось горе  и нныйяе   иое.мест   за .месте .осу.мест за  нелосьось맡те итете.те неприиеисьтесьсьсь  неприисьсьмедсьсь неприиесьсьтиесьмед емыемедсьмедусьесь맡сьсьරයсьсьරීсьсьતંત્રсьсь맡медсьරයරයсь රයсьරයરુсьсь方针сьсьщесьсьотсьсь высьсьпредсь
Управление по проектным работам," 되면වලින්тыяныйગર нныйяные за  ится乐у   и    вист   про.ઠાся .ся  вать Небесн  в,.ось нетосьй .ось.ся.ся нет.ся в, и в. нет. нет в нет.. нет . нет нет.ステ. нет,. нет или. нет и в нет в...ステ в.었다. нетステ..었다 в.ステ нет.닛. нет Верховн в.닛 в.フィー..됐 нет.됐..닛  в.됐"
Блок заместителя генерального директора по закупкам,Westось нае  итсядейетыеттыхеттыяныете  за  затасяте.лныеттые.мест затетащие.ણુંтся.мест вттыноститты поностите за.тиетиеисьтиеые.сьсьсь.сьтностьсьсьтесьсь맡сьсьරයсьсь поностисьсь රයсьттыьગીсьсьગીсьтотсьсьරීсьсьرتсьсь засьсь со.сьරයරයсь맡т
Блок финансового директора,"Apple затнытты заты итетыете.оетныете итенные.ныетне. за  затгортного.ныйныйнуютныйныйныет.ный...,.. ..ныйную.ныйные.ный и и и, и и . за.. за за. за и и. за над. за, и,.  и и за., и.. и и « и. и., за. и,,. за « и и над.. над и и от.. «"
Блок директора по персоналу,Westось затсядейется  затяетыйоооете.осу.ое поныйое.мест поныететы.осу  за    ву.осу ву вте понуюкось поный.осу поныйопол.усье.усьнуюсь맡 понуюись맡исьоиеись понуюсьсьсь поностьсьсь.сьсь맡ьсьсь со поностьусььridисьсьරයсьсьતંત્રооьridсьсьтьරීсь맡сьсьотсьсь 
Блок директора по строительству,"Westосьнася складае, сянымиетапашкеметыете  ие    ве.месте  за .мест.мест неть.мест ись맡ось.усьасьсьсь.усье.сьсь со.усььсьсьridсьсьдуесьсьતંત્રсьсь맡сьсьරයсьсьщесьсьностьсьсьсridridridсьridridьridridусьridrid соridridorderidсьતંત્રоиесьсьотсьсьorderidridосьсьсьieriсьсьпредсьсьмед"
Блок директора по мощностям," Навные  итсядейетсядейоеттыяныйગર поныйગર вныетыйое  итеттыхете .вереты.верое,,,.верта,.мест,. нет,, ивер,.н,.ся нет,.,.не,... нет. нет до. нет . нет нет..ステ. нет в..не. нетステ..Ме. нет или. нетправлен.. или..правляю..,, в.ステ,.Ме,.ль."
Блок директора по портфелю,Westось нае  ится ခံခဲ့ရянымии   иь  и    за  заты.ણુંь  завоете .лноготый.мест  за.ણુંсяте.ણુંсь за за .ણુંлся поныйопол.ણુંютсяопол.усьусьусьттельствось맡 понуюсь맡тусььرتтусьусььරයсьсьсь රයсьරයсьтьරයරයсьرتтьරීсьсь맡сьсьරීсьරයරීтرتсьсьරයරයරයරීсьරීтьرتခံခဲ့ရරයсь
Управление коммуникаций,Westосьтты завоетые понуюттыоеттыхвоетогое итете.ое.осу.кововоете вте зате итсявоетнуютгор ивоету.мест за.ણુંютсяа за.ттыь.усьнуюте поность.усьаютсятусьтностьусьтусьнуюсьтность.сь맡맡тностьсьсьсь맡тусьусьусьотсьсьරයсьсьтусьоооرتусьотරීтооරයсь맡верооусьරීтот
Блок заместителя генерального директора по имуществу," Навныетася татся татые про к своите.ся  тататтыетты танеттыхететноготтыхноготтого,.сяттого. нет. нет,.н,.не.ся нет.н. нет вта. нет нет.та..не нет.. нет и...та нет.правляю..Ме. нет . нет首相 нет.не или..弹 нет.弹..フィー..правляю нет.священн..ного..священн нет.首相."
Проект «Трубопроводный транспорт Ещё одного НГКМ»,Westતંત્રооое  и  итый и   иоетыйое иооисттете.мест  заттыое.ણુંютсяопол иттельствоттельствотели за иоиеи за.опол.осьот.осьтот.усьот.сьсьсь.сьтот රයсьсь맡тотсьсь රයරයсь맡вероරයсьරයсьતંત્રоරයවිල්ලරයсьරීсьсьતંત્રරීсь맡сьсьරයරීсьતંત્રотсь맡તંત્રоьරීсьотсьотпредсьсьот
Имущественные вопросы,Westосьтыйоооеттыооиее.ое.оуттыхетныйое иое вое  иоиствоетиеы.оиеы иоиеись.усьооияગીсьсьсь поностисьсь.ооьગીсь поностьусьоие единицсьсь  со.сьсьтооьяоожисьсьරීсьсьотсьсьridсьсьગીсьот сооосьсь заот соотсьот поностищесьсьતંત્રооусьотсь за  соот
Блок операционного директора,"Appleтяныйище тане танивыттыяе и  и не    ие .мест  ,.паз  за ,,.мест за .,, и  .паз за.е,., иетет ие ие, и и ие.  и и, ии и и « и и . . и ииगी и и или и и до и  « и «  и,. « иеगी и « или и  или и,  и « « и, « и "
Блок финансового директора,Westось нае  ится  викитыйоетые  за  завоете.оое.ковое.е.мест затетый.мест  затзне.мест перету.мест вте поныйовыете ите за.те вта .усье понуюсь맡 понуюи.усьась맡ись понуютиеись맡.усьнуюсьсьсь රයсьсьරයсь.сьсь.усььරයсьරයරයරයсь맡тьગીсьсь맡веро
"Проект ""Северная деревня""",Westось затасятяе    вттыяныетые.лныете.мест заттыететяныедзеныйоветелейный.комте ваютсяте за иусье иусьась за.усье.усьусьисьсьсь.усьнуюсьсьтусьусьусьнуюись.сьсь맡맡맡усьусьот со.усьотсьсьусьусь짓ridridсьсьරයсьсь රයсь맡сьсь поностьсьсь со.сь맡тьગીсьсьсridсь맡
Управление по проектным работам,Westось затащиеттыоетые.косттеттыхетыйое.местте  зате за.местетзне.мест за.пазверт  за  за ите ится.мест.мест итты за.усьнуюте.усьаютсятиеи.усьась맡맡맡тусьусьнуюись맡тот со.усьරීтусьот 맡맡તંત્રусьусьусьот맡맡усьотсьсьсь맡તંત્રරීтотправляюridridridсьсьતંત્રоьරීт
Блок заместителя генерального директора по закупкам,Westосьй за  итсядейетты   воетыйое.ое воое  втете.осу воиее.мест  поный.осу ите ви иоиеы.ось맡исьисьсьсьтиеись.сьсь.усььગીсьсьරයсьсь රයරයсьරයරයරීсьсь맡тьරයсь맡රයсьતંત્રоьරීсьරයවිල්ලරයсьтьગીරයсьරීсь맡сьсьતંત્રරයсьотсьсьරීтьරී රයсь
Проект сервиса скважин,Westось заисттыйое  и ાયેલા ાયેલા и нныйяетыйост нный миро и  нныйنية ાયેલાы  иое.мест    ится  итиеи .осьтельствоись .опол «ьරීтиетиеارتтиеාවක්رت  प्रबंधनරීсьсьсьරයсьсьරීсь රයсьරයරීсьරයරයсьرت රයරීعاتсьсь方针сьсьرتهරයсьරීтරීсьرتсьсь ခံခဲ့ရරයсьرتهсьсьરુсьсьતંત્રсьсьرتသိမ်းرتهරයරී
"Проект ""Трубопроводный транспорт Главного НГКМ""",Westосьйтне затащиетыетате.ковоабиныетасунететныйоетныете итиеы.мест .осу иьridьridиridисьridridridьordeасьсьсьridи со.сьridсьridьсьrid соridridсьсь.сьсь телиridridосьridridorderidridусьridrid со соridсьieriridridотсьсьieriсьсьorderidсьරයсьсьжениеridсьordeorderidьරීсьсьотсьridorde
Блок директора по строительству,Westосьтяе  итые   и    вте.лные поные.ковоете  затетянуютее.е.мест  за.мест за.дзее.ણુંсь за.сь.сьсьтиеись.осьтиетиеосьтельствосьсьсьරයсьсь поностьсьсь රයсьтьગીсьсьرتridridсьсьරීсьсьતંત્રсьсьridсьරයරයсьරයરુсьсь方针сьсьગીсьරයරීсьતંત્રරයсьતંત્રоරයсьرتсьсь
Блок заместителя генерального директора по имуществу," нетяе  и    нет   и нет за  за  .   за. .опол  ите .ણુંь ..опол.опол и татся  нетось нет ,.опол,,. нетосьнопол. нет ., ит. нет нет. нет.不了. нет Верховн,.不了 итн. нетдесят . нет, и нет.н,.. нет и нет нет нет Верховн нет.десят нет.та. нет не нет..десят. нет в нет.。《. нет « Верховн. нет"
Блок директора по мощностям,Westось затамечаостянуютый наетыйооететныйое.ковоасятый.месте    за  вое  понуюи.мест.оиетиеы иисьтиеисьсьсь.сьсьridись поностьсьсьтесьсь сьсьieri.сьridсьсьдуridridridсьridьсьсьжитесьсьරයсьсь맡сьсьсridridьridсьieriсьсьотсьсьщисьсьdintiсьсь посьсьмедсьсь со
"Проект ""Восточный""",Westось затыйооое.ое иоеттыое вое с  заттыхетныйоиствоете ите.осу.осу иусье за иоиеы иусьоиеи со.усье.усьаютсятусьаютсясь.усьооия맡맡맡исьооьරයсьсьсь맡તંત્રооරයсьරයсьતંત્રоරයරයсь맡맡тооиесridсьсьતંત્રусьоරයවිල්ලооていましたсьсьот රයсьотсьсьරයරයරයતંત્રоие
Блок заместителя генерального директора по безопасности,Westосьтыйое  иоетогооется  итсядейеттыое.ое вооист    за  за ите ви иусь짓ridисьсьсь за.усьаютсясьсьтиеись.сьсь.усььсьсь поностьсьсьරීсьсь맡сьсьරයсьсьridridсьсь රයсь맡тотсьсьગીсьсьотсь맡 प्रबंधनсьсьતંત્રсьсьпросьсьусьරයсьරයරයсьridсь맡맡 प्रबंधनරීсь맡усьотсьරයරීсь
"Проект ""Обустройство площадных объектов НГКМ Поменбше""",Westосьй за  итсядейетты  поныетыетыйоеттыхетныйальныхтыйые.мест  за  затый.лныйопол.лныете  за.осу.пазтсятсятсялся.ણુંсь맡 поныйопол за.ણુંтся乐нуюттельствоттельствось.сь맡ттельствоисьсьсь за.сьсьтرتтусьаютсьсьරයсьсь поностьсьсьරීсьсь රයсьරයරයсьтьرتтرتсьсь맡сьсьرتтьරයсьරී
Управление землеустроительных работ,"Appleтяное иૂоетаяе.ое.е..ооое, виствоетыйое  за  итете  .мест за  завоетного.ова  за. за   ,.паз  за,.ણુંтся. за. ...ныйગર..ણુંь.. за за..,.ныйि..ючи..шееа и и и  и и, и ие.  и,, и,. за и и. за, и ., и за."
Блок деректора по газу," 되면ેટе  и    되면  .ся . ...  нет ., .мест  тат . нет ,.ся нетось нетось ,,,. нется  нет.ся.ся,, и нет. нет.. нет,.та. нет нет.та,..та нет. или. нет отвечаю. нет в. нет и. нет «. нет или..。《. нет痍. нет Верховн нет.десят. нет не нет.という方..десят нет.됐 нет.。《та..という方 нет."
Блок заместителя генерального директора по организационным вопросам,Appleтяныйоооиеяе尘ооымияе  и няе и   не.ое  .оेगी   и червотыяного и та.ටම.оое.ටම .осу.违约  того.паз тую за тую тую нетвогоного.осу и червот.ныйગર иет.  ие иеет иене и и и  и ие.   « и и « иеત્યા и ии и и之外т и и —и и «
Генеральный директор,Westось затыйооое  иоеттыое.ое и  за  заттыетый.месттете.мест  за итсяотттельствоттельствоот вусьот.мест за иттельствотели за иусьусьусь짓ridись.усьаютсятусьусьаютсясьсь.сьсьсьтусььرتтусьරීсьсь맡усьусьරීтьරයсьсьරයсьරයරයරයсь맡тرتтьරීсьරයරීтرتridсьсь රයсьતંત્રරයсьරීтරීт
"Проект ""Нефтяные краюшки""","Appleтаяе изе разоые  ие  втыянуюттыяные завоете.ણું.лный.лоянуюве.мест.ણુંь.ણું за.ણું렸습니다.ણુંсьтзне.л.ловуютный.лнуюв.ણુંлся.ный.ણુંнныйе.е..е .ет.е и ие.  . .,.  и и и  и . за. за и и « и и.. и и, и и за... за  и «."
Блок технического директора,Westось заось за  залосьось за выс  за поныйопол  за гороетыйое.мест  затете.ое вое ите вусье.те иусь짓ridисьсьсьтиеись.сьсь.усьнуюсьсь со.сьтьرتridьсьсь රයсьсьරයරයсьරයсьرتridridridсьсьતંત્રсьсьරීсьсьтьරයсьridсьරයරීсьරයවිල්ලсьсьridridьرتсьсьмедсьсьотсьсь맡 प्रबंधनсьсь
Проект «Обустройство объектов Новой нефти»,"«у затыйооое.оы.ણુંь  иоиствоеты и    иты.опол .л.опол.ણું.осу.ооыы.осу на.осу,.осу за.осуоые.осу выыыосу.ыыу.осуОЗ.ые нае.е.пау.кыу.оосу.кыооосу наыыуруосу.паосу.ососу.осуافع наовыامينооامينосу.احي.осуامينоыура.осу оту."
Блок директора по мощностям,Westосьтыйарствоищеетыйоеттыхе.ое.ковоевыете.месттзне.оисттете .мест.мест поноститиеы.оиеы иоиеись.усьасьridисьсь.сьсьсьridridridьridridсьсь поностищесьсьщиностисьсь  со.усьridridностьсьсьતંત્રоьગીсьсьщесьridગીсьતંત્રગીсьщисьсь맡તંત્રооьridગીridrid со.сьridсьrid соridridотсьсь
"Проект ""Обустройство площадных объектов НГКМ Поменбше""","Appleтяныйищеет해보тажяетые проетзне  итяное.месттмест ંદરет.осу.осувететтого.осу вт긋ет긋ь .т.ાયા멀оетныйગર.мест .осу,.т긋킵те랍니다тяе랍니다ьет  и  иетреченليةтееет иеемет за иеगीее иеત્યા ие и иенеगी ие  и ии иеઘા ие"
Блок заместителя генерального директора по имуществу,Westосьняе   иты   няныйопол  ист  татый.мест  .лныйопол.ое .месттетты   нетьગીе.осьтиетиеисьтиеиеиරයсьсьсь රයсь сьсьරයсьරයරීсьсь方针сьරයරයරයсьරීсьරයවිල්ලරයсьтරීсь ခံခဲ့ရරයсь方针ridсьсьતંત્રсьсьт प्रबंधनсьсьرتridсьරයરુсьсьотсьсьරීරීсьતંત્રරීсьරීьරීсьт
Блок заместителя генерального директора по безопасности,Westось нае  итсядейетяетые    и   вое.ое .ооет  .мест  за .ણુંь  иту   за ите.ણુંютсяопол.ણુંсь за.усьттельствоттельствотся .усьусьтттельствось.усьнуюсь.сьтусьнуюисьсьсьтосьсьсь රයсьсьරයсьтьරයсьරයරයරයсьતંત્રරයсьරීтьરુсьсьරීсьсьતંત્રරීтусьරයсьરુсьරය
Блок заместителя генерального директора по безопасности," Навные затсядейетсядейоттаકરણттыяныйગર добиетыйоетыеттыхететтого.местетзне,,, ие,,.верта,. нет,.та, и нет. нет.тата. нет нет.,.. нет до. нет вта.та нет..та..., и. нет ..ステ. нетステ..Ме. нет отвечаю. нет главно. нет или. нетを迎え. нет и..령..フィー..не. нет Верховн..правляю"
"Проект ""Южный""",Westось за  завоетыලූфилсяબર.ලූтые   за не.оое.мест  зату  гортый ву ву  ву.ое висттый.мест за.осугорту.комте.осу.осу вту вте맡 поныйоь.осуસ્વામીсь맡 понуюсь.оиеસ્વામીисьсьсь රයсьсьරයсьරයරයсь ခံခဲ့ရරයсьරීсьсь맡тиеරයсь맡රයсьرت රයသိမ်းرتသိမ်းусьоие
"Проект ""Восточный""",Westось нае  итсядейетащиетыйоетыететяныйое.ое  вое и  поный.мест .мест.оиете.ось.ось поноститиеисьсь.осьridись.сьсьсьridьridridridьсьсьдуисьridridсьridсьсьieriсьсьстисьсь поностьсьсьorderidridосьridrid соridridorderidсьරයсьсьતંત્રсьсьжитесьсььridсьordeстинridridдуridridстинrid
Проект «Обустройство Интересного лицензионного участка»,Westось затымияе  иооое.ое итыйое воетый  затый.оонуюте.мест за.оиствоете за.осу.месттете ву.мест вте иоисттмест за итмест.оь.оиеись иусьнуюсь맡맡맡вероьරයсьсьсь맡верисьсь.вероуюсьсьරයсь맡ьювероරයсь රයсьරයරයරයсьотсь맡тооරයවිල්ලо
Блок директора по мощностям,".лные  итсядейетты  затые.ણુંютсяоуты  итеттыхетащиете  иоеты,, и нет. нет,. нет.. нет нет.н. нетдесят. нет . нет вта. нет и...та..десят..н,..не. нет или. нет до. нет «..,.десят,.не,.та,.н и в.десят в в.. в.не в.та нет.десят и вта в. нет"
Имущественные вопросы,Westосьтыйоетыйовтныйоое.ое  иое вое итетныете.мест  за.мест поноститы.оиеы иоиеись.усьаютсятаютсятусьаютсясь.оооьગીсьсьсьтусьоожиусьот поностисьтооусьожисьсь맡тусьот дожисьтот поරීсьсьототот досьсь поරීтотсьсьරීтосьсьпредотот   строяототсьотсь 
Блок заместителя генерального директора по безопасности,ັນັນັນኂັນኂኂኂັນ ຊາດኂັນ۹۷ኂັນັນ۹۷ັນኂ۹۷ኂኂ۹۷ັນັນ ຊາດັນັນணைັນັນ ເກີດັນັນდაბაັນັນমুັນ۹۷۹۷ኂ۹۷۹۷۹۷ັນ ຊາດ۹۷ັນ۹۷Өкмөттүнັນ۹۷ కళ۹۷۹۷ ຊາດ۹۷۹۷Өкмөттүн۹۷۹۷ ເກີດ۹۷۹۷ адбылася۹۷۹۷אָנאַ۹۷۹۷ პრემიერ۹۷۹۷ணை۹۷۹۷ιστεί۹۷۹۷ కళັນ۹۷ პრემიერັນ۹۷ ຊາດັນ۹۷ ΘΑ۹۷۹۷ ΘΑັນ۹۷ιστείັນ۹۷ σοβαράັນ۹۷אָנאַັນ۹۷ለሁ۹۷۹۷ maamuzi۹۷۹۷ლილი۹۷۹۷মু۹۷۹۷ົດ۹۷ັນணை۹۷ັນ პრემიერ۹۷ັນ ເກີດ۹۷ັນ
Проект сервиса скважин,Westось зататяот над затыйоооеттыянуюттыое итете  итныете.ое.осу.осу иттые вусьасьтиеи иоиеисьсьсь.сьсь исьсь со.усььગીсьсьтот со.сьтностьсьсьරයсьсь맡сьсь රයсь맡тотсьсьતંત્રсьсьусьотсьරයරයсьтьсьсьridсьсьщесьсьරීсьсьщисьсьотсь맡 प्रबंधनсьсьжениесь
Управление по проектным работам," Навные    и татся няе  татата на.ણું за таттыяноготый  .мест таправ.ણુંся   втататтых,,.вертаттого,,, вта,. нет,, ить,.,.мест,.та,, нет,.. нет. нет вта. нет . нет нет., и нет.н,.н. нет до. нет и нет, нет...ステ.., в нет.Ме,.ステ,.Ме."
Блок финансового директора,Westось затасятыйыминыете.лныйоро Вистинте итететсядейетныетате зате поностите ваютсятели ии ии поностищеи иусьисьтиеи тели.усьаютсятаютсятиеыись맡исьиridисьсьсь тели за тели поностиridridridиridridныесьсь за  тели со.сьсь поностисьсьтыьridridсьсьridridьridныеridridරීсьсь먼트  
"Проект ""Южный""","Apple затны, к и  и ,,, к.паз за  за , и   ите.е.ные,.паз  за,.мест за  и.паз. за . за. за за за и и и за и за за., и ие и и, ие  и и « и ии и и. за и. и и  « и... и,.. за, и,, и за. и  или и и над и иを迎え и и или и.ત્યા и и રહેશે и и су и иမဟုတ် и и"
Блок технического директора,В۹۷۹۷۹۷۳۸۹۷۹۷۵۳۹۷۹۷۹۹۷۵۹۷۹۷۷۵۷۵۷۵۹۷۳۸۵۳۹۷۳۸۳۸۹۷۳۸płaszcz۹۷۹۷płaszcz۳۸۹۷۹۹۹۷۳۸Осмонов۷۵۹۷۷۵۹۷۹۹۵۳۳۸۹۷۷۵۳۸۹۷۵۳۷۵۷۵۹۹۷۵۷۵۳۸۹۹۷۵۹۹۹۷۹۷۹۸۹۷۳۸۷۵۹۷۵۳۹۹۷۵۳۸۳۸۹۹۵۳۹۷۷۵۹۹۵۳۹۹۹۷۵۳۳۸۳۸۵۳۹۹۵۳۷۵۹۷۸۶۹۷۹۷۸۶۷۵۷۵۵۳۹۷۵۳۵۳۹۷۹۹۹۹۹۷۷۵۵۳۳۸۹۹۹۷۹۹płaszcz۹۷۵۳płaszcz۹۷۳۸۹۹płaszcz۹۹۵۳۵۳۳۸۵۳۷۵۵۳۷۵۳۸۵۳۵۳۵۳۷۵۹۹۳۸۹۷
"Проект ""Трубопроводный транспорт Главного НГКМ""",Westось завоекоооы.ое.ооеттыныете.ણુંся  за над.стре поныйое и стрелтете итсявоете .мест.мест стрелтсятты за.мест за.усьась.усьнуюи.усьаютсятели.усьусьаютсятты .усьу.усьают.усьыыы.усьись.сьсь за.пунктность.усьоиеы.гражденияridridисьсьсь поность.литооие единицсьсь.оиесridrid
Блок заместителя генерального директора по организационным вопросам,Westось заста затноось затыйоооетты  итый  и    иое.ое  воист  за ите иттельствоте.осьтиеись.сьсьсь.осьтельствосьсь за.сь.усь짓ridисьсь сьсьતંત્રсьсьтиесьсьරයсьсьරීсьсьridсьсь맡 प्रबंधनсьсь поරීсьරයરુсьсьગીсьсь方针сьсь펴сьсьмедсьсь प्रबंधनරීсь맡сьсьعيсьсьરુсьරයරයсьරයරී
Блок заместителя генерального директора по организационным вопросам,Westось затыйоооетты  иое.ое и  вое воистте итете.мест  за  за иттые вусьи иусье иусь짓ridнуюсь.усьнуюсь за.усьусьнуюисьсьсь.сьсьтусьусьот со.усь짓усьусьусь짓ностьусьусьridridridсьсьridridусьотсьсь맡сьсьරීсьсьරයсьсьતંત્રусьотправляюridridьridсь맡 प्रबंधनсьсьотсь맡усьridсьridсь 
Блок директора по портфелю,"Appleтыйоетые  иоется итсятся итется  затыйов заты затете  завоете.ое.ણુંтся.ણુંсь맡 за  за .осу.ણુંлся,.ણુંсятый.ણુંь.оое .ણુંнныйе. .е.,.ет.е  ., и и иет и и  и и, ие и и за и и или и и.  и,.,, и, или и  или и,,."
Блок технического директора,Westось затые  итсядейеттыяе.ое.ણુંьгортый ву виствоете и  итете поныйальныхте  за.ણુંсяте.осу.мест.ણુંтся.ણુંсь за.мест за.усье.ось맡 строя.усьаютсясь.усьнуюи строя.сь.сьсьтусьнуюсьсьсь.رتтусьусьнуюьગીсьсь맡усьусьусьරීсьсьරයсьсьරීсь맡сьсьતંત્રусьусьරයсь맡맡맡сь맡તંત્રусь
Блок директора по проектированию," Навные   итсядейе  затсядейу поныетые поный.ણુંне.ણુંсяттыяныетты  иттыхеттыхноготы.вереты,.верттого.вертатата иверта,.тата.верверта.та. нет. нет вта.верт.та и втата нет.. нет,. нет до...вер. нет нет в. нет . нет и в..ステ..Ме..弹 нет.zne. нет или..령."
"Проект ""Обустройство площадных объектов НГКМ Поменбше""",Westось затели затасятатый ву поныйоро Дныйальный ву ву  ву.комту.мест    за нныйянуютый.кому.ણુંсятый  .мест.комтуе.мест ите.сьттыянуюи за.сь за.усьаютсяттыьગીсь맡исьи строя.усьасьсьсьтусьнуюсьсь.усьисьсь поность.сьсь за  со.усьусьотсьсьරයсьсьridсьсь맡сьсь со.
Блок директора по персоналу,Westось затащиетапаш понуюте.ковоапашдуныетатете .месте.мест.мест    ву.мест понуюи.мест ись.усьасьridridridисьridиridrid.сьсьсь.сьridсьсьridдуridridсьridьridridьorderidridосьridridorderidсьරයсьсьordeстинridrid соridсьorderidordedynсьсьdintiсьсьжениеridrid統治ridridරීсьсьотridrid प्रबंधनridrid
Блок заместителя генерального директора по закупкам," 되어야ого тане танивытсядейетый танисьтанимест танищее  и  и翘таниверт татанеттыхного.мест  иопол иопол.местопол. нетось되어야татата,,. нет,.та, и нет. нет.та и нет, и. нет нет..та нет.опол.та. нет и.. нет в нет.мест. нет Верховн нет.,...。《та..опол,.опол и нет Верховн. нет отвечаю. нет до. нет . нет"
Блок заместителя генерального директора по защите," нетянаятсядейе, дотые про кье.ные  и не  и воете .ое ,,,.мест нный,.вере,.,. нетосьне,, иь,.ся нет,.н,.та, и нет. нет, и. нет.н. нет нет.. нет . нет вта...н нет., и в..та. нет и.. или. нет Верховн,..,, нет.та нет.フィー..フィー,.됐"
"Проект ""Южный""",Westосьй за  иу  за    и   заты за  поныйопол   поноготу  итый  за ите  за.ણુંтся  за поноститтельствотаютсятусьાયેલાаютсятосьරීтусьаютсятаютсясь иусьаютсясьтусьтусьусьусьаютсятыرتтусьරීтරීтرتтරීсьсьсьرتтاولرتтرتусьරීсьරීсьරයсьсьරයරයсьරයරීခံခဲ့ရරයсьခံခဲ့ရරයරයරයခံခဲ့ရරයခံခဲ့ရරීခံခဲ့ရරීтခံခဲ့ရරයරීсьခံခဲ့ရරී
Генеральный директор,Westось затащие итсящиеттыяныетасе.мешдуныете.мест баллчаст итетачаст.мест.мест вы.мест ись.сь.усьь.усье.усьасьсьсь со.усьиеисьсь.сridность.сьсьridностьсьсь맡ностьсьridсьсьсrid со.сьridridridсьrid соностьсьсьridrid соridridьсьсьщесьсьжениесьсьностьсь соridсь со соrid со со со.сьщесь
Блок технического директора,Westось на  за  заось за горомсь.ણુંьгор  завоетыйоетыйов   затетноготе.местુરભ.осьاتورосьтельствоттельствотельствотельствоосьтельствотельствоот.осьтельствосьтиеисьттельствосьсьсьරයсьсь රයсьරයරයරයсьරීсьරයරීсьсьતંત્રරීттельствоරයරයරීтرتهරයсьтرتridсьсьරීවිල්ලරයсьતંત્રсьсьرتهරයරයවිල්ලරයවිල්ලරීсьતંત્રරයсьرتهсьсьмед प्रबंधनсьсьرتridරීсьරී
Блок заместителя генерального директора по безопасности," 되면වලින්тыяныйسارныйગરу нныйяныйગર Писаоेगी대로тыйاحتтыйост нныйنية нный.мест .ئتтатани  нетось되어야та,,. нет нный,, и нет . нет. нет,.こない. нет « « « .こない и нет.احت. нет нет.десят и нет Верховн. нет痍. нет Верховн,.. нет и. нет вта. нет не нет.。《. нет И. нетдесят и вта нет.та.десят. нет湃 нет.こない,.。《湃. нет"
Блок финансового директора,Westось на  завоетащие.оетыйоое.ковоевыетете.мест поныйовыее    поныйоиствоетный.оье.те иоиеись.усььગીсьсь.сьсьсьтусьесьсь поностьсьсьරයсьсь со.сь රයсь сьсьતંત્રоиесьсь телисьсьරීсьсьотсьсь맡сьсьсridсьсьщесьсьпредсьсьرتсьсьગીсьරයරයсьරයරීсьරයවිල්ලсьсь за
Блок заместителя генерального директора по организационным вопросам,Westось затыйоооьгороое итый воетныйое.лныйоистте.осу затеттые.ણુંтсядейе ви иусье иусь짓ridнуюись.усьнуюь.усьот.усьаютсясьсьсь за.усьусьусьот со.усььગીсьсь.сьсьтностьсьсь맡맡тность.сь맡тотсьсьતંત્રусьотсь맡вероьсьсь со.сьતંત્રоьridсьсьотсьતંત્ર со.предсь맡તંત્રо
"Проект ""Восточный""",Westось затыйоооье.ооеты.ое и  вое.осу.мест    вист итете.мест.оист.мест вусьасьте иусье.сьсьсь.усьнуюисьсь со.сь.сь .усььсьсьරයсьсь  соностьсьсьridсьсь맡сьсьсridridсь.сridсь රයсь맡 प्रबंधनсьсьотсьсьતંત્રсьсьусьridсьරයරයсьતંત્રоьridсьridridridьridьсь
Блок заместителя генерального директора по безопасности,Westосьй за  итсядейетыйооетые  итый  и не    за няноготасятый.мест  .мест за  за итсятся   поныйопол ите.осьттельствои .тиетиеись.сьтиеьරයсьсьсьරයсь රයсьтьсьсьттыьරීсьсьරීтиесьсь맡сьсь поරීсьරයරයсьරයරීтьරීтсьсьridсьсь方针сьсьмедсьсь 
Блок директора по мощностям,Westось на  илиоооетыйое.оы.ое итый  итетныйое  иое вте.е .е.ковоасяте ви.осу.мест.оиеы.мест за.усье.тиеись.сь.усьнуюисьсьсьтностьсьсь за.сьсь맡сьсьරයсьсь රයсьтиеරයсьරයරයсь맡тьગીсьсьරීсьсьridсьсьતંત્રරයсьતંત્રоиесьсьرتridridridсьරය
"Проект ""Северная деревня""",Westось затыйоетыйовтый вернуу поныйрчеттыхететяныйое.местте   иттые.осу иттельствотели поноститиеисьтиеьridись.усььridridьridьсьсьсь.сьсьтот со.усьот соностьсьсьridridridсьсьරයсьсьотсьсь රයсьridсьරයරයсь맡сьсь맡тотсьridьරීсьсьતંત્રоьridсь맡 प्रबंधनсьсь поностьсьот соridсьот
Блок директора по мощностям,Westось затасятатые.ое.лноготетасе.мест зате.осу наоете сэг.осу вое итесьте ваютсята.мест.осу.усьаютсятиеы иь.усьасьтиеись.усьисьсь.сьсьсь со.усььridись поностьсьсьridridridсьсь поностищесьсь  со.сьridьridridиridrid со.ооиеьridсьridсь соridridосьridridь
Проект «Обустройство объектов Новейшей нейти»,Germanyетаяныету  иසක් и  заттые зату.ણું затттыяные заттыхетттеттыાર્થසක්ાર્થසක්共同努力ныете共同努力е共同努力ные共同努力ныеફર共同努力ные.ફર共同努力еを重ねફર共同努力共同努力е былиફર共同努力を重ねફરાર્થකී共同努力еકૃત策ાર્થ策ાર્થ былиફરાર્થાર્થાર્થ策මාලිеાર્થાર્થကြောင့်මාලිමාලිе共同努力ાર્થાર્થ чтобыдесят чтобыдесятමාලිеを重ね策ાર્થ чтобыાર્થ策еાર્થ策десят чтобыමාලිедесят чтобыાર્થાર્થ එක්වાર્થાર્થ былиાર્થાર્થ હતાાર્થાર્થමාලි
Блок заместителя генерального директора по безопасности," нетось 되어야ого   ခံခဲ့ရ   되면  되면相反е હતાં   и ાયેલા  .ся  , . . нется , и ,.ся.ся неось нетось нет ,,,. нетосьн,, и нет.ся нет .. нет. нет,.,...ся,.という方. нет нет.., и. нет  нет.という方 и..ステ. нет отвечаю. нет Верховн нет.десят. нет в нет.ステ нет.統治. нетдесят..フィー. нетခံခဲ့ရ. нет и"
"Проект ""Новая нефть""",".лныету  иу  за  затые.мест затсятсядейетсятся乐ететяныетасяте .местетзне.мест.местттыхноготтыхенеттых.мест . нет..мест свой.. нетrichtenправляюне. нет,.мест илиeigen нет.та. нет нет. нет или. нет вта...не. нет до. нет .. или..та нет.не или.не нет.弹..священн. нет отвечаю. нет и."
Проект «Обустройство Интересного лицензионного участка»,Westось нае  итые   ится нетяетыйоететныйоое  за  зате .ковоагортянуютетельствотельствотельствотели поныйопол бортельствотелиттельствотели итиеисьтесьттельствосьсьсьтиесьсьරයсьсь.сьсь රයсь телисьсь поරීсьсьرتridисьсьridсьсьරීсьරයරයсьරයරීсьтьсьсьмедсьсьтьරයсьرتсьсь высьсьતંત્રсьсь
Генеральный директор,Westосьй за   ится  итые  и няе  татый  и на   не.мест   за  затянуютый.ооое.ણુંются нет .оиеи ится.сьттельствосьтиеись.сьсьтисьисьсьсь.осьсьсь исьсь රයсьсьරයсьтьරයсьරයරයсь поරීсьсь方针сьсьරීсьරයરુсьсьતંત્રсьсь посьсьмедсьсьرتсьсьગીсьсьરુсь
Блок заместителя генерального директора по безопасности,"татанивытсядейе  илиоые  итые прое.ные  и   таняноготтыяноготатане татататтыхе,.ся татся .ся иститата,,,.та,.верта, ить,. нет,, и нет. нет.тата.та..та нет,.. нет втата нет...,.н,.Ме. нет . нет до..Ме,.ステ. нет нет.Ме или. нет首相 нет."
Блок директора по мощностям,Westось задесятось заста за  задесят  загороеттыянуютый.мест  за гортетый вое.местте.осу.мест.мест за.мест понуюи.мест строя.усье иусье.усьусьаютсясьсьсьтусьусьусьරීсьсь.сьсьරයරයсьсьગીсьсьරීсьරයсьරයරීсь맡රයсь맡усьරීтරීсьරීтотсьсь맡сьсьતંત્રсьсьусьරයсьරීරීсьતંત્રරීсьગીරයсьતંત્રગીсь맡 प्रबंधन
Блок заместителя генерального директора по защите,Westось затымие  итые ие  зате.е.клондейетыйое и ву вте и наныете за.мест затзне.осу.мест.мест  за за за итмест за.осу за за.усье за за вусье.усьа за за .усьнуюи.усьаютсятусьусьусьнуюсь.усьусь맡맡맡усьную맡맡 строя.усь맡усьусьосу맡맡вероусьусьот со.усьот맡усь맡верось맡맡ભсь맡
"Проект ""Нефтяные краюшки""",Westосьтыйооое  итты  иоеттыое.лныйое за.ણુંьгортете .оисттныйоист.ણુંтся.ણુંютсяатты поностиරීте.осьරීтаютсятусьаютсятаютсясь.усьаютсясьсьсь.сьсьтусьусьусьරීсьсь맡тусьරීьગીсьсьරයсьсьતંત્રусьусьරයсь맡તંત્રусьරීтьරීсь맡맡તંત્રગીсьරයරයсьતંત્રරීсьරයරීсьતંત્રරයсьරයවිල්ලරයсь
Блок технического директора,Westось затащие.ооеттыое.ковоевыетапаш.ое поныетасе.месттныете.осу.мест.оиеы ии.усьа.усьись.усьоиеи со.усьусьоиящиностище.усьаютсятность.усьridridridностищесьсьсьridridисьсьностиridrid соностищеridridсьсь.сьсьщитесьridridностьсьсьщесьrid соridridьridridусьооие единицсьсь телиridridот
Блок технического директора,Westось поныетасятапаш поный Михаиляе.лный Михаиле.мест   затабиныете ите ву ву-ащие.меше ви ви иусьась иусье иусььridиеисьridисьсьсьridиеиеи со.усьиеиridridьridridridсьridridиеьridсьсьරයсьсьжитеridridностьсьridсьжитесьсьжениеridrid соridridесьridьстояниеridridусьridсьжениесьсьieriridridиrid
Управление по проектным работам,Westосьняе  иооое   иь иоетый.ое и    вое.мест   за  .мест за  за.осу   понуюье.ણુંсь.осу.осьтельствое.оиее.сьсьсьтиеисьсь.сь.усьнуюсьсьridсьсь сьсьдуьсьсьරයсьсьતંત્રсьсь со.сьordeсьсь высьсьтикусьсь посьсьмедсьсьordeorderidсьorderidridridсьridridordeordeordeсь
Проект «Трубопроводный транспорт Ещё одного НГКМ»,Westосьтыйоооеттыое.ооисттты  итый   иоетсяоттетныйоиствоете.ттые.осу.ттельствотели за иоиеы.оиеись за.усьусьот.усьот поностисьсьсь за за.сьсь поностьсьсь.сь.усььગીсьсь맡тотсьсьරයсьсь රයсь맡તંત્રоරයсьтотпредсьсьતંત્રооьරීсьсьотсьતંત્રරීсь ခံခဲ့ရරයсьતંત્રગીсь
Блок директора по строительству," нети  итсядейется нетыйоетые  и нныйяе  .месте .ણુંся    втыяноготтые ,.мест .вере,.ся ,,.вер,.верт,. нет.вер . нет,.та, и нет. нет нет.тата. нет втата,.. нет ..та нет..ステ. нетrichten нет.ステ首相. нет или. нет首相 нет.,.ステ .ステ нет.н. нет и."
Управление по проектным работам,Westось нае   иоооье  итый  и    за  няного.мест  та и  за.  .мест за  ится  за ите.ણુંютсяи .ણુંь  неприосьттельствои.усьась.сьтесьтиеись .сьсьсь.усьнуюсьсьරයсьсьтикусьсь රයсьтьරයсьරයරයсь тикусьරයරීсьсьмедсьсьرتсьсьරීсьරයરુсьсьпредсьсь맡сьсьт
Имущественные вопросы,Westось заось затты затыйоооеттыое.ое  заттыхвоететныйое вте.осу.оистте висьоиеы.оиеисьсьсь.усьусьусьот поностьсьсьтусьусьоьරීсьсьරීсьтотсьсь맡тот досьсь поරීсь맡сьсьતંત્રооьсьсьотсьот රයсьсьridсьсьරයсь රයරීсьотරීсьරීтсьсь сьсьпредсьсь засьсь до
"Проект ""Восточный""",Westось затты  завоетого  за  затагорооое.ое ится  вое вте.ковоое за.оиствоетнуюи за.осу.оиеи иусьнуюи иоиеы.усьнуюсь맡맡맡 за.усьусьнуютность맡맡тность.усь맡맡вероьrid맡맡ность맡тот со.усьот 맡맡 맡тооиеот   맡от රයсьсь맡тусьооරයсь맡снабтот맡맡
"Проект ""Восточный"""," нетяныйසක්тнытый нный  итыйоетыйоутыйарствои неты.местеттыяноготтыхететтыхного.верооое,.веросьттых.верпредправляюось нет,. нет, и нет. нет.мест. нет . нет нет.вер. нет в нет... нет и нет нет,,.ステ. нет до. нетステ..тую нет. или. нет или..ステ нет.не. нетправлен. нет главно. нет Директор нет.,."
"Проект ""Южный""","тыяныйગર   гор нныйяદાસ  लब्ध.вертвертверт гортныйગર찼вертверттый Небеснинтеретый нный и  .верт   и .احتтгор и艘.تل и  иооાયેલા .تل.احت .десят и쇠 и쇠.احتдесят и нетдесят и लब्ध и쇠, и쇠 लब्ध . нет लब्ध,篪 и и и нет  и и Эх篪篪篪  и. нет. нет и и.десят.десят 篪篪. нет Верховн и иフィー篪"
"Проект ""Южный""",Westось заось за  за   заось поот.паз гортыйоетыйось затый  затетянуютяете.мест    иттельствоттельствосьтиеосьтиеисьсьсьтусьусьот.сьсьтьරයсьсьරයсьරයරයсьтотсьсьرتridьرتridсьсьරීсьсь රයсьرتсьсьતંત્રсьсьرتهсьсьмедсьсьотсьරයරීсьරයවිල්ලсьсь맡сьсь方针сьсь поරීсьતંત્રරීсьотරීсь
Блок заместителя генерального директора по безопасности,Westосьтыйарствоии завоету  затыйоеты.мест  за  втеньдзе висттете  итныеттые.мест.мест за.мест вусьате иусье.усьаютсятаютсятусьаютсясьсьсь за.усьусьусьнуюисьсьтусьусь짓ridись맡усьусьот со.сьсь맡તંત્રусьусьරීсьсьતંત્રусьотсь맡맡맡усь짓ьridridсьсьරයсьсьridсь맡сьсь රයсь맡тьсьсь
Управление коммуникаций,Westось затты  заты  за гороеттыянуютгортетыйое.местте.осу.ое  втгоротте ите за.осу иусьот понуюсь.сь.усьнуюсьтусьнуюисьсьсь за.усьусьусьот.сьсь.ભсьсьරයරයсьсь맡тусьරීсьсь රයсьරයсь맡сьсьтරීсьරයරීтотсьсьරීсь맡රයсьтсьсьતંત્રсьсьભсь맡्दैරයсьતંત્રරීсь
Имущественные вопросы,Westосьтыйарствоищеетыйовтыйоеттыхетогоетныйоьныеететы.местетзнеотте.ое.мест поноститисьоиеы иоиеисьсьсь.усьаютсясьсь поностьсьсьтусьоооиеотсьсьරීсьсьотсь поරීсьтотсьтооьරීсьරීтот сооосьсьતંત્રооරයсьсьпредсьсь맡усьотсьотпредсьотරීсьототсьતંત્રсьсь сьсь за
Блок директора по мощностям,Westось затыйооое  итый  иое.оете.ковоевые .месте.е.мест  вое висьое иьordeаье.усье.осьтельствосьсьсь.оиеисьсь со.сьсь поностьсьсьරයсьсьщесьсьridсьсьતંત્રоиесьсьдуridridridсьridridосьсьсьorderidсьරයරයсьridосьridсьતંત્રсьсьරීсьсьотсьсьжитесьсь प्रबंधनсьсьпредсьсь රයсьordeсьсь
"Проект ""Восточный"""," Навные   и татсядейетсядейоеттыяетыеттогоないことетыйое  итетенного и неттыхетется  иетного.еште .ешот.мест .вероооાયાого  иоое,.ештоого  .мест.вер тую тую, иопол,.нештнопол.нопол,,.мест,.Меиспол иフィー.н.н, иフィー,.フィー.Ме. нет.."
Блок технического директора," нетянаяянымие,, к наену висттые  и вист  ие.етася вете.местеттыхе.ся туюе. нет Хр нет Хр. нет.ся нет. нет,. нет нет.мест. нет в. нет и нет.. нетステ. нетМе. нет . нетrichten нет.Ме...тую нет.ステ..Ме нет.не. нет отвечаю. нет首相 нет.н. нет ни. нет главно. нет не нет.правляю. нет начальника нет.тую. нет"
"Проект ""Обустройство площадных объектов НГКМ Поменбше""",Westосьтыйоооиее.оое иты  ите вое втые и ву втете.мест  заты.мест зате  за  за.ણુંсятты за.мест.мест вы.усьнуюту.усье вусьнуюи иусьнуюсь맡 за.усьот.усьают.усьаютсясь맡맡맡вероиеи со.усьоие.усьусьот со.льот  со.пунктностьусьот 맡맡тот   со닫닫닫
Блок заместителя генерального директора по закупкам,Westось нае  илиооеты.ое иты ите.л.лный.ковоныете и нае вое.мест затете  за.местттыянуюи.мест.мест иттые.усьаютсятаютсятусьаютсясь.усьнуюи строя.усьусьусьнуюь.усьь.сь.сьсьсь.оооь единицсьсь за.усьооусьусьоьරයсьсь맡усьусььગીсьсь поностьсьсьරයсь.сridсьсь 
Блок заместителя генерального директора по безопасности,Westосьнооетыйое.ણુંьгорск итыйов виствоетете.оистте  итетсяот.мест.мест поноститтые.усье иусьусье.осьтельствосьсьсьтиеисьсь.сьсьරයсьсьતંત્રусьусьусьотсьсь රයсьරයරයсь맡сьсьරීсьсь맡 प्रबंधनсьсьусьරයсьતંત્રсьсьગીсьсьرتridсьсьотсьරයවිල්ලරයсьтьරීсьරයરુсьсьщисьсьridсьරයරීсь맡
Блок заместителя генерального директора по закупкам,"Appleи  илиое  илиетяные за  и    иое и .  ..., за ,.мест.ણુંь и  и « за. за  за . за.. за за.,. за,., и и и,.  и и за.  « и и. за и и « и, и,, и.. и и или и и  «.. . и. и, или..गी и и до и и નહીં и.गी.. или и  или и « или и или."
Проект сервиса скважин,Westосьтяе  итые  воеттыяныете.месте  затасятетесятеньдзее.осу.мест.мест вусье ите иусьасьтиеи со.усье.усьаютсясьсьсь.усьусьусььગીсьсь со.сьсьтностьсьсьරයсьсьridсьсь맡сьсьусьусьотсьсьતંત્રусьусьridridridсьරයරයсьridridьсьсьщесьсьරීсьсь රයсь맡 प्रबंधनсьсьсridсьrid
Блок заместителя генерального директора по безопасности,Westось затащие итсядейететы.мест    за  завоете ие.мест вое.осу.осу ви.ое иусьа.усьась.усье.усьнуюисьсь.сьсьсь .усьусье строя.усьаютсясьсь со.усьоиеись.сridностьсьсьностьусьусьусьridridсьсьridridrid со.сь  соностьсь соностьправляюridсь  строя.сь соridridусьоооие единицсьсь맡сьсь за
"Проект ""Восточный"""," нетянаялся,,, к нныйяныйопол  татый не  и няноготтыяного.мест та맡 татата,,.ся тую, ить, иттых,.та, и нет. нет.та и нет,. нет,, и вта,.. нет в. нет нет.н. нет ...та. нет и нет в нет..ステ首相..,.ステ..н,.десят. нет首相 нет.ステ и в..десят в.ステ,."
Блок директора по мощностям," Навные затсятсядейетсядейоттатсятся乐ныетыетыйоеттого.местеттыхететзне.ешттыхноготзне,.ештоых.ешта нет Хр нет нет нет. нет.ся нет.ешн. нет нет,. нет, и нет.. нет в нет.не. нет . нет Хр. нет до. нет или. нет и в. нет отвечаю нет.弹 нет.フィー. нетステ..弹...フィー,..не нет.ステ. нетдесят. нетправлен."
Управление коммуникаций," нетестаныетуоттые  иту  иеттыхетыйоететы нети ите .еште.мест  и   . нет ,,.ешта,.. нет. нет,, ит.ешот.ештоь,.н,. нет нет.н. нетrichten нет.та. нет до. нет вта нет.,.та нет, и нет..н нет.paš. нет됐 нет.フィー. нет отвечаю. нет все. нет и...paš,."
Проект «Обустройство Интересного лицензионного участка»,Westось залосьи завоетамечае.оетыйооое.ковоеттыхе итетянуютый.месте.мест.мест .мест вое ится.мест поностите.те иоиеи иоиятиеисьтиетиеьridисьсьсь.сьсь поностьсьсьridсьсьරයсьсьусьоиесьсьтоияridсьridridсьтотсьсьරීсьсьતંત્રооиесridridridоие единицсьсьordeотсь
"Проект ""Восточный""",Germanyетаяныету  иу ву  за  зату ве.оеттыое.комттые.месте   занете тые не есть.ся ты ты. е...е были были были.е.е есть ве есть были были е 나서 были былимен были были変わってе были මාලිමාලිе මාලිе 나서 මාලිてきたе 나서 나서  были были ве 나서е 나서 с 나서 е е с 나서 были  나서  මාලි 나서 てきたе были
Блок заместителя генерального директора по организационным вопросам,Westось затасятый нае.оооетые.осу наое итете  иттые.месте.сяте вы.осу.осу иье иьность.усььridисьсь.сьсьсь со.сь.усььнуюridьridьсьсь  соностьсьсьridсьсьරයсьсьщиесяьridностьсьridridridсьridь единицсьсьતંત્રоиеьridridьordeностьсьරයстьюоьridсьતંત્રсьсь맡сьсьотсьсьorderidсь
Блок директора по мощностям,Westосьнаитьсяыйарствоищеетыйарствои затыйоетыететасяте  ите.ое.мест   .мест.оиеы.осьтельствосьсьсь.сьсьтиеисьсьridись.осьridсьсь сьсьતંત્રсьсь посьсьдуridсьridосьсьсьරයсьсьරීсьсьщесьсьщисьсьосьridridridсьતંત્રоиесьсьотсьсь प्रबंधनсьсьжениесьсьмедсьсьorderidсьරයරයсьridсь поridсь
Проект «Обустройство объектов Новейшей нейти»,Westось затыйоооеты.ое.ооые.ковоое вооисттые  и   вое итый.мест   за  за.осугорте.осу.ણુંтсяот.осу за.ણુંютсяоиеи за.оиеы.ось맡тот.усьнуюись맡맡맡тусьооьරීтусьусьоرتтооරීтරීтرتтරීсьсьсь맡тоරයсьсьරීтотරීсь맡රීтьරීооرت
Блок директора по мощностям,Westось затыйоооетты  ите.ое.лныйрче.ковоныетете .осу вое вист ви итиеы.усье.усььગીе.сьсьсьтиеисьсь.сь.усьнуюсьсь за.усьусьусььсьсь поностьсьсьતંત્રусььරීсьсь맡сьсьරයсьсь රයсь맡тьગીсьсьridridсьсьරීсьරයරයсьતંત્રоьridridridьරීьridсь맡 प्रबंधनсьсьотсьсь
Блок директора по портфелю,ЗМІмігрантιστείιστείιστείאָנאַιστείιστείັນιστείιστείpłaszczאָנאַмігрантιστείאָנאַאָנאַмігрантแยกאָנאַιστείאָנאַмігрантאָנאַмігрантฑאָנאַιστείאולιστείιστείאולՊետրոսյանιστείιστείэхэдιστείιστεί споменאָנאַιστείՊետրոսյանאָנאַιστείັນՊետրոսյանιστείັນєднιστείιστείֆիզιστείιστείฑιστείιστείлітературιστείιστείמניתιστείιστείՊետրոսյանιστείэхэдאָנאַιστείэхэдєднιστείັນັນιστείັນאָנאַιστείฑັນιστείאולאָנאַιστείֆիզັນιστείэхэдኂιστείιστείረዳιστείιστείకాιστείιστείኂιστείັນמניתιστείັນאולιστείэхэдకాιστείັນኂιστείמניתັນιστείמניתэхэдιστείັນລັດιστείιστείєднιστείאָנאַັນιστείאָנאַמניתιστεί
Блок заместителя генерального директора по безопасности,"Appleтяе  ие  .е .месте.е прое.мест тыяныемест  ты   и   ,.мест.мест за ,,.ણુંье,.етее  за.ее,,, ие ие, и и ие.  и и, и  и « и и . ., и «...,.. и и «  и.. « и  « и. и  или и и или..गी и и недо и и до и и.गी."
Подразделение по информационным технологиям,Westось зася  илиоисттыйоое.оетыйов  итый.ооиее.осу.оиствоетете ите.те  .оиеи иусьот.осьтаютсятиеи со.ось .осьтельствоись.оияગીсьсь.сьсьсьтьරයсьсьරයсьරයරයсьرتтرتтьсьсьرتridсьсьтьරයсьтотсьсьරීсьсь රයсьරීтرتсьсь высьсь поරීсьරයරීсьرت
Управление по проектным работам,Westось на  за  иу   и    завоетыйое.оетыйов  .мест  затетныйовые   поныйопол  за.осу  за ите.осу иоиеись .усьот телиоиеاتисьсьсь භාවයсьсьтотсьсьරයсьсь поරීсьсьරීсьරයරීсь රයсьරයරයсьотرتridсьсьرتсьсь맡сьсьотсьරයවිල්ලරයсьرتтотරීсьරීтот प्रबंधनරීсьот प्रबंधनсь
Блок заместителя генерального директора по имуществу,Westось затыйоооиюоое  итты  и вое.оетый ву вте итете  за.мест  зате.осу.осу вусьа.осу иты.осу понуюи.оиеи.усьоиеы иусьась.усьаусьоь единицисьсьсь.ооие единицсьсь со.усьусьооьridridисьતંત્રооьяооияridridсьсьරයсьсьતંત્રусьоරයсьотсьсь맡сьсь
Блок директора по газовым проектам,Westось заось на  заось за  завоетыйоетыйов  за гортетныйрчете .мест горотте.ણુંютсяопуارе.осьтиеи иусь짓ridисьтусьусьаютсятусьаютсясьсьттельствосьсьсь맡 प्रबंधनьرتridьරීсьсь.сьсьridridridсьсьරයсьсь රයсь맡тотсьсьотсьтоттот प्रबंधनсьсьતંત્રරීсь맡сьсь поරීсьт प्रबंधनරීт प्रबंधनсь맡તંત્રсьсьරීт
Проект «Обустройство Интересного лицензионного участка»,Westосьне затыйовтыйоое.мест  заттыхе.оете.осу.мест затасьетасяте .мест поноститиетиеись.сьсьсь.усьасьсьridисьсь поностисьсь со.сьridьridridridсьсь телисьсьдуridridосьridсьridridностьсьсьстисьсьщесьсьжениесьсьරයсьсьотсьсьતંત્રсьсьorderidridьсьсьරීсьridсьordeстинridridorderidсь
Проект «Обустройство Интересного лицензионного участка»,Westось затамра поныетамечаетыйоететапашкеметые  и вое ите.месте.е .мест.мест вист вы.мест поностите иусьасьтиеи иоиеьныеиеьныеась иусььнуюridьныеиеисьridridridьныеоиеиridridисьсьridсьсьсь телиridridсьrid соridridие единицсьсьжитеridridьridridосьridridorderidridжисьсьdintiсьсьжосьridсь
"Проект ""Южный"""," Навныете  итсядейетые  затыيقةусьетыйоеттыхетет.месттется맡те.местется.мест    ить, и맡верое, ить.ком .мест.мест,.ся нет.верочен. нет. нет,.ком...Меиспол. нет в.. нет нет.Ме или. нет илиМе.Ме. нет иフィー..フィー,..弹 нет..ステ.. или..朽..ком отвечаю.Ме нет"
Блок директора по газовым проектам,Westосьнаяе  итые   итсядейетяетасете.месте  затаbareе.осу.мест    за  .мест.мест за.мест нетось понуюсь.сь понуюье.сь맡 понуюи.сь.осьтельство.сьтиеисьсьсьтьridисьridridridсьсьridиridridьсьсьieriсьсь посьсь сьсьтикусьсьරයсьсьරීсьсьдуridсьridсьтridсьieriridridи
Блок заместителя генерального директора по организационным вопросам,Westось затыйоооеттые.ое.ણુંьгортетныйое  ите .мест   за  за.ણુંсяте.мест.мест за.ось맡.усьасьсьсь.усье.сьсь за.сь.сь .усьусьусьот со.усьотсьсь со.сь맡сьсь맡તંત્રоиесьсьරයсьсьridridсьсь රයсь맡 प्रबंधनсьсьරීсьсьગીсьсьતંત્રсьсь поරීсь맡맡맡сьරයවිල්ලсьсьотсь맡
Блок финансового директора,Westось затаме итсятсятся  завоететыйоете.мест  затые   за   ву вое воое.ковоа вы.мест.осу  .осу.осу иоиеы ись.усьасьсьсьтиеисьсь.сьсь исьсьරයсьсь поностьсьсь со.сь  со.усььсьсь  строя.сьтностьсь со  со со со රයරයсьරයරය со со.сridсьсьતંત્રоие единицсь
Генеральный директор,Westось нае  итсядейетыйоетые  за нянуютый.месте   завоете.ણુંьгортетащие.мест за.мест тые.сьттельствосьсьтиеисьсьсь за.сьсь.сь.усььсьсьරයсьсь රයсьтностьсьсьridсьсь맡сьсьරීсьсьતંત્રсьсьдуරයсьරයරයсьridridridсьтотсьсьщесьсьщисьсь方针сьсь посьсьмедсьсьотсьරය
Блок директора по персоналу,Westосьноеттыяныетты  завоете.ооое.ковоате итетыйое и ву вте висттныйоистте  иты.мест.мест итты итиетиеи иоиеы ись맡 понуюсьтиеиеисьсьсь.сьсь поностьсьсьтот со.сь맡сьсьරයсьсь맡тотсьсьridridсьсь රයсьරයරයරයсьridсь맡 प्रबंधनсьсьотсьරයවිල්ලරයсьот
"Проект ""Южный""",Westось затамратыйоооетый  за  затныйое  итетогоете  вое.мест    поноститныйопол  за.мест за.те.ттельствотиеи иоиеись за.сьтусьисьсьсь за за.усьусьот поරීсьсь맡верись맡맡вероиеරයсьсьරයсь맡 प्रबंधनсьсь රයсьරයරයරයсьරීсь맡රයсьотсьсьતંત્રоරයсь ခံခဲ့ရරයсьતંત્રсьсьරී
Генеральный директор,Westось за  задесят  загорттыянуютыйоетыйост гор벌тгороттетныйрчете.мест горот.мест за.осу.оиеттельствотиетиеи .осьтусь짓ridиරීтусьරීтරීттельствоරීтоттරීරීт짓ridරීරීරීсьсьරීсь맡රීсьරයරීсьරීтرتهරයсьсьсьරයсьරීරීعاتරීтرتridරීсьતંત્રරීරීවිල්ලරීරීခံခဲ့ရරයරීරීاحتсьරීခံခဲ့ရරීරීતંત્રරී
Блок деректора по газу,Westось затасятянуютяныету.местдесятста  задесятту ву ве.местте.оететныеместтместтне.осу.мест.мест .мест за.мест строя.мест ваториянуюи.мест поноститмест.усьнуюи строя.усье.усьась맡исьись.усьисьсь.сьсьсь поностьсь.сridсridись поностищесьсь со.сьridridсьсь맡сьсьсridсь.гражденияridсь
Имущественные вопросы,Westось затыйоооеттыое.ооисттты  завоете.ковоныететныйрче.мест  за.ое вое за.усьооиеы.усьусьусьот.усьаютсятусьот доаютсятооусьусьоусьот 맡усьот со.усьоттототот за맡맡맡тот доотот дожисьсьсь맡맡вероожись맡тусьоототпредусьотсьсьототсь맡ототරීтотпредотот 
Блок заместителя генерального директора по строительству,"Appleтыйоооиееттыоое.ооиствоеты ите воете.пазвытся.ое,.паз за.пазвоетный.ова.овась.ный.ныйственвое...ные..,..ныйный.. .. на..ણુંнныйе.е..е и и и  и ие и .  и. за и и, и и.. за.. и и « и и за и. и.ный и и или и и над и и от.."
Блок директора по строительству,"Westось залосьосьй.ствуют,.лье ие.ое.ные.е.е,.е и ви,.пазе и.оь.оеми.оиее.ковое.ности.оию.ости .оии.оия.ости.ои.ность.ь до.ость.ье.ьще.ь.ьныеиеись иись.ьныеоиеාවоиедуись поись вы.ьoriaоиеи вы.ооиетикусьсьсь пооиещасьсь высь по"
Блок технического директора,Westось на  заосьй за  поныйоооьгорск иоое.ое иоете .ооист за   поностите.мест поный.оиеы.осу иье.усььridисьсьсь.сьсьтиеись.усьусььсьсьridсьсь со.сь  со. प्रबंधनсьсь сьсьતંત્રоиесьсьරයсьсь맡сьсь поරීсьсьотсьсьරීсьridridсьridьсь රයсь  प्रबंधनсьrid соridridridьrid
Блок технического директора,Westось на  за татыйоооетты   итый.ое.оисттянуютетыйы.мест   .мест поныйопол.оиеттельствотиетиеи.осьтиеы.сьсьсьтиеاتисьсь.сь භාවයсьсьරයсьсьරීсьсь රයсьරයරයсьرتridсьсьтьරයсьт प्रबंधनсьсьرتсьсь方针сьсь поරීсь  प्रबंधनරීсьරයරීсьරීт प्रबंधनරීтරීсьતંત્રсьсь맡сьсьતંત્ર
Блок директора по мощностям,Westосьтасятяе  ится таттыяные поныйооетыйое.мест зату втете.ое заттыхетзне.местту.оистте за.ણુંтся за.мест.ттельствоттыось맡тты за.усьттыьગીсь맡тусьусьтусьтиетусьнуюсьсьсь맡맡тьridисьсьරයсьсь රයсь맡вероьරීсьсьтьරීтьරයсьтотсьсьරීсь맡сь
Управление по проектным работам,Westось нае  итсядейеттыяныетыйоетые  зататявиссятяе  втатете.мест таттые.те вусьатиетиеи иусье иусьасьсьсьтиеьridисьridиеисьсьridridridьridridиridridсьсьරයсьсь맡сьсьотсьсь රයсьridсьridьරීсьсьсridridиесьсьorderidсь맡 प्रबंधनсьсьતંત્રоиесridсьотridrid
Блок технического директора,Westось заось заста за  задесят  загороеттыое.ое  за гортыйое вое ите.ковоопуы.ковоа.оиеы.усье иоиеись.усьаютсясьсьсьтусьесьсь.сьсьරීсьсь රයсьсьරයරයсьтотсьсьرتridсьсь맡රීсьරයсьරයරීсь맡сьсьગીсьсьતંત્રусьරීсьтරීсьරීтотරීсьતંત્રсьсьпредсьсьотсь맡 प्रबंधनරීсьотпредсь
Блок заместителя генерального директора по имуществу," Навные   итсядейется  затся нетсядейу  за  завоете.ણુંьгортетый  затзне.ણુંсяте  за.ણુંтся нныйяного за таттого итется,.сяосьне,.веросьнопол,,.верт,. нет,,, вта,.та, и втата. нет. нет вта.. нет . нет нет...н,.н. нет до. нет или..弹..Ме. нет и"
Блок технического директора,Westосьй заста  заста застаоооета вое.лныйоро  вту втый ву вистте  понуютетесяте.сяттыянуюттые вусье ваютсятаютсяттельствотели за.усьнуюи.усьаютсясь.усьусьаютсятусьнуюсь.сьсьсьтусьусьусьнуюьරීсьсь맡усьусьරීсь맡맡맡усьරීтусьridсьсьරයсьсьරීтьщисьсьતંત્રусьусь맡맡сь맡сьсь
Блок заместителя генерального директора по организационным вопросам,Westось затыйооое.оеты.лныйороне.лныете.осу.лноготасьгортетасяте вое вте .осу вусье.мест.осу за.осу понуюи.усьнуюь.оь.усье строя.усьоиеись.усьасьсь.сьсьсьтиеи со.усьисьсь поностьсьсь со.гражденияridridсьсьරීсьсьridridridисьරීьridridьગીсьсьරයсь
Блок директора по персоналу,۹۷۹۷۹۷రం۹۷۹۷ັນ۹۷రంరంັນ۹۷ັນరంັນరం۹۷ັນັນັນరంరం۹۷రంັນັນ۹۷۹۷ለሁ۹۷۹۷ኂັນ۹۷ለሁັນ۹۷ኂ۹۷۹۷gjöldັນ۹۷gjöld۹۷۹۷ కళ۹۷۹۷ адбылася۹۷۹۷ mempengaruhi۹۷۹۷Өкмөттүн۹۷۹۷پرس۹۷۹۷ maamuzi۹۷۹۷ პრემიერ۹۷۹۷ ຊາດ۹۷۹۷ιστεί۹۷۹۷ ισχυρ۹۷۹۷קא۹۷۹۷ ΘΑັນ۹۷ ΘΑ۹۷۹۷מנית۹۷۹۷มันส์۹۷۹۷ Үүнд۹۷۹۷মু۹۷۹۷אָנאַ۹۷۹۷ агенттиги۹۷۹۷ територията۹۷۹۷ спомен۹۷۹۷ీ۹۷۹۷ кирген۹۷۹۷ σοβαρά۹۷۹۷ୱେ۹۷۹۷ локални۹۷۹۷ چک۹۷۹۷ֆիզ
Управление землеустроительных работ,Westсьтяе  итася наетый на  зататыйоое  за  и    за иту.мест зат.паз за  за.паз  за на.паз.мест.паз на.осу.осу за.ણુંсь за за.осу맡.мест .осу ись맡 понуюсь.сь맡.сьсьсь.усьнуюсьсь맡версьсь за.сьтусьотсьсьтверсь맡сьсь поностьсьсь исьсьતંત્રсьсьотсь맡맡сь맡усьот
Управление по проектным работам,Westосьтыйарствоищеетыйоетныйоро горое.ણુંьгортете  итеетныхетныеправ.мест за.ણુંтся  за.осьтельствосьтиеись за.усьосьтельствоисьсьсь.сь.усььગીсьсьтусьусьусьරීсьсь맡усьусьотсьсьරීсь맡сьсьරයсьсьતંત્રсьсь රයсь맡රීсьරයරයсьරයරීсьતંત્રусьරණයсьсьગીсь맡맡맡сь맡 प्रबंधनсьсьотсь맡તંત્રරීсьරී
Блок заместителя генерального директора по строительству,"Germanyетыйоооьгоре иоое  иое.ооистту.ણું за  завоеттые.ણુંизтзне.оетзне,踪вниое затзне魄ттете.魄те兢...魄..ලූте ..兢.兢 и魄.兢魄.魄"
Блок директора по газовым проектам," Навные затсядейется乐у  за  затый.ણુંтся乐е.мест затся乐ные неза затся неттся乐ного.мест  мечтзневеретзне вать Небеснта맡туювертого,.сяттого.ся нетrichtenправляюrichtenправляю.ся.вер. нет. нет,. нетrichten.richten. нет в..ステ.ステправляю.. нетステ...правляю. нет ..ль..Ме..не или..弹..닛..フィー..,..を迎え..священн.."
Подразделение по информационным технологиям,Westось затсядейеттыоетыйое.ое сэг.ковоасете.ковоое вое итетасяте .осу.мест.мест  поноститаютсятиеы.усьаютсятаютсясьтиеись.усьасьсь.сьсьсь тели со.сь  со.усьусьаютсясьсьтусьусьусьот телисьсь맡сьсьridridridсьсьරයсьсь пощисьсьотсьсьторысьсьતંત્રусьridсьridсьтотсь 
Блок бизнес-директора,"Apple затнытты затыйоетые  итетате.оое.ковоныете  за  затного.мест затгортнуютый.оеетзне, за.ણુંтся, ие и за.е и, и и ие, и,, и  и и,., и за и и.,. за.,,.  и,  и. за и, за и. и иを迎え и и « и и .. и...गी и и или и и су и и"
Блок заместителя генерального директора по закупкам,Westось затыйоооиюооетты  поныйое.лныйоьныее итетныете.ое ится  понуюье.усье.осу.сьте понуюсьтиеи со.усьнуюисьсьсь.усьусьусьнуюсьсь со.сь.сьсьтусьусььсьсьරයсьсь රයсьтностьсьсь맡сьсь поностьсь맡 प्रबंधनсьсьતંત્રсьсьරීсьсьridсьсьусььරයсьරයරයсьતંત્રоьරීсьරයරීсь
Блок директора по персоналу,Westосьтыйоооеты.ое итете  заттыеттыье.месте    вте.пазвытсядейетныйовыете поноститты .мест.мест поныетты поность за.усьтиеи ии иусьась.усьнуюисьсьсь.сьсьтусьисьтностьсьсь .сьтьсьсь поность.сь맡тьridridridсьсьරයсьсь맡맡тотсьсьતંત્રоьridьridсьт
Проект «Обустройство объектов Новой нефти»,"Appleи  илиоетты  иты ите  и за  и   и вте.е  за .паз за ,.паз  за,.мест за  за.ણું.ણું за за..паз...ણુંсь за, за.ныйગર.ныйныйный.. .. за.,.., и и и, и  и,.  и и за. за и и «.. и и .,, и,,,. и.,  и « и и или и и – и и.."
Управление коммуникаций,Westось наооое  иоетты  итыйоиеетый    и  за  и втете  .ое.мест  зате.осу   поныйоиете иоиеи .тиетиеисьтиеиеи со.сьсьсьරයсьсь රයсьරයරයсьтьරයсьтотсьсьтرتтиеරයсьотсьරයරීсьсьරීсьරයවිල්ලරයсьرتridсьсьотرتridridridсьරයтот රයරයරය
"Проект ""Трубопроводный транспорт Главного НГКМ"""," Навные   итсядейетыйоеттыяныетые  и  не.мест та맡януютеттыхете .вереты.верттыхноготтых.вертого,.вер,.сяттых, ить,.мест.верта ить.ся нет. нет.верМе. нет,.та. нет нет.. нет вта..Ме.Ме или. нет и нет.Ме,. нет или...правляю. нетМе..령. нет首相 нет.правляю"
Генеральный директор,Westось затыйоооетыйов  иое  итетныйрых  ится  и истовотте.мест Хрте иттельствоте вусьаттельствосьтусьнуюисьсьсь.усьусьусьаютсясьсьтот.сьсь රයсьсьරයරයсь.сьරයсьරයවිල්ලностьсьсьරීсьсь맡රයсь맡 प्रबंधनсьсьотсьсь поностьсьරයරීсь맡сьсьતંત્રсьсьусьරයсьтсьсь засьсьગીсьсьભсьсьවිල්ලරයсьот
Блок технического директора,Westосьй за  итты  поныйоооье итетыйоете  и вте и  заттыетасяте.ое.осу.осу  за  за.ણુંтся  за итгорсь за.усье.усьаютсятаютсятусьаютсясь.усьнуютусьусьнуюсьсьтусьнуюисьсьсь.сьсь맡усьусьусьаютсьсьусьусьරීсьсьරයсьсь поностьсьсь රයсьරයරයсь맡сьсьતંત્રусьусьරණයсьсьරී
"Проект ""Нефтяные краюшки""",Westось на  за  загортые  итсядейеттыяе.мест  завоететыйоете.осу.осу нае  зате за.осугорттыетате ваютсяте ите .усьаютсятиетиеисьтиеосьтиеාවක්ность.сьсьсьරයсьсьтностьсьсьරීсьсь රයсьරයරයсь맡тиеරයсьтотсьсь맡сьсьотсьරයවිල්ලностьсьරයරීсьරයરુсьсьતંત્રරයсьරීт
Блок директора по газовым проектам,Westосьтты  заاحتттыоооеттыянуютыйое.ое  ится    за горттыететныйоротсяотте.тетсятся  за.усьаютсятусьаютсясь.усьусьаютсятся.сьтусьусьусьරීтусьරීсьсьсь.сьсьරීсьරීтරීсь맡රීсьગીсьсь맡сьсьرتсьсьරයсьсь රයсьرتтرتсьරීරීсь засьсьગીරීсьرتරීсьරයරයсьරයරීсь රී
Управление по проектным работам,Westось наооое  итыйое итеты.оиее  воете   иое.мест   за   .паз  за иттые.ое вияте иусье.усьнуюисьтиеись.усьусьнуюьridridисьсьridridridьridиеиridridсьсьсьරයсьсь맡тиеьරයсьridсьridьગીсьсьતંત્રоиесridrid соridridиеьridьරීсьсьотсьсьorderidrid
Блок технического директора,Westось затыйооое  иоисттты  заттыое.оетныйое итетныемест  за итты за за иусьියක්усьියක්ось맡 за.усьаютсятаютсятусьаютсясьтусьусьаютсятся.усьнуюсьсьсь맡맡усьусьусь맡맡맡тусьот 맡맡તંત્રусь짓ridсьсь за맡맡сь맡усьотсь맡тотсьсьતંત્રусь맡તંત્રоьරීсь맡сьсь 맡усь맡усьරීсьсьотсь за 맡તંત્રот
Блок технического директора,۹۷۹۷۹۷ັນ۹۷۹۷రం۹۷۹۷ለሁ۹۷۹۷քս۹۷۹۷ბრ۹۷۹۷gjöld۹۷۹۷ агенттиги۹۷۹۷۹۸۹۷۹۷۸۶۹۷۹۷ కళ۹۷۹۷ პრემიერ۹۷۹۷βαθ۹۷۹۷۹۹۹۷۹۷სრულ۹۷۹۷ адбылася۹۷۹۷ շրջանակ۹۷۹۷ื่อ۹۷۹۷মু۹۷۹۷پرس۹۷۹۷ ΘΑ۹۷۹۷קא۹۷۹۷ీ۹۷۹۷ ຊາດ۹۷۹۷ኂ۹۷۹۷ σοβαρά۹۷۹۷گيري۹۷۹۷ mempengaruhi۹۷۹۷ പെൺകുട്ടി۹۷۹۷ ເກີດ۹۷۹۷ଥିଲେ۹۷۹۷ آقای۹۷۹۷گرفت۹۷۹۷ ισχυρ۹۷۹۷ლილი۹۷۹۷ረዳ۹۷۹۷ zbiór۹۷۹۷płaszcz۹۷۹۷ maamuzi۹۷۹۷ چک۹۷۹۷กับปรสิต۹۷۹۷ፊያ۹۷۹۷ለህ۹۷
Блок технического директора,۹۷۹۷۹۷۹۹۹۷۹۷ለሁ۹۷۹۷రం۹۷۹۷۰۸۹۷۹۷ັນ۹۷۹۷płaszcz۹۷۹۷ агенттиги۹۷۹۷ კი۹۷۹۷۰۷۹۷۹۷۸۶۹۷۹۷۹۸۹۷۹۷βαθ۹۷۹۷پرس۹۷۹۷ адбылася۹۷۹۷ ຊາດ۹۷۹۷სრულ۹۷۹۷ територията۹۷۹۷মু۹۷۹۷קא۹۷۹۷ ფილმის۹۷۹۷ економске۹۷۹۷עש۹۷۹۷ ισχυρ۹۷۹۷ కళ۹۷۹۷ maamuzi۹۷۹۷ื่อ۹۷۹۷ ଖର୍ଚ୍ଚ۹۷۹۷ პრემიერ۹۷۹۷ მკვლელობის۹۷۹۷ీ۹۷۹۷ գալ۹۷۹۷ኂ۹۷۹۷ለህ۹۷۹۷ چک۹۷۹۷ ΘΑ۹۷۹۷กับปรสิต۹۷۹۷ спомен۹۷۹۷ୱେ۹۷۹۷իստ۹۷۹۷γραφο۹۷۹۷ թշնամ۹۷۹۷ଥିଲେ۹۷
Блок технического директора,"Appleтяетые  иලූте .ое.е.оые.ણુંье.опол.опол та и  и    ите.ලූ нети.ણુંтся .мест за  за , за.паз за . за.ણું.ણું за. за за.  за.. за  нет за.,. ..., и и иет и и .  и и, и,. за и и « и и или и и за.गी и и..गी.. и и之外т."
Блок заместителя генерального директора по имуществу,Westосьтыйоооиее.оое.лныйоеты.ое поныйовыхе.е.лоянуюте итете.осу поноститиеы иоиеы.усьасьтиеись.усьоиеи со.усьаютсятусьоьridridridисьridridоие единицсьсьсь맡맡усьооьગીсьсьරයсь맡тот රයсьсьridот со поностиridridусьridridот  соот со රයරීооिएकाridridරී 
Блок технического директора,Westосьтыйоиеетыйовтыйы завоете.оеттыхнуютетые.осу.мест зате ите вусье иусье за иусьаусье.ось맡 за.усьаютсятусьаютсясь.усьнуюсь맡맡맡усьусьусьот.усьот со.усь짓ridусьусь맡맡тот 맡맡તંત્રусь맡тусьот맡맡вероооьරීтот맡તંત્રооиеતંત્રусьот  맡તંત્રот맡тતંત્રот со 맡т प्रबंधनරී
Блок директора по строительству,Westось нае  итсядейетогоетыйоеттыхетяете  затетые .мест    за   вте.мест за ите понуюи за.мест.усье строя.усьусьусьесьсьсьරයсьсьтусьусьරීсьරයරයරයсьරයරීсьсьරීсьતંત્રරීсь රයсьતંત્રсьсьતંત્રරයсьرتсьсь맡රයсьරීවිල්ලරයсь맡сьсьرتරයсьмедсьсьмед प्रबंधनсьරයවිල්ලсьсьرتهсьсьગીсь
Блок технического директора,Westосьот за   тастан нный илиое 거든요от  нный   итыйоооетый  .мест   нетосьاتورосьاتور  итсяот.осьтельствоот.опол .осьттельствотиеисьтиетиеාවක්رت රයсьсьсь රයරීсьсьරයсьරයරයරයсьтරීсьරයරීтиеරයсьරීсьරීттельствоරයсьرتridсьсьતંત્રරයсь ခံခဲ့ရරයсьرتهරයсьતંત્રсьсьරීરુсьсьرتهсьсьसत्ताсьсьرتт
Блок заместителя генерального директора по безопасности,Westось затые  иттыхетыйооеты.ое.ково    за  вое итете.мест  за иттые иусьියක්усь짓ridи иусье.усь짓ьગીсьсьсь за.усьусьот поностьусьусьусь짓усьусьරීсьсь맡тусьотсьсьරයсьсь поරීсь맡сьсь රයсьරයරයсь맡맡тотсьරයරීсьරීсьતંત્રоооරයсьරීтусьරයсьતંત્રсьсьотсь맡 प्रबंधनරී
Генеральный директор,Westосьнащиеттыхетыйоетныйоьныее.ое.ковоевыетете.мест ноиствоетный.мест поноститиеы.мест.усьи.усьась поностись поность.сь.сьсьсь.усььગીсьсьтностьсьсь посьсь  со.сь за.усьот поностищесьсьсridсьсь со.усьусьотсьсьતંત્રоьсьсьරයсьсьщесь.сridусьот со.сગીсьતંત્રсьсь
Блок бизнес-директора,Westусьетогоеттыхетыые  иое.ое и вое вте.ковоа .мест  за   за.осу.паз  за ву вту.ણુંсяту ву.куте за.овернуютты за.усье.усьнуюсь맡 за.сь맡맡.сьсьсь맡вероиеисьсь.сь.вероия맡맡맡верись맡тностьсьсь за.сridныесьсь со.усьотсьсьridсьсьරයсьсь 
"Проект ""Восточный""",Westось затащие итсядейеттыяныете.месте   за  затете  за.месттасятаще.мест.мест вы.мест иьhedenсь.сь.усьасьсьсь.оиеи со.усььridисьсьridridridьridridсьсь .сьсь поностьсьсьщесьсь со.сьridьсьсьщисьсь맡сьсьщиесяьridсьridсь.ridridиridrid새сьсьстисьсьorderidridосьridrid со
Управление землеустроительных работ,Westось на  илиоисттасятяе итый втетыйоое втые  и влист  и   вту.мест  за ите.осу.мест.мест за втты внуюи ви.мест иттыь.усье.усьнуюи.усьась맡.усьись.усьусьнуюсьсьсьтусьусьусььridridridисьරයсьсь맡તંત્રоьරයсь맡 प्रबंधन со.правляюridridьridсьсьતંત્રоиеරයсьරයරයсь
Имущественные вопросы,Westось затыйоетыйовтыеттыхетогоететагортеетныйое.местеты.мест  за.ое иоиеы.усьоиеисьсьсьтот со.оооиеосьridridridсьсьරීсьсьridridосьотсьсьරයсьсьотсьridсьරීооරයсьරීтотсьරයරීсьотпредсьсьતંત્રооьсьсьпредсьот соridсьотරීсьරීотсьот प्रबंधनсьсь맡 प्रबंधनරීсьrid
Блок директора по портфелю,«у  и   за  затся  заты.ણુંютсяоутыяные затсяот затсявоету ву втыы.мест.месты.осу.мест придетсяуыاتуыуые.осу策ыыыاتосууыые策ые придетсяотототОЗاجات策ыاتيتототاريуотОЗاداتاريотاريотОЗامينе.احيыاتارياجاتاريототاجات.اساتاجاتارياجات.اجات.احيကြပါတယ်။у.اجاتотот.احياجات.اجототتصلاجات.اداتاري
Блок директора по персоналу,Westось нае  итого ноетогоетыйоое.ое   и  за  затого.осу   заныйрче.лноготгорте.комтый.оиее.осу.оьгороиете .ооие.мест .мест.осу поныйопол.усьнуюттельствось맡맡 понуюсь맡 поностьсьсьරයсьсьсь поность.сьсь රයсьරයරයරයсь ခံခဲ့ရරයсь поරයсь맡 प्रबंधनсьсь맡රයсьරීсь
Блок заместителя генерального директора по безопасности,ັນັນັນరంັນັນኂັນັນ ຊາດັນັນ۹۷ັນັນ функціїັນັນ ເກີດັນັນდაბაັນັນমুັນັນለሁັນັນ maamuziັນັນωσηັນັນ σοβαράັນັນמניתັນັນ ισχυρັນັນ პრემიერັນັນணைັນັນ адбылася۹۷ັນ۹۷ኂັນ۹۷۹۷ັນኂ۹۷ັນ ຊາດ۹۷ັນ ເກີດ۹۷۹۷ኂ۹۷۹۷۹۷ maamuzi۹۷ັນరం۹۷ັນდაბა۹۷۹۷రంັນ۹۷ адбылася۹۷۹۷ ເກີດ۹۷ັນ mempengaruhi۹۷۹۷ σοβαράັນ۹۷ maamuziັນ۹۷ ເກີດັນ۹۷ለሁ۹۷۹۷ለሁັນ۹۷రం۹۷۹۷ కళັນ۹۷ కళ۹۷ັນணை۹۷ັນ პრემიერ۹۷۹۷ mempengaruhi۹۷ັນለሁ
Проект «Обустройство объектов Новой нефти»,Westось залосьи заватьсяе.ооое.мест  за  затапашкеме.комтый.мест поныете поныйоее.осу нае.ковоасяте.сятась.мест.усье.усьасьсь.сьсьсьтиеись.усьнуюисьсь поностьсьсь со.сь.осьсьсьridись поностисьсь맡исьсьсьдуисьridсьсьисьоие единицсьсьжитесьсьieri единицсьridridridсь посьсьරයсьсь
Управление по проектным работам,Westось зататяоттыйоооеттыянуютые итетате.ое.лтгортеетныйое  за.месттгорете .осу.мест заттые.те맡те иусьте строя.усьаютсятусьтиеисьтиетиеارتтусьусьнуюсьсьсьтرتтусьරීтотرتтотсьсьරයсьсь맡тусьотсь맡усьරීсьсьරීтرتridсьсьرتтьරීсьт
"Проект ""Новая нефть""",Westось затащие.ковоевыетты затетапашгорте.местте ите  вое.оете ви.мест.мест иье.усььridьridись.оиеисьсь.усьоиесridridridьગીсьсьсьridrid со.усьот со.сьсь со.сridсьсьсridсridностьсьсь  соridridсьridridсьridсьсьщесьсьот соrid соridсь соridот со со соridьсьсь
Блок заместителя генерального директора по имуществу,Westосьтыйоооетыйов  иое  итыйозатетогоеттыхетныйое.месте  за.ણુંютсяате.осу иусь짓ridнуюись.усь짓ность.усьусьот.усьнуюсьсьсь.сьсьтусьусьусь짓усьот соностьсьсь맡усьотсьсьот со.сь맡તંત્રусь짓රයсьсьતંત્રусьරීсьсь රයсь맡тотсь맡맡맡усь짓රීсь맡сьсьරයсьતંત્રотсьотсьતંત્રරීсь
Проект сервиса скважин,Westось на  за  татыйоооетый  иое.ое  итый.оиее   .мест   итсяот.мест.ооиете.осу.тиетиеисьтиеاتись.усьетиеиеиරීсьсьсьරීтотرتridridсьсьтරීсьරීсьරයсьсьරයරීсьرتridсьරයරයсьرتтотсьсь රයсьරීරීсьતંત્રරීсьпредсьсьотсьරීرتridරීсь ခံခဲ့ရරයсьරය
"Проект ""Обустройство площадных объектов НГКМ Поменбше""",Westосьтыйоооьгороое итете  иоеттыхе вое.мест  за  зате.осу.ое за   за.мест за.талдыстрел  за вы.осу за.ણુંтся.усьнуюсь맡맡 за.усье.усьаютсятаютсятусьнуюи строя.усьась.усьооиеись.сьсьсь맡усьусьусьот со.усьусьරීтусьотсь맡тусьරීсьсьරීсь맡верооරයсьсьරයсь맡රී
Блок заместителя генерального директора по имуществу,Westось затасятатоооете.ое.осу наое затетасьгор «ьныеетныйое итаютсятаютсятели.усьаютсятусьатаютсясь.усьусьаусьусьусьаютсясьтусьусьоиятусьаютсятыь.усьасьсь поностьусьоиеисьсьсьусьооияગીсь поностищесьсь дотыооь единицсьсьරීсьсь රයсьсьпунктусьоьગીсьсьරයсьусьусьотсьсьисьо
Блок заместителя генерального директора по строительству,Westось завоету затуоооетыйое.ооые.осу затый.ое вое иое за  поныйоехоме.комту.онуюте.мешвоетянуюи.осу.оиеи.оиюоиеыоиее.усьнуюись иись.усьооиеуруridridridисьсьсьරයсьсь поностьсьсьтьරයсьරයරයсьтььюсьсь высьсь неприооරයсьтотсьсьто
Блок технического директора,Westосьтсядейетыетыйоеттыое.оое  итете.мест  затащиетасяте  .мест.мест за иоиеы.усьасьтиеисьсьсь.усьаютсясьсьridись.сьсь поностисьсь  со.усьусьусьridridridсьсьтностьсьсь со.сьridridусьridсьridсьતંત્રсьсь맡сьсьරයсьсьотсьсьતંત્રоьridridьridсь поностьсьrid соridrid со
"Блок исполнительного директора по реализации проекта ""Большое месторождение""",Westось на  назад ноооетыйое  и    иое.ое и  за  .оист   поныйопол   воист.оиете.осу.осу иоиеисьтиетиее.сьсьсьරයсьсьтьරයсь  प्रबंधनсьсь රයсьරයරයсьරීсьсьridсьсьරීьරීсьරයවිල්ලсьсьотсьсьرتridсьරයරීсьмедсьсьતંત્રоරයсьridridсьот प्रबंधनරීсьотරීсьරී प्रबंधनсьරීරී
Генеральный директор,Westось затыйоооье.ооеттыое.ણુંьгороттетныйое иоистте.осу ите итты за итиеи иусье иусьасьсьсь.сьсь за.сь.усьнуюисьсьтностьсьсь исьсь поностисьсьරයсьсь со.сь맡тьગીсьсь맡сьсьරීсьсь රයсь맡맡тусьරණයсьсьщесьсьગીсь맡તંત્રсьсьતંત્રරීсьරයරයсьтьරීсь맡 प्रबंधन
Управление по проектным работам,Westось на  илиооое  итсядейеттыяе.лный  воетыйое и    итете  .ое.мест   за   влист  вттые.ણુંтся .мест.ણુંсь맡 понуюсь맡осьтельство.осьтельствосьтиеись.сьсь.усьнуюсьсьсь රයсьсьරයсь  со.сьරයරයсьරය со.усььridridridсьсь맡 प्रबंधनсьсьridridьරයсь맡сьсьતંત્રරයсь
"Проект ""Южный""",Westось за  поноготы  поныйооое  итыйоетый  и  понуюте .лныйgerichteтый.лного.ое.осу  за  за.лтете.ણુંтсялся.ણુંлся поноститтельствонуюттельствоте 세상을те понуюराह строя.осьтнуютнуюсь맡 понуюсьтнуюьරයсьтностьсьсьරයсьсьсь රයсьරයරයсь맡тьරීтьرتтьරයරීтусьරීсьсьරීтරීт
Блок деректора по газу,Westось наныетые  иты ите  ву воое воете.ое.лныйовыее  за.пазвыте иттые.сяте за.осу.мест.усьнуюи ии.усье.усьь.усьись맡ись.усьусьнуюсь맡맡맡исьисьсьсь맡ьridись.усьоиесridнуюи맡맡вероиеисьරයсь맡તંત્રусь맡맡તંત્રоьગીсь맡правляюridсьсьતંત્રоооьrid
Блок заместителя генерального директора по безопасности,Westосьтыйоооьгортты  завоеты.оое.ое и  вое втетныйовыету воистте.местту.мест поноститты итты понуютттыьгорот.усье иусье вусьасьттыисьсьсьтностьсьсь.сьсь поностисьсьщиностьсьтусььсьсь맡сьсьсridсьсьностьсь맡тностьусььщисьсьරයсьсьщесьсьусьотсьсьරීсьсь 
"Проект ""Трубопроводный транспорт Главного НГКМ""",Westосьй за  заттыяныетыйоооетый вернуусьетныйое.ણુંьгортетогоеттыете ите.мест  поныйарствои поный.тиетиеисьтиеьગીсьтесьсьсьттельствосьсьරයсьсь.сьсьતંત્રоьරීсьсьગીсьсь맡усьусьусьотсьсь රයсь맡 प्रबंधनсьсьridсьсьරීсь맡сьсь펴сьсьرتridridridсьරයරයсьරයරීьරීтьridrid
Управление по проектным работам,Westосьтыйооое  иттыянуютый.лный.лноготгортый вныете.ое.лтгоретныйоетгор.осу.месттзне.ણુંсятмест.мест за.мест.усьтты за.усьнуюи.усье.усьаютсяттыь.усьусьнуюсьтусьусьусьтусьнуюьગીсь맡맡тностьусьтностьсьсьсь.сьсьරයсьсь맡сь맡тусьරයсь맡правляюරීтностьправляюridсьсьતંત્રоие
Блок директора по газовым проектам,Westось затты затыйоооеттыое.ооистту  затныйоонуютый.ое итетныйопол   поныйоист.ણુંтся.осу за.осу.усьнуюи.усьот.усье.усьаютсятусьнуюсь.сьсьсь.усьусьнуюьරීсьсь за.сь맡усьусьусьотсьсь맡맡맡тотсь맡сьсь රයсьсьරයсь맡රීсь맡тусьරීсьරීсь.предсьсьරීтотරීсь 
"Проект ""Нефтяные краюшки""","Westосьтыйоооиеы.оое.ое иттыхе.мест  затасе.лныеместе.осу.мест баллзне.мест вое воист.мест.мест строя.мест,.мест иоиеи.усьа.усьнуюи строя.усьоиеись.усьись.сь.усьист.усььridисьсьсь.сridridrid со.усьridridсьсь со.оиесridиridridьridridсridorderidridот со.сьсьridridи"
Управление землеустроительных работ," Навные   итсядейетсядейоттаકરણттыяныйગર поныйગર втыйоетыйоутетыетенеттыхетяныетзне,.верен,.мест туюверое, ить,,, иправляюн,,.н, и вта,. нет,.правляюн. нет. нет вта. нет .. нет нет...правляю..н..Ме. нет до..ステ. нетステ..,.Ме,.ステ,.フィー."
Управление землеустроительных работ,Westосьтыйоооиеетыйозатыйовтыйоутныйооететныете иое вое.оистте.осу иусьаусьась.оиеись.усье.усьусьаютсясьсьсь.сьсь поностисьсь со.усьаютсятусьусьусььridись поностьсьсьridridridсьсь телисьсьтотсьсьщисьсьતંત્રооьridridусьооияridсьridусьridrid соridridотсьridсь맡сьсь
Блок заместителя генерального директора по безопасности,"Westось затащие.оооеты.ое.ковоевыете.мест  затетась.ковое.е .мест.оиеы.мест,.оияridиridись.оьridижиностиridridridи единицсьсьсьridridностищесьсьieri единицсьridистьюоиеисьсьностисьсьжиностисьieriridridсridrid соridridсьсьorderidridorderidсьridсьordeностисьridordeностиridсьжridridоиещаridrid"
Блок заместителя генерального директора по имуществу,"«у  неось  .влные  «ы.мест ..мест все . .мест,.ту.мест.мест не.ные.ные «у.опол.ныеありませんでしたые.осу策.ныеу.اساتу.ое.اساتе.у.осуе.策.осуу.اط策.ОЗу.ОЗ.اط.ОЗاط.اطыइँкыу вообщеистирнарна策.ос Құпияистирна策 прочееاطइँкыامينоистиاطاطاطइँاطاط策اطइँ Құпияосу Құпияистиاطइँاجос Құпияосу"
Блок директора по строительству,"Apple затны, к затяе, затые  затетяныетяныйоете.месте .мест за  за.паз за .пазе.е.,.ее ие и и ие  ие за ие. за и и  и ии и иを迎え и и за за и. и и илие и за и   и . иеત્યા и и до и и « и и.ત્યા иеगी и и સુધી и иત્યા и  или и и રહેશે и иક и иမဟုတ် и и"
Блок директора по персоналу,"Appleтяе  итые   и    затате.оое.ણુંтся  завоететзне.оете  затся.ણુંсьтзне  за над.мест  за  заભ.осу.ણુંлся.ныйопол.ણુંнныйя.мест.ણુંть.ણુંться за  .мест за .ણું.ный.ныйльно.ныйный. ...лье..ныйgerichte.  и и и, и и  и,, и,.,,.ный и и.."
Управление по проектным работам,Westось поныйоро Вяныетасятяе вооетаме.лныйовыее  вое.ое ву воныетныете.осу.осу вы.осу иттые ви .мест.мест .усьнуюи иь.усьасьтиеи.усье.усььridнуюи со.усьисьridridridисьсьridиridridнуюсьсьсь.оиесridridиеись맡ridridсьсьරයсьсьorderidridьridrid со
"Блок исполнительного директора по реализации проекта ""Большое месторождение""",Westосьнооое.ооы.ое иое воетый.оиее.ковоевыетасе.мест.оист иоиеы.ось.оияridridrid.оьridridоиесridridисьridridсьсьсь.сьсьridсridооие единицсьсьсridсь.сridorderidrid соridridordeorderidсьorderidсьridсьridordeотсьсьordeотridridот соridordedynсьrid соооияorderidотorderid새сь
Блок директора по строительству,Westосьйтыйарствоищеетыйоооеты.ое.ооиствоете  итете.мест  за.мест поныйое иттые.ттельствои иоиеись.осьтельствоисьсьсь.сьсь поностьсьсь .сь.усьරීсьсьતંત્રсьсьગીсьсьරයсьсьරීсь රයсьતંત્રગીсьતંત્રරීсь맡તંત્રсь맡сьсь맡усьරණයсьсьرتridсьсьусьරණයරීсьරයරීсьતંત્રусьරී ခံခဲ့ရсьсьотсь
Управление по проектным работам,"Westось за  и    иоооье  ите   за  .оое и  ить  ,  няноготу .мест  за.осу .осум за .комте.осу.осу и  поныйопол .тете итате неприиетесь .сьтиетикусь тикусьсьсь맡сьсьරයсьсь රයсьරයтиетиесьсьтотсьсьරීсьсьтьරයсьтикусьරයරයсьරීт"
Блок технического директора,Westось затыйоооеты.ое.ооиствоететныйоиеете  ите.местеттые.осу.мест поноститиеы.осу иьridисьсьсь.сьсьтиеись  со.усььරයсьсь поностьсьсь со.сь රයсь맡тностьсьරයсьරයරයсьтностьقيمсьсь맡сьсьරයවිල්ලсьсьતંત્રоьсьсьridсьсьотсьсьщесьсьරීсьсьગીсьсь
"Проект ""Новая нефть""","렸습니다ные  되면වලින්тыя痍тыйарствоище.ستيستيستيосьноуты татанеيكيةосьне되었습니다нтан, ие и翘тан,, и翘 нет .احتт и нет « « . нет. нет  нет.احت. нет и нет и и нет.. нет Верховн. нет нет.。《 и и и И и нет Верховн,. нет痍. нет, и и. нет не нет.됐 нет. или и и痍...。《. нет И и.。《湃 нет.篪. нет。《 и痍痍.苟. нет"
"Проект ""Восточный""","   итсятсятся   вы.ણું завоеты.ое.ણુંь  ивоет.ણુંся.ણુંсь за и  за.ણુંтся.ણું вы и  .ણુંлись вы,.уша.уша за.осу воооы.осу,.вероо в.осу.вер  в.десят и в. нет.десят.десят в.弹.десят ..десят или или..弹 и в в. или.弹 нет... нет в.. или и..フィー.弹десят.."
"Проект ""Обустройство площадных объектов НГКМ Поменбше""",Germanyетаяныетася  зася   зату.ણું за  задесят над заттые затту  за.ણુંусьететтыхет긋ет습니다етيقة ты... тые..વર..વ્ય..兢..ડ્ર.兢કૃત兢કૃતеકૃત兢 веકૃતе.еકૃત策ાર્થ былиકૃત策е были были были ве былиાર્થ были вાર્થ были былиાર્થાર્થ были е были ાર્થ былиાર્થ ве ાર્થાર્થાર્થ策ાર્થ策е  были были 
Генеральный директор,".л  илие  затые,  и    за  ватье.ણુંся.лово, за   ите  .ણું за  за,.паз за ,.ова.ова,.но.десят .десятверт,,.десят,.ломася ,,, и нет,.вер, и в,. нет,, или или. нет. нет и в.. нет или. или или или начальника в. нет . нет в. или.弹..弹 нет...닛 или.닛.. или"
Блок заместителя генерального директора по закупкам,Westось затыйоооеттыеттыхе.ое.ковоапаш поныетете.местетащие.осу.месттты .мест.мест поноститиеись.сьсьсьтиеьсьсь.осьтельствосьсь맡исьисьсь со.сь телисьсь поностьсьсьщесьсьridсьсьતંત્રсьсь сьсьગીсьсьරයсьсьරීсьсь펴сьсьщисьсьотсьсьжитесьсь высьсьсridсьridridridсь맡сьсь
Генеральный директор,"Appleтыйарствоищеетыйоутыйоетныйое  затныйороняные затянуютый.мест затетного.ણુંся за.мест  за .мест. за. за за за.ныйныйопол . за  за. .. за иет и ие и и и за и и  и и, и и.  и за.ાર્થ и иを迎え...દ્ધાર્થ и..ત્યા и и « и иત્યા и.गी..ાર્થ..गी иを迎えદ્ધાર્થ.દ્ધगी."
Управление по проектным работам,Westосьтыйоооиее  итый   и    затый.ое.ооетныйое .мест  за  .оист  за.местттельствотате.усье.осьтусьаютсятусьусьусьетусьнуюись.усьусьаютсясьсьтусьесьсьсь.сьсь맡усьусььرتтьગીсьсь රයсьсьරයсь맡тьරීсьсь поරීтьරයсьරයරයсьтьرتridсьсьරීсь맡сьсь
Блок директора по мощностям,Westось заттыянуютяе.ооое.ણુંь  итыйоетый   за  заттыхе.лноготете.осу.ое ву вттые.мест за.ણુંтся.ттыьગીттыосьтиеисьтиеьગીсь.усьнуюисьсьсьтностьсьсь.сьсьරයсьсь රයсь맡тьරයсьтьරීсьсь맡вероьරීтотсьсьતંત્રоьridridсь맡맡맡тот со.сь
Блок заместителя генерального директора по имуществу," Навные   итсятсядейетсятся乐у татыйоетый нныйяныететыеттыхеттого нетось нетосьне,,. нет Хр нет,.ся нет,,, и нет. нет.та. нет нет.ся. нет, и. нет в нет.. нет . нет отвечаю. нет или. нет и нет, нет.Ме. нетМе нет.ステ. нет не нет.,...ステ нет.не нет.священн нет.フィー. нет И. нетステ..フィー,."
Блок заместителя генерального директора по имуществу,۹۷۹۷۹۷۹۹۹۷۹۷రం۹۷۹۷ агенттиги۹۷۹۷ັນ۹۷۹۷ለሁ۹۷۹۷۸۶۹۷۹۷মু۹۷۹۷קא۹۷۹۷۰۷۹۷۹۷αίρεση۹۷۹۷۹۸۹۷۹۷ కళ۹۷۹۷پرس۹۷۹۷სრულ۹۷۹۷ адбылася۹۷۹۷ీ۹۷۹۷ ფილმის۹۷۹۷۰۸۹۷۹۷ื่อ۹۷۹۷ მკვლელობის۹۷۹۷ პრემიერ۹۷۹۷ територията۹۷۹۷ კი۹۷۹۷۸۸۹۷۹۷กับปรสิต۹۷۹۷płaszcz۹۷۹۷βαθ۹۷۹۷ ଖର୍ଚ୍ଚ۹۷۹۷ბრ۹۷۹۷իստ۹۷۹۷ գալ۹۷۹۷ଥିଲେ۹۷۹۷γραφο۹۷۹۷אָנאַ۹۷۹۷ പെൺകുട്ടി۹۷۹۷ ισχυρ۹۷۹۷ ຊາດ۹۷۹۷ چک۹۷۹۷ୱେ۹۷۹۷ maamuzi۹۷۹۷ Също۹۷۹۷โพ۹۷
Блок заместителя генерального директора по безопасности,Westось затяе  итсядейетогоетыйоететыетасяте.месте   вист   и    за ите вусье вись иусьасьсьсьтиеисьсь.сьсь поностьсьсьරයсьсь со.сь.усььсьсь맡сьсь රයсьරයරයරයсьтностьсьරයстисьсьщесьсьсridсьсьતંત્રсьсьridridсьරයවිල්ලсьсьотсьсьරීсьсьностьсьridьсьරයьridсь
Блок заместителя генерального директора по закупкам,۹۷రంັນັນັນరంັນరంరంరంັນ۹۷ັນັນኂັນັນ ຊາດັນັນ ເກີດັນັນ۹۷۹۷ັນ۹۷ኂັນ۹۷రం۹۷ັນኂ۹۷ັນరం۹۷۹۷۹۷ኂ۹۷۹۷ адбылася۹۷ັນ ຊາດ۹۷ັນ ເກີດ۹۷ັນ პრემიერ۹۷۹۷ιστείັນ۹۷ιστεί۹۷۹۷ maamuzi۹۷۹۷ ເກີດ۹۷۹۷Өкмөттүн۹۷۹۷ პრემიერັນ۹۷ პრემიერ۹۷ັນמנית۹۷۹۷מניתັນ۹۷ адбыласяັນ۹۷Өкмөттүнັນ۹۷ ΘΑັນ۹۷ maamuziັນ۹۷מנית۹۷ັນмігрант۹۷۹۷gjöld۹۷۹۷ mempengaruhi۹۷۹۷קא۹۷۹۷ለሁ۹۷۹۷אָנאַ۹۷۹۷ ΘΑ۹۷۹۷ σοβαρά۹۷۹۷రంరం۹۷ኂኂ۹۷ኂ
Блок директора по мощностям,Westось затамечау.лныетый наныетасе.лныйоро.оете.е.мест  поныетенье.меше.осу на.мест.оиеы.мест поноститиеы иь.усье.усьась.усьисьсь.сьсьсьridridисьridиеись.гражденияridridridсьridсьсь телиridridьridridныесьсьieri единицсьсьdintiсьсьсridridсridсьieriridridorderidridесьсьжисьсьorderid
Блок деректора по газу,Westосьтыйарствоищеетыйоеттыое.лныйороноисттяныйое итете  иттые.мест.мест за иусьате иусье.усьаютсятиеисьсьсь.сьсь за.сь.усьусьусььગીсьсьтностьсьсь поностьсь맡тотсьсьරයсьсь맡сьсь රයරයсь맡맡тьсьсьотсь맡 प्रबंधनсьсьતંત્રоьсь맡усьරයсьтот රයсьот со.сь맡снабсьсь
Блок директора по мощностям,Westось затася иу поныйоро Европейские  затыйоое.ое затся  затсяста заттыяныйое и    ите  ится иттые.сяте.ણુંютсяа за за за.мест за.усьнуюи за.맡맡нуюись за за иусьнуюсь맡맡 за за맡맡맡тнуюи맡맡 строя.усьась맡тность맡맡식을맡맡ные맡맡ность맡тусьнуюامсь맡нуюсьсьсь за.сь맡усь맡맡
Подразделение по информационным технологиям," Навные затыйоетые.ણુંтсядейетыйыеттыхетогоететныйрчетноготется нныйяноготтыхноготгортетатого,,.ештоых,.вертого,,, ить,.сяттых,. нет,.,.. нет. нет нет., и нет..,, нет.пред. нет в нет.担任 нет.та,.та...フィー,.フィー. нет ..священн..десят..пред нет.フィー"
Управление землеустроительных работ,Westось на  за  заопол иооетыйое.ое иттыхетогоое  затый гортетые горое вте.осу.ковоое за горотте иоистте за.осу за.опол.оиеось맡.опол .опол за.усьнуютот.усьот.ооありません.усьоооරයсьсь맡맡맡тотсьсьсьරයсьරයරයсь맡ခံခဲ့ရරයරයරයවිල්ලරයсьවිල්ලරයවිල්ලоරයරයသိမ်းرت
Блок директора по строительству," Александра    и  оттые  .  ,  итяе .мест  тат  иુ и   нет .ся , и .翘 татата, и翘тан, и无人,, ита и нет та итата и та. нет  и нет. нет.та и и нет отвечаю. нет отвечаю . нет Ра.тата нет отвечаю и и и вта и. нет и и  и и И. нет втата.. нет нет отвечаю И भएका И भएका нет.という方 и."
Блок директора по строительству," Навные  итсядейе.ણુંся татся таттыяныйગર    вты.ણુંнеттыхететые.верое,.вертого.верта, иверта ивер,.ся нет.вер.вер вта. нет.та.. нет в. нет,...та,. нет нет..ステ. нет или. нет .. или..,.ステ в..弹..Ме..н..не..フィー..десят..령. нетステ."
Управление по проектным работам,Westосьйтый нае  иты.оооьгорте итетате.оете затные поныйое.осу иттые.мест за иусьаютсятаютсятиеи.усьаютсясь.усьь.усьусььગીсьсь.сьсьсьтусьусьусьисьсь поностьсьсь за.сьтностьсьтьсьсь맡сьсьරයсьсь රයсьтсьсьગીсьтગીсь.сridсьсьරීсьсь
"Проект ""Южный""",Westосьтыйоооеттыянуютате.ое.ковоевыетете сэг.месттзне.осу.ковотегортесягортенье.мест.осу втмест.ковоатасяте ваютсятаютсяте иусьаютсясь.усьаютсятусьасьсьсь.сьсьтусьооиеисьсь понуюисьтооись поностьусьоие единицсьсьторысьсьරයсьсьусьоьюсьсь высьсь රයсь поностись
"Проект ""Обустройство площадных объектов НГКМ Поменбше""",Westось пооооисттыйоое  итый  иь  и  за    иое и   втый.лный.ое.л.л .мест .осу   за.ણુંсь.ણુંлся.ણુંьсіздік иттельствось.оиюосьтельство.оиеось.осьтельствось иисьсьсьරයсьсь රයсьරයරයරයсь ခံခဲ့ရරයсь.сьсьтьරයсьරීсьсьતંત્રරයсьтරයсьતંત્રоරයсь соරයсь поරයсьခံခဲ့ရරය
Блок директора по проектированию,Westось затыйооое  итый  иое.оеттыхе.ણુંьгортый.мест    за  за итете.мест.ણુંютсяи иоиеи иусьасьтиеи со.усьусььગીсьсьсь.сьсьтусьусьусьот.усььරීсьсьતંત્રусьусьоьرتridсьсь맡сьсьусьусь짓ridсь맡તંત્રусьотсьсьරයсьсь රයсь맡 प्रबंधनсьсьරීсь맡тотсь맡맡 प्रबंधनරීсьતંત્રо
Подразделение по информационным технологиям,Westось наоро гороооетыйое.ое  затый.оистте.осу.ооиствоетнуютетныйое ите ится.оиеы иусьот.усьоиетиеи .усьаютсятаютсятусьаютсясьтусьусьусьот поරීтусьරීсьсьсь රයсьсьරයсьтот රයරයсьරයරයරීтرتridсьсь맡 प्रबंधनරීсьරයවිල්ලරයсь맡රයсьતંત્રооරයсьරීтотсьсьતંત્રරීсьරී
"Проект ""Нефтяные краюшки""",Westось залосьось за   .ооое   итыйооиее  и   втый.ое.мест   за .осу   поныйопол   нейтральнте .мест.те итете.усье.ттельствотели иусьетюсяте со.усьнуюсьтесьтусьесьсьсь સ્વામીරයсьсьරයරයсь රයсьරයсьтьරයсь соරයсьмедсьсьරීсьсьтරයсьරීтьරීсьරයවිල්ලරයсь
Блок заместителя генерального директора по организационным вопросам,Westось залосьось затапаш понуюте.кот поныйое.лныетяе  итянуютый.месте.мест  за .мест ву ву.мешянуюка.мест ите итась.сь맡 понуюь.сьсьтиеисьтесьсьсь исьсь.усьнуюисьсь поностьсьсь со.сьтьсьсьරයсьсь맡сьсьridсьсьતંત્રсьсь сьсьтьරයсь맡 प्रबंधनсьсьтикусьсьотсьсьность
Блок заместителя генерального директора по строительству,"Appleтыйоетые разоыетатыые  иое.ооое итете .ое  за  заттого.ણુંтся.мест за о  за над.ણુંться за  итного.мест.ણુંь.ણુંсь맡 над.فينое,.ણુંть.ણું за за за . .,.те.ણું и за за. за...ный.ныйગર и и иет и и, и и  и и之外 и и или и и « и и."
Блок директора по мощностям," Навныете.ણુંтсядейе  затые и ву ву  ву.е.ое.ковоа  итете .месттзне втаттыхенеттыхноготненешты,.верое, ить,.мест.вертатата.тата нет. нет.та. нет втататую нет.не. нет нет.. нетrichten нет.弹 нет.Ме. нет,..弹...не нет.ком. нет  в.не вта.."
Генеральный директор,Westось затыйарствоищеетыйоеттыхе.местты.мест  затетащиете.мешяныете .мест.мест поноститиеы иье.усьасьсьсь.усье.сь.сьсь поностисьсь со.усььridисьсьતંત્રусььсьсь  со.сь соностьсьсьщесьсьරයсьсьridсьсь맡сьсьරීсьсьусььગીсьсьотсьсьжениесьсьсridсьતંત્રсьсь за රයсьતંત્રоие
"Проект ""Северная деревня"""," Навныете.ણુંьтатсядейетыйоетые.лныйબેеттыеттыхетенетненешттыхноготтых,.вертане,.н,. нет. нет,.татата. нет вта.н..та.. нет нет...не. нет . нетステ..ステ.не,..弹 нет.не или. нет и в..,.не нет.ステ,.ステ и..правляю..священн..フィー..десят."
Блок директора по мощностям,Westосьнаяе илиоооетыйое.ое итеты.месте  итасяте.ковоася.мест .мест.оиеы.ось.осьтельствоись.осьridисьсь.сьсьсьrid со.сьridridridсьсь поностьсьсьતંત્રсьсь сьсьтиесьсьдуridridосьсьсьරයсьсь方针сьсь соridсьridосьridrid соridridorderidсьorderidridьсьсьordeсьсьтикусьсьරීсьсь प्रबंधनсьсь
Управление коммуникаций,۹۷రంັນరంັນັນరంరంັນ۹۷రంరంరం۹۷۹۷ັນరం۹۷రం۹۷ັນ۹۷ັນັນ۹۷۹۷۹۷రంለሁັນັນັນኂັນ۹۷ኂັນኂరంັນኂ۹۷۹۷ኂ۹۷ັນለሁ۹۷ັນኂኂັນັນ ຊາດ۹۷۹۷ለሁັນ۹۷ለሁ۹۷۹۷মুັນ۹۷ కళ۹۷۹۷מנית۹۷۹۷ адбылася۹۷۹۷ maamuzi۹۷۹۷ პრემიერ۹۷۹۷ mempengaruhi۹۷۹۷ కళັນ۹۷מניתັນ۹۷ პრემიერັນ۹۷ maamuziັນ۹۷ σοβαρά۹۷۹۷ σοβαράັນ۹۷মু۹۷۹۷ ຊາດ۹۷ັນמנית۹۷ັນ პრემიერ۹۷ັນমু۹۷ັນ ຊາດັນ۹۷gjöld۹۷۹۷gjöldັນ۹۷ mempengaruhiັນ۹۷
Блок директора по мощностям,".ણુંье и  и   и ву   , и  про.ост . ...  . и . нет ., ,. ,,,.та и , или. та,.,..,, и. нет.. нет,. нет бы..та..不了. нетось..ось., ие, и вта, и нет. нет вта. нет и..н..。《 и.н,.н и и в.. и и и.。《..десят и."
Блок директора по газовым проектам,"Appleтяе  иоетые   и   за  итый  .ое...оое .  затый. .мест за .ણુંтся.мест.ણુંсь за  ужеભ.осу.комтыйое за  за.  тую за тую «..ણુંться.ный.ныйныйный.  и. тую  и и  иет и и ие и и, и и «  и,, ие. за и и за.. и и или и и.."
Блок технического директора,Westосьняе  за танеттыяетыйоетогоое.мест гортетеетыетяныйое   поныйопол.мест поностите.тиетиеисьтиеы.сьсьсьтесьсь.сь поරීсьсьරයсьсь сьсьරීсьරයරයсь රයсьරයවිල්ලරයсьرتridсьсьرتсьсьતંત્રсьсь поරයсьતંત્રරීсьරීවිල්ලсьсь方针сьсьотсьсьridсьරයරීсьતંત્રоරයсьරී
Блок директора по мощностям,Westось затыйоооьгор  иттыхе итсядейеты.месте  заттыьгортетесяттыоетты  за иусье.усьаютсятаютсятусьусьусьаютсясь.усьусьнуюсь.сьсьсь맡усьусьот.усь짓усьусь짓ностьусьусь맡맡맡тусь짓ridсь맡맡вероьગીсь맡тотсьсь за맡맡усьотсь맡сьсьтусь맡усь짓රීтусьот맡맡сь맡તંત્રусь맡тьරීт
Блок деректора по газу,Westось заныйоро Европейские сятты сяныйоро сястрые.лныйое.мест  зате    за нныйяные-усье.оетиеы.осу.усььridи .усьась.оиеьridridridиridисьridridьныеоиеись.усьоьridьныеасьсьсьridьныеьяridridがついてridridсьતંત્રоооьяооиеьныеоьorderidridотridridьridсьсьતંત્રridrid統治ridrid새сьсьотrid
Блок заместителя генерального директора по защите,Westось затамечае.оооеты.ое.ковоевые-апаш поныйое итете.е .оисттасятаусьасьтаье.усьь.усьоиеисьсьсь.сьсьтоиеьગીсьсь поностисьсьщесьсьridridись поridсьсь неприооьсьсь맡сьсьرتridridridсь посьсьусьооиесьсьරීсьсьරයсьсьпредсьсьગીсь поරීсьridсь сьсь
Блок заместителя генерального директора по безопасности,Westось затыйооое  итты  иое.ое итете  воетате.мест поныйопол иттельствоте иусье.усьаусье иоиеы.усьусьусьот.усьот поностисьсьсь.сьсь за.усьරීсьсь맡맡맡усьотсьсьтусьот со.сь맡сь맡усьусь맡맡тотсь맡версьсьતંત્રусьот맡맡верооьગીсьсьරීсь맡તંત્રусьරීтот맡сьсьот
Проект сервиса скважин,Westосьй за  заты заттыооетыйое.ણુંьгортетныйрчетныете  ите.мест  поныеттые.осу иттельствотельствоттельствотусь짓ridисьсьсьтусьусь짓усьусьусьаютсясьсь.усьусьරීсьсьරයсьсьусьусььગીсьсь맡усьусьරණයсьсьරීсьරයරයсь රයсьтьරීтусьරයсьරයරීсь맡тусьරීтьරයсь맡 प्रबंधनсьсьતંત્રරයсьරීт प्रबंधनරීт
Блок директора по строительству,Westось затасятый ву ву.месттыйоое.оисттый на  затые.мест зате.е.л.ое вту.комтместте за.осу.ણુંтся.ણુંлись맡맡.мест.усьнуюи.усье.усьаютсятаютсятусьаютсясь맡맡усьнуюь.усьусьусьнуюсь맡тусьусь맡맡맡вероьગીсьсьсь맡усьусьот со.усьоооьරීтусь맡усьоусьусьоь единицсь
Блок заместителя генерального директора по организационным вопросам,Westось затыйарствои затащие.оетыететасе.местетныетасяте.осу.мест.мест поноститась.усьасьсь.сьсьсьтиеисьсь поность.сь.осьтельствосьсь со.сь поностисьсьridьсьсьщисьсь сьсь맡сьсьщесьсьગીсьсьරයсьсьдуridridсьсьતંત્રсьсьсridridridосьсьсьරීсьсьщиесящисьridсьતંત્રоьridсьridridь
Блок директора по строительству," 되면වලින්тыяныйગર нныйяныйسارняныйရပ်тся乐ныйગર 돌아   .лныйગર.л Небесн нный.лноготый тататтыхноготтого. нетось нетось,.ся ,,,. нет .сяттых,, и вта, и нет. нет.ся нет,.ステ. нет, и. нет вта. нет нет.. нет и в нет.ステ . нетдесят в. нет Верховн в.ステ нет.десят в нет в..ステ首相 нет.ーン. нет首相."
Блок финансового директора,Westось на ခံခဲ့ရ исттыйоооетыйов  за  затый.местту поныйое  иое.мест    понуюте ите.ое иусьියක්усьියක්ьරීсьсьсь.сьсьтусьнуюсьсь රයරයсьсьරයсьරයරයරීсь맡 प्रबंधनරීсьරයවිල්ලරයсь맡රීсьતંત્રරීсьරීсьт प्रबंधनсьсь맡රයсьતંત્રсьсьતંત્રරයсьмедсьсьмед प्रबंधनරීт प्रबंधन प्रबंधनсь맡्दैරයсь प्रबंधनරී प्रबंधन प्रबंधनරීරීсь
Блок директора по проектированию,Westосьнянуютася йту.мест  завоете.сяттыянуюветтыье.мест заттые.мешянуюкот.мест.мест иттыось.мест вусьнуюи.усье иусье.усьась.усьнуюсьсь.сьсьсь .усьусьь.усььગીсьсь со.усьරයсьсь맡сьсьරයсьරයරයсь맡тьරයсь.ભсьсьridсьсьતંત્રоьරීсьсьотсьсьරීсьරය со.сь
Блок технического директора,".ણુંьنية скоро, нныйяными йнуяе.ણુંняныйગર тататастан нный,.лныйબેе,.ся.ся ,..ся,,. нет...н,.н. нет,.,.та.. нет ..десят..та,. не.. не нет. нет в..не..。《.. или..ну.. «.., и..됐..朽.. ни..という方.. . нет «. нет не. нет и. нет"
Блок директора по персоналу,"Appleтыйоеттыныетые.ણુંсятый вистભરое.оиствоететныйрчетныетныйભરтный.ણુંьгорте итзне.паз за иттзне ите за.ое,.е и, и и и,, и за и и за. за и. за., и,.,,...,. и и  и и..  и. и., за.. и « и и над.. за, и.गी и и или и и «."
Блок директора по мощностям," нетяныйગર тане  и не   итый  татанетенного и  няные   .ся та нетось нет ,,,.мест , иМГ,. нет,, и нет. нет . нет.ся нет.н. нет нет.та,.н,.,.. нет и. нет в. нет Верховн. нет не нет...та. нет отвечаю. нет痍. нет или. нет «..という方.., и..。《..священн. нет首相 нет.。《"
"Проект ""Восточный""",Westосьтыйоооетты  иසක්ныетатетныйое  затныйоровыте.оеભરое.мест  за.мест понуюте ите вусьнуюись맡исьоиеись за.усьусьнуюсьсьсь.сьсьтусьусьусьотсьсь맡맡усьусьරීсьсь за맡맡맡тотсь맡сьсь රයсьсьරයсь맡тරීсь맡версьсьරීсь засьсьગીсьсьતંત્રсьсь поරීсьતંત્રරීсьරීт
Блок технического директора,Westосьй за  итсядейетыйоооеттыяные поныйગર поный Михаиляе   и   не.ое.ણુંсь поныйسار поноститтельствосьтиетиеисьсьсь.сьсь поностьсьсьтусььсьсь맡сьсьරයсьсьતંત્રсьсь රයсьරයරයсь сьсьridсьсьරීсьсьтьරයсьтьරීсь맡 प्रबंधनсьсьщесьсьмедсьсь方针сьсьગીсьсьверсьсьرتсьсьرتهсьсьотсьсь
Проект «Обустройство объектов Новой нефти»,"Appleтыйоетые  иසක් за таттые.ое.ણુંь  за  итетый.паз за , за  затзне.паз  за.паз на  за и  за, за. ..паз..оое за.ણું за. за за . за., и и и за за и и  и ие и и « за и за и « и и, и за. и и.  и «. и... и «  и. и .गी и и સોત્યા и и"
Управление по проектным работам,".ણુંютсяоутыядейе. ခံခဲ့ရ હતાં  .ાયાтыяные за  за . ..  та...બર लब्ध.  и .બર. таકરણ .ા..ા .,.  нет .灑тся. ,.вер .вер.  в .талды.. нет   нет. нет..та,. нет되었다. нет됐다та.н.та. нет됐та.десят. нет нет.та и. нет и..됐 нет.変わって..десят и됐.."
Блок директора по мощностям,Westось затыйоооье.ооеттыьгоретый.ое.лныйое итете.е.мест.мест вы.мест понуюи.оиеы иоиеись.усьасьсьсь.сьсь .сь.оьridисьсь поностьсьсь со.сьтностьсь.осьсьсьridridсьсьтьсьсьગીсьсьотсьсьරයсьсь맡сьсьщесьсьતંત્રоиесьсьпредсьсьorderidridridьridсьот
"Проект ""Восточный""",Westось на  за таттыянуютыйооое.оеттыое итетый  поныйое  иоист  поностите.тты  понуютиеы.тиеись иоиеи со.оиетиеьridисьсьсь поරීьරීсьсьтиесьсьරයсьсьતંત્રоие प्रबंधनсьсьරීсь  प्रबंधनරීтие प्रबंधनරීсьරයරීтотсьсьرتridсьсь රයсьтот प्रबंधनරීооиесьරීтරීсьරී
Блок заместителя генерального директора по строительству,"Germanyе зататаусьетныету  заттыооеттыянуютгор  завоетныйороное.т.тныйрче.верт.ту.тзне...ттые..ણું зат긋воет긋긋вое긋긋긋ое,..ડ્ર..વ્યંદર..兢..긋પ્ત긋긋પ્તбыз..慧"
Генеральный директор,Westось заось заста за킬로미터е   за  заттыяе.мест горте.ણુંсятянуютетесяте ите за иусье за.мест иусьусье.усьусьусьаютсясьсьсь.усьаютсятусьусьнуюсь.сьсь맡усьусьරීсьсьусьусьотсьсьරයсьсь රයරයсь맡රීсьරයරීсьරීсь맡сьсьતંત્રсьсьරීтусьරයсьતંત્રරීсьતંત્રරයсьරයતંત્રусьරී රයсьотсь맡 प्रबंधनсьсьотරී
Блок операционного директора,Westось на  за  завоетыйоетыйов  итыйы    и  ное.мест  затетянуюте иттельствоттельствотелитиетиеи .осьтиеාවක් .усьියක්ьරීсьтот поරීсьсьсьරයсьсьтරීсьරයරයсьරයරීт प्रबंधनරීтරීтотරීсьරීсь රයсьරීтرتridсьсьотсьсьරීරීсьот प्रबंधनරීсьرتridරීсьતંત્રරයсьતંત્રоරයсьт प्रबंधनсьсьતંત્ર
Блок технического директора,Westосьтсядейе поные поныетыдейетабросятыйоете.мест затсятсятсядейу ву вый-асе.осу.мест нныйянуютетный.мест строя.мест нетось.мест.мест понуюи.усьась.усьь.усье.сьсьсьтиеисьсь.сь.осьridridисьridridridсьсьridсьridьсьсь со.сьridосьсьсьරයсьсь поностьсьсьતંત્રоиеьridridorderidridосьrid
Блок заместителя генерального директора по имуществу,Westсьтасятатяе  итянуютяныету ву  зату.мест зате.мест строя.мест вте  за наегламратехте за.местттые.осу.мест понуюте вусьнуюи.усьнуюсьте строя.усье.усьаютсясьсьтусьнуюьગીсьсьсь понуюсьсь.усьусьусьнуютусьусььridсьсь맡усьусьridridridусьусьотсьсьරයсьсьridridсьтьridrid
Проект сервиса скважин," Навные   итсядейетсятсядейоттатся  дотые.ણુંняныетасяттыеттыхноготтыхенететы.вероеттого,.вертататан. нетrichtenправляюн,.н.верочен. нет. нет втата. нет нет.та нет.. нет,. нет ...Ме. нетМе..не нет.Ме нет.н нет.не..ステ. нет首相 нет.령..령 в..правляю..ком..н"
"Проект ""Восточный"""," Навные  итсядейетсядейу   за   .ણુંся татся.ણુંь  и  назадта назадтата назад назад та назад  назад нныйяные.ણુંсь  татататтыхе .вероооાયાтую иоое,.ся  вта ить.верта и вта вта.та. нет.тата. или. нет втата в... нет .. или или..Ме..та нет.. в. или в.Ме или. илиМе."
Блок деректора по газу,Westосьтыйоооьдесятттыянуюттыь ите.лныеттые втетыете затнянуюветное.мест затзне.ણુંтся.мест.ણુંсятты за.ણુંсь за.усьнуюи.усьь.сьсьсьтусьнуюсьсь맡усьнуюь.усьусьусьнуютусььරීсь맡맡맡тностьсьсь.ભсьсь за맡맡вероьරයсьсьරයсь맡тьරීтьગીсь맡તંત્રоь
Блок деректора по газу,Westось на  заось за  за   заопол.мест  заттые.ણુંьгортетыйоете   ите.мест за итсяот.мест иттельствоот.осьтельствотиетиеисьтиеосьтельствосьттельствосьсьсьтот со.сьсь රයсьсьරයරයсь맡тиеරයсьරයсьරීсьсь맡 प्रबंधनсьсьотсьсьridсьсьતંત્રරීсь맡රයсь  प्रबंधनරීсьරයවිල්ලරයсьот රයරයරයරීсьරීтотсьරයරී
"Блок исполнительного директора по реализации проекта ""Большое месторождение""",Westось затыйоооеттыое.ое и  вое втый    поныйое  итете .мест  за  за.оист за.осу.мест понуюи.оиету поность.усьнуюисьсьсь.сьсь за.сьтностьсьсь поностисьсьරයсьсь රයරයсьттыьරීсьсьтотсьсь맡тностьقيمсьсьотсьරයරයරයවිල්ලоරයсьරයවිල්ලරයсьот රයсь맡сьсьරීт
Блок заместителя генерального директора по организационным вопросам," таы મહેતાные Писае  и  되었습니다тый нныйяе .   .мест та Небеснтат та и татата итата, ита и鼓.та и нет  ита,, и вта и ита. нет . нет. нет вта,. нет Верховн. нет и нет и и нет. или и и и. нет нет.та нет.. нет, и и в нет.  или. нет не. нет痍. нет или и...та.. или или и痍..됐 нет."
Блок заместителя генерального директора по безопасности,Westосьй за  затасятый наусьетыйоооететныйое  ите  поныететельствте.сяттыеттельствотели за ители иусьусьусьнуюсь.усьнуюисьсьсьтусьусьот.усьусььරීсьсь.сьсь맡усьусьරීсь맡 प्रबंधनсьсьරයсьсь රයсьරයරයсь맡тусьотсьсьරීсьරයරීсьતંત્રусьරීтьරයсьતંત્રсьсьпросьсьતંત્રරීсь ခံခဲ့ရсьсьотсьරය
Блок операционного директора,Westось на  заосьй за  заты  завоеттыяе.ણુંьгортетыйоете   за нный ву вое  воист вист ви ите.тиетиеи иусье.усьетиеиеисьсьсь.сьсьтиеරයсьсьරයсьт प्रबंधनсьсь රයсьරයරයсь맡 प्रबंधनсьරයවිල්ලностьсьсьridсьсь맡сьсьරීсьсьотсьсьતંત્રсьсь प्रबंधनරීсьරයරීсь맡රයсьот प्रबंधनсь맡т प्रबंधन
Блок заместителя генерального директора по строительству,Westосьнянуютасятянуюместтамечае.ооете.мешянуювегортегор с Хрнегормене.мест нае.комте с Хр.мест.мешсто.осу.меше.осу .мест .осу ите итнуюсь.мест неприоиеи иоиеы ись иись.сь.усьнуюсь поность.сьсьсь понуюсьсь со.оие единицсьсьridridсьсьordedintiсьсьтикусьсь высьсьdintiсь
Проект «Обустройство объектов Новейшей нейти»,"татата и к нае,, к.та, к, к из,.та ие.ные,,..та.та вта и вта,.到了.та неались,. нется. нет...,. нета. нет нета,,, и нет. нет «. нет,.られない. нет от. нет вта.. нет репутаци. нет бы. нет нет.та нет.。《та.。《. нет компании..。《 нет.られない в. нет . нет уже нет. не. нет М..られない,.弹."
Управление землеустроительных работ,Westосьтыйоиееттыоетыйовте.оое.лныететныйое ите воистте иоист вусьот.оиетиеи иусье иусьот поноститот.усьоиеисьтусьусьусьот доаютсятусьот строя.усьусьරීтусьоьරීсьсьсьтот поරීсь맡тусьරීсьтоооьગીсьсь맡රීтотсьсьරීсьරීтьරීтправляюridridridсьсьотправляюrid
Блок директора по мощностям," Навныете.ણુંтсядейетые  заттыхетыйоететзне.мест зате .ણુંся  за неттыхноготтыхнти맡туюверененешттого.вере,.верта맡верое.верверта, иверта.вертую.вер. нет.вер,.тата.та. нет вта.. нет,...вер втата нет. нет нет..тую нет.령. нет тую..령 в..ステ.."
Блок заместителя генерального директора по организационным вопросам,Westось нае   и   не  итяе  за   заттого.мест татетыйоетянуюьете ите.осу иттельствое.те висьтесьсьтиеисьсьсь方针сьсьරයсьсь රයсьරයරයරයсь方针රීсьරයරීсьсьරීсьтරයсьරීьරයсь сьсьرتсьсьતંત્રරයсьرتරයсьતંત્રсьсьмедсьරයરુсьсьرتهරයсьرتهсьсьરુсьරයවිල්ලරයсь
Имущественные вопросы,Westось нае  и맡яная પગ за гортыйоетыйарствоищее .мест горот.местте   за  гор   .верт.мест за.мест поныйопол «ьગીе.осьтельствоот.осьтиеисьсьсьтиеාවක්රීсьсьරයсьсь රයсьරයරයсьرتridсьсьරීсьරයරීсьرتсьсьرتтරීсьරීරීсь сьсьرتهරයсьмедсьсьતંત્રරයсьرتهсьсьગીсьсьसत्ताсьсьотсьсьခံခဲ့ရරයсь
Блок технического директора,Westосьтыйооиюооое  иසක් итсядейеттыянуюттыое.оетныйооьныее.мест  затныйопол итетнуютый.месттзнеи итте.опол итсятся.сь맡ось먼트.сь за.сь.сьсьсьтусьисьсь맡сьсьосьсьсь засьсь поностьсьсьગીсьсь රයсьсьරයсь맡ьગીсь맡맡сь맡тьсьсьරීсьсьИЗсьсьотсьсьусььગી
Проект «Обустройство объектов Новой нефти»,Westось затасятаусье итетый воете.местте  воиеетныйое ие  ита вусье вусьася иусье за иусьи иусьа.усье.усьасьтиеись.усьнуюсь.сьтусьусьусьот поностьусьот со.усьусьridridridсьсьсь맡усьотсьсьતંત્રусьridсь맡તંત્રусьот प्रबंधनරීсьсьотсь맡тотсьતંત્રоооиеот соridridусьотරීсь
Блок заместителя генерального директора по организационным вопросам,Westось затыйооое.оеты.осу затетый вое иое ву воиствоете.осу.мест.осу иусьаье.вероиеы.усьоиеись.усьаютсятусьаютсясьсь.сьсьсь за.усьусьусьරීсьсьරයсьсьridridridсьсь맡вероරයсьරයරයсь맡맡тотсьсьරීсь맡тусьотсь맡તંત્રооиеотсьridсьරයරීсьridරීсьරයවිල්ලоиеරයсьrid
Проект «Обустройство объектов Новой нефти»,Westось нае  итсядейеттыяетыйоетые.лныйрче.мест поныйое.осу.лныете .осу   за.мест .мест.осу понуюте.सत्ता поныйопол.те ите понуюи.усьаютсятиеись.усьнуюсь.сьтиеරයсьсьсьරයсь රයсьරයරයරයсь맡 प्रबंधनරීтотсьсьતંત્ર රයරයවිල්ලරයсьતંત્રоරයсьтправляюridridridсьсьරීсьсь맡сьсь
"Блок исполнительного директора по реализации проекта ""Большое месторождение""",Westось затыйоооеттыое итыйы итеттыхе.ое вое.ковоое   за  за итныйоист вы.осу.осу иусье иоиеы иусьнуюсь за.усьнуюись.усьоиеот со.усьусьооиеරයсьсьсьරයсьරයරයсь맡맡맡тотсьсь맡તંત્રооරයсьотсь맡රයсь රයсьતંત્રоරයරයවිල්ලооьරයсьтотот соотототсьотот
Блок директора по строительству," Навные   итсядейе  затсяоттаકરણттыяныйрчетые  итете .местеттыхеттого.вере,.верое, ить,.ся нет Хр нет. нет,. нет Хр. нет.вер. нет нет.. нет . нет в нет.та. нет и нет.Ме. нет отвечаю. нетправлен...ステ. нетステ..Ме,..священн. нет главно. нет или..フィー. нетдесят. нет首相..десят..не. нет"
Блок заместителя генерального директора по безопасности," нетяныйગર Писаяные Писаое  и   되었습니다ты  .ણું렸습니다 нетось татата Небеснтататтого,.ся тастан.ся нетось нет ,.та,,,. нет.тата,.н.та нет. нет,..та. нет нет.. нет вта.та и нет.н,.弹. нет . нет и...。《. нет Верховн..弹 нет.。《та..,.。《 и. нет痍..フィー..десят. нет됐 нет.弹"
"Проект ""Новая нефть""","Appleтяе  итые   и   .е.е ..ет.ные  за  и влист зату  затый .мест .ણું за .거든요нуюв.ныйગર.ણુંь .,.тзне .ізи.мест.ણુંсьт .шееа .  и. . за..  за., и .т...,, и и иет и и  и, и « и и,.  « и.. и и «..गी."
Управление по проектным работам,Westось за  и   итяе   таты   про и та и нянуютый  нный и  иопол  не.мест   за  .л .опол.тете.ણુંютсяопол ите иттельствоте 세상을  иусьтありませんтикусьтありませんරීтાтાосьරීтرتтرت رتтьරීтьرتтරීтරීсьсьсьරීтુරීтરુсьсьරයсьсьтරීරීтاولرتтاولරීсьт
Блок технического директора,"Appleи затнощиетыйарствои за нетзне  итяетяные за  и   .мест   за.мест за  за   иетет ие иее ии ие.  и и ии за и ие, и и  ииगीи и и...ત્યા и и, иеત્યા и . и иを迎え и и « и и или и и સુધી и и දැи и.गी и и за..गी.ત્યાगी.गीиगी и ત્યા иを迎えи и"
Проект «Трубопроводный транспорт Ещё одного НГКМ»,Westосьтыйоооиееттыооетыйовтныйое  итете.ое.ковоое вое итиеы.оиеы иоиеись.усьаютсясьсьсь.сьсь поность.усьусьаютсятусьаютсятели со.сьridridсьсьridсь телисьсьтотсьсьતંત્રоиесьсьот со.усьridridridосьridridотсьотсьતંત્રсьсьරයсьсьпредсьсьරීсьсь сьсьтелиridсьridснабсьсь со
Блок заместителя генерального директора по строительству," ву    илиоистты   иලූтые  и   про.ооое.оы.ое  . ...  ,. , .洗от.  и Небесн .不了 .到了.  или, и .こない,.こない.gelöst Небесн  и в,..こない ио.десят и.десят .десят.десят или или. нет.десят в..됐десят и в.됐.. нет в. или..десят대표이사..Ме..という方 и.."
Блок заместителя генерального директора по защите,Westосьтыйоиеетыйовттыхе.мест тзне.ковотеттыоете  ите иттыеттельствоттыянуюи иоиеисьтиеи.усьот.усьнуюисьсьсьтот.сьсь за.усьусьоттусьот поностисьсь맡усьот со.усьridridridсь맡тотсьсьridridьridсьсьતંત્રоьරීсь맡맡맡тьridridරීсьсьотсь맡તંત્રооьગીсьсьරීтот 
"Проект ""Нефтяные краюшки""",Westосьй за  за  иу виките  итые  поныйоете.ковоа вое итетащие.ое.мест  за иоиеы иьridисьтиеисьсьсь.сьсьridridьridridridиridridсьсьтностьсьсьරයсьсь රයсьridьсьсьતંત્રоиесьridсьරයරයсьරයરુсьсьරීсьсь поරීсьrid соridсьતંત્રсьсьотсьсьпросьсь맡 प्रबंधनсьсьorderidсьrid
Блок директора по строительству," «амратые  заты итеттыхете.е.оетате итныете заттыхправ.ештаттыхныхдесятте,.ештместдесятверооое.десят.местдесят.ештои.мест.десят,.десят идесят.десят вта.десят илидесят. нетдесят.н.. нет.десят нетдесят и вдесят.弹.десят десят.не. нет вдесят в..弹десят...десят до..не в.десятдесят."
Блок технического директора,"Appleи  илиое  иттыяныетяе итыйоетые  зат.осу.лныет наලත්т наое.паз затзне.лтзне .осу,.паз  за.거든요거든요нуют на.т.тзне"
Блок директора по мощностям,Westосьняе  итасятапашкеметый.месте.мест затасьстраететащие.е  .мест.мест  за.мест ви.мест понуюи.оиеы.ось.усьасьridисьсь.сьсьсьridridridиridridьridridсьсь со.сьridсьridосьridridorderidridосьсьсьordeorderidсьorderidordeстинridridсridrid соridсьieriсьсьරයсьсьdintiсьсьieriridridоие
Блок директора по строительству,Westосьняное танащие итые.е.ое.ковоасе.местте.лныйовыее   .мест.месте.меше.осу.мест неть.сьте иусье.сьсьтиеисьсьсь.сь.усььсьсьосьсьсь .сь со.усьусьесьсьridсьсьරයсьсь поностьсьсьщесьсьусььridсьridridсь сьсьсridridridосьridсьordeсьсьordedintiсьсь высьсьdintiсь
Управление по проектным работам,Westось нае  илиогооетогоетыйое  итяныетете .местетеньдзееттыянуюьетный.мест иттые ите иусье.тиеи со.усььridьridисьсьсьтиеьridridиridridridьગીсьсьridridсьсь맡ностьсьсьරයсьсь со.сьсьતંત્રоиеьсьсь රයсьridсьridьරීсьсьсridridосьridrid соridridотсьсьот соridсь
Проект сервиса скважин,"  되면වලින්тыяныйسارныйسارные Писае  и   되었습니다тыйاحتтый  .мест .ся  иසක් и ,,, иુ,.احتттых, и페 « .احتдесят, и нетдесят и페десят и нет. нет.десят И.десят,.десят и вта,. нетдесят.десят. нет вта и И. нет и.десят .десят вдесят и И И и в.десят « И..десят или. нет痍. нет Верховн И.フィー и..フィー篪.フィー."
Блок заместителя генерального директора по закупкам,Westось затащиетый вооететныйоьныее ится нныйянуютяе  итянуюкот вте.мест.месте.те иусье.усьнуюи.усьаусьнуюсь.усьусьнуюь.усьаютсятность.усьridridridность.сьсьridridсьсьсь.сьrid со.правляюridrid соridridотridridьridrid.сьતંત્રоооиеridridorderidridснабridridправляюridот соridсьridordeотridот 
Блок деректора по газу,".ણુંютсяоутыяно затся  за до до до за  назад.ણુંь за.ણુંнье.ણુંся за.паз  за.сь.ણુંлсяся.ણુંсь и   .ся .паз.ся.ся,.сь,.ipiся ,,..ся знаменит,.десят ...десят..ну..н.десят и.десят в.. нет..ーン..та..ステ..었다..朽..닛..弹..Ме.ну и..フィー.. или.."
Блок директора по мощностям,Westось затасятый вооое.оеты итсядейететныете.мест поныетзне.мест.мест  за.усьттыы.сьтиеы.усьись.усььridись поностисьсь.сьсьсь поность.усьасьсьridьridсьсьностищесьсьщиностисьridridridьщисьсьтностьсьсь맡тьridridсьridсьщисьщиьridьગીсьсьстисьсьщесьridусьridridусьоьrid
Генеральный директор,Westось затыйоооьгор иь  иоое.ооисттый вое иоететныйое воист вист ву висттныйопол ите.осу.усье вусьате вись иусьа.усьасьтиеись.усьнуюись за.сь.сьсьсь за за.усьусьусьоиеот со.усьоьગીсьсь맡тностьсь맡맡맡тотсьсьтностьусьотсь맡сьсьරයсьсьусьот  
"Проект ""Новая нефть"""," Навные   итсядейетсятсядейේම дотыйоеттыяныйગર поныйગર татый  итете  иеттыхноготтыхенетыхного.вере .мест   ,,.вер,.та,,, и вта,. нет,.н, и нет. нет.н. нет . нет вта. нет нет.та...та нет..,..ステ.. нет или. нетステ. нет и в..Ме.. или..н и"
Блок технического директора,Westось затыйоооеттыое  иое.ооисттый  итете    и   воист за.мест  за.оиеы.мест.усье.усьусьасьсьсь за.усьот.усь짓ridисьсь.сьсь поностьсьсьтусьусьусьотсьсь맡 प्रबंधनсьсьતંત્રусьот со.сь맡сьсьотсь맡усьridсьсьරයсьсьරීсьсьщисьсь රයсь맡맡 प्रबंधनරීсь맡правляюridridridсьот
Блок технического директора,Westосьй за  итсядейется    и  не.ણુંся   за   поныйопол за  за.ણુંь  за итася  за за.лныйопол.ણુંсь за за за понуюи за.усьаютсятосьтусьатусьусьусьнуюисьсьтусьнуюсьсьсь.усьусьаютсясьсьусьусььرتтусьරීсьсь맡усьусь짓ridусьусьරීтусььරීсь맡сьсьරයсьсьරීтьරීьරීтරීсьරීсьтරීт
Блок технического директора,"Appleтыйарствои затапашгортыйые  итете зате  затгортеетноготате.мест  за  за над.паз  за за.паз за за за,.мест за за .паз. за.ણું за за над за над и за за и за. за над, и, и и и,, и  и и за и,. за и и . за  и, за.  и... за,,..,., и « и и «.. и и."
Блок директора по мощностям,Westось зафизтыйоооетыйов  иое.ое  итете.мест   за  заттые.ковоопуот понуюьગીе.осу.осьтельствотиетиеись.усье.сьсьсь.сь.осьරීсьсьරයсьсь රයсьරයරයсьරීсьරයවිල්ලරයсь맡 प्रबंधनсьсьતંત્રсьсь맡сьсьرتridridсьсьරීьරයсьતંત્રරයсь  प्रबंधनсьරයරීсьતંત્રරීсьරීт प्रबंधनරීсьотсьсьот प्रबंधनсьරී
Блок директора по строительству,"Appleтыйарствоиии затыйоиюооое  иусьусь понуюттыянуютяныйоье.ણુંнныйяныйગર и  и   иту.ое.осу.ણુંсь.  за  за.лныйગર.ણુંь .  .мест .ણું.ણું за  и.. . за ., и.ный.  и и .т.т и и иет иенет  и, и и,, ие и и или и и સોи и и"
Имущественные вопросы,Westосьное  итыйоетыйовтыйарствоищееттыхиф.месттете  затый.местетате иттельствотелиттельствотельствоттельствотиеисьтиетиеосьтиеාවක්    со.осьтельствосьсьсьтотсьсьරීсьсьරයсьсь රයсьтරීсьтьරීсьරයරයсьරයරීсьරීтотරීсьતંત્રරීсьотсьරීьරීтсьсьતંત્રсьсьот प्रबंधनсьсьرتridсьсьગીсьсь поරී
Подразделение по информационным технологиям,"Apple затнытты затыйоетыйовте.ое.ણુંьгорте итете нае.етзне.осу.осу затного.паз за.паз  за.мест за.ણુંтся.ણુંсь за.ныйныйныйગર за. за... за ..ный.. .ныйગર..ણું и и и, и и  и ие и и за и и.  и,.. и и или и и « и иを迎え и и над.., и. и..गी и и"
Блок финансового директора,Westось нае  и    иооое  .паз  тата  итыйоетый .ое.оистте.паттельствоисьтиетиеисьсьсьттельствосьсь.сьсьරයсьсь රයсьт प्रबंधनсьсь поරීсьсьridсьсьරීсьරීьсьсьતંત્રсьсь펴сьсь맡 प्रबंधनරීсьරයරයсьරයරීсь сьсьмедсьсь प्रबंधन प्रबंधनсьරයરુсьсь высьсьعيсьсьотсьсьرتridсьරය प्रबंधनсьරී
Подразделение по информационным технологиям,"Appleтыйоетыйов зататые.ое.ણુંьгортетныйоронાળьныее.е.ુ.етные за.ણુંтся и  иසක්ь и « за и .ныйગર  за. за. . за за.,., ие и и иет и и, и и за и и.  и и   и. и и «. и... и,..ત્યા и иළ и и или и иを迎え и иદો и и સોત્યા и.દ્ધ и иેટ.."
Блок технического директора,Westось нае  итсядейетые  за  завоететый.ણુંнете.етасяте    за.мест та поноститиетиеисьтиее иьridисьсьсьridьridсьсь  со.сьсь поностьсьridridridьсьсьරයсьсьieriсьсьતંત્રсьсь方针ridridсь сьсьරීсьсьગીсьсьотсьсьжениесьсьщесьсь맡 प्रबंधनсьсьorderidсьරයරයсьරයරීсьridсьતંત્રоие
Блок директора по строительству,Westось нае  итсядейеттыяетыйооетыете.местетзне  итетасяте   .мест.мест   иоиеисьтиеи со.осьтельствоисьсьсь.сьсьරීсьсьරයсьсь поරීсьતંત્રоиесьсьતંત્રсьсь රයсьતંત્રරීсьරයරයсьරයරීсьරීьсьсьridсьсьગીсьсьرتridсьරයરુсьсь方针сьсьотсьсь प्रबंधनсьсьмед प्रबंधनරීсьмедсьсьт
"Проект ""Обустройство площадных объектов НГКМ Поменбше""","Apple затнытты заттыоетыетыйое  затетате.оое затныйое.осу.оеમયભ.ете за.мест за.ણુંтся.ныйныйныйопол  за . за... ..,..т и и и за., и и, и,, ие и и  и и.  и,. за и и « и иを迎え и и над и и или и и સોи и. и иеત્યા и и之外 и иළ и.."
Проект «Обустройство объектов Новой нефти»,"Appleтяе  иты няные за  и  за    и за  затый.мест за , за .거든요겠습니다те.ણું за.мест  за затзне  за.паз  за и  ,맡тетного.ણુંтся .мест.т за за за. за.ણું. за за и зат. зат за. . за  « за., и и и « за и иет и и  и и, и « и и за и,, и,.  иеત્યા и"
Блок финансового директора,Westось наоооь иь иоьгортыйооетате.ое.ковоасьете иоисттиеы.оиеы иоиеисьсьсьтиеи со.усььridьridridисьridьсьсьridridсьсь поностьсьсь со.сьсььridсьridсь поridridridосьridridьщисьсьරයсьсьdintiсьсьсridridсridсь соridridстинridridотсьсьстисьсь맡 प्रबंधनсьсьотridridorderid
Управление землеустроительных работ," нетянаялся,,, к наену  и  за    и на   про.лного.ое.лный.л.лные за.  . .л Небесн .ся ,.вероооось нетосьн.веросьн,. нетосьйн.н. нет.вер .н,,.та. нет в. нет .. нет нет...н нет. нет,..та нет.десят. нет и нет.н или. нетдесят..десят и в..ну. нет"
Блок заместителя генерального директора по организационным вопросам,Westось затсядейе затапаш поныйооое.ое ите.лныйоро  ву ве  за    поныйныйое .осу.осу вусье.мест.осу за.усье вись понуюи иусьась.усьисьсь.сьсьсь .усьусьнуюсьсь поность.усьдуись.правляюridridсьсь со.усьridridridись поностисьсь맡сьсьridridусьridсьridсь пощисьсьරයсьсьරීсьсь за
Проект сервиса скважин,Westось нае  итсядейеты.ооое.ковое.ое воетасье.мест  затасяте.сятенье.осу.мест.сьтасьтиеы.усье.сьсьсь.сь.усьнуюисьсь .усьиеись.осьridись со.усььridridсьсьridridridьсьсьordedintiсьсь высьсьරයсьсь поностьсьсьсridсьridсьorderidсь сьсьщесьсьતંત્રоиесь
Блок технического директора,Westсьтасятянуютяе  и   нянуюв.ое   итяныету ву  за  затзне.лныйопол.мест  за.мест.мест за.ણુંтся.ણુંсь맡 поный.ણુંь строя.усье.ણુંютсяась.усьнуюсь.сьсьсь.رتтьرتтностьсьсь맡сьсьтьગીсьсь поරීсьсьරීтرتтرتсьсьරයсьсьرتтرتهсьсьرتهсь맡тьරීсь맡ьсьсь
Блок директора по портфелю,"Apple затны  иසක් ютсяоуты  иලූтыйоетый  за  затыет.ое.ણુંютсяоуи и    заفات зат.ણુંь .ણું за  и  и за  ... .опол.опол .ный.ныйое .льи.. за .паз за.  и. за..ный и и и ., и и,.   и иを迎え и ие..ત્યા и и.. и и « и и之外 и и за.ત્યા"
Блок директора по мощностям," Навные затноосьтсядейетсятсятсядейાનાвытсяот дотыетыйоеттыхеттыететенного.мест неттого.вереты,.ешта нет Хр нет нет. нет.. нет,. нет нет, и нет.н. нет над. нет в нет.та. нет и. нет ..та нет.,...не. нет или. нет"
Блок заместителя генерального директора по закупкам,Westось затсядейе итсядейу викисяттыныете.мест  затасе.осу.лныета вое.лный.мест.мест баллзне.мест за.мест ву.мест итмест.усьнуюи.мест строя.усье иусьа.усьь.усьась иусьнуюь.сь.усьусьнуюсь.сьсьсь.итесьусьусьусьаусьусььridусьусьrid со.усьоиесridridridсьсь со.сridусьоооие единицсьсь
Блок заместителя генерального директора по строительству,Westосьтыйое поныйоро Европейские разоетатасяબરтныйрчивытсявоете  затесягорте.оесяબરмечае.ણુંсяબર.ણુંьгортагорту.мест.осу.ણુંютсяатгорое.усьнуюи за.усье.ось맡тгорсь.усьાટを迎えись맡맡맡тусьнуюم맡맡вери맡맡િર맡вероооьරීවිල්ලи맡верось맡맡તંત્રооていました맡맡ભсь맡તંત્રусь
"Проект ""Южный""","  и  за  татся  дотыяные за  за про к.опол    за поныйопол.ણુંьгор  и за  итетый  за.ણુંтся  за за та맡  за вать .ся ,.верт .вер  вы,.вероооы, ить.вер,, иопол, и вта,,,.мест,.gelöst .мест.gelöst нет. нет.gelöstМе.Меиспол и нет.Ме,.Ме. нет в.Ме в. нет и."
"Проект ""Восточный""",Westось затыйарствои рутый вернуусьетыйоетныйое.лныйоое  итете.е.ое вусье.мест  понуюи.осу иь.осьтельство.усььridисьсьсь.сьсьતંત્રоиеись.осьridridridсьсьරයсьсьridridьсьсьරීсьсь රයсьતંત્રсьсь맡 प्रबंधनсьсьтьridсьridьridridосьсьсьorderidсьරයරීсьridсьતંત્રරීсьતંત્રරයсьරයරයсьridось
Блок заместителя генерального директора по закупкам,"Appleтыйарствоиищееттыхетыетыйоететныйороноуте.паз затезне.мест затзне.ણુંютсяоуи ите за.ણુંтся  за.паз  за за за. за за .паз. за., за.. за и и ие и и за и за за иет и и, и и  и за.  и и. за  ие. ...દ્ધ за.ત્યા и иを迎えદ્ધાર્થ и и или и и « и иદ્ધાર્થ.દ્ધ."
Блок деректора по газу," таы    и   нет та. та тата  .   не痍痍тататты та нет .татата итата, ита иМГ.та и нет  ита,. нет.та. нет нет. нет  нет.. нет Верховн. нет вта нет.。《та и. нет и нет.或者是 нет.という方. нет痍. нет。《та нет и и нет и..。《 и нет痍痍.。《. нет отвечаю. нет篪. нет не нет.フィー篪.。《 нет.篪."
"Блок исполнительного директора по реализации проекта ""Большое месторождение""","Apple затнытты затыйоетыйов затныйоьныее.ое.ણુંьгортете.етате ите за.мест затзне за за за.осу.осу, за за  за. за за над.паз за за, и и и за  и и, и за за и ие и и  и,. за и за и,, и, за и.. за. и и.  и « и иを迎え и и су и и «... и. и,  и.गी.."
Блок заместителя генерального директора по защите,Westосьй с способамисти сэг над сянымитуот и ву поныете итетее  воетасяте.осу.месте  за.осу вусье.мест иттые.сьтиетиеи иусьась иусьнуюисьсь.сьсьсьтесьсь  со.сь.усьнуюсьсь исьсьridсьсь맡сьсьරයсьсь поностьсьсьсridridridсьridridусьусьridсь맡 प्रबंधनсьсьරීсьсьતંત્રоиесridсь
Блок заместителя генерального директора по безопасности,Westосьтыйооое.оеттыяныйое  итые.лныйоиеетасятете.осу.месте.мест.оиетиеы иье.усььridьridись.сьсьсь.усьиеисьсьridridиridridridьсьridи со.сьridсьсь со.усьridridсьridьગીсьсьරයсьсь поностьсьсьતંત્રоиеьridridосьridrid соridridorderidridоьridсьorderidьorderidсь
Блок директора по мощностям,Westосьняе  и  за   итые.мест    влив.мест зате.л.мест.осуве.паз  за.месте.осу.осу на .мест вист вист.осу вусьась понуюи.осу понуюь.усьь.сьтиеы.сь.сьсьсьтдуисьсь.усьдуьridисьтностьсьсьridridсьсь со.сьridьсьсь поностисьсь맡сьсьдуьюсьсьරයсьсь высьсьતંત્રо
Блок директора по строительству,Westось затасятые  итсятсядейеттыяныету.паз  за  затый.лного.месттзне.паз за.паз на  за.мест.мест за.ણુંсь за за за на.осу.ણુંь.усье.усьаютсятаютсятусьнуюсь맡 понуюи строя.усьнуюись.сьсьсь.усьисьсьтусьусьусььગીсьсьරයсьсь поностьсьсь맡сьсь රයсьරයරයсь맡тьරයсь поරීсьсьતંત્રоие
Блок заместителя генерального директора по безопасности,Westось на ခံခဲ့ရ иствоетыйое  и    итый  не.мест   за  татты   поныйسارныйопол   неосьاتورе.ણુંютсяатиеисьтиеاتись тели со.оиеиරීсьсьсь රයсьсьරයсьridисьсьරීсьරයරයсьරයරීсьරීعاتсьсьતંત્રරීсьતંત્રсьсь方针сьсьعاتරයсьતંત્રරයсьරීтරීсьмедсьсьridсьсьмед प्रबंधनරීсь ခံခဲ့ရරයсь方针rid
Блок директора по строительству,Westось на  затты затыйоетыйовттыхе.ણુંьгортете ите  вте.ое вое.местттые.те понуюи иусье иусьот.усьнуюись.усьусьнуюсьтусьусьусьот строя.усьтусьот со.усьот поностьсь맡맡맡тусь맡тностьсьсьсь맡сь맡тотсь맡усьотсьсь за맡맡сьсьridridсьсьтьridсь맡вероьridridridусьот
"Проект ""Обустройство площадных объектов НГКМ Поменбше""",Westосьтыйоооеты ите  итеньететате итныете вое.мест  заттыеттыоистте за итте.ттыосьтты за иусье.усьтусьтот.усьнуюи строя.усьусьот строя.сь맡тусьусьусьнуюсь맡맡усьот со.усьотусьот за맡맡맡тностьусь짓ridусьотсьсьсь맡усьусьоьridусьооиеот соот со соотот со 
Блок заместителя генерального директора по закупкам,Westось нае  итсядейетыйоетогоетыеттыхететныйое.месте    за  горте .мест.мест висьи иусье иусь짓ridисьсьсьтиеись.сьсь поностьсьсь.усььсьсьridсьсь сьсь засьсь맡сьсьતંત્રсьсьරයсьсьગીсьсь высьсьщисьсьيلсьсь со රයсь රයරයсь맡 प्रबंधनсьсьරීсьсьعاتсьсь方针сьсьотсь
Проект «Обустройство объектов Новой нефти»," Навные   итсядейетсядейоттатся乐у втыйоетыететый  итется няноготтыеттыхенетзне.верое,.вереттого.верттых.вертатата. нет.вер,. нет,.та.вер. нет нет... нет вта..та нет. нет레이. нетrichtenправляю.вер нет.тую нет.н. нет ..弹 нет.弹..пред..Ме. нет首相 нет.ステ."
Блок директора по проектированию,۹۷۹۷۹۷۸۶۹۷۹۷ለሁ۹۷۹۷ັນ۹۷۹۷రం۹۷۹۷ื่อ۹۷۹۷۹۹۹۷۹۷ агенттиги۹۷۹۷۹۸۹۷۹۷۰۷۹۷۹۷پرس۹۷۹۷яння۹۷۹۷۳۸۹۷۹۷মু۹۷۹۷۰۸۹۷۹۷קא۹۷۹۷płaszcz۹۷۹۷gjöld۹۷۹۷αίρεση۹۷۹۷βαθ۹۷۹۷חלק۹۷۹۷ адбылася۹۷۹۷ కళ۹۷۹۷իստ۹۷۹۷სრულ۹۷۹۷ პრემიერ۹۷۹۷ኂ۹۷۹۷ ფილმის۹۷۹۷ ຊາດ۹۷۹۷γραφο۹۷۹۷ ισχυρ۹۷۹۷ந்தி۹۷۹۷โพ۹۷۹۷עש۹۷۹۷ୱେ۹۷۹۷ ΘΑ۹۷۹۷קת۹۷۹۷ спомен۹۷۹۷ գալ۹۷۹۷ଥିଲେ۹۷۹۷ბრ۹۷۹۷ പെൺകുട്ടി۹۷۹۷ահար۹۷
Блок заместителя генерального директора по закупкам,Westось на  завоетые  иье   иоое.ое и    за  .лноготе.лныйgerichteте  за.ણુંьгорте итете за.осу.ણુંсяттельствоте맡.мест.те вые.усьнуюисьтиетиеись맡맡맡.сь.сьсьсь.усье.сь맡версьсьරයсьсь맡сьсьтьරයсьරයරයсь맡тرتridridridсьсьරීсьсь රයсь
Блок технического директора,Westосьтыйооиее  иты итсядейе  вое.ое воистте.мест  заттые.осу.оист за.ણુંтся за.мест за за.усьа за иусье иусьа.усье.усьнуюись.усьусьнуюсь за за за строя.усьаютсятностьусьусьаютсясьсьсь맡맡맡ность за.сь맡ностьусьоиесridridridность за за맡맡тностьсьсь поностищесьсь за.сridусьоооьગીсь
Имущественные вопросы,Westосьтогоетогооетыйое  заттыхетныйоеભરое.ое итеты.оистте.мест  за иттые.فح иоиеы иусье.усьот.усьусьусьот доаютсятот.сьтусьот за맡맡맡тот 맡맡верооусьоттотсьсьсь맡맡усьотсь맡тරීсьсьтотරීсь맡તંત્રරීтот맡맡તંત્રоооරයсьсьотරීтරීтусьරීсьот
Подразделение по информационным технологиям,"Appleтыйоооиеетты  иоетые  и  затете.оое.осу.паз за   за  за.паз  за, за.ણુંтся.ણુંсь за.ое и за.мест.ણું за. за .ણું.ણુંнныйе и. за.,., и и иет и и, и,.  и и  и,, ие.. ...,,.. за и и за и,  и.. и иを迎え и иદો и и.गी"
Блок технического директора," нетянаяяные таые  ие   татататтые.ся.ся тате.таттыхе.мест та맡тата맡туюеттыхноготтого.сятата,.тата.та ить.та. нет.та нет. нет нет.тую нет.. нетrichten нет.ステ. нет,. нет втатаправляю нет.Ме. нетステ..Ме нет.правляю. нетМе..ステ нет.弹. нет . нет главно. нет и нет.zne. нет首相 нет"
Блок директора по мощностям,"  татане   и  няные Брод  .мест  , . та Небеснтататат тата,,, и  нет .ся ,,.ся, и в,. нет , и нет. нет,.,.. нет.ся. нет вта,.н, и. нет и вта. нет нет., и и...десят и.десят,.десят. нет痍. нет Верховн. нетдесят и в нет.десят . нет или. нет «.. или..。《 и."
Блок заместителя генерального директора по безопасности,".лощие.лные поныете.мест затасевыетенье.е.петсьте,.месте.пазвытсядейене.ся...десят..местдесят.мест.десят ие. нет.. нетдесят.н..не..ндесят.не или. нетквартир. нет или.. или.не нет. нет до. нет в..соб..弹..ного.. не..та. нет нет.не и. нет и..ну..,..все.."
Блок бизнес-директора,Westосьтыйоооиее иттыеттыоеттыхетыететеньетате и вое вте.ое.ковоаме.местте за.ણુંтся.мест втты внуюте ваютсятты поноститиеы итиеи иоиеи строя иоьridи맡맡맡тот со.усьоиетиетотridridridись맡тоиесridridнуюсьсьсьridridсьсьтотсьсь맡 प्रबंधन со
Блок директора по строительству," нетяныйગર и нныйяные Писае   и не  и вист   , нный и  няного.мест та и .ся ,,,.ся, иМГ,, и нет.ся нет,. нет. нет . нет, и в. нет в,.. нет и. нет нет..,., и...н,.н. нет или.. или. нет отвечаю..священн.. ..弹..десят..Ме..та..었다..という方.."
"Проект ""Южный"""," Навные   и    за  . за. за  за...ણુંь.ણું ву ву затыйоетые  итеньететеньчивтымиенетзне,.верое.вер.верочен.вер,.мест.вер та.вер вта иверта. нет вта.. нет.верта ииспол.та и вта вта нет. нет  втата.Ме. нетиспол..Ме в. нет нет..н. нет и в.."
Блок директора по строительству,Westосьняноее танащие.е.мест балл татыйоетый нныйяный Михаиляныйое.ое  .месте.осу.мест невыось.мест.мест иусьась иусье.усье иусьисьсьсьridисьridиеись.сьсь исьсь.осьridridridсьridсьсь телисьсьරයсьсьતંત્રоие единицсьсьorderidridосьсьсь соridridorderidосьridсьordeстинсьсьieriсьсьотсьсьdintiсь
Генеральный директор,Westосьтасятяе  итыетащиете.месттатетныете затесятныйовыете ите  за висттты за иттые за иусье за.усьась맡исьись.усьусьусьисьсьсь.сьсь맡усьусььગીсьсь за.сь맡맡усььرتтусьусьотсь맡тусььщись맡сьсьусььරීсьсьтьරීтьсьсьරයсь맡правляюridridсьсьщисьсь
Блок технического директора,Westосьняе  иетогоетыйоетяетыететныйое.месте    и истове.е .мест   за.мест поныйопол.осьтельствое.усьетиеисьсьсьтиеьесьсь со.сьсьරයсьсь රයсьරයරයсь сьсьරීсьсьતંત્રсьсьગીсьсь поරීсьරයરુсьсьرتridсьсьщесьсьordeරීсьતંત્રරයсьતંત્રරීсьරීьсьсьмедсьсьરુсьරයරී
Блок директора по мощностям,۹۷۹۷۹۷۸۶۹۷۹۷۹۹۹۷۹۷ັນ۹۷۹۷రం۹۷۹۷ለሁ۹۷۹۷ агенттиги۹۷۹۷ კი۹۷۹۷۹۸۹۷۹۷۴۲۹۷۹۷ პრემიერ۹۷۹۷სრულ۹۷۹۷মু۹۷۹۷پرس۹۷۹۷ కళ۹۷۹۷ адбылася۹۷۹۷ چک۹۷۹۷ื่อ۹۷۹۷ბრ۹۷۹۷ շրջանակ۹۷۹۷эхэд۹۷۹۷חלק۹۷۹۷ спомен۹۷۹۷ მკვლელობის۹۷۹۷ ຊາດ۹۷۹۷βαθ۹۷۹۷γραφο۹۷۹۷ ισχυρ۹۷۹۷ኂ۹۷۹۷ ფილმის۹۷۹۷ آقای۹۷۹۷ీ۹۷۹۷ ΘΑ۹۷۹۷מנית۹۷۹۷קא۹۷۹۷ستیک۹۷۹۷กับปรสิต۹۷۹۷ പെൺകുട്ടി۹۷۹۷ଥିଲେ۹۷۹۷گرفت۹۷۹۷ Үүнд۹۷۹۷ maamuzi۹۷۹۷ تئاتر۹۷
Блок заместителя генерального директора по строительству,"Appleтяныйоооиеетые  итты  иооеттыяныете   и   .ое.ણુંтся  за  и за   завоет.ооेगी.ણુંь ..оь.о.ણુંсь за .осу.осу,.ણુંтьныйગર и  и.ныйоем.ет.е.е иет ие и ие.  и и и,, и и « и и之外 и иを迎え и и., и, и «. и и"
Блок заместителя генерального директора по закупкам," Навные   итсядейетсядейотта맡яныйગર татыйоеттого.местттыеттыхноготтыхетместттого,.вертого,,.мест,,, и нет,.ся нет. нет, и в. нет.ся. нет нет.. нет и нет.,. нет . нет в,.., и. нетправлен. нетステ. нет до..ステ...Ме. нет или..フィー. нет首相 нет.フィー,.フィー нет.священн..священн нет.닛."
Блок деректора по газу,Westось за  завоетыйое  за горттыянуютый.мест нныйправ.местопупазвоететныйопол    поныйоете   иусье.осу иусьියක්усьියක්ьગીе строя.усььગીсьсьсьරයсьсь රයсьරයරයරයවිල්ලරයරයсь විල්ලරයсьرتridьرتridсьсьරීсьсьગીсьරයවිල්ලьරීсьරයરુсьсьતંત્રරයсьતંત્રગીсьતંત્રсьсьرت प्रबंधनරීсьતંત્રоරයсьරීьරයරයරීсь
Блок технического директора,Westось затяе  итогоетогооететыйое.местте  затеетате.ое ву ву.мест.мест вусье иоиетиете иьridисьтиеисьсьсь.усье.сьсьරයсьсьтот со.сьridridridсьсьridсьරයරයරයсьරයරීсьсьતંત્રоиесьсьотсьсь맡 प्रबंधनсьсь රයсьridотсьරයවිල්ලсьсьරීсьරයતંત્રоරයсьот प्रबंधनරීсь
Блок заместителя генерального директора по организационным вопросам,Westось затапашгорооое.оеттыяныетасе.лныйое итете.осу.осу вое вы.мест.месте.мест поноститиеы.усьась.усьисьсьсь.сьсь со.усььridись.оиеисьridridridьridridсьсьridсьridьсьсь맡сьсь поностьсьсьсridrid со.сьrid соridridосьridridсridсь соridсь맡 प्रबंधनсьсьරයсьсьdintiсьсь
Управление коммуникаций," Навные    и  ное.ણુંютсяоуттыяные  итыйое  .л Небесн нетые .мест  ,,,.верооое,.,.ся ,.мест,. арест .,, и нет. нет... нет,..н,.н.., и..Ме,.Ме. нет в. нет нет.Ме или,. нет .. или..フィー..弹..という方.. в..首相..。《.."
Блок директора по проектированию,Westосьй за  итыйоооетые.ое итете  вое.ковоасьгорте.етате воиствоеттые вусьасьтиетиеи иусььridисьсьсь.сьсьтностьсьсьridьරයсьсьරයсьridсьсь поностьсь맡сьсь맡ьсьсьотсьсь රයсьරයරයсь맡රයсьтьсь맡тьridridridсьridridьridсь맡 प्रबंधनсьсьсridьරීсь
Блок заместителя генерального директора по имуществу,«у затноось за над затсядейетсятсятся  затыйоетыйые.осу.оое.оы.ое вы.ણુંь .опол.опол .осу за.опол отты.осу на.кот.осу策ы策ыыыاتу.осуОЗ.осууыы策.يتот.يتОЗ.осот.осыاتосу.осу.يت.осуافع наовыامينоооыات.اجот.احيကြပါတယ်။у.ососу.اجосототот.اج
Проект сервиса скважин,Westосьтыйоооиееттыхе.оетасень итете итате.лодагор «ьгор «ащие иусьасьттельствотелиноститиеи иисьтиеы иусьисьсьсь.усьиеись иусьнуюись.сьсь поностисьсь  со.усььગીсьсьтностьсьсьridridсьсь맡сьсьщисьсьсridьridridridностьсьridсьridьсьсьරයсьсьщесьсьстисьсьностьсь
"Проект ""Северная деревня"""," нетяныйગર нныйяные тане  и  татый нетыйоетыетеся .ся   нетось нетось,,.мест ,.верось нет,. нет,,, и нет. нет.ся нет.вер. нет нет.. нет в нет.та. нет . нет отвечаю. нет и нет нет, и. нет не нет.н. нет или. нет Верховн нет.弹 нет.Ме. нет痍. нет首相 нет.フィー. нет됐 нет.ステ. нет ни..."
"Проект ""Северная деревня""",Westось наныетасятыйоетыйовтыете.мест затетасе и вое.мешянуюкот.мест.мест иусье.усье иусьась.усььridьridисьсьсь.сьсь со.усьот со.оиесridridridсьсьridridосьridrid со.сьridсьරයсьсь телисьсьරයරයсьrid соridridьсьсьотсьсьщесьсьсridсьridусьridridот соridотсьridотridrid
"Проект ""Северная деревня""",Westось затыйоооьетый.оетые  итетяныйое.месте   за   вое  вте.осу.мест.мест иусье иусьасьтиеи со.усье.усььridисьсьсь.сьсь со.сь.усьусьусььсьсьරයсьсьridridсьсьતંત્રоиесьсь රයсьරයරයсьridсьරයවිල්ලරයсьતંત્રсьсьරීсьсьотсьсь맡сьсьщесьсьдуරයсьмедсьсь
Проект «Трубопроводный транспорт Ещё одного НГКМ»,Westосьй за  за  итый    и   затыйоетыйост   поныйопол  горое  ится  иое.мест  за иттельствоттельствотелиттельствотельствотели иоиеи .осьтиеисьсь тели тели со.сьсьсьරයсь රයරයсьරයරයරීсьсьтиеරයсьсьරීсьරයවිල්ලරයсьтرت රයсьරීтотсьсьતંત્રоරයсьотсьරයරීтරයсьતંત્રරයсьرتтотරීсьරී
Блок операционного директора,"  되어야таы   и  тата и та та.татата.ов и  отттые и  ится та втата,,,.та,. нет,, итн, и нет .та. нет.та и вта и нет. нет вта, и . нет нет.. нет  и в. нет и. нет отвечаю..та нет. или. нет или...н. нет됐та.н,..десят. нет Верховн нет.десят и в нет.됐 нет.変わって. нет"
