label,text
Блок деректора по газу,"В ПУЭ сообщили, что взрывоопасная зона класса В-Iа, В-II и в-II находятся в пределах до 5 м по горизонтали и вертикали от ограждающих конструкций"
Блок бизнес-директора,"ОРГАНИ и АТИОН благодарят друг друга за участие в реализации цифровых решений ""DOCAMENT NUMBEER"""
Проект «Обустройство Интересного лицензионного участка»,В рамках Договора No [DOCUMENT_NUMBER] был изъят пропуск из-за отказа прохождения процедуры регистрации груза на КПП
"Проект ""Обустройство площадных объектов НГКМ Поменбше""","""ORGINIO"" направляет вам результаты анализа представленных документов на объекте ""ОБЕЖЕКТ"". Техническая модернизация."
Блок директора по мощностям,"В соответствии с требованиями технического задания на выполнение работ по суточной или фиксированной ставке, бурение скважин осуществляется с использованием бурильного инструмента [FINANCIAL_DATA] в соответствии с графиком производства."
Управление коммуникаций,"""ОРГАНИАЦИОН"" направит вам отчет по целевому использованию денежных средств, полученных по договору благотворительности No 3 (Documentant NUMBEER) No 3"
Генеральный директор,В селе [LOCATION] состоится Слет местных отделений [ORGANI] в период с [DATE_TIME]
Блок бизнес-директора,"ORGINI и ATION высоко ценят сотрудничество с ""РОГАНИ"" и делают все, чтобы выполнить все обязательства, взятые на себя по Договору No ""Documentary Number"""
Проект «Трубопроводный транспорт Ещё одного НГКМ»,"С мая по июль на вТП ""Организация"" будет действовать сезонное ограничение на проезд техники, связанной с пагубным паводком"
Блок заместителя генерального директора по безопасности,"ОКПО ID, ИНН, ИНН и КПП [ORGANI] в рамках реализации стратегии по возмещению ущерба водным биологическим ресурсам было проведено совещание по вопросу получения лицензии на оборот объектов животного мира под председательством [PERSON]"
"Проект ""Восточный""",В DATE_NUMBER сообщили о согласовании планов производства работ в формате rar [PERSON] на [DOCUMEME]
Блок директора по мощностям,"В соответствии с допретензионными требованиями, за выполненные работы по освоению скважин методами свабирования и компрессирования при ТКРС на [OBJECT] в период [DATE_TIME] г."
Блок финансового директора,С ОСУЩЕСТВЛЕНИЕм ДОЛГОСРОЧНЫХ ВЗНОСОВ и СВЕДЕНИЕм СОГЛАШЕНИЯ ДОЛОГО СРОЧНОЙ ДОЛГИСОВ
Генеральный директор,На эл-адресе DATE_TIME в адрес [ORGANI] в адрес адресной строке CUMENT_NUMBER]
Блок заместителя генерального директора по организационным вопросам,Генеральный директор по организационным вопросам ORGANI urname ISO 14001 ISO 22000 UUMBER]
Блок директора по мощностям,"Директор филиала по вводу новых мощностей LOCATION: «Скопление большого количества талых вод на площадке под септик, в следствии чего не обеспечены социально-бытовые условия»"
Блок директора по мощностям,"Автодорога, принадлежащая Обществу, была переночевана и убыла из-за нарушения правил проезда по автодороге"
Имущественные вопросы,"Утверждение Положения о незавершенных активах и порядке их отчуждения (ОРГАНИАТИОН) и организаций группы компаний ""Организация Оргнания"" (OGENINION) и организациям группы компаний (ОГАНИНИНИНИON)"
"Проект ""Южный""",По поручению заместителя председателя Правления – начальника Департамента по перечню этапов строительства ATION - DATE_NUMBER]
"Проект ""Нефтяные краюшки""",В рамках Инвестиционного проекта DATE_NUMBER] не завершенные объекты капитализированы в их стоимости и не являются самостоятельными объектами.
Проект сервиса скважин,Компания LOCATION сообщает о выделении средств на строительство скважин в соответствии с договором от [DATE_NUMBER]
"Проект ""Нефтяные краюшки""",САУ ГПА-16 Волга для КС [OBJECT] не требуется разработка проекта информационной безопасности в рамках разработки газоперекачивающих агрегатов
"Проект ""Южный""","В рамках проекта обустройство Автодороги, в том числе строительство технологического проезда без примыкания и пересечения с линейными коммуникациями, разработана корректировка проектной документации."
Генеральный директор,ORGANI сообщает LOCATION] о статусе исполнения протокола ЭС по состоянию на [DATE_TIME]
"Проект ""Новая нефть""","Управляющий директор по управлению проектами [PERSON] Исп, ведущий инженер-конструктор и ведущий инженерныйконструктор [PerSON],"
"Проект ""Обустройство площадных объектов НГКМ Поменбше""","""ОРГАНИ"" подписывает контракт на выполнение комплекса работ по проектированию и строительству навигационных и транспортных систем, а также газоконденсатных объектов."
Блок заместителя генерального директора по безопасности,"По результатам проведенных мероприятий по предупреждению происшествий и повышению уровня производственной безопасности на объектах ПАО [ORGANI] следует установить, что на объектах были выявлены нарушения."
Блок деректора по газу,В рамках Договора No [DOCUMENT_NUMBER] (Бованенково) управляющий директор по razy [ORGANI]
Блок бизнес-директора,"На демо-дне цифровых исследований и проектов третьей волны, которое пройдет в Дате, эксперты в области технологий и бизнес-сообщества расскажут о цифровых технологиях, которые помогут решать актуальные задачи бизнеса."
Блок бизнес-директора,"Группа по цифровому решению PEI [DOUUMENT_NUMBER] успешно завершила тираж, и тираж был успешно завершен."
Управление землеустроительных работ,Недропользователь заявки на внесение изменений в лицензию в соответствии с приказом департамента природных ресурсов и экологии Ямало-Ненецкого автономного округа от [DATE_TIME]
Блок технического директора,Сервисные технологии требуют от компании LOCATION сообщить о возможности реализации стратегии целостности и надежности в I квартале [DATE_TIME] в соответствии с прогнозом.
Блок директора по портфелю,ОКПО-NUMBER и ОКC-DOCUMENT_NUMIT в рамках запроса о объемах добычи газа на [DATE_TIME]
"Проект ""Новая нефть""",В рамках проекта ГПА-16 Волга для объекта [OBJECT] может быть изменена конструкция вал-шестерней мультипликатора-КНД.
Управление землеустроительных работ,"""Организация ""НОЯБЬСК"" согласовала продолжительность арендного договора с использованием БВС на территории ОБУЙКТ до [DENTE_TIME]"
Проект «Обустройство объектов Новой нефти»,"Накладная No NUMBIER, заключенная с [DECUMBEER] по договору ""DATE-TIME"""
Блок деректора по газу,В рамках выполнения инженерно-геодезических изысканий по объекту необходимо согласовать полноту и достоверность отображения топографической съемки
Проект «Обустройство объектов Новой нефти»,"СДО-Бо МАССА сообщает о местонахождении Обособленного подразделения No1, ТУ, номер автотранспортных средств, адрес местонахождения и адрес адресной строке."
Подразделение по информационным технологиям,"В ""Локациях"" пройдет семинар-собеседование главных и ведущих ученых, работающих в ""Органиуме"" и ""Регионе"""
Блок директора по мощностям,В рамках выполнения работ по договору No [DOCUMENT_NUMBER] производится бурение водозаборных скважин на УПН.
Блок технического директора,Управляющий по энергоснабжению IT-гиганта ORGANI (OBJECT) Исх
Блок технического директора,"В ответ на обращение LOCATION о срочной закупке трансформатора розжига водогрейного котла No2 котельной, приняты меры по организации срочной закупки оборудования."
Управление по проектным работам,На Отправку ТЗ на выполнение ИИ направляется заместитель главного инженера по проектно-изыскательским работам и взаимодействию с надзорными органами
Блок директора по мощностям,"Утверждается, что дисконт более 1,2 приведет к существенным рискам работы ГРП/МГРП на объектах [OBJECT]"
Блок технического директора,На основании опубликованных документов и проведенных тестов в КТ-610 компания ORGANI сообщает о проведении тендерных процедур до включения в него.
Проект «Обустройство Интересного лицензионного участка»,"В рамках выполнения комплекса работ по оборудованию газовых, нефтяных и газовых кустов и площадей были изъяты пропуски у транспортных средств, заправщиков и механиков"
Блок директора по строительству,Утверждается согласие на заключение договора No[DOCUMENT_NUMBER] к договору No[OBJECT]
Блок директора по персоналу,"ORGANI: PERSON: “Comment SON: ""Comte CUMENT_NUMBER]"
Генеральный директор,Исх сообщает DATE_TIME_NUMBER] о возможности оказания помощи при строительстве водоотводных каналов на территории [LOCATION]
Управление по проектным работам,Откройте проектное обследование. Откройте документ. Выберите дату и нажмите  Enter. Введите URL-адрес объекта. Нажмите  Return.
Блок заместителя генерального директора по безопасности,"Внагене пропустит аттестацию по вопросам безопасности, по вопросам радиационной безопасности и безопасности в сфере электроэнергетики, а также прохождение зачета"
Блок директора по мощностям,"Рег сообщает, что индексация заработной платы за месячную норму часов до вычета НДФЛ для супервайзеров по бурению составляет [FINANCIAL_DATA]"
Блок директора по проектированию,"Технология МНК Квад-Нейтрон позволяет измерять ФЕС через несколько обсаженных обсадных колонн, а также определять насыщение через трубу"
Блок технического директора,"Июльский апел, DATE_TIME, E-mail и другие документы, удостоверяющие личность работника, отправлены в корпорацию 3 [PERSON]"
Генеральный директор,"Информацию о том, что 6 февраля состоится заседание Стратегического (Временного оперативного) штаба по решению вопросов, связанных с реализацией проекта поставок газа из [COUNTR]"
Блок директора по мощностям,ORGANI выражает признательность за возможность делового сотрудничества в рамках Договоров с DATE_NUMBER]
Управление по проектным работам,"Откройте сайт DATE_TION, чтобы получить отчет в области ПЭБ, ОТ и ГЗ за [LOCATION]"
Проект «Обустройство Интересного лицензионного участка»,"Управляющий проектом [ОРГАНИЗАЦИЯ] просит сообщить поставщику, который готов поставить эту должность по цене указанной в ведомости МТР [FINANCIAL_DATA]"
Блок заместителя генерального директора по безопасности,"Уважаемая ORGANI ourgANI сообщает, что в соответствии с договором в области ПБ были изменены размеры штрафов, а также добавлены новые пункты."
Блок директора по мощностям,"Оценщик No 1, оценщик - DATE_TIME, дорожная карта по оснащению СВА утверждена в соответствии с ДС"
Блок директора по персоналу,Информацию о целевом обучении и организации подготовки будущих сотрудников прислали руководители системообразующих предприятий в соответствии с инструкциями по размещению заявок.
Блок директора по мощностям,"Управляющий [PERSON] Исп сообщает, что видеопотоки в офис заказчика осуществляются через оборудование, находящееся в офисе."
Блок технического директора,"На основании вышеизложенного, прошу вас оказать максимальное содействие в организации подъездных путей на территории ВРУ-0,4кВ ВЖП."
Блок директора по строительству,"СРО проводит сбор и анализ информации о проблемах, возникающих у строительных организаций в регионах, где осуществляется деятельность членов СРО, в рамках работы оперативного штаба Ассоциации."
Блок финансового директора,"В соответствии с Соглашением о досрочном платеже, мы предлагаем согласовать более ранний период платежей в соответствии с условиями, приведенными выше."
Управление по проектным работам,"Утверждается заключение изм к напря-заказу No9, 10, 12, 24 к ДОГОВОРУ No [ORGANI]"
Блок технического директора,"В соответствии с пунктом 61 Договора по поставке нефти в апреле 2025 года, поставщик получил официальное письмо от компании LOCATION"
Блок директора по газовым проектам,"Управляющий по энергоснабжению IT-гиганта LOCATION] сообщает, что электромонтажные работы в рамках реализации проекта DOCUMENT_NUMBER] завершены."
Блок директора по персоналу,Гендиректор ОРГАНИЗАЦИЯ просит уволиться из-за его просьбы о дальнейшей работе в [ОРГАНЕЗАЦИИ] по его просьбе.
Блок директора по строительству,Компания SUCUMENT_NUMBER] направила в адрес Заказчика письмо с требованием о возврате переплаты.
"Проект ""Нефтяные краюшки""","Направляемую схему электрическую однолинейную (FINANCIAL_DATA) согласовали в приложении, в котором учтены замечания."
Блок директора по строительству,"Истец заключил Договор на выполнение комплекса работ по разработке карьеры от DATE_TION. В соответствии с договором, оплата выполненных работ производится Заказчиком в соответствии с Нарядом-заказом."
Блок технического директора,На этапе тендерного отбора и последующих технических встреч представители компаний обсуждали вопрос организации круглогодичной дороги между объектами [OBJECT] и DATE_TIME
Блок финансового директора,"Конъюнктурный обзор по DATE_TIME, подготовленный на основе данных опроса предприятий, по адресу: finished"
"Проект ""Северная деревня""","Справка пользователя недр об отсутствии ограничений для ведения работ, связанных с использованием недр в соответствии с законодательством Российской Федерации в области промышленной безопасности."
"Проект ""Трубопроводный транспорт Главного НГКМ""","Измерение No1 к Наряд-Заказу No1 с помощью LOCATION, DATE_NUMBER]"
Блок директора по мощностям,Лучший по профессии от DATE_NUMBER] будет направлен супервайзером по бурению [PERSON]
Блок технического директора,В связи с проведением ремонтных работ в отношении мостового сооружения через реку [OBJECT] введены отдельные скоростные и весовые ограничения для проезда.
Блок директора по мощностям,ADOCUMENT_NUMBER] [IORGANI] [DOCUNI]]]
Блок операционного директора,DATE_TIME сообщает об обмене опытом на [OBJECT] в рамках товарно-коммерческих операций с [ORGANI]
Блок деректора по газу,"На Демо-день цифровых НИОКР-проектов третьей волны DATE_TIME будут представлены проекты, которые помогут решить актуальные бизнес-задачи."
Блок технического директора,"В соответствии с требованиями Агентского договора по налогам и сборам в адрес одного и того же покупателя, в период поставки осуществляется выставление счетов-фактур не реже одного раза в месяц"
Блок директора по мощностям,ОКПО-NUMBER] выражает свое согласие на заключение Дополнительного соглашения No [DATE_TIME] о введении единичных расценок.
Блок заместителя генерального директора по закупкам,"Директор отдела технического сопровождения и контроля производства (OBJECT) Исп, генеральный директор отдела по управлению системой снабжения и цифровизации [ORGANI] Исп."
Генеральный директор,Информацию о предынвестиционных исследованиях и предпроектных работах в соответствии с решением Председателя Правления ПАО [ORGANI]
Блок заместителя генерального директора по строительству,"На основании договора аренды земельного участка No [ДЕКУМЕНТ_НЮМБЕР] от DATE-TIME Гендиректор ""АТИОН"" готов подписать дополнительный договор в приложении"
Блок директора по строительству,Подписание Дополнительного соглашения No15 на выполнение работ по инженерной подготовке объектов кластера [OBJECT] в соответствии с соглашением No15
Управление коммуникаций,"В Ассоциации организаций газодобывающей промышленности ""ОРГАНИАЦИЯ и АТИОН"" напоминаем о необходимости ежемесячного членства в размере."
"Проект ""Восточный""",В целях предотвращения и оценки рисков пересечения колодцев специалисты [ORGANisation] рассмотрели проектную траекторию куста колодцев [NUMBER] с операционными и разведочными стволами [OBJECT] НКАМ.
Подразделение по информационным технологиям,В Москве состоится Семинар-совещание главных метрологов и ведущих специалистов в [LOCATION] в рамках Семинара-совещания.
Имущественные вопросы,"Утверждение нормативно-правовых актов по управлению непрофильными активами группы ""Организация Группы"" в новой редакции (приложение 1). Утверждается Положение о порядке приватизации непрофильных активов группы компаний ""Органик"" и организации группы ""ОРГАНИК""."
Генеральный директор,finished to a a a reliable to to the a a pre-professional concution to the deep peoples to the to an an angineering-technical orientation
"Блок исполнительного директора по реализации проекта ""Большое месторождение""","""Организация Организации Оргон и АТИОН"" на основе достигнутых соглашений заключила соглашение о сотрудничестве с АО ""ОБЖЕКТ"""
"Проект ""Нефтяные краюшки""","ORGANI сообщает ourgANI, что в части электрики/автоматизации направляемые вами документы. finished"
Блок директора по персоналу,Заявка на заключение целевых контрактов на 2026 - 2027 учебный год подается только в рамках работы по Единой системе идентификации и аутентизации
"Проект ""Трубопроводный транспорт Главного НГКМ""","Российский производитель и производитель строительства энергообъекта 6-10, 20, 35 кВ, систем освещения и промышленных электросетей 0,4 кВт в ответ на письмо от компании ""Организация и АТОН"""
"Проект ""Трубопроводный транспорт Главного НГКМ""",На УППГ-4 Чаяндинского НГКМ отправьте вас на переговоры о стоимости материалов для строительства объектов: строительство Чаяндина НКАМ и газопроводный транспорт.
Блок технического директора,"Направляем на рассмотрение и согласование проект дополнительного соглашения No [DOCUMENT_NUMBER] к Договору на оказание услуг по транспортировке, хранению и сдаче нефти."
"Проект ""Северная деревня""","В рамках совместного совещания по вопросам взаимодействия в рамках реализации проектов по разработке баланских, аммоских, корских газоконденсатных и нефтяных отложений Уренгойского НГКМ в рамках АРОДа от [DATE_NUMBER] требуется разработка проектной документации на замену насосных агрегатов в насосной внешней перекачке нефти."
Подразделение по информационным технологиям,"В ""Локусио"" состоится семинар с главными метрологами и ведущими специалистами в ""Организационный газоанализатор"" серии 200"
"Проект ""Нефтяные краюшки""",Копия просит согласовать применение в [OBJECT] нагревателей газа для [ORGANI] в соответствии с соответствующими документами.
Блок деректора по газу,"ORGANI. OBJECT и NUMBER, подаваемый на SOBJCUMENT_NUMBIER, просят вас актуализировать методику учета газа."
Блок деректора по газу,На пути эвакуации обжигового персонала предусмотрены меры по устранению повреждений и смещение кабеля из правого кабельного ввода в нижний кабельный ввод
Проект «Обустройство объектов Новой нефти»,"Адрес отдела No 1: ""LOCANION"" от ""DATE-Time"" до ""PERSONE"". Стоимость и материалы, необходимые для строительства объекта, будут согласованы."
Блок технического директора,"В соответствии с договорами по накладным расходам, в том числе на приобретение объектов основных средств, предусмотрены накладные расходы в размере 20 от единичной расценки объема оказанной услуги"
Блок заместителя генерального директора по организационным вопросам,"В соответствии с договором No [DOCUMENT_NUMBER] в Перечне критичны нарушения, угрожающие здоровью и жизни людей."
Блок бизнес-директора,"В ответ на письмо от ""DATE TIMME"" No ""DOMMENT NUMBEER"" я отвечу на него письмом от ""DETET_TEME""."
Блок бизнес-директора,"На Дне цифровых технологий и проектов третьей волны (DATE TIME) будет представлен проект, который будет представлен на мероприятии, посвященном Дню цифровой трансформации."
Блок заместителя генерального директора по закупкам,Приостановка производства на производственной площадке в соответствии с спецификациями к договору поставки в DATE_NUMBER] является основанием для применения к Подрядчику штрафных санкций
Блок технического директора,Утверждается соглашение о переносе объемов услуг по освоению скважин через сепарационную установку на скважинах [OBJECT]
Управление по проектным работам,Откорректированная рабочая документация направлена через комнату данных [DOCUMENT_NUMBER] в эл- виде
Блок деректора по газу,ORGANI предлагает сотрудничество в области использования попутного нефтяного газа и добычи цифровых финансовых активов. finished
Проект «Трубопроводный транспорт Ещё одного НГКМ»,"""ОРГАНИ"" не согласовывают проезд транспорта ""Органики"" через ДП-1 и выезд на трассу трубопровода ""Органио"""
"Проект ""Нефтяные краюшки""",ИСКЛЮЧЕНИЕ контроля и ВСЯ НЕОБХОДИМАЯ НАПАВЛЕНИЯ на объекте [OBJECT]]
Подразделение по информационным технологиям,"В ""Локациях"" состоится семинар с главными метрологами и ведущими специалистами в ""Органиуме и Атэноне"""
Имущественные вопросы,"В соответствии с приказом No ""DATE-TIME"" No ""Document NUMBIER"" о утверждении локальных нормативно-правовых актов группы ""Организация ""ОРГАНИ и АТИОН"" о непрофильном активе и порядке его отчуждения"
"Проект ""Трубопроводный транспорт Главного НГКМ""","Отправляйте на переговоры о стоимости материалов для строительства объекта: БОЖЕК, ДЕКУМЕНТ_НОМЕР из [ДАТА_TIME]"
Блок заместителя генерального директора по защите,"Уведомление о полетах на Агро Дронах уведомляет о том, что на территории сельскохозяйственных полей сельхозпроизводителя будут проводиться регулярные полеты."
Блок заместителя генерального директора по строительству,"На данный момент рассматривается проект Дополнительного соглашения по договору аренды земельного участка No [ДОКУМЕНТ_НМБЕР] от ""DATE-TIME"""
"Проект ""Северная деревня""","В ""Локатионе"" состоится очный курс обучения по программе ""Организация мероприятий"", в котором примут участие сотрудники из ""НЮМБЕР"""
Проект «Обустройство Интересного лицензионного участка»,"В случае CUS, CBI, OTOTH, SELEC, PEMA [CONTACT] [PERSON] [FINAL_DATA] ДАНИИ ОФИЦИЦИАЛЬНОГО УТВЕРЖДЕНИЯ] [ОРГАНИЗАЦИЯ] [ОФИЦИАЛЬНОЕ УСТРОЙСТВО] ОДОКУМЕНТ_НОМЕР] о допуске SMO (допуск SMO]"
Блок директора по мощностям,Компания FILIAL сообщает о росте стоимости буровой установки на КП No[DOCUMENT_NUMBER]
Блок операционного директора,"Врио генерального директора ОКПО-NUMBER направляет вам плановые показатели по добыче газа, нефти и потреблению газа на собственные технологические нужды"
Блок заместителя генерального директора по имуществу,Замгендиректора по правовым и имущественным вопросам (ОРГАНИЗАЦИЯ) в ответ на письмо об аренде дополнительных служебных помещений из [DATE_TIME]
Управление по проектным работам,Управляющий по проектно-изыскательским работам и взаимодействию с надзорными органами (ORGANI) uick umL
Блок директора по газовым проектам,В соответствии со статьей 21 Федерального закона No [DATE_TIME] No [DOCUMENT_NUMBER] проводится исключительная инспекция капитального строительства [OBJECT] и муниципальный контроль в Российской Федерации.
Блок деректора по газу,В соответствии с техническим заданием к договору No[DOCUMENT_NUMBER] Генеральный директор НИИ технико-экономического обоснования (PERSON) строительства бензол-толуол-ксилоольной фракции (БТК-фракции) ATION.
Блок технического директора,"Ущерб от нештатной ситуации на скважине No [NUMBER] не зафиксирован. По мнению специалистов, при строительстве скважины No DATE_TIME были выявлены фрагменты резинотехнических изделий."
"Проект ""Обустройство площадных объектов НГКМ Поменбше""","Замглавы проекта ""Озеленение площадей"" DATE-TIME подтверждает свое согласие на подписание дополнительного соглашения к договору о строительстве нефтегазового комплекса Восточный Сибирь"
"Проект ""Новая нефть""",Направление нефтенефтяной ось МНФ((OBJECT] до Тымпучиканского НГКМ - т.д.
Блок директора по мощностям,Филиал [LOCATION] согласовал перенос инспекции на бурильный инструмент [OBJECT] по суточной или фиксированной ставке
"Проект ""Новая нефть""",Установите термопреобразователи производства [ORGANI] на электрическую схему производства [OBJECT] ATION.
Блок технического директора,"Технический директор DATE_NUMBER: «Проведя консультации и совещания со специалистами [ORGANI] в соответствии с утвержденными технологическими картами, мы выявили необходимость дополнительной верификации БДО и подготовки РТК»"
Управление по проектным работам,"СТК-Ннжннупнгт 2, а также ник отклоиенмвясти ня КС Тас-ИОржского"
Генеральный директор,Уведомление о потерях при добыче углеводородов было произведено в соответствии с соглашением об уплате налогов на добычу полезных ископаемых за [MONTH]
Проект «Обустройство объектов Новой нефти»,"В ответ на письмо No [DOCUMENT_NUMBER] от DATE_TIME сообщается, что не является изготовителем Станции блочной насосной внешнего транспорта нефти [OBJECT] для объекта."
Блок директора по мощностям,"ORGANI сообщает ourgANI, что в соответствии с договором, негарантированный объем работ должен быть приведен в гарантированный объем работ."
Блок директора по мощностям,"На БУ [MODEL] запущена модернизация тормозной системы буровых лебедок, входящих в состав МУTE_NUMBER]"
Генеральный директор,Генеральный директор [PERSON] Исп. CAND] приглашает вас на выставку EVENT в период с [DATE_TIME] в [LOCATION].
Управление коммуникаций,"Информацию о проведении онлайн голосования по дизайну и инновациям, которые планируется благоустроить в 2016-м, опубликовали в компании ""КОНТАКТ"""
"Блок исполнительного директора по реализации проекта ""Большое месторождение""","""ОРГАНИЕ и АТИОН"" готовы рассмотреть возможность субарендации объекта ""ОВЖЕКТ"" (иннв.) после завершения работ по консервации."
Блок директора по мощностям,"По результатам рассмотрения возможности применения концепции Кемп в краткой и среднесрочной перспективе может быть применена концепция DATE_DATA, ориентированная на инвестиционную стоимость."
Блок технического директора,"Директор компании PERSON: «Для подсчета стоимости проведения работ необходимы паспорта отходов, химический состав НСЖ и точное место осуществления деятельности»"
Блок заместителя генерального директора по защите,"На автодроме NUMBIER был обнаружен работник ""Организатора"" (OCCUMENT NUМBIER) с запахом спиртного из ротовой полости, цветные глаза и языковые пазухи. Проверка паров этилового спирта, выбрасываемого в воздух анализатором DEVIC, показала, что нахождение на объекте в алкогольном опьянении запрещено."
Блок директора по персоналу,"В 2026-м году будут организованы целевые образовательные программы для всех заинтересованных сторон, которые имеют право выступать заказчиками целевых квот в соответствии с нормами 71.1 Федерального закона ""Об образовании в РФ"""
Блок технического директора,УЭЦН в рамках договора No6 с DATE_NUMBER] в рамках соглашения No6 по индексации стоимости аренды оборудования в рамках сотрудничества с партнерами.
Блок директора по мощностям,"ORGANI сообщает, что в связи с переводом ранее открытых ОБС на гидравлический разрыв пласта изменяются банковские реквизиты."
Блок заместителя генерального директора по безопасности,"IT-Сервисы 5, в том числе, в рамках программы по внедрению барьеров безопасности в бизнес-планы 2025-2027 гг."
Проект «Обустройство объектов Новой нефти»,"Адрес места нахождения: ""OGANIAI'ATIOON"" - ""LOCATION"", ""OgANI'S"" - DATE-TIME от ""DOWJECT"" до ""DETT_TIME"""
Генеральный директор,"В Ямало-Ненецком автономном округе активно развивается один из самых популярных видов спорта в мире самбо, в том числе и комплексная система воспитания."
Проект «Обустройство Интересного лицензионного участка»,"Директор проекта ""Организация строительства инфраструктурных объектов"" No DATE-TIME No, на основании которого был издан приказ, высылает начальника СЭЭЛЭ и ИП ""ПЕРСОН"""
"Проект ""Новая нефть""",Информацию о подключении системы бесперебойного питания (ORGANI) подтвердили ОКПО и ИНН [DATE_TIME]
Блок технического директора,Установите центробежный горизонтальной насос. Заканчивание скважин Механизированная добыча Альтернативная энергетическая энергетика.
Блок директора по персоналу,"Министерство труда РФ ежегодно составляет прогнозы потребности экономики России в рабочих кадрах по отраслям, регионам и профессиональным квалификациям. Для формирования прогноза на этот год проводится всероссийское исследование работодателей, которое стартовало 1 апреля."
Блок заместителя генерального директора по безопасности,В тотико-специальных учениях на пожарно-испытательном полигоне [ORGANI] участвуют представители [OBJECT]
Блок технического директора,ORGANI сообщает о готовности выполнить поставку лицензий в соответствии с законодательством РФ (НДС не облагается на основании пп. 2 ст. 149 Налогового кодекса РФ).
Блок операционного директора,И.о. генерального директора ORGANI. OCUMENT_NUMBER] согласовал выдачу пропусков с последующим предоставлением всех необходимых документов.
Блок технического директора,В период с [DATE_TIME] в рамках договора оказания услуг по вывозу НСЖ с [OBJECT] был подписан переходный период
Блок директора по портфелю,"Приложение 2, прилагаемое к нефтяным запасам на период до семи лет, приводится в приложении 2. В соответствии с планом разработки месторождения нефти с [DATE_TIME] планируется начать разработку месторождения нефти."
Управление коммуникаций,В Ямало-Ненецкий автономный округ прилагается отчет о целевом использовании денежных средств по договору о благотворительной помощи No [DOCUMENT_NUMBER]
"Проект ""Нефтяные краюшки""",ОКПО-NUMBER-DATA сообщает о возобновлении работы по изготовлению оборудования в соответствии с соглашением о поставках.
Управление по проектным работам,"Смета 1 _переустр трубопр-без Оптимум, смета 2_ молниеотвод-без оптимум.xlsx"
Блок директора по строительству,Скриншот из базы пропусков No [DOCUMENT_NUMBER] выдан на период с допретензионным требованием
Блок директора по мощностям,В рамках Договора подряда на бурение скважин по суточной ставке и фиксированной ставке была начата демобилизация бурового оборудования и оборудования
Блок технического директора,"Установите электромонтажные работы на следующих объектах: демонтаж крышки люка и противопожарных щитов, монтаж крышки крышки и подключение кабельно-проводниковой продукции"
Блок заместителя генерального директора по защите,В соответствии со Стратегическим планом по подготовке к учебным мобилизационным сборам на базе частных образовательных учреждений дополнительного образования будут проводиться учебные сборы для руководителей и работников
Блок заместителя генерального директора по защите,"""Организаторы"" и ""ОРГАНИАЦИОН"" провели круглый стол о преступлениях, совершенных с использованием информационных и телевизионных технологий"
Проект «Обустройство объектов Новой нефти»,"""OBDECT"" направляет вам согласование цены на материалы и материалы для возведения объекта. ОКТЯБРЬСКИЙ СБОРНИК БАБАБОКОВ и ЦЕН."
Блок деректора по газу,Агрегаты насосных НЦСГ-Е-280-120-К-Ш-Т1-УХЛ1 скомплектованы кранами шаровыми с температурой рабочей среды до плюс 230 C
Проект сервиса скважин,"Газпромнефть-Заполярье, замдиректора по бурению и геологии [OBJECT] в рамках проекта интегрированного сервиса строительства скважин [ORGANI]"
Блок директора по мощностям,"В соответствии с предложенной концепцией КЕМП, койко-место на объектах бурения выделено не в соответствии с требованиями пожарной безопасности"
Блок технического директора,"Из-за изменений высотного положения скважин из бурения наблюдается изменение высотных отметок скважин с момента окончания бурения в режиме работы, а также зазор в газосборном коллекторе"
Блок директора по персоналу,ORGANI сообщает ourgANI рекомендательное письмо на адрес электронной почты DATE_NUMBER]
Блок директора по строительству,Наименование ТМЦ по ПД по цене 1 [OBJECT] в рамках выполнения комплекса работ по [ORGANI]
Блок директора по строительству,"Исп, генеральный директор управления капитального строительства, согласовал провоз автокранов в район [LOCATION] для инспектирования и получения необходимых разрешений."
Проект «Обустройство Интересного лицензионного участка»,"В рамках договора No DATE-TIME на выполнение комплексных работ по оборудованию газовых и газовых кустарных объектов изъяли пропуск у транспортных средств, заправщиков гос."
"Проект ""Южный""",ИНВЕСТ сообщает ORGANI о возможности отмыкания трассы к кусту No [DOCUMENT_NUMBER]
Блок заместителя генерального директора по закупкам,Очередной запрос на отгрузку по направлению ВТУМ в июне 2025 г. от СМГ составляет [FINANCIAL_DATA] тн.
Блок заместителя генерального директора по строительству,"""Организационно-финансовая компания"" (ОРГАНИАТИОН) готова подписать дополнительное соглашение к приложенному соглашению."
"Проект ""Южный""","""Организация по добыче нефти и газа"" направят в ООО ""ОРГАНИ-АТИОН"" о согласовании смычки трассы трассы No No NoNo (DOCAMENT NUMBEER) на 1 литр"
Проект сервиса скважин,"Информацию о том, что компания DATE_TIME отправляет на адрес электронной почты в соответствии с обязательствами по охране окружающей среды в газовых скважинах"
"Проект ""Северная деревня""","Откорректированные трассы газопровода-перемычки от КП No1-17 до КПNo1-17 к газопроводу No1-23, откорректированные в соответствии с графиком промысловых газопроводов."
Блок директора по газовым проектам,Арбитражный суд утвердил регистрационный номер для почтовой почты в соответствии с определением [ОРГАНИЗАЦИЯ] из [даты_TIME] в деле о банкротстве
Блок заместителя генерального директора по закупкам,Отправьте письмо от DATE_TIME в адрес адресной приемке МТР в соответствии с правилами оформления и направления Заявок по корпоративной почте.
Блок директора по газовым проектам,Уведомляется о проведении внеплановой выездной проверки объекта капитального строительства в соответствии со статьей 21 Федерального закона о государственном контроле и муниципальном контроле в Российской Федерации
Проект «Обустройство объектов Новой нефти»,ORGANI согласовал стоимость с помощью ОКПО-NUMBER в соответствии с договором [OBJECT]
Блок директора по мощностям,В связи с невозможностью обеспечения бесперебойной доставки топлива по зимним дорогам просим согласовать проезд специализированной техники (бензовозов).
"Проект ""Нефтяные краюшки""","В соответствии с обновленной технологической документацией, в соответствии с которой необходимо разработать и предоставить в адрес компании обновленное задание на фундамент, а также предоставить в его адрес обновленную рабочую документацию."
"Проект ""Восточный""","ICT сообщает ICF, что согласование проезда транспорта вашей организации согласовано с вашей организацией, а также согласование маршрута транспорта."
Блок технического директора,"Утверждается, что организация [OBJECT] невозможна в связи с близким расположением к действующему зданию. В свою очередь, замгендиректор по производству (PERSON) Сертификат подПИСАН ПОДПИСЬЮ"
Блок директора по мощностям,Компания LOCATION сообщает о неудовлетворительном состоянии площадки ВЖК на КП No [NUMBER] под септиком
Блок заместителя генерального директора по безопасности,"Муниципальный район [PERSON] проводит первые этапы республиканских конкурсов по охране труда, в которых участвуют муниципальные работники."
Блок заместителя генерального директора по закупкам,"Очередной пакет документов, необходимых для инициации дополнительного соглашения с строительным подрядом, направлен на рассмотрение в управление закупок услуг капитального строительства"
Блок директора по портфелю,"""DOCMENT-NUBBER / DOCATE-TIME/ OBJET"" - ""PERSION"""
"Проект ""Трубопроводный транспорт Главного НГКМ""","Контрактор не обязан согласовывать с заказчиком стоимость ПТД, закупленных через платформу IRS респектабельной PERSON"
"Проект ""Нефтяные краюшки""","Очередная спецификация по позиции ЦДКС приложена в электронном архиве, в котором получена спецификация неснижаемого запаса."
Блок директора по строительству,Врио управляющего директора ДОКУМЕНТ ПОДПИСЬЮ ПОДПИСАН EЛЕКТРОННОЙ ПОДПИСИЮ MEME]
Блок технического директора,В соответствии с пунктом 61 Договора поставки нефти No [DOCUMENT_NUMBER] направляем официальное письмо по поставке нефти в марте 2025 года.
Блок технического директора,"Информацию о наличии необходимых компетенций в адрес разработчика программного обеспечения для УСК и БМУПН, СИКН и ОГРН [DATE_NUMBER] прислал технический директор ДУП АСУТП тел."
Блок директора по газовым проектам,На основании Договора на поставку воды в Бованнецком НГКМ ОКПО_NUMBER] согласует проезд техники
Блок директора по персоналу,РОССИИ ОКПО-NUMBER: ORGANI. OCUMENT_NUMIT]
Блок директора по мощностям,Компания LOCATION приступила к подготовительным работам с целью возобновления работ по строительству скважин на кустовой площадке [OBJECT]
"Проект ""Трубопроводный транспорт Главного НГКМ""","Согласование стоимости материалов руководителю проекта по строительству проекта ""ОБЕЖЕКТ"" (ОБЕЖКТ) руководителю проекта направили к согласованию стоимости материалов, необходимых для возведения объекта."
Имущественные вопросы,"В соответствии с приказом No ""DOKUMENT NUMBEER"" об утверждении локальных нормативно-правовых актов группы ""Организация"" (ОРГАНИОН) внесены изменения в Положение о неокупаемых активах группы ""ОРганизация""."
Блок деректора по газу,Очередной проект ТУ на подключение газопровода от кустовой площадки газоконденсатных скважин No DATE_NUMBER]
Блок директора по газовым проектам,Уведомляется о проведении внеплановой выездной проверки объекта капитального строительства в соответствии со статьей 21 Федерального закона от [DATE_NUMBER]
Управление землеустроительных работ,"На территории участка недр федерального значения, включающего OBJECT, расположенного в границах участка, согласованы границы земельного участка под строительство и эксплуатацию"
Блок директора по мощностям,На основании решения технического совещания No [DOCUMENT_NUMBER] буровая бригада готова к передислокации на объекты [ORGANI]
Управление по проектным работам,Удостоверили копию приказа No [DOCUMENT_NUMBER] о назначении специалистов по ведению авторского надзора за строительством
Блок директора по портфелю,"Утверждается, что у вас есть информация по себестоимости подготовки продукции в рамках долгосрочных контрактов по добыче и подготовке газового конденсата"
Проект «Обустройство объектов Новейшей нейти»,"В Испанской компании ""PERSONE"" эл.почта: ""CONTAKT"" ContaKT."
Проект «Обустройство Интересного лицензионного участка»,"В соответствии с письмом руководителя проекта ""СЭЛП"" No ""DO CUMMENT NUMBEER"" о том, что необходимо организовать прием персонала на работу в охранных зонах электросетей"
Генеральный директор,DATE_TION сообщает о согласовании проекта распоряжения Главы GOVERNMENT в соответствии с его графиком. finished
Блок заместителя генерального директора по безопасности,"В реестр объектов НВОС I категории, в отношении которых до сих пор не подана заявка на получение КЭР, внесены изменения в Федеральный закон об охране окружающей среды"
Блок директора по строительству,"Утверждается, что в соответствии с Законом о банкротстве приостановлены документы на имущество ООО [ORGANI] [OBJECT]"
Блок финансового директора,Счетные счета субподрядчиков по договору строительного подряда составляют [FINANCIAL_DATA] в соответствии со ст. 313 Гражданского кодекса Российской Федерации
Блок директора по строительству,ОКПО-NUMBER] согласовывает рабочую документацию по газопроводу DN 250 с ВЛ-6КВ на пересечение газопровода.
Блок технического директора,Уведомляется о готовности в пересмотре тарифных ставок на условиях действующего Договора No [DOCUMENT_NUMBER]
Блок деректора по газу,ORGANI сообщает о возможности применения электроагревателей в рамках реализации проекта [PROJECT] в составе компрессорного оборудования.
Блок директора по мощностям,"Компания LOCATION сообщает, что в связи с изменением требований каркаса безопасности требуется установка электрических изгородей в соответствии с их требованиями."
Управление по проектным работам,"По адресу адресу https://www.coNTACT.com//ORGANI.com, в котором находится куст нефтяных скважин [NUMBER] на основании п. 25."
Блок директора по мощностям,Филиал [LOCATION] заключил договор подряда на бурение скважин по суточной ставке и просадку грунтового основания
Блок бизнес-директора,Цифровая индустриальная платформа (ORGANI) направляет коммерческое предложение на оказание услуг по переустановке заправляемых бензиновых.
Проект «Обустройство объектов Новой нефти»,"""PERSONO"" и ""DOCOMENT NUMBEER"" готовы направить специалистов в здание блока измерения количества и качества нефтепродуктов."
Блок заместителя генерального директора по строительству,"""Организацио"" готов подписать дополнительный договор с приложенными изменениями по договору аренды земельного участка No [ДОГОВОРЕН_NMEME] от ""DATE TIME"""
"Проект ""Трубопроводный транспорт Главного НГКМ""",Напорный нефтепровод (OBJECT) No1 – 1стр. Счет на оплату NoFINANCIAL_DATA от [DATE_TIME]г - 1 стр.
Блок директора по строительству,Управляющий управлением капитального строительства [ORGANI] согласовал допуск автокрана на [OBJECT] без права эксплуатации
Управление землеустроительных работ,По запросу ОРГАНИЗАЦИЯ необходимо представить подробное описание проблемы добавления всех необходимых материалов и вспомогательных документов в инвентарные характеристики
"Проект ""Трубопроводный транспорт Главного НГКМ""","На согласование стоимости материалов для строительства объектов: обустройство Чаяндинского НГКМ, газопроводный транспорт и т.д."
Управление землеустроительных работ,Газпром АОБЫЧА НОЯБРЬСК сообщает о непрерывности использования БВС на территории [OBJECT] в срок до 1 марта
Блок директора по строительству,Подписание Дополнительного соглашения No2 по договору No2 на [FINANCIAL_DATA] с заместителем генерального директора ОКПО-NUMBER]
Управление по проектным работам,"Свайное основание позиции No [NUMBER] разработано без учета актуализированного плана организации рельефа, а диаметр лидерной скважины при погружении свай-посада принят на основании пробных погружений."
Проект сервиса скважин,"ОКПО-CUMENT_NUMBER] сообщает, что для формирования состава приемочных комиссий по приемке в эксплуатацию необходимо включиться в состав комиссий в соответствии с требованиями [ORGANI]"
Блок заместителя генерального директора по организационным вопросам,Установить двухнедельное горячее питание в соответствии с требованиями Договора No [DOCUMENT_NUMBER] с учетом НДС можно только при исключении дорогого сырья
Блок технического директора,Установите флажок у «DOCUMENT_NUMBER» в формате разработки для существующих серверов и АРМ кустовой ТМ.
Проект «Трубопроводный транспорт Ещё одного НГКМ»,"""Организационное управление No 1"" не согласовано с прохождением через ДП-1 (NUBBER) км до трассы трубопровода ""Оргэни"""
Проект «Обустройство Интересного лицензионного участка»,LOCATION_DATA] сообщает о заключении Договоров на поставку услуг по монтажу и пусконаладочным работам.
Подразделение по информационным технологиям,"В ""Локатории"" состоится семинар с главными метрологами и ведущими специалистами в ""Организация"" и ""РГАОН"""
Проект «Обустройство объектов Новейшей нейти»,В дополнение к предыдущему письму в рамках подобия [ДОКУМЕНТ_NUMBER] заключенному в отношении ряда строительных работ на площадке и вспомогательном объекте инфраструктуры
Проект «Обустройство объектов Новейшей нейти»,"""PERSONE"" - DOCUSMENT NUBBER - руководитель проекта ""OBjet"" (Objet)"
Блок директора по мощностям,"В связи с этим возникает риск отставания на этапе мобилизации БУ и БХ по вышеуказанному маршруту, а также срыва выполнения всего этапа мобилизации."
Блок директора по строительству,Уведомляем о завершении работ по инженерно-геодезическим изысканиям в рамках выполнения работ по монтажу и передаче геодезических знаков маркшейдерской службы
Блок директора по строительству,И.о. генерального директора o.o. гендиректора OBJECT CUMENT_NUMBER]
"Блок исполнительного директора по реализации проекта ""Большое месторождение""","Гендиректор ""Организации ""Орион"" и ООО ""ОБЖЕКТ"" заключил соглашение о сотрудничестве по обеспечению перспективного грузопотока жидкого углеводородного сырья ""OBDECT"" и ""ОбЖЕКТА"""
Проект «Обустройство объектов Новейшей нейти»,"""Организатор проекта ""ОБЙЕКТ"" просит вас перенести разработку программы ""ПЭМ"" до того, как будет получено положительное решение государственной экологической экспертизы"
Блок технического директора,В соответствии с договором No[DOCUMENT_NUMBER] на оказание услуг по освоению скважин через сепарационную установку
Управление по проектным работам,"В соответствии с рекомендациями отдела проектирования водоснабжения и канализации (OBJECT) разработана схема водоотведения объекта с описанием, см."
"Проект ""Обустройство площадных объектов НГКМ Поменбше""","""CONTAKT: CONTECT: Техническая модернизация: Заметки на 1 листе в 1 экземпляре."
"Проект ""Трубопроводный транспорт Главного НГКМ""","В соответствии с приказом No [ДОКУМЕНТ_NUMBER] к Договору No umant_N UUMBAER] в Восточной Сибири будет проведен ряд работ по строительству объектов, строительству кустоварных площадок и строительству трубопроводного транспорта."
"Проект ""Трубопроводный транспорт Главного НГКМ""","По итогам селектора от [CONTACT] на адрес: DATE_TIME, Электронная почта, электронная почта: CUMENT_NUMBER]"
Блок директора по персоналу,"Генеральный директор [ОРГАНИЗАЦИЯ] Гендиректор INN [OGN] ОИН, INN (ОИН) и INN] (ОКРАТ]"
Блок директора по мощностям,"Филиал ООО ""LOCATION"" сообщает, что в ходе бурения были выявлены нарушения по актам КТП, на основании которых при проведении инспекционных работ применены штрафные санкции."
Управление по проектным работам,На отъезде специалиста авторского надзора по договору No[DOCUMENT_NUMBER] от а/п до LOCATION
"Проект ""Восточный""","По поручению председателя правления ОАО ""PERSON"" был реализован проект ""Объем ж/д линии ""Организация АТИОН"""
Блок заместителя генерального директора по организационным вопросам,"Установить размер штрафа в размере DATE_TIME в соответствии с положениями 333 Гражданского кодекса Российской Федерации, согласно которым сотруднику не было билетов на междугаражный отдых по месту регистрации."
Проект сервиса скважин,DATE_TION] сообщает об отсутствии дополнительных лимитов капитальных вложений в строительство боковых стволов в эксплуатационных газовых скважинах [OBJECT]
"Проект ""Трубопроводный транспорт Главного НГКМ""","Утверждается, что командирование специалиста для выполнения пусконаладочных работ будет в период с [DATE_TIME] по [OBJECT]"
Проект «Трубопроводный транспорт Ещё одного НГКМ»,"С мая по июль на вТП ""Организа-АТИОН"" будет действовать сезонное ограничение на проезд техники через ДП-1 и выезд на трассу трубопровода ""Оргоники"""
Проект сервиса скважин,"DATE_TIME сообщает, что в целях оптимизации некомпенсируемых затрат в столовой на базе [OBJECT] был закрыт филиал."
"Проект ""Северная деревня""","И.о. генерального директора по добыче и подготовке газового конденсата в НТС No1,2, сообщает о направлении исходных данных для проектирования перемычки на УКПГ-2В."
Блок директора по мощностям,В ИНВЕСТе состоялось очное заседание Экспертного совета ПАО [ORGANI] в соответствии с пунктами 5 и 7 протокола.
Блок директора по мощностям,Начальник управления внутрискважинных работ Блока директора по вводу новых мощностей ATION сообщает о снижении производственных показателей.
Блок технического директора,"Кас сообщает, что по объекту [OBJECT] завершены работы по врезке в районе куста, до коммерческого узла учета газа."
Блок директора по проектированию,"Компания ATION объявила о замене штрафных санкций на активные меры по предотвращению внедрения в производственной процесс: защитные очки ARCTIC CONTRAST north, закрытых очков E-200(B) с Bluetooth и интерфейса."
"Проект ""Нефтяные краюшки""",Копия отправила Копии откорректированную документацию на [DOCUMENT_NUMBER] с комментариями в адрес главного конструктора [ORGANI]
Блок деректора по газу,В соответствии с договором No [DOCUMENT_NUMBER] ORGANI будет производиться остановка мобильной установки газоконденсатных исследований скважин КП-123 [OBJECT]
Блок заместителя генерального директора по закупкам,"Продукция по спецификации, в приложении к настоящему, производится в рублях по курсу ЦБ РФ в течение четырех дней с момента поставки."
Управление по проектным работам,В ответ на письмо No [DOCUMENT_NUMBER] начальник управления по проектно-изыскательским работам и взаимодействию с надзорными органами [ORGANI] направляет на согласование откорректированную схему технологической принципиальной по объекту [OBJECT]
Блок директора по мощностям,ORGANI согласовал привлечение субподрядной организации в соответствии с договором о бурении скважин по суточной ставке и фиксированной ставке.
Блок директора по строительству,Счет на оплату No [FINANCIAL_DATA] не может быть воспроизведен в текстовом виде из-за их сложности и объема
Блок технического директора,Напишите акт сверки расчетов между DATE_NUMBER и ATION за период с [ORGANI] по [DATE-TIME]
Блок директора по портфелю,Просьба о предоставлении информации о производственных издержках в соответствии с долгосрочными договорами об управлении рисками в соответствии со производными издержками.
Управление по проектным работам,Очередной комплект исходных данных на ВКУ по шифру Договора (OBJECT) разработан с учетом условий работы отличных от согласованных ранее режимов работы.
"Проект ""Новая нефть""",УТВЕРЖДАЮ И.о. генерального директора ВЛ-35 кВ в районе [OBJECT] на пересечении с газопроводом [ORGANI]
Управление по проектным работам,"Опросные листы на резервуары вертикальных стальных [OBJECT] объекта в электронном виде, скорректированные версии ОЛ и результаты рассмотрения замечаний в формате ЛКП."
Блок технического директора,В ответ на письмо No от [DOCUMENT_NUMBER] от [DATE_TIME] в адресной строке было объявлено о замене штрафных санкций на проактивные мероприятия
Блок технического директора,"Уведомления о выявленном нарушении скоростного режима будут направляться в рабочий порядок с прилагаемым подтверждающим фото/видеоматериалом, который подписан электронной подписью Сертификата [DATE_TIME]"
Блок директора по персоналу,Министерство труда России проводит обследование будущих кадровых потребностей организаций с целью прогнозирования их ежегодной потребности на период до семи лет. Опрос проводится по ссылке [URL]
Блок заместителя генерального директора по имуществу,"В ответ на ваше письмо мы направим расчет арендных платежей за аренду дизельной электростанции, мощностью 400 МВт, на период до ""DETETIME"""
Управление коммуникаций,"CONTACT: ""Организация ""ОРГАНИ"" поддерживает инициативу по реализации проекта ""ПРОЖЕКТ"" на территории ""Локатории""."
Блок директора по мощностям,В связи с переводом ранее открытых ОбС на DATE_NUMBER изменяются банковские реквизиты в соответствии с изменением платежных реквизитов.
Блок директора по мощностям,ORGANI предлагает изменить систему мотивации при выполнении ВМР за счет сокращения сроков вышкомонтажных работ за каждые сутки отставания при передвижке буровой установки.
Блок директора по проектированию,"Замгендиректора по геологии и разработке Евгением Е.А.И.О.В.Н., заместитель генерального директора по науке."
Проект «Обустройство объектов Новейшей нейти»,"В рамках договора между ""Организационными организациями"" и ""ОРГАНИЗАЦИОННЫМИ организациями"" заключен договор по строительству и монтажу работ No [DOCAMENT NUMBAER] No (далее по тексту договора) No(далее по договору"
Блок директора по мощностям,Уплата штрафа в размере DATE_DATA за нарушение условий договора No [DOCUMENT_NUMBER] в соответствии с п. 7
Блок заместителя генерального директора по безопасности,"Заверенные копии документов, устанавливающих причину ложного срабатывания АПС на указанном объекте [DATE_TIME] в жилом вагоне No [NUMBER]"
Блок заместителя генерального директора по закупкам,Замдиректора по внедрению СУОД и ПБ (БРД) Копия сообщает о наличии у работников необходимых документов в области складской и транспортной логистики.
"Проект ""Восточный""",В ответ на письмо от [CONTACT] DATE_TIME_NUMBER]  finished
"Проект ""Трубопроводный транспорт Главного НГКМ""",Покупка товара по заявке No DATE_NUMBER в соответствии с запросом на поставку материалов для строительства трубопроводного транспорта
Блок заместителя генерального директора по имуществу,"ORGANAINCation подписала соглашение No 1 с контрактом на субаренду объектов: - операционная скважина, поглощающая DSS для KUNG-NUMBER; установка фонтана к операционной скважине, установка подъемника NKT sc."
Блок технического директора,СЕРТИФИКАТ НОДНМСАН ЭЛЕКТРОННОЙ НОДМИН: «В РЕЕСТР ЗАКЛЮЧЕНИЙ ЭКСПЕРТИЗЫ ПРОМЫШЛЕННОЙ БЕЗОПАСНОСТИ»
Блок технического директора,"В соответствии с указаниями по эксплуатации и ремонту сосудов и аппаратов, работающих под давлением ниже 0,07 Мпа и вакуумом, емкость дизельного топлива зав."
Подразделение по информационным технологиям,"В ""Локациях"" состоится семинар-совещение главных и ведущих экспертов в ""Регионах"" и ""РГАОН"""
Блок деректора по газу,И.о. генерального директора по производству [CONTACT] на [OBJECT] для передачи газу горючего природного DATA
Блок заместителя генерального директора по закупкам,"В Заполярье состоялась годовая инвентаризация материалов, переданных в рамках годовой инвентаризации [DATE_TIME] на склады No [DOCUMENT_NUMBER]"
Генеральный директор,Минтранс России проводит работу по актуализации прогноза грузовой базы железнодорожного транспорта. В целях реализации Указа Президента РФ на период до 2030 года и на перспективу до 2036 года.
"Проект ""Нефтяные краюшки""","В соответствии с пунктом 20 протокола Совещания, подаваемый на внешний транспорт [OBJECT] в соответствии с требованиями к категории УИРГ."
Блок директора по мощностям,Утверждается договор подряда на бурение скважины No [NUMBER] по суточной ставке или фиксированной ставке
Блок технического директора,"Утверждается, что в медпункте, где проводились тесты для определения наркотического опьянения, проведены тесты на наличие наркотических веществ."
"Проект ""Восточный""",Смета расходов на услуги по сливам/конденсации конденсата и метанола в рамках бюджетного планирования на [ЙЕАР]-[ЯЗ]
Проект «Обустройство объектов Новейшей нейти»,"О создании программы производственно-экологического мониторинга ""Организация"" (OBBER) для проекта ""ОБЙЕКСТ"" (ОББER) в рамках проекта ""ОбъЕКСТ» (ОВБER)."
"Проект ""Нефтяные краюшки""",Замдиректора по управлению проектом Нефтяные оторочки (DOCUMENT_NUMBER) Копия отправила сообщение на e-mail.
Проект «Обустройство объектов Новейшей нейти»,"Испанская компания ""PERSONE"" просит вас перенести разработку проекта ""ОБЕЖЕКТА"" до того, как будет получено разрешение на стройку"
Блок директора по мощностям,"Утверждается, что в соответствии с приказом No [DOCUMENT_NUMBER] был заключен договор о строительстве скважин"
Управление коммуникаций,"""КОНТЕКСТЕ"" (в соответствии с списком) проводит онлайн голосование по дизайну общественных пространств для благоустройства в городе ""Локатион"""
Блок заместителя генерального директора по защите,В связи с продолжающимися угрозами совершения диверсионно-террористических актов в отношении объектов топливно-энергетического комплекса и транспортной инфраструктуры компании ПАО [ORGANI] будут усилены дополнительные меры.
Генеральный директор,"ORGANI просит помощи в оплате реабилитации для сына LOCATION, который получил родовую травму в возрасте 1 год и 7 месяцев."
Блок технического директора,"В рамках строительства отпайки ВЛ-10 КУУГ, с точки врезки в районе куста 1Г ВЛ-20кВ Ф.И.О., в качестве командированного персонала."
Блок операционного директора,В праздничные дни от [DATE_TIME] до субботы с приложением графика дежурств ответственных лиц в праздничные дни в период праздничных дней
Блок заместителя генерального директора по безопасности,ОКПО-наладочные работы на объекте [OBJECT] проводятся силами одного из двух инженеров КИП и А.
Проект «Обустройство Интересного лицензионного участка»,Отправьте проект договора с приложениями NUMBEER в юрисконсультацию. Отправьте письмо NUMEME No [DOCAMEME] к договору No DATE TIME.
"Проект ""Новая нефть""",САУ АВГМ на базе ПТК [DOCUMENT_NUMBER] в соответствии с техническими требованиями.
Блок бизнес-директора,"На Дне цифровых технологий и проектов третьей волны ""ДАЙТЕ ТИМЕ"" будет представлен проект, который будет представлен на мероприятии в ""Дате-ТИМЕ""."
Проект «Обустройство объектов Новейшей нейти»,"""Организатор"" и ""ОргАНТИОНОМ"" заключили соглашение о выполнении строительных, монтажных и строительных работ No ""DOCOMENT NUMBEER"""
"Блок исполнительного директора по реализации проекта ""Большое месторождение""","АО ""ОРГАНИЙ"" и ООО ""ОБЖЕКТ"" заключили соглашение о сотрудничестве по обеспечению перспективного транспорта жидкого углеводородного сырья железными дорогами"
Блок технического директора,"Утверждается, что выдача пропусков без первичных документов состоится в соответствии с договором о выдаче пропусков в промысловую лабораторию."
"Блок исполнительного директора по реализации проекта ""Большое месторождение""","""Организация ""ПЕРСОН"" подписала соглашение о сотрудничестве по обеспечению перспективных поставок жидких нефтяных углеводородов ""OBBECT"" и ""ОБЕЖЕКТ"""
Блок заместителя генерального директора по организационным вопросам,В 2024 году рост цен на бытовую химию и расходные материалы составил DATE_DATA. В 2025 году произошло увеличение минимального размера оплаты труда.
Управление землеустроительных работ,ПУБЛИЧНО-ПРАВОВОЙ КОМПАНЬ: «На основании ч. 19 ст. 34 Федерального закона от [DATE_NUMBER] в адрес филиала ППК [ORGANI] поступила информация о внесении в Единый реестр недвижимости сведений о публичном сервитуте.
Блок директора по строительству,СМР объектов обустройства скважин после бурения месторождений нефти и газа [OBJECT] списывается в соответствии с договором.
Блок заместителя генерального директора по безопасности,Совместный экологический контроль на территории [OBJECT] запланирован на период с [DATE_TIME] до конца года
Блок технического директора,"Объединенное акционерное общество (ORGANI) выдало технические условия на присоединение к электрическим сетям в соответствии с техническими условиями, предоставленными ОКПО-NUMBER]"
Блок операционного директора,В рамках подготовки к выполнению авиационных работ в весенне-летний период 2025 года в ВЛП-2025 необходимо подготовить посадочные площадки постоянного и временного использования
Блок директора по персоналу,В этом году сообщество экспертов будет и впредь играть важную роль в оценке университетов. Просьба представить свои мнения о качестве образовательных программ и уровне организации научной работы в системе высшего образования.
Блок технического директора,ORGANI сообщает о продлении работы по освоению скважины No [DOCUMENT_NUMBER]
Управление по проектным работам,На уровне готовности 5 по согласованному генеральному плану разработана и выгружена 3D-модель на этапе OTP по объекту [OBJECT]
Генеральный директор,Сведения о численности работающих на территории [REGION] переданы в адрес адресной части бюджета муниципального округа REGANI на [DATE_TIME]
Блок заместителя генерального директора по закупкам,Компания ATION запустила производство и по состоянию на [DATE_TIME] не вернула спецификации по дате изготовления и замене манжетов.
Блок заместителя генерального директора по организационным вопросам,Утвердить положение о проведении отборочных игр БГИ в рамках программы “PERSON” можно с помощью DATE_TION.
Блок директора по строительству,"ORGANI подает иск в суд на московскую фирму DATE_DATA, которая была вынуждена произвести закупку материалов через [ORGanI]"
Блок директора по портфелю,Углеводороды Песчаного Ен-Яхинского и Уренгойского НГКМ в соответствии с доведенными производственными показателями
Имущественные вопросы,"Утверждение Положения о порядке приватизации непрофильных активов в соответствии со стандартами группы ""Организация Газпрома"" и группы ""ОРГАНИОН"""
"Блок исполнительного директора по реализации проекта ""Большое месторождение""","Офис сообщает о том, что ""Организационное объединение"" готово рассмотреть вопрос о передаче объектов ""АКЦИОН"" в субаренду объектов ""OGANiATION"" в ""ОБЖЕКТ""."
"Проект ""Нефтяные краюшки""","Копия сообщает, что полный комплект поставляемых средств КИП и автоматизации будет направлен после разработки полного комплекта конструкторской документации. Вх."
Блок заместителя генерального директора по организационным вопросам,"Офис в Санкт-Петербурге, городской Центр Бронирования и Туризма Исх, забронирован в системе on-line бронирования Travel-Click и доступен для бронирования на [DATE_TIME]"
Блок директора по мощностям,"ORGANI сообщает, что процесс закупки проходит без каких-то ограничений, и надеется на плодотворное сотрудничество с вашими партнерами."
Проект сервиса скважин,Замдиректора по бурению и внутрискважинным работам (ORGANI) Исх сообщает DATE_TIME об уплате штрафа в добровольном порядке за нарушение условий договора No [DOCUMENT_NUMBER]
Блок директора по мощностям,"Подключитесь к корпоративной сети с ограниченной пропускной способностью, чтобы улучшить качество связи между офисом и кустовой площадкой. Подтвердите это."
"Проект ""Восточный""","Объединение ОРГАНИЗАЦИЯ с беспилотниками и беспилотными летательными аппаратами с серийным номером [заключительным_ДАТА] и заключительными_TIME с серийными номерами, в зависимости от обстоятельств, с помощью видеоматериалов."
Генеральный директор,"Общероссийский общественный благотворительный фонд (ORGANI) проводит благотворительную программу по помощи детям, оказавшимся в трудной жизненной ситуации."
"Проект ""Южный""","ОКПО-NUMBER, ОГРН, КПП-ID, ИНН, ИНН и ИНН в адресной строке ATION"
Блок финансового директора,"Исх-Ихха предлагает продлить доплату по счету ""DOCAMENT NUMBAER"" или ""Doccumber Numbner"" в соответствии с условиями досрочных платежей и поощрений."
"Проект ""Обустройство площадных объектов НГКМ Поменбше""","""ORGINIATE"" No-i DONCUMENT NUMBEER на ""___"" от ""DATE TIME"""
Блок технического директора,"ОПИ ПТП сухого типа на нефтепроводе [OBJECT] произведено на основании ноляционной информации, проведенной в торговом отчете ОПИ."
Блок директора по персоналу,В ЦЕЛЯХ ПРЕДСТАВИТЕЛЬСТВА: «Просьба рассмотреть возможность увольнения в соответствии с пунктом 5 статьи 77 Трудового кодекса Российской Федерации в порядке перевода из [ОРГАНИЗАЦИЯ] в соответствии со ст. 77 Трудовым кодексом Российской Федерации»
Блок директора по мощностям,Отчет по проблемным вопросам при реализации производственной программы ORGANI направляем на рассмотрение в соответствии с рекомендациями DATE_TIME
Блок технического директора,Компания LOCATION сообщает о готовности выполнить поставку лицензий [PRODUCT] в соответствии с законодательством РФ (НДС).
Блок заместителя генерального директора по закупкам,Заместитель генерального директора по закупкам LOCATION DATE_NUMBER] в рамках договора поставки в соответствии с согласованными сторонами.
Блок директора по мощностям,Направляем вам адаптированную достную инструкцию бурового супервайзера [ORGANI] для исполнения контракта с DATE_NUMBER
"Проект ""Обустройство площадных объектов НГКМ Поменбше""","""CONTATACT"" - ""OCTUME"" (CONTACT) на объекте ""ОФЕКТ"""
"Проект ""Обустройство площадных объектов НГКМ Поменбше""","Совместный приказ No ""НМБЕР"" к договору на выполнение комплекса работ по проектированию и строительству навигационных объектов и газовых конденсатов провели со стороны ""Органики и АТИОНА"""
Блок деректора по газу,"ORGANI сообщает, что при заключении договора NoDOCUMENT_NUMBER было предложено выдать банковскую гарантию под третий аванс в 2 этапа."
Блок заместителя генерального директора по безопасности,"НИИ ЭКОЛОГИИ сообщает LOCATION, что в соответствии с обязательствами по утилизации отходов бурения и рекультивации нарушенных земель на территории [OBJECT]"
Блок заместителя генерального директора по имуществу,Замгендиректора по правовым и имущественным вопросам (ORGANI) Морозова (PERSON) получил письмо от своего заместителя
Блок директора по строительству,ОКПО-NUMBER] выполняет работу по инженерной подготовке объектов кластера [OBJECT] для бесперебойного выполнения работ
Блок директора по строительству,ORGANI направляет копию протокола об административном правонарушении от [DATE_TIME] на адрес электронной почты
"Проект ""Нефтяные краюшки""",В ответ на письмо No [DOCUMENT_NUMBER] от [PROJECT] DATE_TIME от [ORGANI] дирекция всасывания газа 2 секции со стороны [OBFINANCIAL_DATA]
Управление по проектным работам,Смета ПИР на разработанные комплекты документации в соответствии со сметой ПИР в соответствии с ГОСТом Р ИСО 9001-2015 (ISO 45001-2016)
"Проект ""Нефтяные краюшки""",САУ АВГМ на базе ПТК [DOCUMENT_NUMBER] в соответствии с техническими требованиями
Блок заместителя генерального директора по безопасности,"Утвердить план проведения тактико-специального учения по защите населения и территорий от чрезвычайных ситуаций, в котором задействованы дочерние общества [ORGANI]"
Блок заместителя генерального директора по закупкам,ORGANI сообщает uick ourgANI urname umer. finished
Блок директора по портфелю,В соответствии с постановлением правительства Российской Федерации от [DATE_TIME] North Sea Dated на рынке Северного моря были внесены изменения в расчет НДПИ
Блок технического директора,Управляющий по бурению КП NomemeNT_NUMBER] сообщает uick ork our ur umer.
Блок заместителя генерального директора по имуществу,"ОРГАНИ и АТИОН заинтересованы в повышении тарифа на включение этого участка в договор на добычу. В соответствии с договором, сумма Т1 не включает в себя прямые затраты на перевозку и подготовку нефти, которые включаются в расчет при внесении изменений в дополнительное соглашение."
Блок директора по проектированию,"ФГКУ Росгеолэкспертиза уведомляет о возврате заявочной документации на осуществление геологического изучения недр, включающего поиск и оценку месторождений полезных ископаемых."
Управление землеустроительных работ,"На основании ст. 19 Федерального закона No ""О государственной регистрации прав на недвижимое имущество и сделок с ним"" мы направляем информацию о собственниках земельных участков и их части"
Блок заместителя генерального директора по организационным вопросам,"Инициатор, генеральный директор инициатора, а также генеральный директор [ORGANI] Email, чтобы заключить дополнительное соглашение No 2"
Блок технического директора,ADOCUMENT_NUMBER] сообщает ORGANI о возможности заключения дополнительного соглашения по прокату оборудования УЭЦН
Имущественные вопросы,"В соответствии с приказом No DATE-TIME ""О введении локальных нормативно-правовых актов группы ""Организация ОРГАНИОН"" в отношении непрофильного актива и порядка отчуждения активов в соответствии со стандартами группы ""ОРганизация Органики"""
Генеральный директор,ADMINISTRATION: «ATION]-REGANI-E-ION] получил устное согласие на заключение трехстороннего соглашения.
Блок технического директора,Управляющий по электроснабжению ОКВЭД (OBJECT) Кас просит разрешения на работу в охранной зоне ВЛ 10 кВФ.
Проект сервиса скважин,В связи с переводом ранее открытых ОбС на DATE_NUMBER в адрес [ORGANI] изменяются банковские реквизиты.
"Проект ""Новая нефть""","САУ АВГМ производства ORGANI для ГПА-16, а также скорректированную пояснительную записку [DOCUMENT_NUMBER]"
Генеральный директор,В Деловом Доме (PERSON) размещено коммерческое предложение по аренде офисных помещений для нужд DATE_TIME
Блок директора по мощностям,Информацию об изменении ставки первичного монтажа и повторного монтажа в доме DATE_TIME прислали в корпорацию по развитию бизнеса
Проект сервиса скважин,Завершение работы на базе ВЗиС 105 км в рамках Договора в количестве FINANCIAL_DATA состоится в течение 45 дней
Блок бизнес-директора,"Направляем коммерческую заявку на поставку дизельного топлива на сумму в три миллиона шестьсот тысяч рублей, облагаемую НДС в соответствии с действующим законодательством Российской Федерации (20)."
Блок бизнес-директора,"""Организация и АТИОН"" запустили роботизацию газотранспортного предприятия «Организан» и внедрение технологий с использованием искусственных интеллектов"
Блок заместителя генерального директора по строительству,"""Организация по взаимодействию с договорами ""Оргэни"" готова подписать соглашение с приложением к приложенному варианту"""
Блок технического директора,ОКПО-NUMBER на No от О проведении анкеты по метрологическому обеспечению производства и контролю качества продукции за [DATE_TIME]
Проект «Обустройство Интересного лицензионного участка»,"С водителя ""ПЕТЕРСОН"" и механиков ""Петерсона"" взяты объяснительные, проведён внеплановый инструктаж, издан приказ о дисциплинарной ответственности."
Блок технического директора,Подпишите договор технологического присоединения к электрическим сетям через перераспределение максимальной мощности на [FINANCIAL_DATA] в 2-х экземплярах
Блок технического директора,Ущерб от нарушения пропускного режима составил всего 4 (четыре) суток с [DATE_TIME] на КП No [DOCUMENT_NUMBER]
Блок заместителя генерального директора по защите,"Позвоните по электронной почте, чтобы узнать о количестве опасных промышленных объектов, построенных в результате разрушения защитного барьера (ЗОК) и их последствиях"
Блок заместителя генерального директора по безопасности,ОКПО-CUMENT_NUMBER] сообщает о внесении изменений в реестр лицензий в соответствии с установленной компетенцией
"Проект ""Нефтяные краюшки""",Замдиректора по инжинирингу проекта «Нефтяные оторочки» А.А. И. о. главного инженера.
Подразделение по информационным технологиям,"В ""ЛОКАЦИОН"" пройдет семинар с главными метрологами и ведущими специалистами по метрологам и ведущим специалистам в ""РГИОН"""
"Блок исполнительного директора по реализации проекта ""Большое месторождение""","АО ""ОРГАНИЗАЦИОН"" подписало соглашение о сотрудничестве по обеспечению перспективного транспортирования жидких нефтепродуктов (ОБРИКТ) и ""ОБРЕКТ"""
Управление коммуникаций,"""Органики и Атион"" поддерживают идею ""Orgina"" по реализации проекта ""ProJekt"" на территории ""Локация""."
Блок финансового директора,В соответствии с Соглашением о досрочной оплате и в соответствии с ним согласуйте более ранний срок оплаты. Подпишите письмо об отказе от услуг досрочной оплаты.
Блок деректора по газу,"Директор по газу LOCATION: ""Convert в эксклюзивном порядке, с возможностью возврата в эксклюзивный порядок определения визуального соответствия"""
Блок директора по мощностям,Устьевая обвязка на скважине с негерметичностью устьевой обвязки на ее скважине была согласована с руководством филиала LOCATION.
Управление землеустроительных работ,"Информацию о том, что вам нужно для получения заявок на [DATE_TIME] из [DATA_TMT_NUMBER]"
Генеральный директор,"Инвесторы, инвестирующие в строительство скважин No [NUMBER] на Корпоративном портале [ORGANI]"
Генеральный директор,ORGANI сообщает uick ourgANI адрес электронной почты urganI в соответствии с пунктом 2 протокола заочного заседания Комитета по согласованию ключевых условий.
Блок технического директора,"В рамках исполнения Договора No 18.1.8 Стороны не допускают нарушений в области производственной безопасности, в том числе штрафных санкций в области ПБ."
Проект сервиса скважин,"В рамках утвержденного Департаментом [ORGANI] Департамента (OBJECT) на разработку проектной документации при строительстве боковых стволов в эксплуатационных газовых скважинах [OB JECT] при разработке раздела Сметная документация в соответствии с требованиями п.5.3 следует учесть затраты на сервисы, указанные в приложении."
Блок директора по строительству,В соответствии с заключенным Договором подряда от DATE_TIME No [DOCUMENT_NUMBER] необходимо сместить склад ГСМ на необходимое расстояние
"Проект ""Нефтяные краюшки""","Установите ОКПО-NUMBER на No от [OBJECT] в электронном виде, чтобы получить доступ к запрашиваемым данным"
Генеральный директор,"БОКС No 1255, ОКПО-NUMBER, БОC No 125, ICUMENT_NUMION, CONTACT, FIANCIAL_DATA]"
Блок финансового директора,"Согласия о досрочных платежах по договору ""Деквизит-НУМБЕР"" и ""Financial Data"""
Блок деректора по газу,"ORGANI сообщает, что в проекте дополнительного соглашения NoIDOCUMENT_NUMBER предусмотрена выплата третьего авансового платежа."
Блок технического директора,Унщикоу ПС6/10 в рамках строительства и заводки оптической линии в шкаф сбыта ЗРУ 6кВ ПС-6/10
Проект «Обустройство объектов Новейшей нейти»,"Компания ""ОРГАНИОН"" не получила положительного разрешения государственной экологической экспертизы, и до сих пор не получена положительной экспертизы по проекту ""ОБЖЕКТ"""
Генеральный директор,"Компания БОКС No 1255 сообщает БОC No 125, что трубная продукция группы прочности X80 типа 13Cr является перспективной к применению для защиты от углекислотной коррозии ачимовских отложений."
Подразделение по информационным технологиям,"В понедельник, 2023 году, на [ЛОКОВАНИЕ] будет проведено совещание главных метрологов и ведущих специалистов [ОРГАНИЗАЦИЯ]"
Блок директора по строительству,СТОРОНЫ заключили Дополнительное соглашение No38 на выполнение комплекса работ по обустройству газовых и нефтяных кустов и площадочных объектов [OBJECT]
Блок директора по мощностям,"Установка системы внутрикабинной аналитики в соответствии с приказом о продлении закупочных процедур, в том числе на поставку МТР до [FINANCIAL_DATA] дней."
Блок операционного директора,"Утверждается, что на промышленную компанию поступила продукция, отправленная в рамках поставки в соответствии с графиком поставки. Установите флажок у «ATION» и нажмите  Enter."
Блок директора по строительству,Утвержденная проектная документация объектов капитального строительства в Росприроднадзоре не позволит поставить данные объекты на учет в госэкспертизу проектной документации
Подразделение по информационным технологиям,"На ""ЛоЦАТИОН"" состоится семинар с главными метрологами и ведущими специалистами в ""Регионах"" и ""РЕГИОН"""
"Проект ""Восточный""","В соответствии с поручением председателя Правителя по производству и капитальному строительству, вахтовый персонал в OBJECT должен быть доставлен в пункт назначения."
Блок финансового директора,Управляющий по экономике и финансам И.о. finished ourGANI urgANI
Блок деректора по газу,Направляемый сборочный чертеж ГП на [NUMBER] в адрес DATE_TIME [EMAIL]
Блок технического директора,"В ВЛ-10кВ будет проведена реконструкция траншеи, монтаж кабельной продукции в охранной зоне существующей ВЛ-11кВ."
Управление по проектным работам,Вышеуказанная автодорога по объекту общего пользования может быть запроектирована за пределами объектов обустройства нефтяных и газовых месторождений.
Генеральный директор,В соответствии с графиком реализации работ по переводу разведочных скважин в наблюдательный фонд поступили коммерческие предложения на выполнение внутрискважинных работ в соответствии с техническим заданием.
Блок технического директора,"Генеральный директор ТСБ-1 Товарного производства (PERSON) сообщает, что АО [ORGANI] согласовывает посещение представителями компании."
Блок заместителя генерального директора по безопасности,"В среду на пожарно-испытательном полигоне DATE_TION состоится тактико-специальных учений, в которых примут участие все желающие"
"Проект ""Трубопроводный транспорт Главного НГКМ""","""PERSONE"" предлагает перенести сроки выполнения работ на более поздний период, обеспечить включение систем в работу и обеспечить запуск пусковых работ единовременно"
Блок директора по строительству,Руководство проекта DATE_TIME на No [DOCUMENT_NUMBER] одобрило и согласовано представленные акты на выполнение дополнительных работ
Блок технического директора,Владельцы частных платных автомобильных дорог необщего пользования (далее - дорога) могут быть приостановлены в связи с отсутствием заключенного договора присоединения
Блок директора по мощностям,"БУ с разгрузкой оборудования в соответствии с договором по суточной ставке и фиксированной ставке, который был подписан в конце декабря."
Блок заместителя генерального директора по безопасности,ORGANI сообщает о рассмотрении дополнительного соглашения с DATE_NUMBER] на поставку услуг в формате Excel.
Блок технического директора,"ОКПО_NUMBER] сообщает, что для заключения договоров энергоснабжения необходимо предоставить все документы, подтверждающие данные о цепочке собственников"
Блок технического директора,"О направлении актов приема-передачи оборудования в эксплуатацию будет объявлен внеочередной осмотр электрооборудования вагонов-домов, в рамках эксплуатации силами сетевых районов ПрЭО [ORGANI]"
Блок технического директора,"В соответствии с договором, бездорожный выезд состоится на [OBJECT] в соответствии с загруженностью единственного инспектора [ORGANI]"
Блок директора по мощностям,"ORGANI сообщает ourgANI, что все сотрудники, которые ранее работали на объектах, были внесены в ограничительный список."
"Проект ""Обустройство площадных объектов НГКМ Поменбше""","Замглавы проекта ""ПетерСОН"" No-DCUMENT NUBER от ""DATE TIME"""
Генеральный директор,DATE_TION: «ATION» - «DOCUMENT_NUMBER] - «Convert»
Генеральный директор,БОКС No125 сообщает о распределении продукции в рамках агентского договора No[DOCUMENT_NUMBER]
Блок деректора по газу,"Утверждается, что на результатах измерений точки росы по воде и углеводородам газа горючего природного от [DATE_TIME] выявлено несоответствие установленным нормативам."
Блок заместителя генерального директора по защите,"В Ямал-Ненецкий автономный регион был обнаружен сотрудник, который является водителем крана. В соответствии со стандартом ОС ОСОРГАНИЗАЦИЯ перевозка вещества запрещена."
"Блок исполнительного директора по реализации проекта ""Большое месторождение""","""Организация"" и АТИОН заключили соглашение о сотрудничестве по обеспечению перспективных поставок жидких нефтепродуктов в период ""DETET-TIME"""
"Проект ""Новая нефть""","Управление приведения закупочных решений в соответствии с ISO 9001, ISO 45001 Вх. Исп сообщает, что расчеты рассмотрены."
Блок финансового директора,Утвердить критерии существенности неисполнения ключевых показателей деятельности Группы [ORGANI] для оценки результатов производственно-хозяйственной деятельности БЕ/ДО в соответствии с Приложением 2.
Блок операционного директора,"""Организацио"" высоко оценивает сложившуюся между нами партнерскую связь, рассчитывая, что они продолжат сотрудничество и взаимное сотрудничество"
Блок заместителя генерального директора по безопасности,Потребление озоноразрушающих веществ будет прекращено в Российской Федерации к [DATE_TIME] в связи с принятием Кигалийской поправки к Монреальскому протоколу.
Блок технического директора,ORGANI предлагает организовать автопробег транспортных средств подрядных организаций по территории [OBJECT] в рамках празднования 80-летия Победы.
Управление землеустроительных работ,"Сопроводительное письмо от ""Органиума"" было направлено в адрес DATE-TIME, но договор не был подписан со стороны ""ОРГАНИЗАЦИОН"""
Блок директора по мощностям,Генеральному директору [ORGANI] назначена очная встреча с генеральным директором [OCUMENT_NUMBER]
Блок заместителя генерального директора по организационным вопросам,Заместитель генерального директора по организационным вопросам (ORGANI) согласовал перенос проведения ДНК на [OBJECT]
Блок директора по строительству,Наряд-заказ No26 к Договору No26 от [DATE_NUMBER] в редакции приложенной к настоящему письму
Имущественные вопросы,"В соответствии с приказом No ""DATE TIME"" No ""Document NUMBEER"" о введении локальных нормативно-правовых актов в отношении непрофильных активов ""ОРГАНИОН"" и организаций группы ГАЗ ""Организация Организации"". Утверждение Положения об отчуждении непрофильного актива и порядок его отчуждения возложено на заместителя председателя Правления ""ПЕРСОНА"" и председателя правления ""ПЕЕРСОНА""."
Блок бизнес-директора,"""DATTE TIME"" No DECOMENT NUMBIER: ""1. Проработан функционал и ответственность между дочерними обществами, участвующими в реализации договора на видеоаналитическую деятельность"""
Генеральный директор,"Ввод мощностей Нового ГПЗ состоится на [OBJECT] в рамках контрольного поручения председателя Правителя. Ввод труб в скважине запланирован на 2,4 линии [DATE_TIME]"
Управление по проектным работам,Управляющий по проектно-изыскательским работам и взаимодействию с надзорными органами (ORGANI) выражает согласие на заключение изм.
Блок заместителя генерального директора по имуществу,В рамках крупного проекта по строительству внешнего газопровода сотрудники по контрактам регулярно ездят на место проведения работ в офисном здании в ориентировочном районе [FINAL_DATA]
Блок директора по мощностям,"Подрядчик заключил договор с подрядчиком на проведение гидравлического разрыва пласта, который был подписан к договору No [DOCUMENT_NUMBER] в электронном виде."
Проект «Обустройство объектов Новейшей нейти»,"На основании письма, содержащего требование о внесении аванса по договорам подряда ""ДОККУМЕНТ-НМБЕР"", прошу обеспечить обеспечение авансового платежа по сумме двух гарантий."
Блок бизнес-директора,Цифровая промышленная платформа (ОРГАНИЗАЦИЯ) отключается отключает [INN] / INN] от [ПЕРСОН] в [DOCUMINT_NUMBER] и отключается] от ПК.
Блок операционного директора,ORGANI направил запрос в адрес DATE_TIME в рамках проверки налоговой декларации по налогу на добывку полезных ископаемых
Блок директора по мощностям,Объединенное акционерное общество (ORGANI) просит согласовать допуск и работу специализированной техники на Уренгойской группе месторождений.
Блок директора по строительству,"Уведомляем вас о том, что Филиал назначен директором филиала [ORGANI] по адресу DATE_TIME"
Блок бизнес-директора,Отправьте электронную почту на третий День цифровых исследований и разработок [Дата_TIME] с приглашением на цифровые НИОКР и Дни уважения [PERSON]
"Проект ""Северная деревня""",На проведение ОПР будут доведены до вашего дочернего общества за счет средств Департамента по технологическому развитию (OBJECT) за счет доведенного лимита.
Управление по проектным работам,"На Отправку ТЗ на выполнение ИИ с уважением, замглавы управления по проектно-изыскательским работам и взаимодействию с надзорными органами"
Блок директора по мощностям,"Управляющий директор ОКПО-NUMBER] сообщает, что в связи с переводом на Единый ОБС изменяются банковские реквизиты."
Проект «Обустройство объектов Новейшей нейти»,"""PERSONE"" - DOCURMENT NUBBER, генеральный директор проекта ""OBjekt"" И. о. гендиректора компании ""ПЕРСОН"""
"Проект ""Южный""","""CONTATT"" - ""Center NUMBEER"" — ""Convert NUMIER"" - это решение антитеррористического комитета в ""Регионе"""
Блок бизнес-директора,ORGANI выражает благодарность за участие в ОПЭ цифрового решения. PERSON] выражает благодарность и надеется на продолжение сотрудничества в будущем.
Блок бизнес-директора,В 2024 году газотранспортный завод продемонстрировал на Петербургском международном газовом форуме проект роботизации и внедрения технологического оборудования с использованием искусственного интеллекта
Блок заместителя генерального директора по безопасности,Генеральный директор отдела операционной деятельности по экологической безопасности [ORGANI] согласовал возможность выбора грунта из карьера No [NUMBER]
Блок директора по проектированию,Директор по геологии и разработке ИСХ No 613 от [DATE_TIME] до [DOCUMENT_NUMBER]
Генеральный директор,Саха Орсныыгыкэтин транспорта унна суюл ханаайыстыбатыгара министиэристибэтэ пр.
Блок операционного директора,По результатам проведенного в январе-марте совещания по организации работы объектов нефтедобычи в МН ВСТО прошу вас направить ответное письмо от руководства организации.
Блок деректора по газу,"Компания LOCATION подписала договор о поставке и монтаже сменных проточных частей для центробежного компрессора ЦБК320-14,1/101/102/16С."
Генеральный директор,Объединенное акционерное общество (OCUMENT_NUMBER) передало 100 НЗС по карьерам общераспространенных полезных ископаемых.
Блок директора по мощностям,"Уведомляем вас о проведении комиссионного разбора на производственной базе ООО ""ORGANI"" (OBJECT)"
Управление по проектным работам,"ORGANI сообщает, что запрос на существующую дорогу поступил от [PROJECT] до [LOCATION]"
Блок директора по строительству,"Директор по капитальному строительству No2 ATION сообщает, что отсыпка насыпей на многолетнемерзлых грунтах осуществляется силами генподрядной организации [ORGANI]"
Блок заместителя генерального директора по закупкам,"В соответствии с подписанным договором No1, поставки оборудования и отгрузки МТР с заводов-изготовителей будут осуществляться в соответствии с его требованиями."
Блок директора по строительству,"ORGANI сообщает DATE_TIME_TION, что ориентировочная стоимость услуг составит [FINANCIAL_DATA] без НДС."
Блок директора по строительству,В рамках исполнения контрактов No[DOCUMENT_NUMBER] на согласование скорректированной ведомости поставки Подрядчика в СБЦ в 1 экз.
"Проект ""Новая нефть""",Корректировка ТЗ на СГДУ и техническое задание на установку компрессорной центробежной (DOCUMENT_NUMBER] с комментариями к замечаниям в формате ЛКП
Блок директора по мощностям,"Утверждается протокол ПТ-DOCUMENT_NUMBER от ATION, который был направлен на собеседование в адрес уполномоченных представителей [ORGANI]"
Блок заместителя генерального директора по строительству,"""ОРГАНИАТИОН"" готов подписать дополнительный договор в приложении к арендному договору No DATE-TIME No ""DOCOMENT NUMBEER"""
Проект «Трубопроводный транспорт Ещё одного НГКМ»,"Сообщается, что с мая по июль на вТП ""Органиум"" будет действовать сезонный запрет на проезд техники, связанной с паливом."
Блок директора по мощностям,"Установите на устье скважину на [LICENSED_AREA] гидравлические испытания, при условии соблюдения правил безопасности в области промышленной безопасности"
Генеральный директор,"На сессию Супервайзинга Бурения в БиВСР будут приглашены представители ДО/СП, дочерние и зависимые общества"
Управление по проектным работам,Установка DESCRIPTION на оборудование по шифру договора (OBJECT) осуществляется по запросу заказчика.
Блок бизнес-директора,"В Цифергаузе состоится Демо-день цифровых НИОКР-проектов третьей волны (DATE_TIME) в рамках мероприятия, посвященного ДМСК."
Управление коммуникаций,"Счет-фактура: Ассоциация организаций по газовому хозяйству ""ОРГАНИ и АТИОН"" (в соответствии с перечнем) ""Организация газового хозяйства"" в соответствии с Положением о членских взносах, членском взносе и целевом взносе в течение текущего периода оплачиваются в полном размере не ранее 31 марта 2016 года."
Блок технического директора,Дивизион Север сообщает о неготовности дальнейшего раскрытия негарантированного объема оказания услуг по вывозу НСЖ с группы месторождений [OBJECT] в рамках договора No [DOCUMENT_NUMBER]
Блок директора по строительству,В ответ на запрос поставщика ротобного заказа на оказание услуг по ШМР и ННР поставщик обогащения системы автоматизированного обогащения АСУТП согласованы технические задания
Управление по проектным работам,На [OBJECT] в рамках рассмотрения РКД от [ORGANI] будут направлять замечания в адрес ОКПО-NUMBER]
Блок заместителя генерального директора по безопасности,"Информационный центр дополнительного профессионального образования (ДПО) аккредитован Министерством труда и социальной защиты РФ, который проводит обучение в специализированных учебных центрах."
Блок технического директора,В ответ на письмо No [DOCUMENT_NUMBER] Генеральный директор компании PERSON предлагает заменить штрафные санкции на проактивное мероприятие.
Блок директора по строительству,В соответствии с условиями заключенного договора No[DOCUMENT_NUMBER] между заказчиком и поставщиком ГСМ были оплачены с помощью банковского сопровождения
Блок заместителя генерального директора по безопасности,"На форуме внутренних тренеров по производственной безопасности на базе [OBJECT] в соответствии со списком приглашений, в соответствии с списком ОКПО-NUMBER]"
Управление коммуникаций,"""Организаторы поддерживают инициативу ""Органик и Аттион"" по реализации проекта ""ПРОЖЕКТ"" один раз, и он уже успел стать успешной и востребованной инициативой."
Блок директора по строительству,"В рамках исполнения контракта No[DOCUMENT_NUMBER] на выполнение строительно-монтажных работ, в дополнение к исх, на согласование скорректированной стоимости МТР."
Блок технического директора,ADOCUMENT_NUMBER] [PERSON]] [CUENT_ NUMMBer]]
"Проект ""Обустройство площадных объектов НГКМ Поменбше""","""NUMIBER"" - ""DOCOMENT-NUMBER"", ""LOCACT - ""PERSONE"""
Проект «Обустройство объектов Новейшей нейти»,"В связи с письмом о выделении авансовых средств в рамках найма на строительство площадок и объектов инфраструктуры, в том числе строительства рекреационных парков, хранилищ и компрессорных станций на ""ОБХЕКТ"""
"Проект ""Восточный""","По результатам анализа траектории бурения скважины NUMBEER с эксплуатационным и разведочным стволом скважины ""OBMENT"" были рассмотрены проектные траектории скважины."
Блок операционного директора,Установить дежурство в офисе в праздничные и праздничные дни в соответствии с приказом ПАО [ORGANI] в соответствии со ст. 113 ТК РФ
"Проект ""Трубопроводный транспорт Главного НГКМ""",Установите кабельную токопроводящую продукцию на существующей базовой реле UPPG-4 в соответствии с контрактом No [DOCUMENT_NUMBER]
Блок операционного директора,Москвичи просят выделить бульдозер для расчистки полигона ТБО [LOCATION] [ДОКУМЕНТ_НОМЕР]
Проект «Трубопроводный транспорт Ещё одного НГКМ»,"""OGANNIA"" сообщает, что ОКП-1 не согласует проезд транспорта по территории ""ОБЖЕКТ"" и выезд на трассу трубопровода ""ОРГАНИАТИОН"". Пропускной режим на территории предприятий и других объектов No ""PERSSON"", связанных с пагубным паводком, будет действовать сезонным ограничением на проезд техники."
Блок директора по персоналу,"РЭКС-Аналитика приступила к составлению 14-го ежегодного рейтинга лучших университетов России ""ОРГАНИ"" в 2015 году"
Блок деректора по газу,"Снижение ЗИП кабельной продукции с DATE_NUMBER, а также включение в объем поставки оборудования, связанного с поставками, может увеличиться."
Генеральный директор,"На форуме по освоению Арктики и континентального шельфа состоится конференция, посвященная освоению ресурсов нефти и газа в рамках деловой программы."
Блок технического директора,В соответствии с условиями Договора No [DOCUMENT_NUMBER] НСЖ Уренгойского НКМ с [FINANCIAL_DATA]
Блок директора по строительству,Генеральный директор по капитальному строительству ATION согласовал проведение работ в периоды выходных и праздничных дней с [DATE_TIME]
Блок заместителя генерального директора по закупкам,"В рамках участия в закупке No[DOCUMENT_NUMBER] в рамках закупки оборудования и инженерного сопровождения при снуске и крепление скважин хвостовикам, в том числе для проведения многостадийного ГРП на [OBJECT]"
Управление землеустроительных работ,ОРГАНИЗАЦИЯ сообщает о возможности создания общественных сервитутов на основе регулирования земельных отношений в Краснодарской области [ORGANisation]
"Проект ""Новая нефть""",ORGANI согласовал применение нагревателей в [OBJECT] для [OCUMENT_NUMBER]
Управление по проектным работам,"Замглавы проектного офиса Якутии (ORGANI) Сертификат подПИСАН, заместитель главного инженера, руководитель проектного бюро и руководитель проекта."
"Проект ""Южный""","На совещании по подготовке технических проектов для разработки технологий ТРИС в рамках подготовки технических проектов по разработке технологий геологоразведки, разведки и добычи полезных ископаемых ТРИОН проведет практику по обзору текущего состояния подготовки проектов."
"Проект ""Нефтяные краюшки""","В соответствии с рекомендациями риск-сессии HA, компрессорные установки для компримирования природного и попутного газового газа и схемы газовые принципиальные в приложении."
"Проект ""Южный""",Почта высылает ТКП на [ORGANI] с характеристиками: условный внутренний диаметр от - до наружный диаметр [ID] С.
Управление коммуникаций,Проведение онлайн голосования по дизайну и инновациям в городе [OCCUMENT NUMBEER] проводится через единую федеральную платформу госуслуг. Мы приглашаем вас и ваших коллег принять участие в опросе.
"Проект ""Северная деревня""","В соответствии со сроками поставки, в соответствии с указаниями, указанными в Приложении, поставки могут быть скорректированы по итогам разработки проектной документации."
Блок заместителя генерального директора по организационным вопросам,"ОКПО-NUMBER] сообщает, что суточное количество питающихся в здании столовой на 100 мест в месяц составит 1 шт-300 гр."
Проект «Обустройство объектов Новейшей нейти»,"Генеральный директор ""Первона"" (И.О. гендиректора ""ПЕрвона"") Благодарит вас за авансирование."
"Проект ""Нефтяные краюшки""","Опросные листы на станционное оборудование, арматуру динамического байпаса и фильтр газовый с люком, а также арматуру подмеса горячего газа перед АПК, составленные с учетом обновленных требований для подбора запорно-регулирующей арматуры"
Блок технического директора,ORGANI сообщает ourgANI о возможности заключения договора на устье скважин и обустройстве устья скважин.
Генеральный директор,На совещании по приобретению вагонов-цистерн генеральному директору DATE_TIME необходимо направить повестку на адрес электронной почты [CONTACT]
Имущественные вопросы,"Утверждение Положения о порядке приватизации непрофильного имущества группы компаний ""Организация"" и организациям группы ""ОРГАНИОН"""
Управление по проектным работам,Директор управления по проектно-изыскательским работам и взаимодействию с надзорными органами [CONTACT] PERSON
Блок директора по проектированию,"ИНЖЕНЕРНО-ТЕХНОЛОГИЧЕСКИЙ СЕРВИС: «В связи с индексацией единичных расценок и увеличением общей суммы договора на [FINANCIAL_DATA] без учета НДС, с переносом оказания услуг на [DATE_NUMBER]"
Блок технического директора,В рамках Договора No [DOCUMENT_NUMBER] генерация ВЭЦ (OBJECT) передала права на земельный участок.
Блок директора по мощностям,"ОКПО DATE_NUMBER] получил письмо от ORGANI, в котором просит о внесении изменений в проектную документацию."
Блок деректора по газу,"Снит-система, смонтированная на взрывозащищенное исполнение сопроводительной информацией, не поступила в московскую почтовую почту."
Блок технического директора,На Тас-Юряхском НГКМ может быть реализована нефть в рамках производственной программы (ORGANI) в соответствии с запросом.
Блок технического директора,На основании заключенного договора No [DOCUMENT_NUMBER] на оказание услуг по зачистке от шлама нефтепромыслового оборудования для нужд ORGANI.
"Проект ""Нефтяные краюшки""",В соответствии с обновленными исходными данными от Заказчика в части изменения давления нагнетания с температурой на входе в компрессор [OBJECT] на [FINANCIAL_DATA]
Блок директора по мощностям,В рамках Договора ГНЗ-22/1/00276-P от [DATE_DATA] БУ 5000/320 ЭК-БМЧ зав.
Блок директора по строительству,На основании заключенного No[DOCUMENT_NUMBER] отгруженного в [ORGANI] счета отправлены в ОКВЭД
Блок заместителя генерального директора по безопасности,Информацию об организации работы в выходные и праздничные дни направляем в дополнение к письму Министерства энергетики Российской Федерации от [LOCATION]
"Проект ""Трубопроводный транспорт Главного НГКМ""",Отсутствующие в сборниках смежных базовых участков (СБУ) материалы для заправки (по 600 НДС) отправлены на согласование стоимости материала.
Блок бизнес-директора,"В ответ на жалобу от LOCATIA, CONTALT и NDEVENT'NUBBER я исправил жалобу."
Блок технического директора,Руководитель отдела по применению беспилотных авиационных систем и робототехнических средств ATION urGANI URL_NUMBER]
Управление коммуникаций,"Отчет по целевому использованию денежных средств, предоставленный по договору благотворительного фонда No DATE ""NUMBEER"", в 1 экземпляре"
Блок заместителя генерального директора по безопасности,"Сотрудники отдела по контролю за техническим состоянием газовых и нефтяных объектов, проведенного в соответствии с календарным планом на них, не проводились"
Блок директора по мощностям,ORGANI сообщает о расшифровке счетов в рамках договора No[DOCUMENT_NUMBER]
"Проект ""Нефтяные краюшки""",Замгендиректора по материально-техническим ресурсам (ORGANI) направляет письмо в адрес генерального директора по перспективному развитию.
Блок директора по мощностям,"В соответствии с договором генерального подрядчика NomeNT_NUMBER, рабочая комиссия по пуску буровой установки No125-18 состоится на [DATE_TIME]"
"Проект ""Трубопроводный транспорт Главного НГКМ""","Наряд-заказ No[DOCUCUMENT_NUMBER] к Договору No [PERSON] на выполнение комплекса работ по строительству площадочных объектов, обустройству кустовых площадок и строительства объектов трубопроводного транспорта"
Блок операционного директора,Сессия по комплексному моделированию активов пройдет на сайте [ОБЕТКТА] в [ЛОПАТЕ] в]ЛОПАТ
Проект «Трубопроводный транспорт Ещё одного НГКМ»,"С мая по июль будет действовать сезонный запрет на проезд техники, связанный с периодом паводков. Объедините ""PERSONE"" с ""DDATE TIME"""
"Проект ""Восточный""","Телефон: DATE_TIME_NUMBER] сообщает, что после изучения проектной траектории колодцев [NUMEER] с операционными и разведочными стволами [BOJEST] NANM не было выявленных переходов или опасных сближений."
Имущественные вопросы,"Утверждение Положения о порядке приватизации непрофильного актива ""Органик и АТИОН"" и организация группы ""ОРГАНИК"""
Блок директора по строительству,Утверждается заключение Наряд-Заказа No[DOCUMENT_NUMBER] от [ORGANI]
Блок директора по персоналу,"Вуз проводит комплекс мероприятий по помощи молодежи определиться с выбором специальности. Профориентационная акция ""День открытых дверей"" проводится в рамках профориентационного мероприятия ""Органиум и АТИОН"""
Блок директора по строительству,Управляющий отдел по строительству и пусконаладочным работам МУПН-TX01-OJ-008 (CDOCUMENT_NUMBER) получил коммерческое предложение на выполнение шеф-монтажных работ.
Блок директора по персоналу,"В связи с внесением поправок в Трудовой кодекс Российской Федерации в отношении регулирования работы работников, занимающихся наставничеством в сфере труда, в соответствии с Законом [Дата_ТИМЕ] No [ДОКУМЕНТ_НОМБЕР] о наставничестве в рамках регулирования деятельности работников, назначаемых на оплате труда."
Проект «Обустройство объектов Новой нефти»,"На согласование стоимости материалов для строительства объекта требуется конкретная информация о технических характеристиках и параметрах, но текст не может быть воспроизведен из-за его объема и сложности."
Блок директора по строительству,"DATE_TION сообщает, что с целью обеспечения безопасности дорожного движения будет введено ограничение движения транспортных средств с разрешенной массой более 3,5 тонн."
Блок заместителя генерального директора по безопасности,Уважаемая DATE_TION PERSON сообщает о проведении на территории лесничества [OBJECT] экологической акции [EVENT]
Блок директора по мощностям,"В соответствии с условиями ДС No 2 необходимо обеспечить согласование с Заказчиком внутрикабинного видеоанализа, а не согласовывать его с DATE_TIME"
Блок директора по мощностям,LOCATION: DATE_TIME: «DOCUMENT_NUMBER] с переводом остатка средств и позиций в гарантированный объем»
Блок директора по строительству,ORGANI сообщает о своем отказе в заключении дополнительного соглашения к Договору подряду No[DOCUMENT_NUMBER]
Блок директора по персоналу,Справочная информация по участию в опросе прилагается к ЕРТИФИКАЦИИ ЭЛЕКТРОННЫМ ПОДПИСАНИЕМ ПО СВИДЕТЕТЕЛЬСТВУ
Блок заместителя генерального директора по безопасности,УПРАВЛЕНИЕ ДОГОВОРНОЙ ПРОТИВОПОЖАРНОЙ СЛУЖБЫ ГОСУДАРНОЙ ДЕТИВЫСТВЕННОЙ РОТИВОЙ ДЕДЕВОЙ ПОДРАЗДЕЛЕНИЯ ДОГОВА ДЕВОРНОГО МУДЖЖДЕТНОЕ УправЛЕНИЕ ДЕСВЫШИМЫ ГОСЛУДЖЕННОЙ ПРОТЬВОПОЗАРНОЙ ПРОТЕВЫМЕДЕДЕДЬДЕВЫДОГОВОЙ ПРОТИВИВЫГЕДЕДИЦЫ  CUMENT_NU
"Проект ""Нефтяные краюшки""","ORGANI сообщает DATE_TIME, что приступил к выполнению землеустроительных работ в части аренды сроков аренды и переуступки прав по договорам аренды нефтяных участков."
Блок заместителя генерального директора по безопасности,Филиал LOCATION: «Устранение несоответствий по Актам No [DOCUMENT_NUMBER] снято с контроля»
Блок финансового директора,"Утвердить критерии существенности ключевых показателей результативности деятельности Группы [ОРГАНИЗАЦИЯ] в отношении EBITDA, Free Facility Flow, Investment Funding, Pogache 2"
Проект «Обустройство Интересного лицензионного участка»,"В ответ на письмо No DATE TIME ""О согласовании цены МТР"" от [DVD-TME] по согласованию цен на материалы прошу предоставить контактную информацию поставщика материалов."
Управление по проектным работам,"Информацию о том, что на МКУ обрабатывается технологическая принципиальная МКУ по объекту Реконструкция установки нефти [OBJECT]"
Блок финансового директора,Утвердить Положение по непрофильным активам и порядке отчуждения непрофильных активов в рамках приведения локальных нормативных актов в соответствии с нормативными актами.
Проект «Обустройство объектов Новой нефти»,"Компания ""Организация ОРГАНИЯ"" - ИИН - ИИСХ - ИХ, руководитель проекта ""Обустройство территории Чон-Нефти"""
Блок директора по мощностям,На КП 1-Арт запланирована работа комиссии по пуску буровой установки МБУ [OBJECT] [ORGANI]
"Проект ""Южный""","По решению антитеррористической комиссии ""Регион"" необходимо соблюдать требования законодательства РФ о привлечении и использовании иностранных работников для обеспечения безопасности и не допустить их участия в террористических актах"
Управление землеустроительных работ,Наименование Банка России в ОКТМО [OCUMENT_NUMBER] направляет e-mail.
Блок заместителя генерального директора по безопасности,В Новоуренгойском филиале Юрского филиала Юрии начались переговоры с подрядной организацией по поводу допуска автомобильного компрессора к работе с истекшим сроком действия диагностических карт.
Блок директора по строительству,В соответствии с договором о сторнировании испытаний изоляторов ОКПО-NUMBER и газосборных трубопроводов в рамках соглашения с подрядчиком
Проект «Трубопроводный транспорт Ещё одного НГКМ»,"""Организация ""Органик"" не согласовывала проезд транспорта через ДП-1 (ДП-2) на трассу трубопровода ""Оргник АТИОН"""
Блок заместителя генерального директора по безопасности,"На встрече с избирателями прокуратура города LOCATION выявила факты нарушения в сфере экологии и охраны окружающей среды, в том числе в рамках переработки и утилизации бурового шлама."
Блок технического директора,"В соответствии с утвержденными правилами эксплуатации и обслуживанием железнодорожных путей необходимо разработать и подписать с ними техническую документацию, а также согласовать с соответствующими указаниями."
Блок технического директора,"В рамках проводимых мероприятий по сокращению количества отказов оборудования на объектах [ORGANI] были выявлены участки, требующие утепления"
"Проект ""Обустройство площадных объектов НГКМ Поменбше""","CONTALT направляет вам результаты рассмотрения документации, представленной на объекте ""OBDECT"" в рамках технического модернизации."
Блок директора по мощностям,"Утверждается, что компания ATION оказывает супервайзинговые услуги при строительстве и реконструкции на основании Договора No [DOCUMENT_NUMBER]"
Блок директора по мощностям,"В настоящее время компания испытывает острый дефицит ликвидности, в том числе связанной с несвоевременным поступлением денежных средств со стороны других заказчиков."
Блок директора по мощностям,Установка утилизации отходов Факела-2 в DATE_DATA за период с [NUMBER] в [DOCUMENT_NUMEME] за период со сдачей выполненных объемов работ.
Блок директора по газовым проектам,В соответствии со статьей 21 Федерального закона No [DATE_TIME] No [DOCUMENT_NUMBER] проведена исключительная инспекция капитального строительства [OBJECT] и муниципальный контроль в Российской Федерации.
"Проект ""Трубопроводный транспорт Главного НГКМ""","""CONTAXT"" - ""LOCANION"", ""DOMANION - ""PERSON"", IC - ""OCTATION"""
"Проект ""Нефтяные краюшки""",Исх направил письмо в адрес генерального директора по материально-техническим ресурсам (ORGANI) с просьбой разъяснить порядок дальнейших действий.
Блок директора по портфелю,"В соответствии с разделами 5, 6, 7 Правил управления горнорудной деятельностью в [ОРГАНИЗАЦИЯ] и 6, 6 Правил управления добывающей деятельностью в соответствии с утвержденной формой"
Блок технического директора,ОКПО-NUMBER: тариф на транспортировку нефти во 2 квартале в соответствии с сборником No DATE_TIME
Блок заместителя генерального директора по закупкам,Директор филиала LOCATION: «PRODUCT в количестве [NUMBER] на [DATE_TIME]
Управление по проектным работам,Начальник управления по НИР и взаимодействию с надзорными органами (ORGANI) направит ответы на замечания в формате ЛКП
"Проект ""Обустройство площадных объектов НГКМ Поменбше""","Откройте ""OGAINI и АТИОН"" и внесите изменения в договор No DATE-TIME в соответствии с изменениями посещаемых соотношений этапов монтажных работ."
Проект «Трубопроводный транспорт Ещё одного НГКМ»,"С мая по июль на ""Организационном"" будет введен сезонный запрет на проезд техники, связанной с пагодой."
Блок директора по мощностям,ORGANI сообщает о продлении рабочей вахты на КП No DATE_NUMBER] в связи с дорожными обстоятельствами.
Блок директора по строительству,Наименование ТМЦ по проекту [DOCUMENT_NUMBER] с помощью TMЦ EL
"Проект ""Южный""","Компания ""Организация"" провела корректировку проекта ""Обустройство"" в части исключений участка дороги и проектных работ по проекту ""ОБЖЕКТ"""
Блок директора по мощностям,Сквидельство в рамках договора No [DOCUMENT_NUMBER] приняло акт на непроизводительное время на скважине No [OBJECT] кустовой площадки No [LOCATION]
Подразделение по информационным технологиям,"В ""Регионах"" и ""РЕГИОНах"" состоится семинар-собеседование главных и ведущих экспертов в компании ""Организацио"""
Проект «Обустройство Интересного лицензионного участка»,"В ответ на запрос ""DATE-Time"" No 3 и No 4 к договору No ДП мы подтверждаем возможность выполнения работ по монтажу и пуско-наладке (ПОНР) в соответствии с указанной ценой по контрактам No 3, No 4 в рамках закупочной процедуры «ДП» (ДП). Сканирование документов, согласно приложению, должно быть указано в тексте договора."
Блок заместителя генерального директора по закупкам,"Идентификационный номер заявки, направленной по запросу DATE_TIME, не соответствует указанию [ORGANI]"
Блок технического директора,"Компания ORGANI предлагает поставку и сервисное обслуживание мобильной установки подготовки нефти в Приложении 2 к данному письму. Срок действия предложения - 24 месяца со дня ввода в эксплуатацию, но не более 36 месяцев с даты поставки."
Блок директора по мощностям,Компания PERSON согласовала временный пропуск в службу ПБ для передачи ВОЗ по профессии в соответствии с договором No DATE_TIME
Блок директора по проектированию,В соответствии с пунктом 1528 Правил безопасности в нефтяной и газовой промышленности в пакете приказа ORGANI OBJECT
Управление по проектным работам,Узела запорной арматуры No [NUMBER] согласована только в части участка врезки трубопровода No [OBJECT]
Блок заместителя генерального директора по организационным вопросам,В рамках Договора по выработке электроэнергии в одновагонной столовой было получено официальное письмо от компании DIANCIAL_DATA
Блок директора по мощностям,Управляющий проектом по контролю исполнения контрактов ATION сообщает об изменении платежных реквизитов в связи с переводом ранее открытых ОБС на [ORGANI]
Блок директора по проектированию,"Энергия нефтегазового сервиса Юра сообщает, что в рамках заключенного Договора No[DOCUMENT_NUMBER] в рамках договора No[ORGANI] необходимо установить фактическую схему отклонений от оси НДС после каждой передвижки."
Блок директора по мощностям,"И.о. генерального директора ORGANI. ourgANI сообщает urganI, что выдача пропусков без первичных документов состоится в мае."
Проект сервиса скважин,На данный момент начало работ по строительству первой скважины запланировано на [DATE_TIME] в рамках проекта Интегрированного сервиса строительства скважин [ORGANI]
Блок заместителя генерального директора по имуществу,"В рамках разработки бюджета ""Регион"" просим вас предоставить информацию о земельном участке, расположенном на территории межселенного района, арендованном администрацией ""РЕГИОН"" Департаментом градостроительной и земельной политики."
Блок операционного директора,Программный комплекс для оперативного мониторинга и моделирования актива No [DOCUMENT_NUMBER] внесен в Реестр программ для ЭВМ.
Блок директора по портфелю,Углеводороды на [OBJECT] доведены до DATE_TIME на [DOCUMENT_NUMBER]
"Проект ""Нефтяные краюшки""","В соответствии с обязательствами на поставку оборудования для строительства объекта [OBJECT] в рамках контракта на поставку грузовых мест в рамках договора поставки [DOCUMENT_NUMBER] от [DATE_TIME] в соответствии с требованиями к упаковке, маркировке и транспортировке грузового места."
Блок заместителя генерального директора по безопасности,Уважаемая [ORGANI] компания ATION сообщает о выделении земельного участка в соответствии с договором No [DOCUMENT_NUMBER]
Управление землеустроительных работ,"Ознакомьтесь с картографическими материалами, представленными для определения местоположения запланированных земель (лесных) участков для строительства и эксплуатации газовых колодцев [НОМБЕР] в соответствии с лицензией [Организации] No [DATE_TIME]"
Блок заместителя генерального директора по имуществу,"В рамках проекта ""ProJekt"" ""Организация и АТИОН"" проводятся выезды на место строительства газопровода внешней среды при участии ООО ""ОРГАНИАЦИОН"""
Управление по проектным работам,Утверждается заключение Изм по проекту газопровода ПНГ [OBJECT] на условиях приложения к настоящему письму
Блок директора по мощностям,Директор по вводу новых мощностей на КП No[DOCUMENT_NUMBER] согласовал временную консервацию
Проект «Обустройство объектов Новейшей нейти»,"В рамках договора между ""Организатором"" и ""Оргенатором"" был заключен контракт на выполнение строительных и монтажных работ с DOCAMENT NUMBEER No [DOSCOMENT-Number]"
"Проект ""Восточный""","В ответ на письмо, полученное от ""Организация и АТИОН"" от ""ДОККУМЕНТ NUMBCER"", специалистам ""ОРГАНИЗА-АТИОН"", было рассмотрено несколько вопросов"
"Блок исполнительного директора по реализации проекта ""Большое месторождение""","Гендиректор по финансам и коммерсантам ""PERSONE"" - ""DOCOMENT NUMBEER"""
"Проект ""Северная деревня""","DATE_TION сообщает ORGANI, что в соответствии с Инвестиционной программой, предложенные по объему добычи и поставки углеводородного сырья, должны быть корректированы."
"Проект ""Восточный""","В сотрудничестве с ""Организационным комитетом ""Объекта"" разрабатывается проект организации технических условий на территории ""ОБЖЕКТ"""
Блок технического директора,"В соответствии с техническим заданием DATE_TION, к середине месяца перевахтовываются 2 вида авиаперевозок."
Управление землеустроительных работ,"Уведомляю о проведении осмотра лесных участков, расположенных на территории Республики Саха, на предмет соблюдения условий договора аренды, в соответствии с пп."
"Проект ""Северная деревня""","Справка пользователя недр об отсутствии ограничений для ведения работ, связанных с использованием недр в газопроводе КП No[NUMBER]"
Блок директора по строительству,В ответ на обращение No [DOCUMENT_NUMBER] к руководству проекта [OBJECT] Гендиректора [PERSON] Исп.
Блок технического директора,"Управляющий директор по энергоснабжению ORGANI LOCATION] сообщает, что электромонтажные работы по монтажу временной ВЛ-10 кВ опоры No203-4 и КТП 1600/10/0,4 на территории жилого поселка orgANI завершены."
Блок технического директора,В четверг состоится выездное техническое совещание по полимерно-армированным трубопроводам с приглашением производителей-поставщиков и проектных организаций
"Проект ""Южный""","""Organic ATION"" отправляет ТКК на ""Организационную"" с характеристикой: усредненный внутренний диаметр, условная длина, условное внутреннее диаметрирование, температурные режимы от -0 до -0 С."
Блок директора по персоналу,Минтруд России проводит всероссийский опрос о перспективной кадровой потребности организаций с целью прогнозирования их потребности в профессиональных кадрах для обеспечения их подготовки в системе высшего и среднего профессионального образования.
Имущественные вопросы,"Утверждены локальные нормативно-правовые акты ""Организация Группы Компаний"" для приведения в соответствие с локальными нормативными документами группы ""ОРГАНИОН"""
"Проект ""Новая нефть""",Управляющий по развитию клиентского сервиса (OBJECT) Исп направляет откорректированную документацию по СГДУ с комментариями к замечаниям.
"Проект ""Северная деревня""",В соответствии с п.3 Протокола совместного совещания по вопросам взаимодействия в рамках реализации проектов по разработке валанжинских и ачимовских газоконденсатных и нефтяных отложений в период [DATE_TIME]
Блок директора по мощностям,"Отчетный директор отдела внутрискважинных работ ООО ""ORGANI"" Козлову сообщает о сроках вывода бригады ТКРС"
Блок директора по мощностям,ORGANI не может принять предложение об оплате работ по консервации БУ на КП No [NUMBER] из-за непроизводительного времени.
Блок операционного директора,"""Организационный"" просит выделить трактор для очистки полигонов ТБО ""Локатион"", чтобы очистить их от грязи и грязи"
Блок директора по газовым проектам,В настоящее время на линии прохождения технического осмотра у [ORGANI] истек срок прохождения государственного техосмотра (далее ГТО).
Блок директора по портфелю,"ORGANI выражает признательность за вклад в развитие ресурсной базы. PERSON] сообщает, что за прошедший год оценена оценка новых бизнес-возможностей и шельфа о."
Блок технического директора,Откройте письмо о демобилизации оборудования No [DOCUMENT_NUMBER] от [ORGANI]
Блок технического директора,В ответ на письмо No [DOCUMENT_NUMBER] от [DATE_TIME] Генеральный директор МКДУ (PERSON]
Управление коммуникаций,"ORGANI сообщает ourgANI, что это произошло в соответствии с Положениями о членстве и целевых взносах."
Блок директора по строительству,На согласование стоимости материалов для строительства объекта с помощью инженера СДО-NUMBER от DATE_TIME-TIME
Блок директора по мощностям,"Директор отдела по бурению и электрооборудованию LOCATION] подпишет письмо в службу супервайзинга, чтобы проверить систему автоматической пожарной сигнализации."
"Проект ""Новая нефть""","Копия сообщает ORGANI office, что это техническое задание на компрессорную установку и систему ГДУ для проекта [OBJECT]"
Проект «Обустройство объектов Новейшей нейти»,В рамках договора между заказчиком и подрядчиком заключен контракт на выполнение строительных и монтажных работ No DATE-TIME No [DOCOMENT NUMBEER] No DIME No (далее по тексту договора). В соответствии с п. 652.1 на подрядчика возложена задача по разработке и выполнению программы производственно-экологического мониторинга.
Управление по проектным работам,"В соответствии с методикой расчета потребности в маслоснабжении проектируемых объектов (ВКС, КС ПГ, ЦДКС) ГОСТ Р58367-2019 был проведен расчет потребности ГСМ No1 на 2 л."
Управление по проектным работам,ORGANI сообщает о заключении ИЗМ.1 к НЗ No[DOCUMENT_NUMBER]
"Блок исполнительного директора по реализации проекта ""Большое месторождение""","В 2020 году ПАО ""ОРГАНИ"" и ООО ""ОБОБЖЕКТ"" заключили соглашение о сотрудничестве по обеспечению перспективных поставок жидких нефтепродуктов."
Проект «Обустройство Интересного лицензионного участка»,В рамках Договора No [DATE_TIME] о проведении ряда работ по газовым и нефтяным кустам был снят контрольно-пропускной пункт на транспорте
"Блок исполнительного директора по реализации проекта ""Большое месторождение""","""Организация ОРГАНИОН"" готова рассмотреть возможность субаренда объекта ""ОБЕЖЕКТО"" на ""OBJJETT"""
Блок заместителя генерального директора по закупкам,"Усиленной КАВАЛИФИЦИЦИРОВАННОЙ ПОДПИСЬЮ, директор дивизиона REGANI, директор ОКПО-DATA, директор подразделения DATE_TIME и директор подразделения PERSON"
Блок заместителя генерального директора по организационным вопросам,Устранение выявленных замечаний по результатам проверки столовых на объектах ВЖП Вакунайского ЛУ и КП 6И Игнялинского ЛУ Чонской группы месторождений.
Блок технического директора,Управляющий директор DATE_TIME на основании уведомления о смене банковских реквизитов в соответствии с п. 56-м договором.
Проект «Трубопроводный транспорт Ещё одного НГКМ»,"Посетите Почтовую / юридическую почту: Проезд через ВТП-3 не согласовывается с маршрутом ОРГАНИ и АТИОН на трассу трубопровода ""Организация"" (NUBBER). Выберите проезд через трассу газопровода ""Ормани"" или ""АТИОН"" (DOKCUMINT) в соответствии с требованиями пожарной охраны."
"Проект ""Трубопроводный транспорт Главного НГКМ""","PERSONE сообщает, что специалист будет командирован для выполнения монтажных и монтажных работ на объекте ""ОБЕКТ"" в период от [ДДОКУМБЕР] до [ДЕНЬ ТИМЕ] в период с периодом от [Документ_NMETE] до ""ДАЙТЕ-ТИМЕ]. Техническая директория ""ПЕРСОН"" подтвердила готовность строительства объекта в полном объеме."
"Проект ""Трубопроводный транспорт Главного НГКМ""","ООО ""Организация научно-производственного предприятия ""ОРГАНИОН"" выражает признательность за письмо от PERSOON от ""DATE TIME"""
"Проект ""Восточный""","ОКПО-NUMBER] сообщает, что сумма исчисленного налога на добычу полезных ископаемых за [MONTH] составила [DATE_TIME]"
Блок заместителя генерального директора по безопасности,В соответствии со статьей 80 Федерального закона от 31 июля 2020 года в ОПО должны быть проведены комплексные проверки на [DOCUMENT_NUMBER]
Генеральный директор,В 2025 году крупнейший город опорного газодобывающего края Российской Федерации город [LOCATION] отмечает 50-ти летний юбилей. В этом году конкурс будет проведен в [FINANCIAL_DATA] номинациях по наиболее востребованным в топливно-энергетическом комплексе профессиям.
Блок директора по мощностям,"В соответствии с п. 1.15.10 Договора, в котором говорится, что штраф в размере DATE_DATA не может быть принят."
Блок бизнес-директора,"Направьте коммерческую заявку на установку и ремонт заправленных бензином автомобилей (три с половиной миллиона шестьсот тысяч рублей) от ""PERSONE"""
Проект сервиса скважин,"На КП [NUMBER] заложен выброс СБТ, рассчитанный по часам вращения ротором и FINANCIAL_DATA]"
Блок финансового директора,СВЕДЕНИЯ О КОНТРАГЕНТЕ-РЕЗИДЕНТЕ за [DATE_TIME] отправлены в ИФНС
"Проект ""Обустройство площадных объектов НГКМ Поменбше""",Наряд-Заказа No[NUMBER] к договору No[DOCUMENT_NUMIME] от ОКПО-КПП [OBJECT] на выполнение комплекса работ по строительству объектов навигационной инфраструктуры и газового конденсата
Блок заместителя генерального директора по защите,В соответствии с договором на выполнение работ по текущему капитальному ремонту и освоению скважин после бурения на [OBJECT] NUMBER.
Блок директора по проектированию,"Утверждается, что ввод новых скважин и добычи нефти может привести к штрафным санкциям в [OBJECT] в]"
Блок технического директора,С павлением технико-коммерческого предложения на выполнение по переходу АРМ операторов коммерческих узлов измерений газа и нефти (OBJECT] и ввод в эксплуатацию АРМ оператора.
Блок директора по газовым проектам,ORGANI сообщает о согласовании проезда следующих транспортных средств вашей подрядной организации OUUMENT_NUMBER]
Блок директора по проектированию,Государственная комиссия по запасам полезных ископаемых совместно с Федеральным агентством по недропользованию проводит научно-практическую конференцию имени [PERSON]
Блок бизнес-директора,"Совместное сотрудничество с ""Органик-АТИОН"" высоко ценится и старается выполнить все обязательства, взятые на себя в рамках договора No [DOCAMENT NUMBEER]"
Блок директора по строительству,"Филиал LOCATION направляет на согласование БКЗ в электронном виде, но не был согласован с ответным письмом от [ORGANI]"
Блок бизнес-директора,"В 2020 году газотранспортная компания ""Органиум и АТОН"" начала роботизацию и внедрение технологий искусственного разума. Проект был представлен в ноябре 2024 года на Петербургской международной газовой выставке."
Генеральный директор,"Наилучшие доступные технологии в процессах добычи и переработки углеводородного сырья: теоретические и практические аспекты, а также возможность участия в семинаре."
Управление по проектным работам,"На корректировку ГП на период бурения по КП 26М, 7М, 14М, 11М, 10М и 11М направляют стоимость работ по корректировке"
Блок директора по портфелю,"В соответствии со статьей 52 Договора о долгосрочном операторском договоре ""Организацио"" (ДРОД) ""O финансировании и эксплуатации нефтяных оторочек Хамакинского и Южного блоков Чаяндинского нефтегазового горизонта"" - No DATE-TIME ""DOCCUMENT NUMBEER"""
Управление по проектным работам,"Установите оборудование для подготовки нефти и газа, рассмотрев замечания к опросному листу (далее ОЛ) на [OBJECT]"
Блок технического директора,Информацию о возможности заключения дополнительного соглашения No7 к агентскому договору прислал LOCATION ourGANI urgANI
Блок директора по строительству,"Генеральный директор проекта ""LOCATION"" Исп. Исп, генеральный директор компании Исп и генеральный директор IT-гиганта."
Блок технического директора,ORGANI сообщает о продлении вахты до [FINANCIAL_DATA] в связи с плановой проверкой по электробезопасности
"Проект ""Трубопроводный транспорт Главного НГКМ""",В рамках выполнения шеф-монтажных и пусконаладочных работ на объектах [OBJECT] были выполнены все необходимые работы.
Блок заместителя генерального директора по строительству,"На этом рассмотрении проект дополнительного соглашения по договору аренды земельного участка No ""ДЕКУМЕНТ NUMBEER"" от [DET_TEME] готов подписать дополнительное соглашение."
Блок технического директора,Уведомлялось о прекращении процедуры введения ограничения потребления электрической энергии в соответствии с письмом No [DOCUMENT_NUMBER] от [ORGANI]
Блок заместителя генерального директора по организационным вопросам,Замгендиректора по организационным вопросам ОКПО-NUMBER-DATA в связи с вступлением в силу Приказа [ORGANI]
Блок финансового директора,Замгендиректора по экономике и финансам за корреспонденцию: ОКРАТ: CDOUUMBER]
"Проект ""Трубопроводный транспорт Главного НГКМ""","Специалист по монтажу и пуско-наладочным работам на объекте ""SVENSON"" в Чаяндинском НГМ"" был командирован для выполнения работ по пусковым работам объекта."
Управление по проектным работам,Управляющий проектно-изыскательскими работами и взаимодействием с надзорными органами [ORGANI] направляет письмо на рассмотрение предварительных технических требований на [OBJECT]
Проект «Обустройство объектов Новой нефти»,"В настоящее время ОРГАНИЗАЦИЯ выражает свое согласие на заключение Договора No [DATE_TIME] о строительстве объектов, строительстве кустарных площадок и строительстве трубопроводных сооружений для объектов в Восточной Сибири."
Проект «Обустройство Интересного лицензионного участка»,"Замдиректора проекта обустройства и эксплуатации электросетей No ADDSON No LOCANION, приказом Минтруда и соцзащиты РФ No DECTINO"
Блок директора по портфелю,"Генеральный директор ""Организации и АТИОН"" получил ELETE-PERSSON ID, ID - ID ID."
"Проект ""Трубопроводный транспорт Главного НГКМ""","На сайте ""DATE-TIME"" и ""DOCAMENT NUMBEER"" в разделе ""Прейскуранты цен МТП и оборудования"" есть информация о том, что подрядчик закупает МТР в прейскуранте цен"
Блок директора по мощностям,"Отставание от графика, закрепленного протоколом от [DATE_TIME], составило [FINANCIAL_DATA] суток"
Блок операционного директора,Информацию об ожидаемом притоке воды в крупные водохранилища в 2025 году направили DATE_TION и No DIANCIAL_DATA
Проект «Обустройство Интересного лицензионного участка»,Снятие транспортного средства и создание нового модифицированного устройства в системе ORGANI uick ourgANI.
Управление коммуникаций,"""Органик"" направляет вам отчет о расходовании денежных средств в соответствии с договором о благотворительности No ""DOKUMENT NUMBEER"""
Блок директора по мощностям,Замгендиректора по корпоративной защите и защите ATION сообщил о нарушении пропускного и внутриобъектового режимов на [OBJECT]
Управление по проектным работам,Опросные листы на арматуру с ручным приводом в электронном архиве направляют на рассмотрение и согласование с [ORGANI]
Блок директора по мощностям,Компания ORGANI сообщает о поощрении персонала при строительстве и реконструкции в 2024 году на объектах ОКВЭД
Проект «Обустройство Интересного лицензионного участка»,"У ""Организационной компании"" закончились договора лизинга транспортных средств на общую сумму 17 тыс. руб. Изменение пропускной системы ""ОРГАНИЕ И АТИОН"" является необходимостью смены пропускного режима."
Проект «Обустройство объектов Новейшей нейти»,"В рамках производственно-экологического мониторинга проводится производственное экологическое наблюдение, регламентируемое разделом ""Перечень мероприятий по защите окружающей среды"""
Блок финансового директора,"В соответствии с Соглашением о досрочной оплате, вы можете согласовать более ранний срок оплаты по сч/ф, в т.ч."
Блок директора по проектированию,"Генеральный директор по геологии и разработке, концептуальному проектированию главного геолога страны 2 из 2 Вх. Генеральный директор Документа передаст его через оператора ЭДО [ORGANI]"
Блок директора по строительству,В соответствии с договором No [DOCUMENT_NUMBER] компания ORGANI отказывается от подписания дополнительного соглашения.
Блок деректора по газу,ADOCUMENT_NUMBER] [OBJECT]]] [DOC UUMINT_ NUMBAER]]
Блок деректора по газу,"Установить временные ограничения движения в период с переувлажнением транспорта, вызванного их переуправлением, необходимо для получения специального разрешения."
Блок директора по строительству,"На сайте Министерства строительства и жилищно-коммунального хозяйства Российской Федерации опубликована информация о том, что иностранные граждане проверяются в формате запроса"
Проект «Обустройство объектов Новой нефти»,"В ответ на запрос исх, NoPP_NUMBER и 700 м3 цистерны в PC-700-10."
Блок заместителя генерального директора по защите,ОКПО-NUMBER и Служба корпоративной защиты [ORGANI] согласованы и согласованы с руководством компании.
Блок финансового директора,"Установить критерии существенного невыполнения ключевых показателей эффективности деятельности Группы ""Организация"" в соответствии с приказом No DATE-TIME No ""DOCcumentant Number"""
Блок финансового директора,"В соответствии с Соглашением о досрочной оплате и в порядке, установленном в нем, предлагается согласовать более ранний срок оплаты на условиях, приведенных выше."
"Проект ""Южный""","В филиале ""Организация и АТИОН"" филиала ""Органик и Атион"" организована корректировка проекта автодорожного строительства ""Объединение"" (далее - ТУ) в части исключения участка дороги и строительства прилегающей территории к планируемому автодорожному объекту."
Блок операционного директора,Операционному директору [ORGANI] удалось заключить договор о проведении работ по освоению скважин на [OBJECT]
Блок деректора по газу,"В рамках реализации проекта ""PROJECT в [DATE_DATA] будет подключение трубопроводов к действующим коммуникациям [OB JECT]"
Блок заместителя генерального директора по защите,ОКПО-мобилизационный сбор с руководителями и работниками дочерних обществ и совместных предприятий пройдет на базе DATE_TIME
Блок деректора по газу,"И.о. генерального директора DATE_TIME, первый заместитель генерального директора [PERSON] и первый заместитель гендиректора]"
Подразделение по информационным технологиям,"В ЛОКАЦИОНе состоится семинар с главными метрологами и ведущими специалистами в ""Регионах"" и ""РГАОНе"""
Блок операционного директора,"ORGANI сообщает о сроках начала весеннего ледохода на реках и очищения водохранилища ото льда, а также прогноз наивысших уровней половодья в [DATE_DATA]"
Блок деректора по газу,Инжиниринг компании с ограниченной ответственностью обратился к технико-коммерческому предложению о покупке расширенного группового комплекта на 7 л.
Блок директора по портфелю,Замгендиректора по производству товаров на III–IV кварталы 2025 года подписан электронной подписью Сертификата [DATE_TIME]
"Проект ""Восточный""",Глава Управления по нефти и газу (ПЕРСОН) подписывается электронной подписью сертификата на [дата_Time] траст No [ДОКУМЕНТ_NUMBER]
Блок заместителя генерального директора по организационным вопросам,"Утилизированы все скрытые упаковки с крупой и зерном, а также зерном и т.д.ATION сообщает, что это произошло из-за того, что в столовой были проведены генеральная уборка всех складских помещений."
Проект «Обустройство объектов Новейшей нейти»,"""DET'TIME"" исследуются проекты по возврату авансовых платежей в размере 2 ляма авансового платежа на 2 дня"
"Проект ""Нефтяные краюшки""","На территории участка недр федерального значения, включающего [OBJECT] в соответствии с лицензией DATE_TIME]"
Блок директора по строительству,Замдиректора проекта Обустройство нефтяных скважин No [NUMBER] согласует рабочую документацию с филиалом [ORGANI]
Проект сервиса скважин,UANTAL_PRODUCT_CODE: our uANTIT_UANTT_CT.
Блок директора по газовым проектам,ОКПО-NUMBER] сообщает о согласовании проезда следующих транспортных средств и дорожно-строительной техники в соответствии с правилами.
Блок директора по портфелю,"В связи с подготовкой к формированию комплексного проекта по развитию активов в 2025 году (далее ""КПРА) разведки и добычи прошу обеспечить формирование KPRA на 2024 г.РиД.Рид и целевыми ориентирами КПРО для 2025 года."
"Проект ""Нефтяные краюшки""",Телефон/факс в соответствии с Перечнем направляемой документации загружен в комнату данных [ORGANI] [OBJECT]
"Проект ""Обустройство площадных объектов НГКМ Поменбше""","Телефон: ""CONTATACT"" - ""CONTATE"": ""OHPO: ОКП: ППР: ""PERSION"""
"Проект ""Нефтяные краюшки""",Направляем вам лист коллективной проверки РКД для ТЮ в соответствии с инструкциями на сайте DATE_NUMBER] [OBJECT]
Блок директора по строительству,"На выполнение комплекса работ по обустройству кустовых площадок, инженерных объектов и объектов электроснабжения по договору подряда No [DOCUMENT_NUMBER] в ответ на запрос от DATE_TION"
Блок директора по мощностям,"Компания LOCATION проводит технологическую сессию по бурению скважин в доме 75-79, где находится дом DATE_TIME."
Блок финансового директора,ОРГАНИЗАЦИЯ: ПЕРСОН: РЕАТУРА: РЕГАНОЗАЦИЕ: ОПЕРСАН:
Блок технического директора,"Уведомление о прекращении работы в соответствии с договором на оказание услуг по транспортировке, приему хранению и сдаче нефти No [ORGANI]"
Блок директора по персоналу,"В соответствии с Типовым регламентом подбора кадров в дочерней организации ПАО ""Организация ""РЭГАНИ и АТИОН"" необходимо направить письмо в адрес ""ОРГАНИН"" No [OGANIN] от ""ПЕРСОН"""
Блок заместителя генерального директора по организационным вопросам,Замгендиректора по организационным вопросам (ORGANI) согласовал перенос проведения ДНК на [DATE_TIME]
Блок директора по мощностям,"Управляющий отдел ГРП и ГНКТ No[DOCUMENT_NUMBER] сообщает, что в связи с необходимостью приемки дополнительного персонала для формирования звена освоения в период жесточайшего дефицита кадров Общество не может предоставить КП на звенья обвязки скважин."
Блок технического директора,"Управляющий директор компании ""ORGANI.ATION"" Лимитед является единственным акционером, который заключил договор с банком."
Блок директора по мощностям,Объединенное акционерное общество (ORGANI) запустило в работу бригаду ТиКРС No 2 (внутренний номер) на скважине No [NUMBER]
Блок директора по проектированию,В Приложении No1 к данному письму представлен плановый срок завоза установки на [OBJECT] и календарный график работ.
"Проект ""Новая нефть""",В рамках реализации объекта [OBJECT] направляем в ваш адрес исходные данные (сборочный чертеж) на арматуру динамического байпаса.
Проект «Обустройство Интересного лицензионного участка»,Компания LOCATION сообщает о согласовании цен МТР по адресу адресу: finished ourGANI.
Проект сервиса скважин,На основании договора No [DOCUMENT_NUMBER] ORGANI просит согласовать вывоз вагон-дома.
Блок директора по проектированию,И.о. гендиректора DATE_TIME. ORGANI.ATION .I.
Блок директора по строительству,"Информацию о присоединении к электрическим сетям согласовал ОКПО-NUMBER, а также предложенный заказчиком алгоритм компенсации затрат."
Блок директора по строительству,В соответствии с договором No[DOCUMENT_NUMBER] на выполнение строительно-монтажных работ по объектам No [OBJECT] направляем вам комплект документов для согласования стоимости МТР.
"Блок исполнительного директора по реализации проекта ""Большое месторождение""","""Организация ОБОБЛЕКТ"" готова рассмотреть возможность продажи объектов в субаренду объектов ACTION на ""ОБЕЖЕКТ"". Оформлен и направлен в согласование с ""ОРГАНИАТИОН"""
Проект «Обустройство объектов Новой нефти»,В рамках заключенного договора на выполнение шеф-монтажных и пусконаладочных работ No [DOCUMENT_NUMBER] по объекту [OBJECT] для подачи пресной воды (CHB-3) без изменения итоговой стоимости
Блок технического директора,"В соответствии с договором о запрете завоза и хранения металлической бочкотары, которая была вывезена на месторождение из-за ошибки."
Блок деректора по газу,На объекте [ORGANI] проводятся монтажные работы по устранению рекламы по турбодетандерным агрегатам (далее - DOCUMENT_NUMBER]
"Проект ""Нефтяные краюшки""",В связи с увеличением внутреннего диаметра линии всасывания газа (1 секция) с помощью переноса расходомерного устройства на линию нагнетания газа (2NUMBER]
Блок заместителя генерального директора по безопасности,"В рамках выполнения работ по утилизации и/или обезвреживанию отходов в соответствии с требованиями ТУ, ППР и иной технологической документации необходимо предоставить пояснения."
Блок заместителя генерального директора по защите,"В соответствии с предыдущими выдержками из перечня топливных и энергетических комплексов, которые будут классифицированы Протоколом Комиссии по борьбе с терроризмом в [РЕГИОНЕ] No [ДОКУМЕНТ_NUMBER] к [DATE_TIME]"
Блок заместителя генерального директора по закупкам,"ДИВИЗИОН СЕВЕР, директор Дивизиона Севера, руководитель Департамента по внедрению СУОД и ПБ (БРД)"
Управление по проектным работам,На пересечении с ВЛ 110 кВ начальник управления по ПИР и взаимодействию с надзорными органами [ORGANI] PERSON
Блок заместителя генерального директора по имуществу,"Ущерб от аренды помещений в муниципальном здании в Оренбурге составляет 2 л. в месяц, стоимость арендной платы составляет [FINANCIAL_DATA] в месяц."
Блок заместителя генерального директора по безопасности,Установить дату проведения выездной оценки лицензиата в соответствии с лицензионными требованиями. Проверить соответствие соискателей лицензии и лицензиатов лицензионным требованиям.
Проект «Обустройство Интересного лицензионного участка»,"В ответ на письмо No ""DOCAMENT NUMBEER"" (FINCIAL DATA) ОКПО просит предоставить контактную информацию поставщика материалов."
Блок заместителя генерального директора по закупкам,"Автотопливозаправщик MODEL, рос, No [DOCUMENT_NUMBER] и рос."
Блок директора по персоналу,Опрос работодателей в целях определения потребности экономики в квалифицированных кадрах проводит всероссийский социологический опрос для определения потребностей экономики на рынке труда в России.
Блок деректора по газу,САУ ГПА предлагает реализовать на базе ПЛК [OBJECT] или ПЛK [SUMENT_NUMBER]
"Проект ""Обустройство площадных объектов НГКМ Поменбше""","""DOCAMENT NUMBIER"" от ""DATE TIME"" на ""___"" от DATE TIMME от ""DCMENT"""
Блок директора по мощностям,Новоуренгойский филиал Юра проводит пусковую комиссию на [OBJECT] с целью начала работ по строительству первой скважины No [FINANCIAL_DATA]
Генеральный директор,Сопроводительное письмо Генеральному директору [ORGANI] было отправлено в адрес генерального директора [OCUMENT_NUMBER]
"Проект ""Нефтяные краюшки""",Отправьте письмо No [DOCUMENT_NUMBER] от [DATE_TIME] с комментариями по замечаниям
Проект «Обустройство Интересного лицензионного участка»,"В рамках договора No DATE-TIMME сотрудники охраны изъяли пропуск у водителя ""PERSONE"" и механиков ""Персоны"""
"Проект ""Трубопроводный транспорт Главного НГКМ""","Совместный приказ об организации и проведении работ по прокладке кабелно-проводниковой продукции по существующей эстакаде Опорной базы в соответствии с соглашением об ответственности за выполнение требований охраны труда, промышленной и экологической безопасности."
"Проект ""Южный""","ОКПО-NUMBER, ОГРН, ИНН, ИНН и ИНН, а также ИНН [DATE_NUMEMEME]"
Блок директора по персоналу,"Гендиректор по организационной работе ""ПЕРСОН"" - Email, ""PERSONE"" -  mail, а также  ""CONTATT"""
Блок директора по портфелю,"В ответ на просьбу стратегического (временного оперативного) штаба решить вопросы, связанные с поставками природного газа из России в Китай по дальневосточному маршруту, направляется сводный реестр замечаний по дорожной карте для передачи газовых установок [ОБЕКТ] и [OBJECT] в ПАО [ОРГАНИЗАЦИЯ]"
Блок технического директора,В соответствии с условиями Договора No [DOCUMENT_NUMBER] на вывоз нефтесодержащих жидкостей в направлении [OBJECT] НСЖ будет проведена сборка в соответствии с графиком вывоза.
Блок заместителя генерального директора по защите,В целях анализа практики оперативных организаций по осуществлению мер защиты от беспилотных летательных аппаратов в соответствии с приказом [ОРГАНИЗАЦИЯ]
Генеральный директор,"На совещании с компаниями, вырубающими лесные насаждения на территории [REGION] в 2025 году, можно обратиться в отдел регулирования использования лесного хозяйства департамента к ответственным лицам"
"Проект ""Северная деревня""","В соответствии с договором No [DOCUMENT_NUMBER] между заказчиком и ООО ""ORGANI"" был заключен договор о проведении гидродинамических исследований и услуг по исследованию состава свойств пластовых флюидов."
Управление по проектным работам,На основании полученных коммерческих предложений просям согласовать привлечение специализированной организации на проведение ЭПБ по объектам [OBJECT] в качестве субподрядной организации.
Проект сервиса скважин,Компания ORGANI просит согласовать вывоз вагона-дома с помощью LOCATION. finished
"Проект ""Северная деревня""","Дневник совместного совещания по добыче и подготовке газового конденсата ATION, который проходит в доме DATE_NUMBER]"
Блок заместителя генерального директора по безопасности,"TECUMENT_NUMBER] сообщает, что до строительства железнодорожного терминала для отгрузки жидких углеводородов не предусмотрен действующим договором"
Проект «Трубопроводный транспорт Ещё одного НГКМ»,"""КП-1"" не согласует проезд транспорта через территорию КП-2 с выездом на трассу трубопровода ""Органик и АТИЛИОН"""
Блок директора по мощностям,На бурение скважины No[NUMBER] куста [OBJECT] у подрядчика [ORGANI] отсутствует нулевая наработка
Блок технического директора,Управляющий по энергоснабжению ОКПО-NUMBER просит направить коммерческое предложение на электронный адрес в кратчайшие сроки
Проект «Обустройство объектов Новой нефти»,Управляющий проектом по заключению Договора о ВСР/ПРП (PERSON) получил письмо от OS [OCUMENT_NUMBER]
Блок операционного директора,"В целях обеспечения стабильного и надежного функционирования промышленных объектов и предприятий в выходные и праздничные дни необходимо разработать дополнительные меры безопасности, в том числе на случай возникновения и ликвидации чрезвычайных ситуаций"
Блок технического директора,"В рамках выполнения работ по монтажу кабельной продукции на кабельной эстакаде в НКУ-0,4кВ 2КВ No1 КП-5 и рассоединению ПНР будет проведено обустройство электроснабжения."
Генеральный директор,Информацию о ходе выполнения протоколов по разработке месторождений и использованию недр необходимо направить в адрес Департамента [ORGANI] по электронной почте.
Блок заместителя генерального директора по закупкам,Компания ИНЖИНИРИНГ-Инжинг-ИЗГОТОВЛЕНИЕ и ПОСТАВКА НЕФТЕГАЗОВЫМ:
Управление по проектным работам,Утверждается заключение Изм в НЗН No15 по контракту с NzNUMBER на выполнение проектных и изыскательских работ.
Блок заместителя генерального директора по безопасности,Информацию о состоянии дорожно-транспортного полотна и погодных условиях можно получить с помощью информационного чата по информированию о состоянии дорожного полотна.
Блок директора по мощностям,Очередной отказ в приеме на проведение работ с применением ГНКТ в рамках договора No[DOCUMENT_NUMBER] направляет директор по ВСР DATE_TIME
Проект сервиса скважин,Скан-копия паспорта - Прицеп тракторный вагон-дом Кедр - рабочий вагон на колесах No[FINANCIAL_DATA]
Блок заместителя генерального директора по закупкам,В соответствии с п.1 ст. 9 Федерального закона от 6 декабря 2011 г. в целях исчисления НДС каждый факт хозяйственной жизни подлежит оформлению первичными учетными документами.
Блок операционного директора,ОП в г. Исп. И. о. руководителя ОП. В. Ип. Исх. Заявка на допуск персонала в электронном виде – 1 файл в формате Excel.
"Проект ""Обустройство площадных объектов НГКМ Поменбше""","Совместный приказ No ""ПЕРСОН"", д. ""PERSSON"" (дорога NUMBER) подписан приказом No4 к договору ""ДОКУМЕНТ NUBBER"""
Проект сервиса скважин,"На КП No [NUMBER] прибыла буровая буровая установка, в то время как DATE_TION сообщает о готовности к демонтажу."
Блок заместителя генерального директора по защите,"Генеральному директору ОРГАНИЗАЦИЯ предлагают обеспечить защиту имущества членов вашей организации, в том числе во время их длительного отсутствия, в то время как группа безопасности за пределами объекта работает круглосуточно и круглосуточно."
Проект «Трубопроводный транспорт Ещё одного НГКМ»,"""Organi"" не согласовывает проезд транспорта через ДП-1 (ДП-2) на трассу трубопровода ""Организмы"" [ОБъЭКСТ]"
Блок директора по газовым проектам,"""ОРГАНИ и АТИОН"" назначены уполномоченными лицами по проведению контрольно-надзорных мероприятий от ""ОРГАНИЯ и АтиОН"""
Блок заместителя генерального директора по защите,Сопредседатель правительства вспомогательных обществ и совместных предприятий (ОРГАНИЗАЦИЯ) сопредседателем правительства Вспомогательного общества и совместного предприятия (ОРГАН) о представлении информации в соответствии с инструкциями. Электронная версия информации будет помещена в специальную папку для обмена конфиденциальной информацией.
Блок бизнес-директора,"ОРГАНИЗАЦИЯ высоко оценивает сотрудничество с поставщиком и прилагает все усилия для выполнения на качественной и своевременной основе всех обязательств, принятых в соответствии с Договором No [ДОКУМЕНТ_NUMBER]"
Блок директора по строительству,В рамках договоров подряда No [DOCUMENT_NUMBER] от [DATE_TIME] согласовать продление приемки выполненных работ
"Проект ""Обустройство площадных объектов НГКМ Поменбше""","Замглавы проекта ""ORGINI и АТИОН"" - No-DCUMENT_Number в [Doccument Number]"
Генеральный директор,Переволоцкий районный суд просит перегородить город Сабантуе для участия в художественной самодеятельности в городе Сабантауе.
"Проект ""Трубопроводный транспорт Главного НГКМ""",Электронная почта сообщает о выполнении работ по вводу в эксплуатацию в рамках контракта No [ДОКУМЕНТ_NUMBER] DATE_TIME
Блок директора по строительству,DATE_NUMBER] заключил договор подряда с строителями ТСО объекта на 5 л в 1 экз. finished
Блок технического директора,Инициатор по энергонаслаждению Email завезла вагон-дом на [OBJECT] в рамках договора No [DOCUMENT_NUMBER]
Блок заместителя генерального директора по организационным вопросам,"Управляющая компания LOCATION согласует допуск в помещения, находящиеся в аренде у [ORGANI] DATE_TIME]"
"Проект ""Нефтяные краюшки""","ADOCUMENT_NUMBER] сообщает, что информация о размещении шкафов НКУ и САУ ГПА недостающая информации"
Блок директора по строительству,"Компания ""ORGANI"" сообщает об увеличении стоимости УЕР в шену самоходным мульчером на гусеничном ходу"
Блок директора по строительству,"Директор по капитальному строительству ОАО ""ORGANI"" ОКПО-NUMBER в Филиале, директор Филиала, — специально для “МК”"
Блок операционного директора,"ОРЕНБУРГ сообщает, что в соответствии с утвержденным проектом Сводного годового плана-графика остановок на ремонт технологических установок и трубопроводов"
Генеральный директор,Углеводороды Чаяндинского нефтегазового месторождения (далее - ДРОД) просят направить обоснованную позицию в рамках Договора No [DOCUMENT_NUMBER]
"Проект ""Обустройство площадных объектов НГКМ Поменбше""","Откройте письмо от ""DOCOMENT NUMBEER"" No 1 (ответ на изменение No 1 в договор No ГНЗ) No 1, в котором указано, что график выполнения работ через электронную документацию был изменен в соответствии с ранее согласованными условиями."
Генеральный директор,Управляющий делами администрации района Саха (Якутия) принял решение о профилактике производственного травматизма при дорожно-транспортных происшествиях
Блок директора по строительству,О повреждении стойки КИП ПСС-3-16-4-БСЗ-Р-П-1-100-УХЛ1 в КГС No3А03 было объявлено официальное уведомление.
"Проект ""Новая нефть""",Скорректированные исходные данные на арматуру динамического байпаса и арматуру подмеса горячего газа перед АПК с учетом ранее направленных в [ORGANI] замечаний.
Блок директора по мощностям,В рамках договора No [DOCUMENT_NUMBER] компания NORGANI сообщает о расшифровке размера мотивационных выплат за [DATE_TIME]
Блок технического директора,"В связи с тем, что будет приобретаться новая техника для покрытия потребности в дополнительном транспорте, прошу вас предоставить дополнительную технику в рамках заключенного Договора No [DOCUMENT_NUMBER] от [DATE_TIME]"
Генеральный директор,Объединенное акционерное общество (ORGANI) объявило о приостановке всех работ по обустройству газовой части и освоению скважин.
Имущественные вопросы,Утверждены нормативно-правовые акты по управлению непрофильными активами и порядке их отчуждения. Утверждена Стратегия по управлению имуществом и порядок его отчуждения
"Блок исполнительного директора по реализации проекта ""Большое месторождение""","ORGANI сообщает о том, что в субаренду переданы объекты [OBJECT] в соответствии с согласованием."
Блок директора по строительству,ORGANI сообщает о подписании договора подряда на выполнение работ по монтажу комплекса инженерно-технических средств охраны при строительстве объектов.
"Блок исполнительного директора по реализации проекта ""Большое месторождение""","""Организация Оргнания"" готова рассмотреть возможность субарендирования объектов ""OBUJECT"" (OBJEKT) в полном объеме."
Блок директора по мощностям,"В Кронштадте состоялась успешная работа роторно-управляемой системы, направленная на обеспечение непрерывного и эффективного производственного процесса [ORGANI]"
Блок заместителя генерального директора по безопасности,Уведомляем о смене единого ответственного лица на оказание услуг по утилизации отходов бурения для нужд проекта [OBJECT]
Блок директора по проектированию,"ИЗВЕШВЕВЕСЬТЕТЕ MENT_NUMBER] сообщает, что поступившая в [ORGANI] информация о недрах была принята на хранение."
Блок заместителя генерального директора по безопасности,Компания LOCATION: «OKPOCUMENT_NUMBER] проводит совещание с представителями компании ORGANI.
Блок деректора по газу,ORGANI согласовал проект банковской гарантии с целью последующего оформления и направления оригинала в адрес OCUMENT_NUMBER
Проект «Трубопроводный транспорт Ещё одного НГКМ»,"""Органи не согласовывал проезд транспорта по территории ""ОРГАНИ"" с выездом из КП-1 на трассу трубопровода ""Органик"""
Блок директора по строительству,Сот сообщает DATE_NUMBER] о заключении Договора на выполнение шеф-монтажных и пусконаладочных работ по ШМР.
Блок деректора по газу,"Поставка ПНГ была приостановлена на три этапа из-за того, что поставщики не смогли реализовать проект на базе спроектированного комплекса переработки газа."
"Проект ""Южный""","В рамках разработки технологий геологоразведочных и поисковых технологий, разведке и добыче труднодоступных полезных ископаемых и их разведке будет проведена рабочая встреча с представителями ""ОРГАНИ"""
Генеральный директор,"Утверждается соглашение об использовании электронного документооборота, в котором будут прописаны основные условия обмена электронными документами по договорам аренды имущества."
Блок заместителя генерального директора по закупкам,Снабжение Дивизиона Восточной Сибири было рассчитано с учетом ранее направленных системных и ручных заявок на период навигации [DATE_DATA]
Блок заместителя генерального директора по имуществу,Уважаемая гендиректором по правовым и имущественным вопросам ORGANI PERSON] CUMENT_NUMBER
Блок технического директора,"Введение ограничения потребления электрической энергии в соответствии с договором о введении ограничения потребления электроэнергии, утвержденным Правительством РФ от [ORGANI]"
Блок технического директора,На совещании по организации работы объектов нефтедобычи в МНВСТО будет присутствовать заместитель генерального директора по производству [ORGANI] DATE_TIME.
Блок технического директора,Устьевый и запорно-регулирующий арматуры от [ORGANI] в соответствии с принятым совместном решением по повышению надежности и изменению стратегии обслуживания
"Проект ""Нефтяные краюшки""",На основании решения уставного технического собрания от [ORGANI] DATE_TION] будет проведена очная встреча представителей компании.
Блок заместителя генерального директора по закупкам,"В настоящее время на Емкостном оборудовании для объекта отсутствует согласование РКД, в том числе КИП для осуществления закупки. Замдиректора по закупкам Исп."
"Проект ""Восточный""","ORGANI сообщает, что в рамках работы по формированию планово-экономических показателей на [OBJCUMENT_NUMBER] они должны быть утверждены."
Блок технического директора,"В соответствии с договором между строительными организациями и энергетиками, строителями должны быть допущены все работники, которые выполняют работу по укладке, креплению и демонтажу временных креплений"
Блок директора по мощностям,"Утверждается, что договор No [DOCUMENT_NUMBER] подписан в соответствии с запрашиваемой формой."
Блок директора по проектированию,"В рамках проекта ""PROJECT"" разработана технология разработки низкопроницаемых и сверхнизкопроницаемых коллекторов заводнением."
Имущественные вопросы,"В соответствии с приказом No ""DOKUMENT NUMBEER"" No ""Организация по управлению непрофильным активом и порядке их отчуждения"""
Проект «Трубопроводный транспорт Ещё одного НГКМ»,"Почтовая / юридическая почта: DATE-TIME сообщает, что ""Организация"" не согласовывала проезд транспорта через ДДК-1 (НМБЕР) на территории ОРГАНИЗАЦИОН"
"Проект ""Южный""","""Пересно"" наладила эффективный контакт с работниками промыслового комплекса, лично следила за выполнением работ и демонстрировала высокую ответственность за их результат."
Управление коммуникаций,Генеральному директору ОРГАНИЗАЦИЯ направляет вам доклад о целевом использовании средств в соответствии с контрактом о благотворительной помощи No [DOCUGINT_NUMBER]
Блок директора по строительству,Нанесение огнезащиты на все надземные металлоконструкции в рамках выполнения комплекса работ по строительству площадочных объектов и объектов вспомогательной инфраструктуры.
Блок директора по строительству,ORGANI сообщает о своем отказе в заключении дополнительного соглашения к Договору No [DOCUMENT_NUMBER]
Блок директора по мощностям,В связи с неудовлетворительной организацией работ на объектах [ORGANI] ОКПО-NUMBER] проводится актуализация и мониторинг работы.
"Проект ""Нефтяные краюшки""",На основании поручений председателя Правления ПАО [ORGANI] по объекту [OBJECT] передана реализация проекта обустройства газовой части.
Блок технического директора,Энергоцентр ВЭЦ (OBJECT) в рамках строительства защитного ограждения построят в соответствии с законодательством.
Блок технического директора,"Замгендиректора по газу (PERSON) Тел сообщает, что в трубопроводе ДУ700 максимально разрешенное давление, а также влияние на фонд добывающих скважин."
Блок директора по мощностям,"Директор по вводу новых мощностей ЭК-БМЧ No DATE_NUMBER] сообщает, что электрическая скважина не готова и не передана подрядчику."
"Проект ""Обустройство площадных объектов НГКМ Поменбше""","""Организационное комитет NUMBEER"" договорился с NUBER о выполнении комплекса работ, связанных со строительством навигационных объектов и газовых конденсатных объектов"
Управление землеустроительных работ,Информацию об осуществлении публичного сервитута на [PAGE_COUNT] мы направили по адресу электронной почты [CONTACT]
Блок директора по проектированию,На совещании по вопросам освоения нефтяных запасов в [OBJECT] БОКС No [OCUMENT_NUMBER] в рамках долгосрочных договоренностей от [ORGANI] был подписан протокол.
Блок директора по мощностям,"Перевоз из негарантированного объема работ в гарантированный объем работ без изменения единичных расценок, общей стоимости и общего объема работ по Договору"
Блок директора по мощностям,ОКПО-Заказа No 4 вступит в силу с момента подписания договора No [DOCUMENT_NUMBER]
Имущественные вопросы,"В соответствии с приказом No ""DOCOMENT NUMBEER"" No ""ДОККУМЕНТ-НЮМБЕР"" (ОРГАНИЕ) отменяется приказ ""Организация и АТИОН"" (приложение 2)"
Блок заместителя генерального директора по защите,Гендиректор по защите корпораций (ОРГАНИЗАЦИЯ) провел проверку по факту нарушения режимов воздушного и внутреннего водного транспорта в [OBJECT]
"Проект ""Нефтяные краюшки""","Установите флажок у «PERSON» на электрическую схему, которая соответствует требованиям Заказчика. Замените преобразователей температуры на термопреобразователи."
Блок заместителя генерального директора по безопасности,В ответ на письмо LOCATION ORGANI ourgANI сообщает ОКПО-NUMENT_NUMBER]
Проект «Обустройство Интересного лицензионного участка»,"Сканированные образцы документов, согласно приложению ""NUBBER"" в архивной папке, направляемы в юридическую консультацию по поводу заключения договоров с приложениями."
"Проект ""Нефтяные краюшки""","В соответствии с договором о поставке оборудования для объекта строительства ATION, который был заключен на основании тендера [DOCUMENT_NUMBER]"
Блок заместителя генерального директора по безопасности,"В соответствии с приказом руководителя государственного надзора в отношении опасного производственного объекта, на котором установлен режим постоянного гос надзора, необходимо представить соответствующие документы в соответствии с графиком"
Блок технического директора,"Направляемый расчет рентабельности и абонентского вознаграждения на оказание услуг по организации авиационного обеспечения на 2025 – 2026гг, для последующего заключения Дополнительного соглашения."
Проект «Обустройство объектов Новой нефти»,"В рамках продления Договора SHIM/PIR, заключенного для выполнения работ по судоводителю и балласту (CHB-3), генеральный директор проекта [PERSON] Исп."
Блок директора по проектированию,Уведомляю вас о прекращении права пользования участками недр местного значения в связи с истечением лицензий на пользование недрами
Блок директора по проектированию,"Замгендиректора по геологии и разработке по Верхневилюганскому НГКМ, заместитель генерального директора по науке и разработкам Сертификат"
Блок директора по строительству,Соорганизаторы форума World Build/State Contract представили свои предложения по улучшению законодательства о закупках в сфере строительства и проектирования
"Блок исполнительного директора по реализации проекта ""Большое месторождение""",В 2021 году ПОО [ОРГАНИЗАЦИЯ] заключило соглашение о сотрудничестве в деле обеспечения передовой перевозки жидких углеводородов (ОБХЕКТ) и железнодорожным транспортом (НОУ) для увеличения пропускной способности и развития прямых маршрутов судоходства.
Блок директора по строительству,На основании заключенного в СБЦ договора поставки материалов в добывающие скважины No[NUMBER] компания согласовала стоимость материалов на основе рыночной стоимости.
"Проект ""Обустройство площадных объектов НГКМ Поменбше""",Объединение: Техническое перевооружение: Замечания на 1 л. в 1 экз. Технические перевооружения: Заметки на 1 ч. в 2 экз.
Блок заместителя генерального директора по безопасности,ОКПО-NUMBER сообщает о снятии с контроля пунктов предписаний на основании поступившего письма от [ORGANI]
Блок директора по строительству,Наименование ТМЛ по проекту Договор подряда КСМ на 1 л. в 1 экз. Инициатор инициатора.
Блок бизнес-директора,В 2024 году газовая транспортная компания (ОРГАНИЗАЦИЯ) приступила к роботизации и внедрению технологического оборудования с использованием искусственного интеллекта
Блок заместителя генерального директора по имуществу,"Генеральному директору ОРГАНИЗАЦИЯ необходимо представить информацию о земельной территории на территории, на которой проживают проживают дома, в муниципальном округе [REGION]"
Управление по проектным работам,Откорректированный ГП по замечаниям генплана КП-5 в формате pdf 2. Откорректированные ГП в формате «LOCATION»
"Проект ""Трубопроводный транспорт Главного НГКМ""","Наименование МТР по спецификации (номера наименования, инн, рнп, мпк) в соответствии с кодом наименования"
"Проект ""Новая нефть""",СТРУКТУРНОЕ ПОДРАЗДЕЛЕНИЕ ПУБЛИЧНОЕ АКЦИОНЕРНОЕ ОБЩЕСТВО [ORGANI]
Генеральный директор,В БОКС No 1255 состоится совещание по вопросу перспективного применения трубной продукции группы прочности X80 типа 13Cr в режиме видео-конференц-связи
Блок директора по строительству,"Подрядчик сообщает, что вахтовый ВЖГ подземные коммуникации и обустройства вахтового жилого городка были согласованы до [DATE_TIME]"
Блок заместителя генерального директора по строительству,"""OGANi"" готов подписать добавочный договор в приложении к земельно-земельным участкам No DATE-TIME"
"Проект ""Восточный""","В период с ""ОБЖЕКТ"" и ""OBBER"" руководство Общества согласовано с руководством Общества. На выполнение мероприятий требуется разрешение в установленном законом порядке на фото, видеосъемку и видеоснимку."
Блок директора по персоналу,"Увольнение в ""Организационно-административно-административный комплекс"" по запросу ""PRSON"" по просьбе PRSON"
Блок директора по газовым проектам,"Автобус бахтобий Урал NEXT рок, 4 Тоннебозапавлик MA3 6430C9 рок-музыки, 3 автобус вахтовый КамАЗ ГИРД гос, 4 Вакуумная машина КамАЗа гос, 5 легковой автомобиль гос."
Управление по проектным работам,Обустройство Песчаного месторождения в соответствии с Регламентом организации поставок специального оборудования для создания и эксплуатации систем безопасности [ORGANI]
Блок операционного директора,ОКПО-NUMBER] сообщает CONTACT о сроках проведения комплексов ППиРР на магистральном нефтепроводе
Блок заместителя генерального директора по защите,"На КП 0 км при выезде на вахту вахты был обнаружен работник ""Организации АТИЛИОН"" в должности начальника инженерной службы"
Блок заместителя генерального директора по защите,Замдиректора по корпоративной защите ATION ОКПО-DATA (OCUMENT_NUMBER] на No от Об утверждении технических требований
Проект «Обустройство объектов Новейшей нейти»,В связи с письмом о предоставлении авансов в рамках договоров подряда на строительство резервуарного парка с НДС двумя банками-гарантами возврата заемных средств на 2 млн руб.
"Проект ""Восточный""","В ПАО ""ORGANI.ATION"" передано письмо от БОКС No125, в котором содержится адрес электронной почты, ИНН и ИНН."
Управление землеустроительных работ,Учетная запись на воздушное судно ведется в соответствии с требованиями Федерального закона от [ORGANI] No DATE_TIME]
Подразделение по информационным технологиям,"Во ""Локациях"" состоится семинар-совещение главных и ведущих ученых в ""Регионах"" и ""РЕГИОН"""
Имущественные вопросы,"Утверждение Положения об отчуждении непрофильных активов группы ""Организация Группы Компаний"" и организации ""ОРГАНИАЦИОН"" в новой версии"
"Проект ""Нефтяные краюшки""",Компания LOCATION согласовала проект договора купли-продажи на [NUMBER] в разрезе СПП-элементов строек
Блок операционного директора,ORGANI просит выделить бульдозер для расчистки полигона ТБО [LOCATION] [PERSON]
Блок директора по мощностям,Иностранное общество с ограниченной ответственностью выражает свое согласие на заключение дополнительных соглашений по введению единичных расценок в соответствии с договором от [DATE_NUMBER]
Блок деректора по газу,Управляющий директор по газу и газовому конденсату (OBJECT) Исх просит заключить договор аренды земельного участка в соответствии с договором No [DOCUMENT_NUMBER]
Блок директора по мощностям,"Компания LOCATION сообщает, что для проведения независимой экспертизы по скважине No [DOCUMENT_NUMBER] будет привлечен [ORGANI]"
Блок бизнес-директора,На основании матрицы распределения ответственности между производственными блоками вспомогательного общества (ОРГАНИЗАЦИЯ) разработана матрица распределения функционала и ответственности.
Блок директора по мощностям,На основании договора No [DOCUMENT_NUMBER] сотрудник не был допущен на объект для выполнения профессиональной деятельности по причине наличия в личных вещах пластиковых банок с жевательным табаком.
Управление по проектным работам,В соответствии с Нарядом-заказом No[DOCUMENT_NUMBER] направляем заключение от [OBJECT] на [FINANCIAL_DATA]
Блок технического директора,"Очередной график обслуживания компрессорного оборудования с наработанными моточасов на запрашиваемый календарный год, возможно, с соблюдением следующих условий эксплуатации"
Генеральный директор,"ORGANI сообщает, что на [OBJECT] поступает многомиллионный пакет объемов на [LOCATION]"
Проект «Обустройство объектов Новой нефти»,Компрессорная станцией в АЛК-2 может отказаться от участия в закупках из-за экономических обстоятельств. Заместитель генерального директора - руководитель департамента управления клиентами Isp.
Блок директора по мощностям,"Директор филиала по вводу новых мощностей LOCATION ОКПО [OBJECT] OCUMENT_NUMBER] сообщает, что состояние дорожного полотна не подписываются со стороны полевого персонала [ORGANI]"
Блок директора по проектированию,Компания LOCATION сообщает о предложении на проведение исследований по динамическому мониторингу горизонтальных скважин оптоволоконной системой на насосно-компрессорных трубах с электроцентробежным насосом малого диаметра
Проект «Обустройство объектов Новой нефти»,Отправляйтесь на переговоры о стоимости материалов для строительства объекта. Отправьтесь на переговоры с гендиректором [ОРГАНИЗАЦИЯ] Марком Марком.
"Проект ""Трубопроводный транспорт Главного НГКМ""",Измерение No 1 к Приказу No 1 в дополнение к Договору No [DOCUMENT_NUMBER] от [ДОКУМЕНТ_НОМЕРА] по согласованию с изменением измерения No 1.
Блок деректора по газу,"ОКПО сообщает ORGANI, что доработки по замене газотурбинного двигателя на [LOCATION] невозможны."
Управление коммуникаций,"Отчет об использовании средств благотворительного фонда No [DECUMENT NUMBEER] по договору благотворительного займа No ""Документ-Нюмбер"" в 1 экземпляре"
Блок директора по мощностям,На выполнение работ по освоению скважин методами свабирования и компрессирования при ТКРС не применяются грузозахватное приспособление Бокозахвата
Блок директора по строительству,Инициатор инициатора договора подряда Хамеобаания ТМЦ SAP MSX No DATE_NUMBER]
"Блок исполнительного директора по реализации проекта ""Большое месторождение""",Генеральный директор [ДОКУМЕНТ_НОМЕР] Гендиректора [ОРГАНИЗАЦИЯ] готов рассмотреть возможность передачи в субаренду объектов [OBJECT] респектабельного [PERSON]
Управление землеустроительных работ,Управляющий [ORGANI] генеральному директору (COCUMENT_NUMBER] необходимо указать местоположение и характеристики коммуникаций.
Блок заместителя генерального директора по строительству,"На основании представленного выше проекта дополнительного договора аренды земельного участка No ""DOCOMENT NUMBEER"" готов подписать дополнительное соглашение по приложенному тексту"
Блок директора по мощностям,На скважине No [NUMBER] Мпа зафиксирован переток по за трубному пространству и падение давления до DATE_TIME
Блок директора по газовым проектам,"Отчет об использовании авансовых средств отправлен на электронную почту, а не в полном объеме из-за поломки автотехники. Подтверждающие документы переданы по мере завоза ГСМ."
Блок директора по строительству,"Расширение _DOCUMENT_NUMBER] на участке Уренгойского НГКМ, задание на разработку обоснования безопасности и обосновывающий отчет на проектирование и строительство в части обеспечения пожарной безопасности"
Блок технического директора,Для выполнения ремонта насосного агрегата на объекте [OBJECT] направляется один из специалистов [LOCATION] из [NUMBER]
"Проект ""Южный""",Sandy NGCM на [OBJECT] JAMBGNGMM отправляет письмо с просьбой о согласовании возможного соединения дороги с кустарным No [ДОКУМЕНТ_НОМЕР]
Проект «Обустройство объектов Новой нефти»,Наименование отдела [PERSON] в соответствии с контрактом [ДОКУМЕНТ_НОМЕР] до объекта [ОБЖЕСТ]
Управление коммуникаций,В банке платёжных карт списана платежная накладная No [DECOMENT NUMBAER] - сумма платежа
Управление по проектным работам,В соответствии с протоколом от [OBJECT] для расчета НДС на [NUMBER] необходимо принять [ID] вместо ранее принятых [IID]
Блок технического директора,"Автомобилист на УНГКМ сообщает, что в производственную программу договора включена 1 единица автотранспортной техники, а также длительные сроки оформления пропусков."
Блок директора по мощностям,Управляющий директор по вводу новых мощностей ОКПО-NUMBER] Исп. ourGANI.
"Проект ""Новая нефть""",В рамках договора по созданию и внедрению систем автоматики и систем управления электроснабжением под ключ на [OBJECT] проведена перераспределение сумм для поэтапной оплаты услуг.
"Проект ""Трубопроводный транспорт Главного НГКМ""",Отправляйтесь на переговоры о стоимости материалов для строительства газопровода: газопровод No1 - 1стр. Спецификация No[DOCUCUMENT_NUMBER] ЕДП - 2стр.
Блок технического директора,В соответствии с подписанным ДС-17 к действующему договору No [DATE_TIME] период оказания услуг по выработке электроэнергии на площадках [OBJECT] продлен
"Проект ""Нефтяные краюшки""",В соответствии с требованиями опросного листа на шаровые краны необходимо обеспечить кратковременное понижение температуры до -80 C в режиме аварийного сброса газа.
Блок технического директора,Направляем вам список лиц электроснабжения главного энергетического предприятия (OBJECT) в рамках выполнения работ по монтажу кабельной продукции и установке оборудования на существующей эстакаде.
Блок заместителя генерального директора по имуществу,Территориальное управление размещает уведомление о аукционе для продажи вышеупомянутой федеральной собственности на веб-сайте [WEBSITE] в соответствии с требованиями Федерального закона [DATE_TIME]
Проект «Трубопроводный транспорт Ещё одного НГКМ»,"""Организация ""Органик"" не согласовывала проезд транспорта через КП-1 и выезд на трассу трубопровода ""ОРГАНИОН"""
"Проект ""Восточный""","На основе выводов ОРГАНИЗАЦИЯ Департамент ПОО, РОГ и ПЕРСОН координирует передачу полевых материалов из сейсмических разведочных работ сезона [ЙЕАР] - [OKPO] в соответствии с установленными процедурами."
Имущественные вопросы,"Внесены изменения в Положение о комиссии по управлению непрофильными активами группы ""Организация Группы"" по вопросу управления непрофильным активами и порядке их отчуждения"
Блок заместителя генерального директора по строительству,"На данном этапе рассмотрения проекта дополнительного договора аренды земельного участка No DATE-TIME генеральный директор ОГН ""ОГРН"" (PERsON)"
Проект «Обустройство объектов Новой нефти»,"ORGANI сообщает о заключении Договора на оказание услуг по шеф-монтажным и пуско-наладочным работам в рамках стоимости, определенной по итогам конкурентных процедур по отбору поставщика оборудования."
Блок директора по строительству,Очередной приказ о внесении изменений в программу проверок в соответствии с постановлением Правительства Российской Федерации от [DATE_TIME] No [DOCUMENT_NUMBER]
Блок директора по портфелю,В рамках запроса об оценке эффективности инвестиций в реконструкцию объекта САП [ОБЕКТ] прошу поручить ответственным специалистам как можно скорее разработать и направить соответствующие планы поставок нефти в [DATE_Time]
Генеральный директор,МУНИЦИПАЛЬНОЕ ОБРАЗОВАНИЕ [ORGANI] просит выделить грейдер для грейдирования улиц [LOCATION]
Блок заместителя генерального директора по закупкам,"По ошибке выписанный на посту образец путевого листа сотруднику Дивизиона уволили из-за того, что он выдал на посту путевой лист."
"Проект ""Восточный""","В соответствии со ст. 4 закона ""О налоге и сборах"" сумма НДФЛ за неообъемлемые запасы углеводородов на неоом-юридской территории составила НДФЛ"
Проект «Трубопроводный транспорт Ещё одного НГКМ»,"Откройте сайт ""ОРГАНИИАТИОН"" (OrganI ATION) на сайте компании ""PERSONE"" (CONTACT) и выберите ""DATTE-TIME"" (CATTE_TIME) для проезда через ВТП-3, а также выезд из ДП-2 на трассу трубопровода ""Органион"". Пропускной режим на территории производства и иного объекта No [Person] в 1 экземпляре."
Блок технического директора,DATE_TION сообщает о распределении конденсата газового стабильного газа на [OBJECT] в соответствии с пунктом 1.1.
Управление по проектным работам,В рамках выполнения инженерных изысканий по наклад-заказу No[DOCUMENT_NUMBER] согласовали привлечение субподрядной организации для выполнения ИИ
Управление по проектным работам,В ответ на замечания к схеме газосборной сети DATE_TIME откорректированы ответы на замечания в адресной строке [OBJECT]
"Проект ""Обустройство площадных объектов НГКМ Поменбше""",В дополнение к Приказу No [NUMBER] к контракту No]DOCUMENT_NUMIT были внесены изменения
Блок заместителя генерального директора по защите,"ORGANI сообщает, что в период с DATE_TIME было зафиксировано нарушение ПДД в соответствии с указаниями руководства."
Проект «Трубопроводный транспорт Ещё одного НГКМ»,"""ОРГАНИ"" не согласовывают проезд транспорта по территории ""ОБЮКТ"" и выезд из него на трассу трубопровода ""ОБУМБЕР"""
Управление по проектным работам,"В РД марки ЛТ на ННП вложены два варианта: план, профиль, СЗС и новая точка подключения через тройник."
Блок директора по персоналу,Управляющие системами (перечень) направляют инструкции по размещению заявок на 14 л. в 1 экз. Подписные документы направляемы по приложению.
Имущественные вопросы,"Утверждение Положения о порядке приватизации непрофильного актива группы компаний ""Организация ОРГАНИОН"" и ликвидность в дочерних обществах"
Блок заместителя генерального директора по защите,"Пропускной и внутриобъектовый режимы на [OBJECT] запрещены, а вахтовый персонал был обнаружен в состоянии алкогольного опьянения"
Управление землеустроительных работ,В Следственный комитет по аграрным вопросам по итогам парламентских слушаний рекомендовали обеспечить вовлечение в хозяйственный оборот неиспользуемых земель
Блок заместителя генерального директора по безопасности,"В соответствии с требованиями Федерального закона от [DATE] No [NUMBER] на автомобильных дорогах и входящих в состав автодорог, проводится комплекс целевых мер по предотвращению ДТП."
Подразделение по информационным технологиям,"В ""Локатории"" состоится семинар с главными метрологами и ведущими специалистами в ""Регионах"" и ""РГАОН"""
Генеральный директор,"Вышел в свет ежегодный выпуск книг Фонда Книжки, посвященных детям с ограниченными возможностями зрения. В следующем году Фонд планирует подарить маленьким читателям к звуковому оформлению и музыкальному сопровождением."
Проект «Обустройство объектов Новой нефти»,"Откройте сайт компании ""ОРГАНИЯ и АТИОН"" на сайте компании ""PЕНТАТ"". Напишите письмо от ""DATE TIME"" (DUCUMENT_NABBER'а) от DATE TIM от ADUNT-NME."
Блок директора по мощностям,"ОКПО-NUMBER-DATA сообщает, что дебиторская задолженность составляет [FINANCIAL_DATA] руб."
Блок директора по мощностям,"Ущербные замечания не привели к негативным последствиям, и в ходе проверки были устранены все замечания, которые привели к негативному результату."
Блок директора по персоналу,"В Пуровском регионе ежегодно проводится российское обследование работодателей, которое началось 1 апреля [DATE_TIME] и завершится 15 июня этого года"
Управление землеустроительных работ,Счетная Механика сообщает о времени и месте рассмотрения плана развития горных работ на 2025 год по участку No 1 по основанию заявления о предоставлении государственной службы по согласованию планов и схем разработки полезных ископаемых
Блок директора по мощностям,ADOCUMENT_NUMBER] получил штраф в размере FINANCIAL_DATA от [DATE_TIME]
Управление землеустроительных работ,"В 2025 году рассмотрение плана разработки и разработки месторождений полезных ископаемых состоится по адресу [OCMENT NUMBEER] по адресу: [DETET_TIME] - ""PERSONE"" (FINANcyal DATA)"
Блок директора по строительству,Утверждается заключение договора на выполнение работ по инженерной подготовке объектов кластера [OBJECT] в соответствии с договором No[DOCUMENT_NUMBER]
Блок директора по мощностям,В рамках второго Технологического саммита TNF Эффективные решения для нефтегаза в эл- виде будут представлены материалы о втором технологическом саммите в энергетической столице России
Блок директора по строительству,Информацию о проведении экспертизы сметной документации в рамках поручения в целях сокращения капитальных затрат компании ПАО [ORGANI] передали в ОКПО-NUMBER
Управление по проектным работам,"В ТАиМ на проектирование СИКН, согласованное со всеми заинтересованными сторонами, поступила информация о том, что TAиМ не соответствует действительности"
Управление по проектным работам,ОКПО-Юряхский НГКМ направляет на рассмотрение и согласование технологической схемы компрессорного цеха по адресу адресу: DATE_TIME]
Генеральный директор,Утверждается протокол совещания по рассмотрению результатов экспертизы предложений [ORGANI] на [FINANCIAL_DATA].
Блок технического директора,"В соответствии с протоколом технического совещания по сокращению непроизводительного времени, сепарационные установки на объектах Заказчика смонтированы в полном объеме"
Блок директора по строительству,На сайте https://www.coNTACT.com.com в разделе finished our ork
Блок директора по портфелю,Направляем завизированный Департаментом по электронной почте запрос на продление исполнения поручения председателя Правления. Направляем письмо от DATE_TIME.
Блок директора по строительству,"Информацию о результатах работы в области ПЭБ, ОТ и ГЗ в рамках договора с DATE_TIME прислали в FIANCIAL_DATA"
Блок заместителя генерального директора по безопасности,На основании письма от DATE_TIME руководитель проекта Обустройство площадных объектов [OBJECT] просит вас рассмотреть и предоставить скриншоты трека TC из СМА БРД за период стажировки.
Блок директора по газовым проектам,"На контрольно-надзорное мероприятие от ""ОРГАНИЗАЦИОН"" назначены уполномоченные лица. В качестве уполномоченных лиц могут выступить законные представители граждан, представителей организаций и уполномоченных представителей."
Блок заместителя генерального директора по организационным вопросам,С целью оперативного контроля за строительством газопровода внешнего транспорта проводятся систематические выезды руководящих сотрудников проекта на место производства работ. Спросите об этом у генерального директора по организационным вопросам
Блок заместителя генерального директора по закупкам,Изменяются банковские реквизиты в соответствии с переводом на Единный ОБС с [OBJECT] в [ORGANI]
Подразделение по информационным технологиям,"В ""Локатории"" состоится семинар-заседание главных и ведущих экспертов в ""Регионах"" и ""РЕГИОН"""
Блок технического директора,Исх сообщает DATE_TIME о возможности заключения ДС No2 в соответствии с договором No2 о предотвращении отложений в скважине
Генеральный директор,"На территории аэропорта Плеханово состоится открытие Мемориала, на котором увековечены имена сорока одного тюменского авиатора, не вернувшегося с войны."
Блок заместителя генерального директора по безопасности,"Начальник управления по промышленной безопасности, ГО и ЧС [ORGANI] Филиал ОКПО-NUMBER] отправлен по электронной почте на адрес [CONTACT]"
Блок заместителя генерального директора по безопасности,"В соответствии со статьей 80 Федерального закона от 31 июля 2020 года в ОПО должны быть представлены документы и документы, подтверждающие, что они соответствуют требованиям No [DOCUMENT_NUMBER]"
Проект «Обустройство объектов Новой нефти»,"""ДС-1"" договорился с ООО ""ОРГАНИ"" на заключение договора по монтажу и наладке объекта ""ОБЖЕКТ"""
Блок директора по строительству,Компания LOCATION сообщает о согласовании цен на поставку материалов по адресу: CUMENT_NUMBER]
Блок директора по мощностям,"На КП No [NUMBER] не передана линия опор ЛЭП в полном объеме, а работы не ведутся, не ведется ли буровая установка."
Блок директора по мощностям,Ущерб от штрафа за нарушение условий договора No [DOCUMENT_NUMBER] в размере 00 копеек обоснованен
Блок директора по мощностям,"Исх сообщает, что компания [ORGANI] одобрила проект Дополнительного соглашения No [DOCUMENT_NUMBER]"
Блок заместителя генерального директора по имуществу,Спорная плата за аренду дизельных генераторов в месяц составляет [ФИНАНЦИАЛЬНАЯ ДАТА] без НДС и без НДС
"Блок исполнительного директора по реализации проекта ""Большое месторождение""","Гендиректор ""Организации и транспорта"" No DATETE TIMME No [DECOMENT NUMBEER] в соответствии с приказом ""Пенерсон"""
Блок заместителя генерального директора по организационным вопросам,Инициатор инициирует заключение дополнительного соглашения на увеличение срока вахты для сотрудников Исполнителя на объекте Уренгойского НГКМ
Управление по проектным работам,На ИИ откорректированное Задание на выполнение инженерных изысканий с приложениями к нему загружено [DATE_TIME]
Блок директора по строительству,ORGANI сообщает ourgANI urgun uick outh ork ATION'
"Проект ""Нефтяные краюшки""",В связи с невыполнением обязательств по поставкам АВО было доавансировано производство по запросу Покупателя и Принципала в соответствии с условиями договора.
Блок директора по газовым проектам,"В соответствии с определением арбитражного суда No ""DOCINT NUMBEER"" по делу ""ЛОКАТИНИ"" арбитражные управляющие могут запрашивать информацию о должниках, контрагентах и обязательствах должника по отношению к должнику"
Блок директора по мощностям,ОКПО-NUMBER: «ATION - это услуга с использованием пассажирского грузопассажирского транспорта и специальной техники»
Блок директора по мощностям,"ОКПО-NUMBER] сообщает, что по состоянию на [DATE_TIME] оборудование флота ГНКТ было мобилизовано на [LOCATION]"
"Проект ""Обустройство площадных объектов НГКМ Поменбше""","В дополнение к письму от ""Нет-I"" к Договору No GNA [ID]//ID] от [Дата_TIME] мы обращаем внимание на изменение графика работы в соответствии с ранее согласованными условиями."
Блок заместителя генерального директора по закупкам,ADOCUMENT_NUMBER] получил письмо от коммерческого директора [ORGANI] Испа.
Управление землеустроительных работ,"С помощью E-mail, DATE_TIME и E-UMBER, SATION, FIGANI, DIDION, E-command   UMENT_NUMMER]"
Блок директора по мощностям,В рамках договора ГНЗ-]DOCUMENT_NUMBER] в глушении скважины стали использоваться блокирующие составы с вязкостью до 300 сПз
Блок директора по газовым проектам,Уведомляет о проведении внеплановой выездной проверки объекта капитального строительства EРКНМ в соответствии со статьей 31 Федерального закона No [DOCUMENT_NUMBER]
"Проект ""Нефтяные краюшки""",Секция фильтр-хвостовик на скважине No [FINANCIAL_DATA] пробурена на КГС 5 без возможности завоза
Блок заместителя генерального директора по безопасности,Направляемый вами проект Плана проведения тактико-специальных учений на [NUMBER] в соответствии с внесенными изменениями
Блок деректора по газу,Исх No [DOCUMENT_NUMBER] от [DATE_TIME] на No DATE-TIME
Управление по проектным работам,"ОКПО-NUMBER: «Уренгойское месторождение» в Уренгое, вахтовый жилой поселок, хранилища, утилизация отходов производства и наличие договоров передачи отходов производства."
Блок заместителя генерального директора по безопасности,"Внагене проверит все необходимые документы для проведения аттестации по вопросам безопасности ядерных объектов, включая вопросы электропривода, в том числе и информацию о DATE_DATA"
Проект «Обустройство объектов Новой нефти»,Наряд-Заказа No[NUMBER] к Договору No[DOCUCUMENT_NUMIME] на выполнение электромонтажных работ
Управление по проектным работам,"На теплообменники [OBJECT] в электронном архиве отправлены опросные листы на теплообмена, а затем подПИСАН ПОДПИСЬЮ"
"Проект ""Трубопроводный транспорт Главного НГКМ""","В соответствии с ведомостью дефектов, замечаний и дефектов после комплексной проверки блок-блока оператора оператора [ID ID] (зав. No ID)."
Блок директора по мощностям,ORGANI выражает свое согласие на заключение Дополнительного соглашения No2 к Договору No2 с приложением в эл- виде.
Блок заместителя генерального директора по безопасности,В соответствии с договором ГСН-24/07100/06100/02386/0600/02286/0701/021/07 100/024/0230/0232/028/P от [ORGANI] согласовать транзитный проезд на [OBJECT] по маршруту ТС Исполнителя.
"Проект ""Южный""","Гендиректор ""Организации и производства"" (ПЕПСОН) в соответствии с поручением заместителя председателя Правления по согласованию выполнения работ на объекте ""ОБЕКТ"""
Блок заместителя генерального директора по закупкам,"LOCATION: OBJECT на 1л, NAME - НГКМ — на 2л"
Генеральный директор,"БОКС No DATE_NUMBER] сообщает ORGANI, что в данный момент находится под контролем."
"Проект ""Нефтяные краюшки""","Исп, управляющий по управлению проектами в соответствии с ИСО 9001, ИСО 14001, Email и IGC СТО."
Проект сервиса скважин,На скважине No[NUMBER] в НГКМ заключен договор о проведении супервайзерских услуг при строительстве и реконструкции.
Блок директора по персоналу,"В этом году, как и прежде, в рейтинге лучших вузов России будет участвовать проректор по внешним связям ОКПО-NUMBER"
Проект «Трубопроводный транспорт Ещё одного НГКМ»,"С мая по июль на ВТС будет действовать сезонное ограничение на проезд техники, связанное с сезонными ограничениями по движению техники. Для оформления пропусков в ""ОРГАНИ"" и ""АТИОН"" просим уведомить об этом руководство проекта ""PERSOON""."
Блок директора по мощностям,"В рамках Договора No [DOCUCUMENT_NUMBER] в НГКМ произошел снос СБТ, в ходе которого было зафиксировано забитие всасов подпорных насосов"
"Проект ""Новая нефть""","Управляющий директором ГЭО (OBJECT) в эл-виде отправлен на e-mail, чтобы сообщить, что схема цветового решения согласована со стороны [ORGANI]"
"Проект ""Нефтяные краюшки""",Зам управляющего по управлению проектом [PROJECT_NUMBER] Исп отправил в адрес компании запрос параметров буферного газа для подачи в панель управления СГДУ.
Блок заместителя генерального директора по безопасности,"Уведомляем о заключении дополнительного соглашения No 2, изменением Агентского поручения No 2 к Агентскому поручению No 3 и Агентским поручением No 3"
Управление по проектным работам,"Утверждается, что геологические разрезы и скважины не показаны кровли залегания мерзлоты, ни номера ИГЭ с ММГ"
Генеральный директор,На очной встрече DATE_TIME было принято решение о базовой рыночной ставке аренды на уровне FINANCIAL_DATA
Блок директора по строительству,На основании договора No [DOCUMENT_NUMBER] на объекте [OBJECT] будут использоваться транспортные средства.
Блок директора по строительству,"В МСХ состоялась церемония вручения заявки на получение авансовых МТР на 1 л, в 1 экз. Приложение No[DOCUMENT_NUMBER]"
Блок заместителя генерального директора по безопасности,Уважаемая [PERSON] компания выражает согласие на заключение дополнительного соглашения No 1 к Договору No [DOCUMENT_NUMBER]
"Проект ""Восточный""","Посетитель сайта ""Организация ""ORGANI"" (OGANIA) No INDIATION (OCTICT) No NUMBEER (OKUMENT NUBBER) на сайте ОРГАНИОН (OHANI)."
"Блок исполнительного директора по реализации проекта ""Большое месторождение""","АО ""Организация ОРГАНИЯ и АТИОН"" заключило соглашение о сотрудничестве по обеспечению перспективных поставок жидкого углеводородного топлива (ОСБЕКТ) и СГС."
Блок технического директора,"Генеральный директор ORGANI: «В летнее время ремонтно-восстановительные работы будут проводиться с применением светофорного регулирования, разравнивание и уплотнение грунта обочин»"
Проект сервиса скважин,"ИНВЕСТ сообщает INВЕСТу, что филиал интегрированного сервиса строительства скважин [ORGANI] согласовывает привлечение в качестве субподрядной организации."
"Проект ""Восточный""","Телефон, телефон, телефон и другие телефоны разрабатывают коммуникационный проект в рамках сотрудничества с ОРГАНИЗАЦИЯ в сотрудничестве с [ОБЖЕСТ]"
Управление коммуникаций,ОРГАНИЗАЦИЯ направляет вам доклад о целевом использовании средств по контракту о благотворительной помощи No [DOCUMENT_NUMBER] в одном случае
Блок заместителя генерального директора по защите,"В рамках сотрудничества с ОРГАНИЗАЦИЯ наняла субконтрактную организацию, предоставляющую специализированное оборудование — DATE_TIME"
Блок заместителя генерального директора по безопасности,В соответствии с приказом главы Управления по государственному надзору в отношении опасного производственного объекта (OBJECT) необходимо представить соответствующие документы в соответствии с графиком.
Управление по проектным работам,На Отечестве по проектно-изыскательским работам и взаимодействию с надзорными органами [ORGANI] на Оте НД
Управление по проектным работам,"Направление РД марки ГТМ: насосная внешняя перекачка, установка нефти на 2 места и установка на две места (ноз)"
Блок заместителя генерального директора по закупкам,"Утверждается, что в соответствии с условиями договора поставки (далее) они должны быть переданы в [ORGANI] в соответствии со всеми необходимыми документами."
Блок заместителя генерального директора по строительству,"При рассмотрении дополнительного соглашения по договору аренды земельного участка No DATE-TIME я готов подписать дополнительное соглашение к дополнительному соглашению, приложенному к приложению"
Блок директора по газовым проектам,Уведомляется о проведении внеплановой выездной проверки объекта капитального строительства в соответствии со статьей 21 Федерального закона No [DOCUMENT_NUMBER]
Блок директора по строительству,"В соответствии с Уставом Годового Общего собрания, члены саморегулируемой организации (ORGANI) должны присутствовать на Обществе членов DATE_TION."
Блок директора по портфелю,Замгендиректора по производству полезных ископаемых (ОРГАНИЗАЦИЯ] согласовывает предложения по добыче полезных ископаемых с [OBJECT]
Блок технического директора,Газпромнефть-Заполярье и НГКМ запустили бурение на базе производственного обслуживания филиала [LOCATION]
Управление по проектным работам,Замглавы управления по проектно-изыскательским работам и взаимодействию с надзорными органами ООО Газпромнефть-Заполярье
Блок директора по строительству,"Утверждается заключение договора на ШМР и ПНР в рамках стоимости, определенной по итогам конкурентных процедур по отбору поставщика оборудования."
Генеральный директор,Компания ATION вступила в условную группу по обеспечению закупок в рамках тендерных процедур и поставок теплоизоляционных материалов для ДО [ORGANI]
Подразделение по информационным технологиям,"В ""ЛОКАЦИОН"" состоится семинар-собеседование главных и ведущих экспертов по метрологам и ведущим специалистам в ""Лocalitation"""
Блок заместителя генерального директора по организационным вопросам,LOCATION: DATE-NUMBER] [PERSON]] [UUMMBer]]
Управление землеустроительных работ,"Вице-президент по строительству и ремонту ""PERSANO"" согласовал местоположение границ земель в границах земельного участка, расположенного в границах территории ""ОБЖЕКТ"""
Блок директора по строительству,ORGANI сообщает о выделении технических условий на пересечение с ВЛ 110 кВ КП123 по объекту 1104/14
"Проект ""Южный""",В летний период DATE_TION планирует провести конкурентную поставку песка гидронамывного в объеме [FINANCIAL_DATA] м3 для [OBJECT]
Блок директора по строительству,LOCUMENT_NUMBER] [OBJECT]] [PERSON]]]
Блок директора по мощностям,"ОКПО-DATE_DATA сообщает ORGANI, что в рамках подготовки к зимешнему технологического проезду в DATE-DATA стоимость услуг по мобилизации составит FINANCIAL_DATION]"
Генеральный директор,Прошение о благотворительном пожертвовании средств на нужды строительства храма Покрова Пресвятой Богородицы в г. [LOCATION] было приостановлено на неопределенный срок
Блок директора по портфелю,В рамках запроса ОКПО-NUMBER-CDOCUMENT_NUMIT ОКCUENT_NONTACT должен быть составлен прогноз на поставку нефти по [DATE_TIME] в максимально сжатые сроки.
Блок директора по мощностям,"ОКПО-NUMBER согласует допуск и работу специализированной техники на Уренгойской группе месторождений, чтобы избежать срыва сроков запуска в работу бригады КРС"
Блок директора по газовым проектам,ОКПО-NUMBER] сообщает о переустройстве участка ВЛ в соответствии с графиком работы по переустройству ВЛ.
Блок технического директора,Сданный в систему транспортирования в апреле 2025 года транспорт сдан в соответствии с пп. 2.2 и 6.3 Договора поставки нефти No DATE_NUMBER]
Управление землеустроительных работ,"""ORGANI"" - ""CONTRACT: ""CONTAXT - ""PERSONE"" - CONTACT, адрес электронной почты и номер телефона телефона."
Блок заместителя генерального директора по защите,"Компания ""Организацио"" благодарит вас за предоставленные возможности сотрудничества с ""ОРГАНИЗАЦИОН"". Для мобилизации персонала на объект строительства была создана система оформления пропусков."
Управление коммуникаций,"Выберите, как будет выглядеть квадрат, переулок и квадрат, которые будут улучшены к годовщине города в [DATE_TIME] в год"
Блок технического директора,"Управляющий по энергосбережению-главному энергетику ООО ""LOCATION"" (OBJECT) в рамках оказания услуг по комплексной эксплуатации энергоустановок на 2025г."
Генеральный директор,"Общероссийский общественный благотворительный фонд (ORGANI) проводит благотворительную программу по помощи детям, оказавшимся в трудной жизненной ситуации."
"Проект ""Обустройство площадных объектов НГКМ Поменбше""","Замглавы проекта обустройства площадей ""DOKUMENT NUBER"" подтвердил свое согласие на подписание дополнительного соглашения с приложением ""DATE TIME"""
Проект «Трубопроводный транспорт Ещё одного НГКМ»,"Напишите письмо с истолкованием, что ДК-1 не согласует проезд через дорогу ""Органиум"" через трассу газопровода ""ОРГАНИЯ"""
Проект сервиса скважин,"На данный момент бурение скважины No6219 является крайней инспекцией для бурения, но на данный момент запланировано бурение без проведения УЗД на бурение."
"Проект ""Нефтяные краюшки""",Прокладка канализационных сетей в напорном режиме от наружных установок с отбором сточных вод с отборованными площадками осуществляется с учетом темпов строительства
Блок директора по портфелю,Сэнди Эн-Яхински и Уренгойская НКАМ для [ORGANI] были подготовлены в соответствии с сопроводенными показателями производства
Блок директора по проектированию,Инженерно-технологический сервис выражает свое согласие на заключение дополнительного соглашения с Газпромнефтью-Заполярьем [PERSON] в связи с частичным переводом негарантированного объема в гарантированный объем [DATE_TIME] года с перераспределением объемов по видам услуг и объектам.
Имущественные вопросы,"В соответствии с приказом No ""DOKUMENT NUMBEER"" об утверждении локальных нормативно-правовых актов по приватизации непрофильного актива ""Организация Группы ""Органик"" и организации группы компаний ""ОРГАНИКАТИОН"" (ОРГАНИОН) в соответствии с соответствующими положениями."
Блок заместителя генерального директора по организационным вопросам,В связи с загрузкой на ВЖК и ВЖГ на [DATE_TIME] персонал столовых не справится с приготовлением.
Проект сервиса скважин,Директор филиала LOCATION_DATA согласовал вывоз оборудования через контрольно-пропускной пункт на нулевом километре с базы [OBJECT]
Блок директора по персоналу,ORGANI проводит всероссийский опрос работодателей для прогноза кадровой потребности экономики и своевременного формирования прогноза занятости населения. finished
Управление по проектным работам,Удостоверили копию приказа No [DOCUMENT_NUMBER] о назначении специалистов по ведению авторского надзора за строительством
Имущественные вопросы,"Утверждение Положения о порядке приватизации непрофильного актива в рамках локальных нормативно-правовых актов группы ""Организация ""ОРГАНИ"""
Блок деректора по газу,"ОКПО-NUMBER, ОГРН, ИНН, КПП и другие технические решения по подключению оборудования связи ЗТГП"
Блок финансового директора,"""ПЕРСОН"" обратился к ""DATE TIME"" с письмом о предоставлении оценки досрочных платежей в соответствии с договором No DECOMENT NUMBEER."
Блок директора по мощностям,"Утверждается, что в связи с переводом ранее открытых ОБС на Единый ОБС изменяются банковские реквизиты в соответствии с изменением реквизитов организации."
Генеральный директор,"Компания ORGANI сообщает ourgANI о том, что ее продукция является самым безопасным и надежным транспортным подрядчиком."
"Проект ""Нефтяные краюшки""",На основании графика предоставления приоритетных опросных листов по объекту [OBJECT] ОКПО-NUMBER] направляет на рассмотрение и согласование технические требования на блок.
Генеральный директор,"Исх сообщает DATE_TIME, что он просит предоставить [OBJECT] для зачистки и обваловки мест несанкционированной свалки."
Управление землеустроительных работ,"В соответствии с лицензией DATE_TIME на территорию участка недр федерального значения, включающего [OBJECT]"
Блок директора по строительству,ORGANI сообщает LOCATION] о согласовании цен на поставку материалов по указанию поставщика. finished
Управление по проектным работам,"ОКПО-NUMBER] сообщает, что технические требования на блоки газовых сепараторов КС ПНГ будут направлены на согласование и согласование технических требований."
Блок директора по проектированию,"Генеральный директор Исп, генеральный директор НИИ геологоразведки, ЭКОЛОГИИ РОССИЙСКОЙ ФЕДЕРАЦИИ ФЕДЕДЕРАЛЬНОЕ АГЕНТСТВО ПО НЕДРОПОЛЬЗОВАНИЮ"
"Проект ""Нефтяные краюшки""","Копия отредактировала документ, предназначенный для контроля вибрации установки компрессорной [COMPRESSOR_MODEL] для КС [OBJECT]"
Блок технического директора,"За 1-й квартал выявлены несоответствия алгоритмам блокировочных параметров блокировочного обеспечения АРМов, контрольного и PCУ"
Блок заместителя генерального директора по строительству,"На основании договора аренды земельного участка No DATE TIME, ОКП NUMBEER и NUMIMENT NUMEMEER No DIMEMEMEE No PERsON ""PERSON"" он готов подписать дополнительный договор в приложении"
Блок технического директора,"На должность директора по сервисным и прокатным проектам назначен [ORGANI] Мобильный тел, телефонный номер телефона и адрес электронной почты."
Управление по проектным работам,ORGANI выражает согласие на заключение изм в соответствии с договором No5 к накладной No6 от [DATE_TIME]
Блок директора по персоналу,"В Объединенном государственном бюджетном образовательном учреждении ATION проводится профориентационное мероприятие с участием школьников 9, 10, 11 классов и их родителей"
Блок директора по проектированию,"ORGANI сообщает DATE_DATA, что техническая экспертиза направлена в соответствии с указаниями, направленными в адрес [OBJECT]"
Блок директора по газовым проектам,Уведомляется о проведении внеплановой выездной проверки объекта капитального строительства в соответствии со статьей 21 Федерального закона от [DATE_TIME]
Блок заместителя генерального директора по организационным вопросам,Исх сообщает о готовности оказания услуг по комплексному обслуживанию объектов социально-бытового назначения на [OBJECT] в соответствии с договорами.
Проект «Обустройство объектов Новой нефти»,"В настоящее время No NUMBIER выражает согласие с заключением Договора No ""ДЕКУМЕНТ"" на строительство площадок, садов и строительства объектов трубопроводной инфраструктуры в Восточно-Сибирском регионе"
Блок заместителя генерального директора по организационным вопросам,В рамках программы развития корпоративного спорта в [ORGANI] можно провести соревнования по кроссфиту на 9 л. в 1 экз.
Блок заместителя генерального директора по имуществу,"В рамках подготовки бюджета на [REGION] в рамках подготовки к сдаче земельного участка в собственность администрация [UUMBER] сообщает о порядке приема земель, земельных участков и земельных участков."
"Блок исполнительного директора по реализации проекта ""Большое месторождение""","АО ""Организация"" и ""ОБЕЖЕКТ"" заключили соглашение о сотрудничестве по обеспечению перспективных поставок жидкого углеводородного сырья в период ""ДАТАТ"""
Блок бизнес-директора,"В 2023 году на газотранспортном предприятии ""Органиум и Атион"" началась роботизация и внедрение технологий искусственного разума. Проект был представлен в ноябре 2024 года на Петербургской международной газовой выставке."
Блок деректора по газу,В ДЕЛО No[DOCUMENT_NUMBER] состоялась процедура согласования проекта дополнительного соглашения No1 к договору No1 с DATE_TIME
Блок заместителя генерального директора по организационным вопросам,LOCATION: LOCUMENT_NUMBER: ORGANI: DATEME:
"Проект ""Нефтяные краюшки""","ORGANI сообщает, что водопропускные трубы не были закуплены и поставлены в соответствии с утвержденной рабочей документацией."
Блок заместителя генерального директора по строительству,На рассмотрение проекта допсоглашения по арендному договору No DATETEME No DECOMENT NUMBIER от [DATTETE TIME] готов подписать дополнительный договор в приложении.
Блок директора по газовым проектам,DATE_NUMBER сообщает о согласовании проезда грузового бортового автобуса вахтового и грузового транспорта.
Подразделение по информационным технологиям,"В ""Локации"" состоится семинар-собрание главных и ведущих экспертов в ""Регионах"" и ""РЕГИОН"" в рамках мероприятия ""Организация и технология"""
Блок заместителя генерального директора по безопасности,В связи с неблагоприятными погодными условиями Генеральный директор ORGANI PERSON UUMENT_NUMBER CITATION.
Блок заместителя генерального директора по имуществу,"В рамках проекта ""Организация развития"" сотрудники проекта регулярно выезжают на место строительства газопровода внутреннего транспорта (далее - ГВт). Для осуществления работ привлекаются и подрядчики, которым необходимо обеспечить рабочие места."
Блок технического директора,"Управляющий директор по энергоснабжению (ORGANI) ATION сообщает, что все сотрудники, ответственные за проведение работ, прошли медосмотр, проверку знаний правил и инициалов."
Блок заместителя генерального директора по безопасности,РОСТЕХНАДЗОР РЕШЕНИЕ-УРАЛЬСКОЕ УПРАВЛЕНИЕ-UMENT_NUMBER]
Управление по проектным работам,ORGANI выражает согласие на заключение [DOCUMENT_NUMBER] к договору [OBJECT]
Управление по проектным работам,САУ РУ-[DOCUMENT_NUMBER] просит вас согласовать участие в разработке обосновывающего отчета.
Блок директора по проектированию,"Уренгойский НГКМ, нефтяные оторочки и неокомские залежи в районе участка ЗА II-V об (13 пластов)"
"Проект ""Новая нефть""",Исх сообщает о сокращении сроков изготовления по спецификации No [DOCUMENT_NUMBER] в связи с загруженностью производства.
Блок заместителя генерального директора по закупкам,ORGANI сообщает о подписании Договора No [DOCUMENT_NUMBER] в соответствии с его условиями.
Генеральный директор,ATION: DATE_TIMEMEME MEME [DATE-TIME] DATE TIME.
"Проект ""Восточный""",О согласовании траектории скважины [NUMBER] с эксплуатационными и разведочными стволами в НГКМ сообщает ОКПО [ORGANI]
Блок заместителя генерального директора по строительству,"В рамках Дополнительного договора по аренде земельного участка No DATE TIME генеральный директор по обслуживанию договоров с приложенными редакциями"""
Блок заместителя генерального директора по безопасности,"В соответствии с требованиями природоохранного законодательства, вам следует обратиться в [ADMINISTRATION] для согласования места проведения соревнований."
Блок заместителя генерального директора по закупкам,И.о. генерального директора [ORGANI] И. о. гендиректора [OCUMENT_NUMBER]
Блок финансового директора,"ЛОКАЦИЯ - CONTAXT: ""В соответствии с Приложением к ФЗ ""О ГАРАНТИАТИОН"" задолженность перед ""Организацией"" (далее ""Заказчик"")."
Блок технического директора,"PERSON сообщает, что на сегодняшний день произведен закуп и доставка на [OBJECT] и пусконаладочные работы запланированы в сжатые сроки"
"Проект ""Северная деревня""","И.о. генерального директора по развитию функции Добыча, инфраструктура и операционная деятельность в рамках программы [PROGRAM]"
Блок директора по мощностям,ORGANI: ourgANI. OUMMBER UMENT_NUMBer]
Блок директора по строительству,"В соответствии с договором аренды, в некоторых частях работы по монтажу мобильного здания были привлечены сотрудники строительно-монтажного управления Арендатора. Установить дополнительные септики для зоны VIP-проживания в офисном крыле, для оптимальной планировки."
Блок технического директора,"В четверг состоится стратегическая сессия по определению рамок единой технической политики (ORGANI) в рамках стратегической сессии, посвященной единой технической политике."
Блок директора по мощностям,ОКПО-заместитель генерального директора по управлению проектами [ORGANI] согласовал допуск и работу специализированной техники на Уренгойской группе
Генеральный директор,"Информацию о выделении участка недр для разработки технологий геологического изучения, разведки и добычи ачимовских отложений прислали в Департамент ПАО [ORGANI]"
Блок директора по мощностям,"Производитель оборудования No [ORGANI] не согласен с выводом о браке пакера с заколонным пакером. В связи с техническими трудностями проведенной проверки производства пакеров No 1, 5 (приложение No1) не исключено, что причиной инцидента стал брак пакера."
Проект «Обустройство объектов Новейшей нейти»,"""Персан"" И.О. Гендиректора ""PERSON"" и.о. генерального директора ""Perсана"" Игоря Персана"
Блок технического директора,"Натурное обследование железнодорожного пути необщего пользования в период строительства необходимо представить копии документов, регламентирующих порядок обслуживания и организацию движения на строящемся железнодорожном пути."
Блок заместителя генерального директора по закупкам,В Наряд-заказе No [DOCUMENT_NUMBER] по контракту No [DATE_TIME] г..
Блок заместителя генерального директора по безопасности,В адрес DATE_NUMBER] поступил запрос в адрес [ORGANI] о загрязнении окружающей среды и нарушениях в области обращения с отходами бурения.
Блок директора по мощностям,Врио генерального директора компании ATION INUMENT_NUMBER   PERSON] 
Управление по проектным работам,В соответствии с проведенными селекторными совещаниями по объектам [OBJECT] в рабочем порядке наработана система защиты от коррозионной агрессивности грунтов
Блок директора по мощностям,Очередной проект Дополнительного соглашения No14 к Договору No14 с Приложениями не согласован с согласованием до устранения всех замечаний в новой редакции
Блок заместителя генерального директора по строительству,"На основании представленных проектов дополнительного соглашения по аренде земель No DATE-TIME, сообщаю, что готов подписать дополнительное соглашение в предлагаемой редакции"
Блок бизнес-директора,"В 2023 году на газотранспортном предприятии ""Организация и Интенсификация"" началась роботизация и внедрение технологий искусственного разума. Проект был представлен в ноябре 2024 года в рамках Петербургского международного газового форума."
Блок технического директора,В соответствии с условиями Договора No [DOCUMENT_NUMBER] целевой уровень СНО составляет 8.2.3
Блок директора по газовым проектам,Управляющий демонтажом и переброской наземных мин и оборудования No [NUMBER] в настоящее время истекает в Государственном техническом осмотре (далее ГС)
Блок технического директора,"На семинаре-совещании в городе DATE_TIME, посвященном 30-летнему юбилею компании, приглашены сотрудники компании."
Блок заместителя генерального директора по безопасности,В Новоуренгойском филиале Юра состоялось заочное совещание по согласованию пропусков на транспорт в рамках Договора на строительство скважин в условиях автономии.
Блок директора по строительству,Утверждается отказ в заключении дополнительного соглашения No[DOCUMENT_NUMBER] к Договору No [DO CUCUUMMBer] от [DATE_TIME]
Блок директора по мощностям,ОКПО-NUMBER] и БУ-DOCUMENT_BMER] согласование программы по восстановлению коммуникационных объектов на территории [ORGANI]
Блок директора по мощностям,На бурение скважин по суточной ставке и фиксированной ставке в т.ч. ORGANI согласовал привлечение субподрядной организации.
Блок деректора по газу,"Директор по газу и энергетике ATION сообщает, что авансирование согласовано при условии предусмотренного финансирования на проект в [DATE_TIME]"
Блок директора по мощностям,АО НИПЦ ГНТ подтверждает свое согласие на перевод негарантируемого объема услуг в гарантированный объем [DATE_TIME] в соответствии с договором No [DOCUMENT_NUMBER]
Блок директора по мощностям,В блоке управления внутрискважинными работами Блока директора по вводу новых мощностей ATION ввели ограничения на проезд через КПП-1 и КПП-2
Блок заместителя генерального директора по защите,"С помощью СЭД 3, общества и организации No c/P, IT-гиганта, CONTACT, PETРОЛЕУМ и т.д."
Блок технического директора,"Информацию о внесении изменений в реестре аккредитованных лиц и реестра экспертов по аккредитации, реестра экспертных организаций и предоставления сведений из указанных реестров"
Проект «Обустройство объектов Новой нефти»,"В ответ на запрос о предоставлении коммерческого предложения по установке инженерных систем охраны на объектах, расположенных на площадях, ""Организация"" вынуждена была отклонить участие в тендере по экономическим соображениям"
Генеральный директор,Генеральному директору Московской автомобильной дороги (OBJECT) требуется помощь в погрузке и доставке на аварийные участки дороги
Блок заместителя генерального директора по организационным вопросам,ORGANI сообщает ourgANI о увеличении лимита на горячее питание с целью получения представительности выборки в разрезе регионов
Блок технического директора,Рег сообщает о возможности дооснащения комплекса в соответствии с соглашением о включении в стоимость ставки Эксплуатация [OBJECT]
"Проект ""Трубопроводный транспорт Главного НГКМ""","Адрес места нахождения: Email: DATE-TIME: ""ADOCAMENT NUMBEER"" (DATE TIME)"
Проект «Обустройство объектов Новейшей нейти»,"На основании письма о зачете авансовых платежей в рамках накладных расходов на строительство площадей и объектов инфраструктуры (PERSONE) прошу предоставить авансовые платежи в размере 1, 2 л."
Генеральный директор,"В четверг состоится совещание по созданию локальных систем оповещения населения, посвященных весенне-летнему пожароопасному периоду, в рамках которого будет проведена видео-конференц-связь."
Управление землеустроительных работ,На рассмотрение по контракту с субарендатором [PERSON] было направлено письмо от DATE_TIME_NUMBER]
Блок бизнес-директора,"""Организация"" выражает согласие с заключением Наряда-заказчика No NUMBIER и накладной No ""Number"" в рамках договора по реализации нефтедобывающих проектов."
Проект «Обустройство Интересного лицензионного участка»,"Офис: ""CONTATT"" - ""LOCAT"" - почтовая служба: ""CONTAKT"" (КПП) ОКПО / ОКФИН"
Генеральный директор,"В Энерготехнохабе проходит Международный фестиваль инноваций и технологического предпринимательства в энергетике ЭнергоТехноФест, который пройдет в июле."
Блок заместителя генерального директора по организационным вопросам,В Уральском филиале ФГУП УВО Минтранса России заключен договор на оказание услуг по организации питания в столовой на базе бурения [OBJECT]
Блок технического директора,"Усиленной КВАЛИФИЦИЦИРАННОЙ ПОДПИСЬЮ ПОДПИСАН ПРОКУМЕНТ, технический директор Дивизиона Севера, директор ДOCUMENT_NUMBER]"
Блок технического директора,"На основании Договора подряда от [ORGANI] в охранной зоне ВЛ 10 кВ ф.3-10 будет проведена реконструкция разбивки трассы трубопровода, заезды откосов с посевом многолетних трав"
Блок заместителя генерального директора по строительству,"""Организация и АТИОН"" готовы к подписанию дополнительного соглашения по договору аренды земельного участка No ""DOCAMENT NUMBEER"""
Блок директора по строительству,"Наряд-Заказ No2 изм. 2, 3, 4, 4 и 4 из-за DATE_DATA. COCUMENT_NUMBER]"
Блок технического директора,В соответствии с договором подряда No [DOCUMENT_NUMBER] ORGANI может быть допущен к работам на следующих объектах
Блок директора по мощностям,"На КП No5 ТЮ безводная скважина признана безводной, в то время как на КПNo8 ТЮ нет водозаборной скважины"
"Проект ""Обустройство площадных объектов НГКМ Поменбше""","Ознакомьтесь с приказом No4 на выполнение работ по созданию навигационной и транспортной инфраструктуры, а также газоконденсатного конденсатного объекта [OUBJET] со стороны ""Организатора"""
Блок заместителя генерального директора по имуществу,Уважаемая [PERSON] аренда ДЭС в месяц составляет [FINANCIAL_DATA] по [DATE_TIME]
Блок технического директора,В рамках выполнения работ по нефтяным скважинам No[NUMBER] в охранной зоне ВЛ 10кВ ПС.
Проект «Трубопроводный транспорт Ещё одного НГКМ»,"В ""Органиум"" не согласовывают проезд транспорта через ДП-1 (NUBBER) к дороге трубопровода ""ОРГАНИОН"""
Блок директора по газовым проектам,"Отправьте письмо от DATE_TIME, в котором говорилось о согласовании поездок техников, уважаемых ОРГАНИЗАЦИЯ"
"Проект ""Восточный""","В рамках проекта организации связи на территории [OBJECT] необходимо осуществить подвес оптического кабеля по опорам ВЛ на участке, описанном в Приложении 1."
Блок директора по строительству,"Уведомляем вас, что заключение Наряда на выполнение работ по лесорасчистке возможно только в зимний период [DATE_TIME] года"
Проект «Трубопроводный транспорт Ещё одного НГКМ»,"В ""Органики и Атион"" во время май-июньского паводка будет действовать сезонное ограничение на проезд техники, связанной с пагодой."
Блок заместителя генерального директора по имуществу,"В ответ на письмо No DATE TIME No DECUMENT NUMBEER от ""Организаций"" он уведомил вас об этом."
Управление по проектным работам,В ответ на замечания специалистов NOCUMENT_NUMBER в ЛКП PERSON COCUENT_NOME
Блок директора по газовым проектам,Информацию о карьерах по добыче песка и щебня можно получить в электронном документообороте СВЕДЕНИЯ О СЕРТИФИКАТЕ
Генеральный директор,"ORGANI сообщает, что в соответствии со статьей 5 Закона Республики Саха (Якутия) утвержден порядок ведения мониторинга и составления рейтинга."
Подразделение по информационным технологиям,"В ""Локациях"" состоится семинар-заседание главных и ведущих экспертов по метрологам и ведущим специалистам в ""Регионах"" и ""Region"""
Блок директора по персоналу,"Генеральному директору [ORGANI] пришлось уволиться из-за того, что у него не было согласия на перевод в московскую среду."
Проект сервиса скважин,"ИНВЕСТ сообщает ICUMENT_NUMBER] об ущербе, нанесенном по договору No DATE_DATA"
Блок заместителя генерального директора по безопасности,Наименование банка в соответствии с уставом DATE_DATA [ORGANI] осуществляется на основании Устава [PERSON]
Управление коммуникаций,На территории [LOCATION] проект реализуется в [OBJECT] раз и уже успел зарекомендовать себя как успешную и востребованную инициативу.
Управление по проектным работам,В ответ на письмо No [DOCUMENT_NUMBER] начальник управления по проектно-изыскательским работам и взаимодействию с надзорными органами.
Проект «Обустройство объектов Новейшей нейти»,"В соответствии с договором на проведение производственного экологического мониторинга в Испском районе, он должен быть перенесен до получения положительного заключения государственной экологической экспертизы"
Блок деректора по газу,"В ДЕЛО No исп. No исх. ORGANI сообщает, что это возможно при проведении внеочередного ремонта газотурбинного двигателя."
Блок директора по мощностям,"В соответствии с требованиями технического задания, бурение скважин по суточной ставке на [ORGANI] проводится с использованием бурового инструмента."
Проект «Трубопроводный транспорт Ещё одного НГКМ»,"Почтовая / юридическая почта: ""Организация ""Органик"" не согласовывала проезд транспорта через ДП-1 (NUBBER) на трассу газопровода ""Оргоник"""
Блок заместителя генерального директора по организационным вопросам,Замдиректора по организации общественных отношений DATE_NUMBER]  ourGANI urgANI
Блок директора по персоналу,В связи с внесением изменений в Трудовой кодекс Российской Федерации на основании Федерального закона от [ORGANI] руководство должно быть утверждено в соответствии с п. 1 настоящего распоряжения.
Блок заместителя генерального директора по безопасности,"В DATE_NUMBER сообщили о возможности проведения семинара, который состоится в соответствии с принятыми изменениями в Монреальском протоколе."
Генеральный директор,Замгендиректора по строительству и эксплуатации скважин [ORGANI] Сертификат получил письмо от ОКПО-NUMBER]
"Блок исполнительного директора по реализации проекта ""Большое месторождение""","""Организация ОРГАНИ"" готова рассмотреть возможность продажи объектов на ""ОБЖЕКТ"" (включительно) на ""OBDECT""."
Блок заместителя генерального директора по строительству,"Генеральный директор ""Организаций и организаций"" (PERSOON) готов подписать дополнительное соглашение к Договору аренды земельного участка NUMBIER No [CUMMENT_NMENT-NME"
Блок технического директора,В рамках развития наземных цифровых каналов связи в интересах нефтегазовых компаний и мобильных операторов связи компания S-CUCUMENT_NUMBER выделит участок под АМС No [OBJECT] с расположением блок-контейнера у основания АМС.
Блок заместителя генерального директора по имуществу,"Врио генерального директора ООО ""ОРГАНИ и АТИОН"" Е. В. О. Е.В. ""ОРЕНО"" сообщает, что помещения No 1, No 45, расположенные в здании административного здания по ул. 60 лет Октябрьской, прилагаются к плану аренды."
Блок технического директора,Направляем вам список лиц электроснабжения в рамках строительства отпайки в районе куста [OBJECT] до коммерческого узла учета газа
Блок финансового директора,БАНК РОССИЙСКОЙ ФЕДЕРАЦИИ (Банк России) подписывает анкету за [MONTH] в банке России.
Блок заместителя генерального директора по безопасности,Уважаемая DATE_DATA ORGANI согласовала решение о предоставлении отсрочки оплаты неустойки.
Блок директора по мощностям,Счет-фактура No [DOCUMENT_NUMBER] на сумму [FINANCIAL_DATA] в полном объеме на сумму DATE_TIME]
Блок деректора по газу,"Извещатель пожарного ручной, расположенный в районе [LOCATION] на [OBJECT], установлен на пути эвакуации обслуживаемого персонала"
Проект «Обустройство Интересного лицензионного участка»,В рамках Договора No [DOCUMENT_NUMBER] у [ORGANI] были изменены регистрационные данные
Управление по проектным работам,Установите узлы контроля коррозии для каждого устанавливаемого места установки в соответствии с инструкциями на устанавливаемые узлы. Подписаны Электронной подписью Сертификата [ID]
Блок заместителя генерального директора по защите,"Генеральному директору ORGANI необходимо обеспечить надежную охрану имущества сотрудников вашей организации, а также обеспечить безопасность их семей в кратчайшие сроки."
Проект «Трубопроводный транспорт Ещё одного НГКМ»,В ДКП-1 с заездом через ДКP-3 в мае-июне на ВТП-2 будет действовать сезонные ограничения по проезду техники.
Блок директора по мощностям,"ORGANI выдает условия на присоединение к электрическим сетям на территории НГКМ, для работы 4-х бригад КРС и 1-й бригады ГНКТ"
"Проект ""Северная деревня""","СТО проводит системный анализ газового конденсата, который является продукцией компрессорной станции (КС) с установкой газоконденсатных скважин."
Управление по проектным работам,"С помощью DATE_TIME, ОКПО, ИНН, ИНН и ИНН в соответствии с полученной вами информацией, вы можете получить информацию о гидравлических расчетах обвязки по ключевым годам."
Блок деректора по газу,С-3/1 и С-3/2 не могут быть выведены на устойчивый режим работы из-за отсутствия технических возможностей со стороны конечного Заказчика.
Проект «Обустройство Интересного лицензионного участка»,"Отправьте проект договора с приложением ""Number"" в юрисконсультацию. Направьте вложения в архивные папки."
Управление по проектным работам,В ответ на письмо No [DOCUMENT_NUMBER] начальник управления по проектно-изыскательским работам и взаимодействию с надзорными органами
Блок заместителя генерального директора по защите,"На КП 0 км при выезде на вахту вахтовиков был обнаружен сотрудник ООО ""ОРГАНИАЦИОН"" (Организация). В личных вещах были найдены пластиковые банки, в которых жевательные табаки были представлены в количестве одного экземпляра."
Блок заместителя генерального директора по строительству,На основании вышеизложенного проекта дополнительного договора аренды земельного участка No [DECUMENT NUMBIER] No DATE TIME от [DOCAMENT] RIME (DCUMEMENT) NUMIME
Управление коммуникаций,"""Организация ""Оргнания"" поддерживает инициативу Органия по реализации проекта ""ПРОЖЕКТ"" на территории ""Локсиона"""
Блок заместителя генерального директора по безопасности,Информацию о сокращении выбросов загрязняющих веществ в атмосферный воздух направили в департамент природных ресурсов и экологии [ORGANI]
Блок операционного директора,На стратегическую сессию по моделированию скважин и наземного оборудования приглашены руководители Центра развития продуктового рынка (PERSON)
Блок деректора по газу,ORGANI сообщает о восстановлении работоспособности сигнализаторов уровня РИЗУР в соответствии с рекомендациями по техническому обслуживанию.
Блок директора по строительству,"В соответствии с договором между строительными строителями и подрядчиками, финансирование которого требует срочного покрытия, требует срочной выплаты аванса по заказу-надзору"
Блок директора по строительству,Замдиректора по капитальному строительству ATION INGANI   UTE_NUMBER]
Блок технического директора,"В рамках НИОКР-проекта в рамках дорожной карты Министерства промышленности и торговли Российской Федерации критичному для ТЭК оборудованию отнесен анализатор для определения содержания хлорорганических соединений в нефти по ГОСТу 33342, ГОСТ Р 52247 (метод Б)."
"Проект ""Северная деревня""","В НТЦ ""ATION"" состоялась секция по разработке неокомских отложений в пределах [LOCATION]]"
Блок директора по газовым проектам,Уведомляется о проведении внеплановой выездной проверки объекта капитального строительства в соответствии со статьей 21 Федерального закона No [DOCUMENT_NUMBER]
Блок директора по мощностям,"И.о. генерального директора ОАО ""PERSON"" сообщает о согласии на заключение Дополнительного соглашения No 11 на вышеперечисленных условиях"
"Проект ""Южный""","В связи с подготовкой технических проектов по разработке технологий геологоразведочных и поисковых работ, разведке и добычей труднодоступных полезных ископаемых PERSONE проведет рабочее заседание с участием руководителей ""Организации развития технологий геологических исследований и добычи полезных ископаемых"""
Блок деректора по газу,ПС и РЭ Паспорт и руководство по эксплуатации направляем НЦСГЕ на [DOCUMENT_NUMBER]
Блок директора по строительству,В соответствии с условиями Договора No[DOCUCUMENT_NUMBER] в соответствии с договором No[ORGANI] на сумму MONTRANS Plus 4 компл.
Блок директора по портфелю,Собственник компании OGANIN на Песчаную Яхину и НгКМ в соответствии со статьей 5.1.1 операторского договора направляет вам планы по добыче песков Песчаной Яхинской и НГКМ.
Блок финансового директора,Утвердить критерии существенности неисполнения ключевых показателей деятельности Группы [ORGANI] для оценки результатов производственно-хозяйственной деятельности БЕ/ДО в соответствии с Приложением 2.
Блок заместителя генерального директора по защите,Заместитель генерального директора по корпоративной безопасности и противодействия коррупции (ORGANI) по адресу: CUMENT_NUMBER]
Блок директора по строительству,Утверждается заключение Договора на выполнение шеф-монтажных и пускналадочных работ с DATE_NUMBER
Блок технического директора,"Справка по стоимостным показателям статей затрат операции Мобилизация, монтаж сепарационной установки и емкостного парка, справка о стоимости услуг по охране Мобилизации, монтаж емко-технического оборудования и т.д."
Блок заместителя генерального директора по строительству,Генеральный директор ОРГАНИЗАЦИЯ No [DOCUMENT_NUMBER] и генеральный директор ORGANI
Блок технического директора,"Направляем вам список лиц электроснабжения ВЛ-10кВ в рамках выполнения работ по разработке траншеи, монтажу кабельной продукции и монтажу кабелной продукции"
Проект «Обустройство объектов Новой нефти»,"Инициринговая компания ORGANI сообщает, что в рамках выполнения работ по монтажу резервуаров объемом 5000м3 в рамках работ по креплению теплоизоляционных матов проволокой стальной низкоуглеродистой общего назначения диаметром не менее 1,0мм к кронштейнам и/или кольцевым поясам крест-накрест согласовано решение о креплении теплоизоляции."
Блок заместителя генерального директора по имуществу,В ОРЕНБУРГСКОЙ ОБЛАСТИ прошли торги по продаже лицензионных участков в соответствии с требованиями Федерального закона от [DATE_TIME]
Блок технического директора,Регион СпецТранс выражает свою признательность за оказанное доверие и возможность совместного сотрудничества с Исполнителем требований в области производственной безопасности в рамках совместной работы.
Управление по проектным работам,По адресу: ОКПО-NUMBER] на No от О ТУ на систему телевизионного мониторинга (далее - СТМ)
Управление землеустроительных работ,"На безвозмездной основе осуществляется консультирование по вопросам, связанным с организацией и осуществлением федерального государственного лесного контроля (надзора) и муниципальным контролем в Российской Федерации"
Блок директора по персоналу,"Генеральный директор ОГАНИАТИОН уволился в соответствии с пунктом 5 части второй статьи 77 ТК РФ ""ОРГАНИAТИОН"" (PERSON)"
Блок директора по строительству,"На основании уведомления о смене реквизитов банка, DATE_DATA, ORGANI, FIANCIAL_ADTA и т.д."
"Проект ""Трубопроводный транспорт Главного НГКМ""",Компания LOCATION сообщает о закупке двух трансформаторов типа ТМГ(Х2К2) в рамках выполнения гарантийных обязательств компанией [ORGANI]
Блок технического директора,В соответствии с договором No [DOCUMENT_NUMBER] Заказчик предоставляет точку подключения к электрической сети Исполнителя
Управление по проектным работам,ОКПО-КПП-NUMBER] просит предоставить исходные данные для разработки раздела проекта организации строительства в рамках наряд-заказа No [DOCUMENT_NUUMMBE] к Договору No [OBJECT]
"Проект ""Восточный""","По поручению председателя правления ""PERSONE"" No DATE TIME начат проект по расширению ж/д линии с участием ""ОГАНИ"""
Управление по проектным работам,Сметные расчеты на выполнение проектно-изыскательских работ по объектам [OBJECT] отправлены по электронной почте
"Проект ""Новая нефть""","Установка компрессорной центробежной (OBJECT) осуществляется на 1 листе, а также на согласование схемы цветового решения стойки СГДУ."
"Проект ""Трубопроводный транспорт Главного НГКМ""","DATE_TION] сообщает, что комплектующие будут отгружены транспортной компанией [ORGANI] в соответствии с указаниями."
"Проект ""Нефтяные краюшки""","Установите блок-бокс пункта измерения расхода газа ультразвуковой DN100 PN10 МПа, датчики температуры, КМУ, катушку имитатор."
Блок операционного директора,Генеральному директору по добыче и подготовке газового конденсата (OBJECT) поручено обеспечить снижение сверхнормативных потерь углеводородного сырья.
Блок заместителя генерального директора по имуществу,Зампред генерального директора по правовым и имущественным вопросам ОКПО-NUMBER ourGANI urgANI
Подразделение по информационным технологиям,"Компания ""Организацио"" приглашает вас на семинар-заседание главных и ведущих экспертов по метрологам и ведущим специалистам в ""Регионах"" и ""РГИОН"""
Блок заместителя генерального директора по строительству,На данный момент договор аренды земельного участка No DATE-TIME готов подписать дополнительное соглашение No DECOCUMENT NUMBEER
Подразделение по информационным технологиям,"В ""ЛОКАНТИОН"" состоится семинар с главными метрологами и ведущими специалистами ""Организацио"" и ""РГИОН"""
Блок финансового директора,"Уведомления о контроле за контролируемыми сделками в ""DATE-TIME"" отправьте в адрес ""Организацио"""
Блок финансового директора,Для подготовки налоговых счетов для составления и уведомления ФИСС о контролируемых операциях в [ДАТЕ_TIME] Российской Федерации просьба направить [ORGANisation] информацию о контрагенте респектабельной [ПЕРСОН]
Блок заместителя генерального директора по имуществу,"Вице-президент по правовому и имущественному вопросам (ОРЕНБУРГ) сообщает, что в аренду могут быть предоставлены помещения No 1, No 45, расположенные на территории административного здания по ул. 60 лет Октябрьской."
Блок директора по мощностям,"В соответствии с заключенным Договором, Исполнитель не имеет права уступать права и обязанности по настоящему Договору без предварительного согласия Заказчика, в случае уступки прав требования."
Управление землеустроительных работ,"Установить публичное сервитут в Краснодарском крае можно с помощью DATE_TIME, а не с помощью [ORGANI]"
Управление по проектным работам,В соответствии с календарным планом к направу-заказу от [DATE_NUMBER] в рамках календарного плана по направке от [ORGANI] ОКПО-Заказ от] DATE-TIME.
Управление по проектным работам,Совместный аудит СубПО по проектно-изыскательским работам и взаимодействию с надзорными органами [ORGANI] состоится в понедельник
Блок директора по строительству,АО ГМС Нефтемаш сообщает о готовности направить специалистов для оказания услуг по шеф-монтажным и пусконаладочным работам УПН Чаяндинского НГКМ после подтверждения готовности объекта к проведению работ.
Блок директора по мощностям,"Уведомляем вас о том, что автоматическое доведение нагрузки и дифференциальное давление не соответствуют техническому заданию [ORGANI]"
Блок технического директора,"ОООО OOO our uick urich  ork outh ATION, генеральный директор компании ORGANI, сообщает, что компания выполнила поручение рабочей группы по ускоренной поставке и монтажу оборудования."
Подразделение по информационным технологиям,"В ""Локусио"" состоится семинар с главными метрологами и ведущими специалистами в ""РЕГИЛЬОН"" и ""Регион"""
Генеральный директор,Совместная работа по экологическому благоустройству в городе DATE_NUMBER является одной из крупнейших экологических инициатив в регионе.
"Проект ""Нефтяные краюшки""",На территорию трассы инженерных изысканий ATION выезжает первый замдиректора [ORGANI] DATE_TION
Проект сервиса скважин,Заместитель директора по бурению и внутрискважинным работам DATE_NUMBER от [ORGANI]
Генеральный директор,Компания ORGANI провела успешные промышленные испытания интенсификации с использованием энергонасыщенных материалов для газодинамического разрыва пластов
Управление землеустроительных работ,"""Организационное общество ""Орион"" (OGENION) на ""DINTATE TIME"" от ""DONACT"""
Блок директора по строительству,На основании заключенного No [DOCUMENT_NUMBER] договора по обустройству кустовых площадок компания ORGANI согласовала стоимость материалов на основе рыночной стоимости.
Блок технического директора,"Уведомление о прекращении работы по Договору на оказание услуг по транспортировке, приему хранению и сдаче нефти No [ORGANI] от DATE_TIME"
Проект «Обустройство объектов Новейшей нейти»,"В рамках Наряд-Заказов, заключенных по договору подряда с ВЖК и Компрессорной станции на [OBJECT] согласовать обеспечение аванса в размере двух банковских гарантий возврата аванса."
Блок директора по персоналу,Минтруда России проводит Всероссийскую оценку перспективности кадрового потенциала организаций с прогнозированием кадрового дефицита до 7-летнего возраста. Опрос проходит до [DET'TME] для определения ежегодного спроса на квалифицированные кадры.
Блок заместителя генерального директора по безопасности,"Сведения об объектах, подконтрольных Экологической инспекции [ORGANI] на 2026 год, переданы в электронном виде в эл."
Блок директора по строительству,Наряд-заказа No [DOCUMENT_NUMBER] на выполнение проектно-изыскательских работ в электронном архиве
Блок финансового директора,LOCATION согласовал более ранний срок оплаты по счетам в соответствии с соглашением о досрочной оплате. finished
Блок заместителя генерального директора по организационным вопросам,"ORGANI сообщает, что взимается плата за проезд по автомобильным дорогам, расположенным на [OBJECT]"
Блок заместителя генерального директора по безопасности,Заместитель генерального директора по производственной безопасности и профессиональной безопасности ATION сообщает о проведении натурного обследования участков по лесовосстановлению.
Проект «Обустройство объектов Новой нефти»,"Юристский адрес: Почтовый адрес, электронная почта, адрес электронной почты: DATE_TIME_NUMBER]"
Блок директора по строительству,На основании Акта предписания ПСЧ-5 от [DOCUMENT_NUMBER] не выведена система автоматической пожарной сигнализации
Проект «Трубопроводный транспорт Ещё одного НГКМ»,"""Органи"" не согласуют проезд транспорта по территории ДК-1 с выездом на трассу трубопровода ""ОБЖЕКТ"""
Имущественные вопросы,"В соответствии с приказом No ""DOKUMENT NUMBEER"" о введении локальных нормативно-правовых актов группы ""Организация и АТЕОН"" (ОРГАНИАЦИОН) в отношении непрофильного актива группы компаний, в которых компания имеет право на прямое управление более 50 голосов"
Блок заместителя генерального директора по безопасности,"Совещание по вырубке лесных насаждений на территории автономного округа состоится в четверг в компании, курирующей вопросы экологии и природопользования"
"Проект ""Нефтяные краюшки""",На основании поручения Председателя Правления ПАО [ORGANI] отправьте электронную и бумажную версию сметной документации на [OBJECT]
Блок директора по мощностям,Укомплектовать бригады ТиКРС помощниками мастера в срок до 1 л. в 1 экз. В ответ на это DATE_TION сообщает о сокращении стоимости услуг.
Генеральный директор,"БОКС No1255, ОКПО-NUMBER, ICUMENT_NUMIT, CONTACT и т.д."
"Проект ""Нефтяные краюшки""",Окончательное согласование решений по учету потоков со стороны [ORGANI] состоится в Обществе [OBJECT]
Блок директора по мощностям,"В соответствии с договором подряда по зачислению поглощающих скважин в летний период, зачислка КПС будет выполнена в сроки, указанные в дорожной карте."
Блок технического директора,"Управляющий по электроснабжению главный энергетический концерн ATION сообщает, что в рамках строительства объекта будет проведена СМР-бурения скважин, погружение ТСГ, монтаж ДМ и монтаж опознавательных знаков в охранной зоне [OBJECT]"
"Проект ""Трубопроводный транспорт Главного НГКМ""",Управляющий проектом по транспортировке труб в рамках проекта Persin-NUMBER No1 от БМЮП до ЯИЭ-10
Блок технического директора,Компания LOCATION не оплачивает услуги по подготовке нефти через сепарационную установку в соответствии с исковым заявлением.
Управление коммуникаций,Отчет о целевом использовании денежных средств по договору о благотворительной помощи No [DOCUMENT_NUMBER] в 1 экз.
Проект «Обустройство объектов Новейшей нейти»,"Компания ""Перосо"" заключила контракт на выполнение строительных и монтажных работ No ""DOKUMMENT NUMBEER"""
Блок заместителя генерального директора по имуществу,"Замгендиректора по правовым и имущественным вопросам (ОРГАНИЗАЦИЯ) сообщает, что с [DATE_TIME] имущество, имущество, сооружения и оборудование сохраняется и заимствуется в соответствии с субарендным соглашением."
Блок деректора по газу,По результатам рассмотрения стандарта организации на газовую продукцию [ORGANI] направят предложения и замечания в формате.xlsx.
"Проект ""Трубопроводный транспорт Главного НГКМ""",Утверждается подписание Дополнительного соглашения на выполнение шеф-монтажных и пусконаладочных работ по договору ГНЗ-[DOCUMENT_NUMBER]
Блок директора по строительству,"Утверждается, что в период выходных и праздничных дней с 16:30 до 8:30 часов [DATE_TIME] в непмо."
Блок директора по портфелю,На третий-четвертый квартал 2025 года было принято без ограничений. Документ заместителя генерального директора по вопросам производства [ПЕРСОН] подписан сертификатом электронной подписи владельца [персонана]
Блок заместителя генерального директора по организационным вопросам,Заместитель генерального директора по закупкам и транспортной логистике (DOCUMENT_NUMBER) ORGANI
Блок директора по мощностям,В ходе бурения секции под эксплуатационную колонну No [DOCUMENT_NUMBER] были выявлены повреждения оборудования Исполнителя
Блок директора по мощностям,"DATE_TION сообщает, что в настоящее время работы флота ГНКТ на месторождениях [ORGANI] не запланированы."
"Проект ""Нефтяные краюшки""",Уведомляйте о необходимости предоставления документов для заключения договора на выполнение проектно-изыскательских работ по объекту [OBJECT]
Блок технического директора,В соответствии с договором о поставке скважин в соответствии с п. 4.7. В настоящее время со стороны Заказчика не исполняются договорные обязательства по мобилизации сепарационных установок.
Блок деректора по газу,"ORGANI сообщает, что в соответствии с планом внутритрубной диагностики трубопровода нестабильного конденсата на [OBJECT] в течение нескольких дней."
Блок заместителя генерального директора по защите,"Генеральный директор ""Организации по защите корпоративных интересов"" (ОРГАНИ и АТИОН) сообщил о дополнительном тесте формы No 6 на специальном оборудовании на объекте ""ОБЯКТ"""
Блок директора по строительству,На основании заключенного No [DOCUCUMENT_NUMBER] Кусты газоконденсатных скважин No[NUMIT] согласуют стоимость материалов на основе рыночной стоимости.
Блок заместителя генерального директора по организационным вопросам,Замгендиректора по организационным вопросам DOCUMENT_NUMBER] и ОКПО-NUUMMBAER в рамках заключенного между органамизацами договора аренды имущества
Генеральный директор,Очередной договор на проведение экспертизы от DATE_TION в Лахта-Ольгино заключен в соответствии с поручением Председателя Правления ПАО [ORGANI]
Блок директора по строительству,"Отправьте заявку на строительство напорного нефтепровода от [ORGANI] в РД на один участок в электронном виде, а также на узел запуска очистного устройства и геотехнический мониторинг 1 участка"
"Проект ""Северная деревня""",С помощью мобильной установки комплексной подготовки МУПНГ 2 этапы по сдаче попутного нефтяного газа с кустовой площадки NoCM/DOCUMENT_NUMBER]
Блок операционного директора,В рамках санитарно-эпидемиологического благополучии населения прошу обеспечить на [OBJECT] уборку и благоустройство арендованных территорий
Блок директора по газовым проектам,Уведомляется о проведении внеплановой выездной проверки объекта капитального строительства в соответствии с постановлением Правительства Российской Федерации от [DATE_TIME]
Блок директора по мощностям,В рамках договора No [DOCUMENT_NUMBER] от [DATE_TIME] необходимо принять к учету исправленный пакет документов.
Блок директора по строительству,В связи с переводом ранее открытых ОБС на Единный ОБС с [ORGANI] изменяются банковские реквизиты и реквизиты.
Управление коммуникаций,"ORGANI сообщает ourgANI, что членский взнос за текущий период оплачивается не позднее 31 марта текущего года."
Блок заместителя генерального директора по имуществу,"Установка тарифа Т1 не покрывает прямые убытки по добыче нефти, в том числе расходы на транспортировку и сборку нефти."
Блок технического директора,"На кафедре радиолокации, радионавигации и программной инженерии им. А.И.О.М.А.В.Аутент."
Проект «Обустройство Интересного лицензионного участка»,"В ЦУС, СБиР, ООТиН, СЭЛЭП, РМЭС, ОТОИН, ОДОИН и МУCUMENT_NUMBER]"
Блок технического директора,Уведомляю вас о готовности к выработке электроэнергии временным энергоцентром [OBJECT] в рамках комплексного опробования с DATE_TIME
Проект сервиса скважин,Замдиректора по бурению и внутрискважинным работам НГ-Бурение просит вас согласовать временную эксплуатацию противовыбросового оборудования
"Проект ""Нефтяные краюшки""","Замгендиректора по материально-техническим ресурсам ORGANI, заместитель генерального директора по инженерно-технической инфраструктуре, ОКВЭД и т.д."
Блок финансового директора,Замгендиректора по экономике и финансам (ОРГАНИЗАЦИЯ) Финансовый директор (ПЕРСОН) для корректировки Реестра No 19 на сумму заключительных_DATA.
Проект «Обустройство Интересного лицензионного участка»,В рамках договора No DATE-TIME от [DETTE_TME] начата процедура лизинга транспортных средств на сумму 17 тыс. рублей.
Проект «Обустройство объектов Новой нефти»,Наряд-заказ No[NUMBER] к Договору No [DOCUMENT_NUMEME] в редакции приложенной к настоящему письму
Проект «Трубопроводный транспорт Ещё одного НГКМ»,"С мая по июль на ветхом периоде в ""Органио"" будут действовать временные ограничения на проезд техники, вызванной паводками."
Имущественные вопросы,"Утверждение локальных нормативно-правовых актов по управлению непрофильными активами группы компаний ""Организация"" и порядок их отчуждения в новой версии NUMBIER"
Проект «Обустройство Интересного лицензионного участка»,"В соответствии с договором No DOCURENT NUMBIER, в мае текущего года у ""ОРГАНИАТИОН"" были изменены регистрационная запись, а также изменены пропускные пункты."
Блок директора по строительству,В рамках договора подряда No [DOCUMENT_NUMBER] согласовать приемку промежуточного выполнения работ до [DATE_TIME]
Блок заместителя генерального директора по безопасности,"В рамках договора аренды/субаренды необходимо заключить договор аренды или арендовать участок в государственном реестре объектов, оказывающих негативное воздействие на окружающую среду"
Блок заместителя генерального директора по имуществу,Заместитель генерального директора по правовым и имущественным вопросам (LOCATION) сообщает о готовности заключить Дополнительное соглашение с DATE_TIME
Блок директора по мощностям,"Уведомляем, что флот ГРП No 1 будет демобилизован на [OBJECT] в соответствии с графиком работы."
Проект «Обустройство объектов Новейшей нейти»,"""Организация производственно-экологического мониторинга"" - ""Органик"", с которым заключен контракт на выполнение работ по строительству и монтажу на основании ""Детектива NUMBEER"" No (далее по тексту договора)"
Блок директора по строительству,"Наименование ТМЦ SAP на 1 л в 1экз, в 1 экз — в 1Ec. Инициатор инициатора."
Блок заместителя генерального директора по безопасности,Исх No [DOCUMENT_NUMBER] заключил дополнительное соглашение с DATE_TIME на оказание услуг по вывозу и передаче на очистные сооружения
Блок заместителя генерального директора по закупкам,По договору поставки NoDOCUMENT_NUMBER ИСТ NoPT-NUMINT_DATA получил счет-фактуру в размере $FINANCIAL_ADTA.
"Проект ""Северная деревня""",Замгендиректора по добыче и подготовке газового конденсата и нефти за апрель [DATE_TIME] направляет согласованные показатели в соответствии с исполнительным балансом [ORGANI]
Блок директора по газовым проектам,Узел подключения к газопроводам при строительстве [OBJECT] в охранной зоне газопроводов при строительстве - [FINANCIAL_DATA]
Блок директора по строительству,На получение давальческих материалов по договору подряда No[DOCUMENT_NUMBER] от NPPERSON
Блок директора по строительству,"Утверждается, что ИНР/ШИР согласовывает техническое задание, а также подготовит проект технического задания на оказание услуг по ШИР."
"Проект ""Северная деревня""","С помощью МТР подрядчик направляет технико-коммерческое предложение на строительство объектов укрепленного месторождения в соответствии с техническими условиями. С учетом НДС, стоимость работ определена в текущем уровне на основании следующего пакета."
Имущественные вопросы,"В соответствии с приказом No ""DOKUMENT NUBER"" No ""Декларация о нефинансовых активах и порядке их отчуждения"""
"Блок исполнительного директора по реализации проекта ""Большое месторождение""",ПАО [ORGANI] заключило соглашение о сотрудничестве в области обеспечения перспективных перевозок жидких углеводородов (OBJECT) в 2021 году.
Блок бизнес-директора,"""PERSONE"" и ""PRESON"" благодарят вас за участие, поддержку и профессионализм при реализации ОЭ цифровых решений ""DOCOMENT NUMBEER"""
Блок директора по мощностям,ORGANI согласовал заключение ДС No [DOCUMENT_NUMBER] к Договору с перераспределением объемов между месторождениями.
Управление по проектным работам,Информацию о расторжении Наряд-заказа No[NUMBER] подтвердили в управлении по НИР и взаимодействию с надзорными органами
"Проект ""Трубопроводный транспорт Главного НГКМ""","Подрядчику не требуется согласовывать с Заказчиком стоимость материалов и оборудования, отсутствующих в Приложении Прейскурант цен МТР и оборудования"
Блок технического директора,"В связи с началом работ по проведению ННР требуется подписание дополнительного соглашения с органами заказчиков, а также подписание дополнительных соглашений с органами заказчика."
Блок директора по мощностям,Исх выражает свое согласие на начало выполнения работ по входному контролю ХОС и ЧАС с оплатой выполненных работ по утвержденной форме.
Блок заместителя генерального директора по безопасности,"В соответствии с договором о выделении земельного участка в соответствии с уставными целями участников сделки, выписка из Единого государственного реестра недвижимости не содержит сведений об основаниях правообладания земельным участком."
Управление коммуникаций,"Президент Ассоциации газового производства ""РГАНИОН"" (в соответствии со списком) на сумму ""FИНАНСИАЛ-DATA"" в размере ""Organi"" на сумму DATE DATA, членской плате и целевом взносе)"
Управление по проектным работам,"На сайте Института Нефтегазпроекта [ORGANI] опубликованы данные о том, что система управления качеством соответствует национальным стандартам, в том числе ГОСТ Р ИСО 9001-2015 (ISO 45001-2016)"
Управление по проектным работам,Для разработки сметной документации по проекту [NUMBER] в НГКМ требуется актуальная версия методических указаний по применению типовых сметных решений М-[DATE_TIME]-03
Блок директора по мощностям,На КП No [OBJECT] по расценкам и условиям договора No [DOCUMENT_NUMBER] будет направлен сетевой график заключительных работ.
Блок директора по мощностям,"СИСТЕМА МЕНЕДЖМЕНТА ЛУЧШИХ РСТО РОССИИ ТОВАРОВ: «В случае необходимости, по каждому из них может быть предоставлена информация о причинах их внесения в ограничительный список»"
Проект «Обустройство объектов Новой нефти»,"Компания ""Организация и АТИОН"" (ИНН/КПП) подписала договор на выполнение работ по монтажу и пуску-настройке оборудования в соответствии с результатами конкурентной процедуры отбора поставщиков оборудования."
"Блок исполнительного директора по реализации проекта ""Большое месторождение""","ПАО ""Организация"" и ООО ""ОБЖЕКТ"" заключили соглашение о сотрудничестве по обеспечению перспективных грузов жидкими углеводородами в период DATE-TIME"
Генеральный директор,БОКС No [DOCUMENT_NUMBER] должен быть передан в ПАО [ORGANI] в соответствии с действующими договорными договорами.
Блок технического директора,"Утверждается, что тарифы на авиасообщения согласованы с отделом эффективности [ORGANI] для последующего контракта с компанией ATION."
Блок директора по мощностям,"Уренгой Мен сообщает, что в компании [ORGANI] осуществляются услуги по предоставлению транспорта в соответствии с требованиями Технического задания."
"Проект ""Нефтяные краюшки""","Утверждается, что компания ORGANI направляет письмо No DATE_NUMBER на рассмотрение и согласование его технического задания."
"Проект ""Нефтяные краюшки""",Копия отправила письмо исполнительному директору [OBJECT] от [DOCUMENT_NUMBER] от DATE_TIME
Блок директора по портфелю,"Генеральный директор по добыче газовой конденсатной смеси ""Органи"" и ""АТИОН"" направляет коррективы плана мероприятий в адрес ""ОРГАНИ"""
"Проект ""Южный""",Замгендиректора по производству [CONTACT] по производству CUMENT_NUMBER] информирует о необходимости соблюдения требований законодательства Российской Федерации в целях своевременного выявления угроз безопасности и недопущения участия иностранных рабочих в этой деятельности.
"Проект ""Новая нефть""","Уведомляется, что весь персонал объединения в июле будет находиться в корпоративном отпуске. Уведомляется об этом директор по коммерческим вопросам DATE_TIME."
Управление по проектным работам,"На БКТП по шифру [ID] требуется корректировка технических решений и планировочные решения, разработанные специалистами [LOCATION]"
Подразделение по информационным технологиям,"В ""Локатории"" состоится семинар-совещение главных и ведущих экспертов по метрологам и ведущим специалистам в ""Регионах"" и ""РЕГИОНах"""
Блок заместителя генерального директора по безопасности,Уважаемая [ORGANI] дирекция по выпуску водных биологических ресурсов в столбце Год ИВВБР просит провести анализ полученной информации и указать плановый год реализации компенсационных мероприятий.
Блок директора по портфелю,"Замгендиректора по производству ""Персана"" подписал электронный сертификат ""ID"" собственника компании. В ответ на это замдиректор по производству компании ""ПЕРСОН"" подписал электронное сертификат ""IME TIME"""
Блок заместителя генерального директора по имуществу,"В арбитражном суде ""ЛОКАТИОН"" рассматривается иск No No No LOCATINAL DATA к ""Организации по ремонту транспортных средств"" к ""ОРГАНИЗАЦИЯ"" по делу No No ""Документ NUMBEER"", по которому был заключен договор с ""OBJEKT"""
Блок заместителя генерального директора по закупкам,В рамках реализации мероприятий по перемещению лиц в обязательствах к Договору поставки No [FINANCIAL_DATA] к договору поставки No DATE_NUMBER] в рамках выездной инспекции [ORGANI]
"Блок исполнительного директора по реализации проекта ""Большое месторождение""","""Организация"" готова рассмотреть возможность субаренда объекта ""OB JECT"" в соответствии с законодательством после того, как будут проведены работы по консервации объектов."
Генеральный директор,"ОКПО-NUMENT_NUMBER, ИНН, ИНН и ИНН, а также ИНН-адрес электронной почты, чтобы принять участие в этой коммуникационной сессии."
Блок заместителя генерального директора по безопасности,"ОКПО-NUMBER, ОГРН, ИНН, ИНН и КПП [DATE_TIME] в эл.виде."
Блок заместителя генерального директора по закупкам,"Заместитель генерального директора по закупкам No DOCUMENT_NUMBER_DATA, директор по развитию и развитию ОКПО [ORGANI] Исп."
Управление по проектным работам,На текущую дату нет данных по электротехнической части (электрические нагрузки) от заводов-изготовителей блочного технологического оборудования в составе [OBJECT]
"Проект ""Нефтяные краюшки""",Заместитель генерального директора по науке Сертификат подписывает решение по ТЭП по Тас-Юряхскому и Верхневилючанскому НГКМ
Блок заместителя генерального директора по защите,"Информация о схемах телефонного мошенничества, совершенных с использованием информационно-телекоммуникационных технологий, одобрена круглым столом по указанным пунктам."
Блок директора по портфелю,"""Организаторы"" проводят геологические исследования, разведку, добычу и разработку полезных ископаемых на основе лицензии ""DOCOMENT NUMBEER"""
"Проект ""Обустройство площадных объектов НГКМ Поменбше""","""Органики и АТИОН"" изменили контракт No 4 на выполнение комплекса работ по возведению объектов навигационного транспорта и газовых конденсатов"
Блок технического директора,"В рамках строительства электроустановок на объекте в составе DATE_TIME будут допущены бригада и сотрудники, ответственные за производство работ."
Блок директора по мощностям,"Уведомляем вас о проведении комиссионного разбора на производственной базе ООО ""ORGANI"" в соответствии с запросом на присутствие представителя вашей организации."
Блок заместителя генерального директора по безопасности,"На семинаре-совещании будут рассмотрены вопросы, связанные с безопасностью и травматизмом на предприятиях, а также представители предприятий и предприятий."
Блок заместителя генерального директора по защите,В соответствии с ранее направленными выписками из Перечня объектов топливно-энергетического комплекса No [DOCUMENT_NUMBER] No [DATE_TIME] No DATE-TIME No [ADT] No ION] от [ADTE_T]
Блок заместителя генерального директора по строительству,"""ОРГАНИ"" готов подписать дополнительное соглашение в приложении к договору аренды земельного участка No ""DOKUMENT NUMBIER"""
Блок заместителя генерального директора по защите,"Сведения о результатах мобилизационной подготовки и мобилизации должны быть переданы в отдел по спецработе в соответствии с указаниями, проведенными в дочерних обществах"
Блок технического директора,ORGANI сообщает о распределении конденсата газового стабильного газа на [MONTH] в соответствии с пунктом 1.1.
Блок директора по портфелю,"Управляющий директор ООО ""LOCATION"" Филиал ОКПО-NUMBER-DATA-DOCUMENT_NUMAIN-DATE-DATION-CDOUMIT-CT-T-PERSON-T."
"Проект ""Восточный""","Откройте электронную почту, чтобы узнать, согласованы ли условия проезда транспортных средств вашей договаривающейся организации [ORGANANisation] с помощью DATE_TIME"
Блок финансового директора,LOCATION: FIGANI: UUMBER PERSON EUMT
Блок заместителя генерального директора по безопасности,Конференция по развитию системы управления охраной труда пройдет в Москве с 10.00 до 13.30. Для участия в мероприятии необходимо направить письмо с заявкой по адресу: [CONTACT]
"Проект ""Восточный""",Отправьте письмо от DATE_NUMBER] с просьбой о согласовании поездок техников с ОРГАНИЗАЦИЕЙ
Управление землеустроительных работ,Сведения о сертификате ОКПО-NUMBER в соответствии с пунктом 15 Правил подготовки и согласования планов развития горных работ на основании заявления о предоставлении государственной регистрации
Блок директора по проектированию,Замгендиректора по геологии и разработке DATE_TIME_NUMBER] просит предоставить материалы к планам развития горных работ.
Подразделение по информационным технологиям,"В ""Локодионе"" пройдет семинар с главными метрологами и ведущими специалистами в ""Организации"" и ""РГИОН"""
"Проект ""Восточный""","Генеральный директор ОРГАНИЗАЦИЯ, руководитель ОИП, INN [УВЕДОМЛЕНИЕ_Time] No. Генеральный директор [PERSON] Тел."
Блок директора по мощностям,"Ущерб от штрафа в добровольном порядке переводится на альтернативный способ возмещения убытков, направленные на улучшение производственной безопасности и условия труда"
"Проект ""Нефтяные краюшки""",Направляем вам лист коллективной проверки РКД для ТЮ в соответствии с инструкциями на экране [ORGANI] [OBJECT]]
Блок директора по мощностям,"ОКПО-NUMBER-DATA сообщает ourGANI-DOCUMENT_DATA о том, что в производственной программе предлагается включить буровую установку на [OBJECT] No DATE_TIME."
Блок директора по газовым проектам,ORGANI сообщает о запрете производства огневых работ и других работ с повышенной опасностью в охранной зоне магистральных газопроводов.
Управление по проектным работам,"На рабочем селекторном совещании по вопросам предоставления исходных данных для проектирования объекта были выявлены несоответствия требованиям, указанным в задании на проектирование"
Блок технического директора,"ORGANI сообщает о раскрытии негарантированного объема услуг на период с индексацией тарифов на 3,4, учетных балансов не менее DATE_DATA]"
Блок директора по проектированию,ORGANI сообщает DATE_TIME об индексации расценок на услуги внутреннего сервиса на 2025–2027 годы
Блок заместителя генерального директора по закупкам,Покупка оборудования на предприятии-изготовителе No [DOCUMENT_NUMBER] в соответствии с договором по поставкам.
Управление по проектным работам,По адресу адресу https://www.tototoday.com в электронном архиве.com///ORGANI.org//OKUMENT_NUMBER]
Проект «Обустройство объектов Новой нефти»,"Телефон No DATE TIME от [DACUMENT_NME] не является производителем блочного насосного внешнего транспорта топлива для объекта ""ОБА"""
Блок заместителя генерального директора по защите,На КПП-0 км [OBJECT] при заезде вахтового персонала был выявлен работник [ORGANI]
Проект «Обустройство Интересного лицензионного участка»,"Главный инженер ""PERSONE"" посылают в управление ЦУД, СБУ, ОТОИН, СОТИОН, СОЦИОН и СОТИНО"
"Проект ""Южный""","Управляющий материально-техническим обеспечением и оборудованием (UMTSI) сообщает, что для удовлетворения потребностей в летний период планируется конкурентная покупка песка [FINAL_DATA] m3"
Блок заместителя генерального директора по безопасности,Договорная цена на основании договора составляет максимальную сумму НДС по ставке в соответствии с действующим законодательством Российской Федерации (FINANCIAL_DATA)
Блок заместителя генерального директора по безопасности,"Утверждается, что план проведения тактико-специальных учений согласован с учетом предложенных замечаний по согласованию с ОКПО."
Блок директора по мощностям,ORGANI выражает свою признательность за возможность совместного сотрудничества и сохранения партнерских отношений. OCUMENT_NUMBER] отклонит предложение о заключении новых контрактов.
Блок директора по мощностям,"ORGANI сообщает о подписании дополнительного соглашения No4 к Договору No4, предусматривающего приведение объемов работ в гарантированный объем работ."
"Блок исполнительного директора по реализации проекта ""Большое месторождение""","""Организация ""ПЕРОСОН"" заключила соглашение о сотрудничестве по обеспечению перспективной перевозки жидкого углеводородного сырья в период ""DOCAMENT NUMBEER"""
Блок заместителя генерального директора по организационным вопросам,"ТС не совершали передвижение по участку, т.к. В СМА установлены симкарта и оборудование для переустановки."
"Проект ""Северная деревня""","В ответ на письмо исх от DATE_NUMBER, в котором говорится о том, что в аппаратах УППГ нет признаков наступления гарантийного случая"
"Проект ""Южный""",Почта LOCATION: OCTMO [ORGANI] - oCTMI  
Блок финансового директора,Замдиректора по экономике и финансам No19 от [DATE_TIME] в корректировке Реестра No19 на сумму $FINANCIAL_DATA
"Проект ""Новая нефть""","Направляем в ваш адрес предварительный эскиз расположения патрубков с указанием массо-габаритных характеристик участков трубопровода, передающихся на фланцы компрессорной установки."
Блок заместителя генерального директора по организационным вопросам,Ущерб от взыскания штрафа в размере DATE_DATA в размере [FINANCIAL_TATA] превысил $100 000
Блок директора по строительству,Сальтированный МТР был восстановлен в подотчете по договору No[DOCUCUMENT_NUMBER]
Блок директора по мощностям,ПКМ по вводу новых мощностей на КП No [NUMBER] заключил договор подряда на бурение скважин по суточной ставке и фиксированной ставке
Проект «Обустройство объектов Новой нефти»,"""CONTATE TIME от ""DATE TIMME"" от ""DETET_TME"" до ""FINCIAL DATA"""
Блок деректора по газу,"Опросный лист на замену проточных частей эжекторов на трех блоках на 3 блоках, предназначенных для улучшения характеристик работы трех блоков."
Блок технического директора,Исх No [DOCUMENT_NUMBER] в ответ на письмо от DATE_TIME от [ORGANI] о заключении дополнительного соглашения в связи с внесением изменений в производственную программу.
Блок операционного директора,"В Уренге проведены исследования сточных вод на ЦПС Песцового НГКМ, что свидетельствует о нестабильном режиме водоподготовки"
Блок заместителя генерального директора по имуществу,КОММЕРЧЕСКОЕ агентство по управлению государственными и общественными ресурсами в Оренбугской области провело оценку рыночной стоимости аренды скважины в год
Блок финансового директора,Приложение для DATE_TIME и инвестиционный вопросник для [ДАТА_ТИME] предлагается заполнить и отправить по электронной почте.
Блок директора по строительству,"Наименование МТР по сметной карте, ведомость потребности материалов и оборудования, а также коммерческое предложение от [ORGANI]"
Блок технического директора,"На производственных базах буровых предприятий действует требование по обеспечению каждой кустовой площадки перечнем аварийного инструмента в соответствии с техническим заданием. В соответствии с действующими договорами, компаниям следует направить в их адрес полный перечень аварийного инструмента в каждой буровой бригаде."
Блок заместителя генерального директора по безопасности,Установить режим постоянного государственного надзора в отношении опасного производственного объекта (OBJECT) можно с помощью DATE_TION
Управление по проектным работам,Установите DATE_TIME на [DOCUMENT_NUMBER] на [OBJECT]
Блок заместителя генерального директора по безопасности,Услуги по настоящему Договору будут определены исходя из фактического объема оказанных Услуг по договору NoCUMENT_NUMBER
Блок бизнес-директора,"""Организация"" выражает согласие с заключением Наряда-заказчика No ""Number"" и накладной No ""НМБЕР"" в рамках договора по реализации проектов по бурению."
Блок директора по персоналу,Минтруд России ежегодно разрабатывает прогноз потребности экономики в кадрах в отраслевом и профессионально-квалификационном разрезах. Для формирования прогноза требуется помощь в прохождении опроса.
Управление землеустроительных работ,"Саха Орочны, Ыыктын, ойыр хаяалыктыбатырап, EBSITE_TIME]"
Блок директора по газовым проектам,Установите дорожную карту по переустройству воздушной линии электропередачи к кусту газовых скважин [NUMBER]
Блок бизнес-директора,Утверждается заключение Наряд-заказа No [NUMBER] в рамках Договора по реализации нефтегазовых проектов по направлению Бурение.
Блок заместителя генерального директора по защите,Заместитель генерального директора по корпоративной защите и служба корпоративной защиты (ORGANI) согласована и согласована с ОКПО-NUMBER
Блок технического директора,"Исх обратился с жалобой на отказ в оплате работ по отгрузке НСЖ по ставке технологического простоя, но получил отказ."
Управление землеустроительных работ,"На согласовании границ земельных (лесных) участков с земельным подповерхностным районом [ОРГАНИЗАЦИЯ] земельные участки, расположенные в пределах федерального субстрата]"
Блок директора по строительству,"Директор по капитальному строительству ATION сообщает LOCATION] URL-адреса, чтобы продлить приемку первичных учетных документов."
Управление землеустроительных работ,"В соответствии с пунктом 15 Правил подготовки, обзора и согласования планов и схем освоения минеральных ресурсов, утвержденных в соответствии с пунктом 15 Правил разработки горных месторождений, в настоящее время рассматривается план разработки горного месторождения."
Блок заместителя генерального директора по закупкам,На основании решения No [DOCUMENT_NUMBER] огорожены участок No [FINANCIAL_DATA] в соответствии с графиком огорожения.
Проект сервиса скважин,"Газпромнефть-Заполярье, промызел Пелей, панель V, д., DOCUMENT_NUMBER]"
Блок директора по газовым проектам,"Уведомляется о проведении внеплановой выездной проверки объекта капитального строительства в Заполярье, где проводится внеплановая выездная проверка."
Управление по проектным работам,В соответствии с протоколом по вопросам разработки основных технических решений по объекту [OBJECT] в подземном исполнении будут предусмотрены теплоизоляция и электрообогрев.
"Проект ""Трубопроводный транспорт Главного НГКМ""","В настоящее время мы отправляем торговую коммерческую закупку по заказу No 147 - 3 стр по ""DOCOMENT NUMBIER"""
"Проект ""Нефтяные краюшки""",В ответ на письмо No [DOCUMENT_NUMBER] от DATE_TIME Копия направляет на рассмотрение и согласование схему цветового решения ГПА 1 итерацию
Блок заместителя генерального директора по безопасности,"В соответствии с положениями закона о недрах, буровые скважины и иные сооружения, связанные с использованием недр, должны быть ликвидированы и (или) консервированы по истечении установленного лицензией на использование недрами."
"Проект ""Трубопроводный транспорт Главного НГКМ""","Скайп: ""OGANIA: ""LOCANION"" (OCUMENT) - адрес участка в Особняке No 2: ""Локатион"" - ""LOCCIT"" (Особняка No 1: ""LACTIC) - ""OCUSMENT NUMBEER"""
Управление по проектным работам,Наименование управления по проектно-изыскательским работам и взаимодействию с надзорными органами в адрес института [ORGANI]
Проект «Обустройство объектов Новой нефти»,Замдиректора проекта LOCATION_DATA направляет письмо в ответ на запрос о стоимости выполнения шефмонтажных и пусконаладочных работ.
Блок технического директора,Усиленной КАВАЛИФИЦИЦИРОВАННОЙ ПОДПИСЬЮ: «Усиление слаженности и эффективности совместного взаимодействия сотрудников структурных подразделений Группы Компаний»
Блок заместителя генерального директора по имуществу,"В ответ на письмо о том, что вы готовы арендовать дополнительные офисы по адресу ""ОБЙЕКТ"" по договору аренды, включающий в себя оплату за использование помещений и мест общего пользования"
Блок операционного директора,"И.о. генерального директора ВСП в М Просьба согласовать порядок оформления и выдачи пропусков, а также предоставить все необходимые документы для очистки на поле [ОРГАНИЗАЦИЯ]"
Блок директора по мощностям,Управляющий директор ОКПО-NUMBER: «Управление внутрискважинными работами должно быть согласовано с субподрядными организациями»
Блок директора по строительству,Уведомляем вас об отказе в заключении дополнительных соглашений к Договору No[DOCUMENT_NUMBER]
"Проект ""Северная деревня""","В соответствии с договором, выполненным в соответствии с п.2-4, на объекте установлены пусконаладочные работы и пусковые работы."
Проект «Обустройство объектов Новой нефти»,"ourEHOUSE сообщает uANTUSE адрес местонахождения Обособленного подразделения No1, адрес адрес адресной службы и адрес местоположения."
Блок директора по мощностям,"Перераспределение 2-х операций негарантированного объема в гарантированный объем, а также перераспределения невозтребованных 3-х операций гарантированного объема."
Управление коммуникаций,"""Органик направит вам отчет по целевому использованию денежных средств в соответствии с договором о благотворительности No ""DOKUMENT NUMBEER"""
Блок финансового директора,"В соответствии с Соглашением о досрочной оплате и в порядке, установленном в нем, предлагается согласовать более ранний срок оплаты по сч/ф, в т.ч."
"Проект ""Нефтяные краюшки""",С помощью DATE_TIME согласовать технические условия на подключение газопровода к [OBJECT] в соответствии с техническими условиями.
Проект сервиса скважин,"ORGANI сообщает ourgANI, что в качестве субподрядчика используется DATE_TIME [PERSON]"
Блок заместителя генерального директора по организационным вопросам,"В соответствии с запросом на получение калькуляционных карт, ICCUMENT_NUMBER] в адрес генерального директора по организационным вопросам ATION."
Блок заместителя генерального директора по безопасности,"Сотрудники отдела по контролю за техническим состоянием газовых и нефтяных объектов, проведенного в соответствии с календарными планами на объектах [ORGANI]"
Блок директора по портфелю,ОКПО-NUMBER и DATE_TIME согласуют предложения по добыче [OBJECT] в рамках ДРОДа.
Блок заместителя генерального директора по закупкам,"В связи с невыполнением обязательств по поставкам газового газа в DATE_NUMBER, ATION и E-mail, ORGANI."
Блок технического директора,"В соответствии с поручением, разработанным OTP по защитным конструкциям, необходимо направить его в адрес [ORGANI] в рамках выполнения поручения."
Проект «Трубопроводный транспорт Ещё одного НГКМ»,"Телефон: ""LOCCCTION: ""Дорогой ""ПЕТЕРСОН"" через ДП-1 не согласован с выездом на трассу газопровода ""ОБУМБЕР"""
"Проект ""Трубопроводный транспорт Главного НГКМ""","Адрес места расположения Отдела No 1: ""LOCATIN"" (Financilal DTA) (ФИНАНКАЛА ДАТА)"
"Блок исполнительного директора по реализации проекта ""Большое месторождение""","""Организация ""ОБЖЕКТА"" готова рассмотреть возможность субаренды объектов ""ОБЕЖЕКТ"" (Инв.) в соответствии с установленным порядком."
Управление по проектным работам,По объекту [OBJECT] для разработки решений в части автоматизации необходимо предоставить исходные данные в соответствии с перечню: 1).
Блок директора по мощностям,Утверждается заключение Наряд-заказа No1 к Договору от [DATE_TIME] без изменения срока выполнения работ.
Блок деректора по газу,В рамках исполнения п. 8 протокола DATE_TIME в адрес [ORGANI] был подписан сертификат на 3 л. в 1 экз.
Блок технического директора,"В соответствии с Приложением к Договорам, на объектах ведения работ имеется аварийный инструмент для первоочередных действий по ликвидации возможных инцидентов."
Блок бизнес-директора,"""Организатор бизнеса и трансформирования"" выражает благодарность за активную работу, поддержку и профессионализм при реализации цифровых решений ""DOCAMENT NUMBIER"""
"Проект ""Новая нефть""",В ответ на письмо от “DOCUMENT_NUMBER] на [OBJECT] направляем вам на рассмотрение и согласование откорректированной документации.
"Проект ""Северная деревня""",По результатам замеров уровня шума в районе вахтового жилого комплекса (далее - ВЖК) выявлен превышение допустимого и максимального уровня шума.
Блок директора по проектированию,Ориентировочная производственная программа к бизнес-плану на [DATE_TIME] на [OBJECT] в формате.xls.
Блок заместителя генерального директора по организационным вопросам,Устанавливаемые оконные конструкции являются неотъемлемыми улучшениями и при расторжении договора компенсаций со стороны PERSON
Проект «Обустройство объектов Новой нефти»,"В ответ на исходящее письмо No [DOCUMINT_NUMBER] от [DATE_TIME] мы сообщаем, что судоводитель и балласт не является производителем нефтяной насосной станции."
Блок директора по мощностям,"В соответствии с договором No [DOCUMENT_NUMBER] о выделении негарантированного объема работ в гарантированный объем работ OBJECT, EATION сообщает, что в соответствии с условиями, предусмотренными в договоре No [FINANCIAL_DATA] ч."
Блок директора по мощностям,Утверждается договор на оказание услуг по буру скважин и ЗБС в соответствии с приложенным к нему договором. Установите лимиты.
Управление по проектным работам,"ОКПО-NUMBER, ОГРН, ИНН, КПП, ИНН и ИНН в соответствии с договором о проектном техническом документировании."
Блок технического директора,"Потребитель не исполняет свои обязательства перед поставками электроэнергии, поставленной в [MONTH] в соответствии с договором No DATE_NUMBER"
Блок заместителя генерального директора по безопасности,Информацию о нарушении требований электробезопасности из перечня ТОП-12 прислали в московское управление по строительству терминала отгрузки ЖУВ и СУГ
Блок заместителя генерального директора по защите,НОЯБРЬСК сообщает о нарушении пропускного и внутриобъектового режимов на территории Ямало-Ненецкого автономного округа.
"Проект ""Северная деревня""",СИКП сообщает о поверке на узел измерений в рамках договора поставки NoДП в соответствии с требованиями и условиями поставляемого конденсата.
Блок директора по строительству,"ORGANI сообщает LOCATION] почтовый адрес, чтобы подтвердить свою готовность к выполнению объемов работ, предусмотренных наряд-заказом No[DOCUMENT_NUMBER]"
Блок директора по портфелю,"ORGANI сообщает uick ourgANI, что он получил письмо от urgean."
"Проект ""Южный""","Исполнительный директор по производству ""ОРГАНИ"" (PERSONE) ЛОКАТИОН (OGANIA and ATION) обратился к Агенту по определению этапов строительства с учётом прилегающих участков"
Блок заместителя генерального директора по закупкам,ORGANI сообщает о возможности сброса газа подводящего трубопровода через свечи рассеивания блока [OBJECT] в соответствии с договором.
Блок технического директора,В связи с предстоящим паводковым сезоном в DATE_TIME и ограничением транспортного сообщения в соответствии с договором No[DOCUMENT_NUMBER]
Блок директора по мощностям,FILIAL: DATE_TIME: DOCUMENT_NUMBER   PROJECT]
Блок директора по строительству,В связи с проверкой и подтверждением выполненных работ маркшейдерская служба просит согласовать сроки приема работ и сдачи первичной документации до [DATE_TIME]
"Проект ""Северная деревня""","Генеральному директору по вопросам развития горнодобывающей промышленности, инфраструктуры и оперативной деятельности [ПЕРСОН] в его миссии будут обеспечивать подготовку без отрыва от производства по целевой программе [ОБЕЕКТ]"
Блок технического директора,В соответствии с положениями договора поставки нефти No [DOCUMENT_NUMBER] в рамках выполнения пункта 3.2.1 Договора поставки нефти от [ORGANI] в адрес генерального директора по добыче и подготовке газового конденсата.
Управление коммуникаций,"С помощью интернет-голосования по выбору дизайн-проектов, которые будут благоустроены к юбилею города EAR в [OBJECT]"
Блок заместителя генерального директора по имуществу,В связи с письмом от DDT No DATE-TIME No DIOCURENT к полному негарантийному объему
Блок директора по мощностям,ИНЖЕНЕРНО-ТЕХНОЛОГИЧЕСКИЙ СЕРВИС ИНЬЕНЕНЕРНЫЙ СЕРВИСИН: «ГНЗ-[DOCUMENT_NUMBER]/DOENT_ NGКМ на сумму исправления наклонно-направленного и горизонтального бурения»
"Блок исполнительного директора по реализации проекта ""Большое месторождение""","Компания ""Организация"" и АО ""АТИОН"" заключили соглашение о сотрудничестве по обеспечению перспективной перевозки жидкостей и нефтепродуктов в период ""ДЕНТА-ТИМ"""
Блок финансового директора,"Замминистра по налогам ""Организация и АТИОН"" по телефону ""CONTACT"" и электронной почты ""Комитета налогов и сборов"""
Блок операционного директора,Установите временный переезд через магистральный конденсатопровод ШФЛУ Песцового месторождения в соответствии с требованиями Технических условий на подключение к транспортной системе [ORGANI]
Блок директора по мощностям,Подрядчик заключил дополнительное соглашение No 2 к договору No [DOCUMENT_NUMBER] на проведение гидравлического разрыва пласта.
"Проект ""Трубопроводный транспорт Главного НГКМ""",Установите флажок у «DOCUCUMENT_NUMBER» на [OBJECT]
Генеральный директор,"Директор филиала LOCATION: «В целях поддержания благоприятной среды, прошу вас организовать проведение очистки территорий, с указанием видов и объемов собранных отходов»"
"Проект ""Трубопроводный транспорт Главного НГКМ""","""Органиум"" выражает согласие с заключением договора No (DOKUMENT NUMBEER) на строительство площадей, устройство кустов и строительство объектов трубопроводной инфраструктуры в Восточной Сибири"
"Проект ""Северная деревня""",Врио генерального директора по добыче и подготовке газового конденсата ATION сообщил о поставке газа на [OBJECT]
Генеральный директор,Генеральному директору А-331 в период весенней оттайки обильных дождей может быть предложена видеоконференция в Интернете.
Проект «Обустройство объектов Новейшей нейти»,"""PERSONE"" - ""DOCOMENT NUBBER"" - это проект ""OBjekt"" (ObgANI)"
"Проект ""Новая нефть""","Испуализированный документ, предназначенный для контроля вибрации установки компрессорной центробежной для КС [OBJECT] был согласован в соответствии с техническими характеристиками"
Блок директора по проектированию,"ORGANI получил письмо от DATE_TION, в котором сообщил о согласовании основных проектов для участия в новом проекте."
Блок директора по мощностям,"DATE_TIME сообщает, что для проведения работ с применением лазерной сварки требуется выполнение определенных требований по составу стали, в частности, высокое содержание углерода."
Блок директора по персоналу,В 2026 году целевая квота на целевое обучение будет определяться только через ЕЦП Работа в России (ЕЦП)
Блок технического директора,"На сайте ДУП АСУТП есть информация о том, что в период планового останова КС с УПГ может быть проведена корректировка технологического оборудования"
Управление по проектным работам,Управление КС - УКНТ [OBJECT] было выдано разрешением на эксплуатацию КС-NUMENT_NUMBER]
Проект «Обустройство объектов Новейшей нейти»,"В рамках договора между ""Организатором"" и ""ОРГАНИЗОМ"" заключено соглашение о выполнении строительных и монтажных работ по [DOCOMENT NUMBAER] No [DOSUMBEER] (далее по тексту договора). В соответствии с п. 651.13 подрядчик должен разработать программу производственно-экологического мониторинга, а также выполнить данную программу."
Блок директора по строительству,Установить на эксплуатируемых автомобилях внутрикабинную систему видеоаналитики на ТС невозможно по причине отсутствия у поставщика необходимых комплектующих
Блок технического директора,В соответствии с договором No [DOCUMENT_NUMBER] в период с [OBJECT] по DATE_TIME] был перевезен грузоперевозок.
Блок технического директора,"Устранение нарушений, отраженных в Акте [DOCUMENT_NUMBER] от [DATE_TIME]"
Блок директора по мощностям,Компания SOLUTION сообщает о завершении оказания услуг на [OBJECT] в соответствии с письмом No[DOCUMENT_NUMBER] от [DATE_TIME]
Блок директора по портфелю,В УНГ и УПРУП отправлены все необходимые документы для формирования Комплексного проекта развития актива на 2025 год Разведки и добычи
"Проект ""Северная деревня""","Добива [LOCATION] добывается телефонограммой, согласованной с Департаментом по добычей и подготовке газового конденсата."
Блок технического директора,Унщикоу ORGANI UUUMENT_NUMBER] допускает персонал на объект в составе DATE_TIME
Блок технического директора,"На запрос о расценках и составе работ в соответствии с требованиями Договора на оказание услуг, полученный Исполнителем, поступила корреспонденция No Исх-ИЦ/DOCUMENT_NUMBER]"
Блок заместителя генерального директора по безопасности,Сотрудники филиала ОКПО-NUMBER (OBJECT) провели согласование плана мероприятий по локализации и ликвидации последствий аварий на опасном производственном объекте
Блок бизнес-директора,"В ответ на письмо от DATE_TIME, в котором говорится, что матрица распределения ответственности между производственными Блоками видеоаналитики и ТКРС, подготовленная для реализации договора, должна быть утверждена."
Блок директора по мощностям,В рамках договора No [DOCUMENT_NUMBER] компания ORGANI не достигла желаемого результата
Блок операционного директора,Объединенное акционерное общество ДЕПАРТАМЕНТА сообщает о мерах по обеспечению устойчивого и безаварийного функционирования в период выходных и праздничных дней
Блок директора по мощностям,На семинаре по буровым растворам в рамках сотрудничества с корпорацией [ORGANI] будет присутствовать генеральный директор компании DATE_TIME.
Блок директора по мощностям,"О согласовании проекта на Юрские отложения Песчаного НГКМ сообщает компания, разрабатывающая проектную документацию в соответствии с его требованиями."
Блок заместителя генерального директора по закупкам,"ВРИО генерального директора LOCATION просит учитывать все обстоятельства, при которых был допущен срыв сроков поставки продукции по приложению No[DOCUMENT_NUMBER]"
Управление по проектным работам,Установить ОЛ на дроссельную шайбу на основании указания в заказной спецификации стандартного изделия - фланцевой пары по [STANDARD]
Управление землеустроительных работ,"Учет воздушного судна ведется согласно требованиям Федерального закона ""О Воздушных судах"" No DATE TIME. Учет осуществляется согласно требованиям федерального закона."
Блок директора по строительству,Наряд-заказ No[NUMBER] к договору No[DOCUMENT_NUMION] был подписан на имя заместителя генерального директора
Блок технического директора,"ОТС сообщает подрядчику [OBJECT] о выявленных несоответствиях при строительстве объектов в соответствии с предписаниями, выданными в период с [DATE_TIME]"
Блок заместителя генерального директора по закупкам,"Из-за удаленности участков от фронт-офиса документы были переданы в период смены рабочей базы, а не переданы из-за нарушения сроков предоставления документов."
Блок директора по строительству,"В соответствии с решениями производственного совещания по списанию невостребованных материалов, DATE_TION сообщает о списании материалов."
Проект «Обустройство объектов Новой нефти»,Наряд-заказ No [NUMBER] к Договору No [DOCUMENT_NUUMBAER] от [DATE_TIME] от] DATE-TIME от [ADTE_T_T] был подписан в конце декабря
Блок финансового директора,"В соответствии с Соглашением о досрочной оплате и в соответствии с ним, мы сообщаемся на соглашение о досрочном платеже в соответствии со всеми условиями досрочной оплаты."
Блок директора по проектированию,"Директор по геологии и разработке, концептуальный проектирование и создание предложений по поиску пресных и минерализованных подземных вод в пределах разработки нефтяных оторочек"
Блок директора по газовым проектам,Арбитражный суд (ORGANI) утвердил определение арбитражного управляющего в отношении общества с ограниченной ответственностью в соответствии с изменениями в Федеральный закон от [DATE_NUMBER]
Имущественные вопросы,Утвердить положения о незавершенных активах и порядке их отчуждения в рамках локальных нормативно-правовых актов ОРГАНИОН
Блок директора по портфелю,В соответствии с принятыми решениями на совещании по изменению схемы сдачи продукции IV эксплуатационного объекта [OBJECT] в рамках долгосрочного рискового договора No [DOCUMENT_NUMBER] DATE_TIME
Проект сервиса скважин,ОКПО-NUMBER] сообщает о начале работы по объектам инвестиционного проекта [OBJECT] на месторождении
Проект «Обустройство объектов Новой нефти»,"Утверждается заключение договора No NUMABER, который включает в себя электромонтажные работы установки нефти ""ОБЭКТ"". Уважает ""ПЕСОН"""
Блок заместителя генерального директора по защите,"ОКПО-NUMBER сообщает DATE_TION, что в соответствии с приказом о защите от беспилотных воздушных судов (далее - БВС) могут быть применены и другие средства защиты от БВС."
Блок технического директора,Энергосистема согласовала подключение к источникам питания в столовой и вдольтрассовый проезд на магистральном нефтепроводе [OBJECT]
Блок директора по мощностям,В ходе бурения скважины No[NUMBER] в период таяния снежного покрова затруднен проезд колесного транспорта на подъездном пути к объекту и внутриплощадочные проезды
Проект сервиса скважин,"В соответствии с договором, субподрядчик может привлекаться к исполнению договора по техническому обслуживанию и монтажу систем автоматических пожарных сигнализаций"
Блок технического директора,"В рамках участия в конкурентной закупке, по итогам которой Общество признано победителем, в стоимости операции предусмотрены затраты на привлечение транспортных средств, монтаж сепарационной установки и емкостного парка, а также проведение монтажных и пусконаладочных работ."
Блок деректора по газу,"Добывая углеводородов на лицензионных участках, добываемая на правах недропользователя ООО LOCATION, сообщает ОКПО-NUMBER."
Блок технического директора,Инженерно-технический центр ATION посетила компания DATE_TIME в рамках совместного визита специалистов службы защиты от коррозии.
Проект «Обустройство объектов Новейшей нейти»,"""DET TIME"" исследуются в рамках накладных заказов, оформленных по договорам подряда на строительство площадей и объектов инфраструктуры"
Блок директора по мощностям,"ОКПО_NUMBER] сообщает, что Общество готово снизить расценки на 10 в соответствии с договором о привлечении второго флота."
"Проект ""Восточный""",Замглавы Департамента дорожной и трэкшн [OBJECT] в No DATE_NUMBER]
Управление по проектным работам,НИИ нефти и газа (OCUMENT_NUMBER) направляет запрос на устранение предписания [ORGANI]
"Проект ""Южный""",В рамках подготовки технических проектов на разработку технологий ТРИЗ состоится рабочее совещание по рассмотрению текущего статуса подготовки технических документов по технологическим полигонам с участием представителей [ORGANI]
Блок технического директора,"В ПУЭ 7-м издании говорится, что в помещении АДЭС-1000 отсутствует заземление металлорукава, внутри которого проложен питающий кабель на прибор пожарной сигнализации С2000-АСПТ."
Блок заместителя генерального директора по безопасности,"Республиканский конкурс [COMPETITION_NAME] Республики Саха проводится по двум номинациям: - ""NOMINATION_1] и ""NUPARTMENT]"
Блок директора по портфелю,В целях надлежащего планирования расходов ОРГАНИЗАЦИЯ необходимо своевременно подтвердить актуальность данных для трехлетнего плана производства [ОБЕТК] с [ДАТА_ТЕМА] [ДОКУМЕНТ_НОМЕР]
Блок директора по портфелю,ОКПО-NUMBER в рамках ДРОДа согласовывает предложения по объему добычи УВС на III-IV кварталы [DATE_TIME]
Блок деректора по газу,"ORGANI сообщает LOCATION, что в целях проведения контрольных сварочных работ по приварке фланцев трубопроводов ТДА 2.2."
Блок директора по портфелю,"В ответ на сообщение о том, что ОРГАНИЗАЦИЯ согласуется с предложениями в отношении объема производства UMS в третьем-четвертом квартале [DATE_TIME] СОБ при условии осуществления проекта по разработке технологий и подписанных договорных документов."
Блок технического директора,"ОКПО-NUMBER_DATA сообщает, что его претензия удовлетворена и признана подлежащей удовлетворению."
Блок заместителя генерального директора по безопасности,В Сахе готовятся к пожароопасному сезону 2025 года для локализации лесных пожаров на арендованных лесных участках.
Управление по проектным работам,"ОКПО-АС сообщает ТУ о направлении материалов для запроса ТУ, а также о том, что происходит с проектируемыми сооружениями."
Управление землеустроительных работ,Уведомление о проведении инспекции лесных районов федору-делегидента [PERSON] прошу обеспечить участие своего представителя.
Управление коммуникаций,"На портале ""Я решаю!"" мы приглашаем вас и ваших коллег принять участие в опросе по дизайну и инновациям города."
Блок заместителя генерального директора по безопасности,"Научный отдел по экологической безопасности (ORGANI) просит предоставить заключения медицинского освидетельствования на состояние наркотического опьянения, проведенные сотрудниками [PERSON]"
Блок директора по портфелю,Компания ATION сообщает о возможном приеме нефти с [DATE_TIME] на [OBJECT] в соответствии с требованиями к качеству и графику поставок.
Блок технического директора,"На II–IV кварталы 2025 года с разбивкой по месяцам, в том числе по электронной почте, отправлены данные о объемах поставки сырья в систему транспорта и переработки."
"Проект ""Нефтяные краюшки""",Направляемую схему электрическую однолинейную (DOCUMENT_NUMBER] измят изм.
"Проект ""Южный""","Инженеры ""Организа и АТИОН"" проанализировали перспективные планы строительства дорог от ""ОБЕЙКТА"" до ""OBEGECT"""
"Проект ""Южный""","""PERSOON"" внес существенный вклад в повышение эффективности выполняемых работ и получение качественного результата совместной работы. ""Пересон"" организовал эффективную коммуникацию с работниками добывающего предприятия, лично руководил выполнением работ и демонстрировал высокую ответственность за их результат. Мы также просим его принять участие в бесплатной программе по повышению квалификации PPT-положительных свойств пластов флюида."
Управление коммуникаций,В настоящее время проводится Всероссийское голосование по выборам архитектурно-дизайнерских проектов общественных территорий для благоустройства в [EAR-2019] через единую федеральную платформу госуслуг.
Проект «Обустройство Интересного лицензионного участка»,"В соответствии с запросом на поставку ПНП, ШИМР и пуско-наладочных работ, согласованные проекты технических заданий согласованы."
Проект сервиса скважин,Сметная комиссия (OCUMENT_NUMBER) утвердила лимит финансирования на обеспечение ЗИП к ФА и ОКК.
Блок финансового директора,Электронная почта предлагает согласовать более ранний период платежа по контракту за кд/f [FINAL_DATA] с соответствующим возражением.
Блок директора по проектированию,"И.о. гендиректора по геологии и разработке, концептуальный проектирование и концептуальное проектирование в соответствии с договором с DATE_TIME"
Блок директора по строительству,"Генеральный директор Исп, генеральный директор Ип, Генеральный директор IPERSON и генеральный директор IT-гиганта Исп. В ответ на запрос о заключении договора на оказание услуг по ШИР и ПНР в рамках стоимости, определенной по итогам конкурентных процедур по отбору Поставщика оборудования."
"Проект ""Восточный""",ORGANI сообщает о согласовании проезда техники с помощью автомобиля с КМУ [FINANCIAL_DATA] в соответствии с запросом ОКПО-NUMBER]
Блок директора по портфелю,На второй модуль обучения HSE Менеджмент в рамках обмена опытом в области ПБ будет проведена программа 2-го модуля менеджмента на базе Политехнической школы [ORGANI]
Блок технического директора,С помощью LOCATION LOCUMENT_NUMBER our uick ou  finished
Блок директора по мощностям,Директор по вводу новых мощностей НГКМ просит произвести опережающую оплату выполненных работ на сумму [FINANCIAL_DATA]
Проект «Обустройство объектов Новейшей нейти»,"""PERSONE"" сообщает о выделении авансов в рамках контракта на строительство площадей и объектов инфраструктуры двумя банками на возврат авансового платежа по условиям договора подряда"
Блок технического директора,"В связи с приостановкой транспортировки ТС перевозчику необходимо возместить убытки и потери, которые несет Общество в связи с несвоевременной транспортировкой."
Блок заместителя генерального директора по защите,Замгендиректора по вопросам корпоративной защиты [ОРГАНИЗАЦИЯ] за корреспонденцию: ORGANisation (OCPO)
Блок директора по мощностям,Компания GTION сообщает о снижении суточной ставки работы с помощью DATE_NUMBER [ORGANI]
Проект «Обустройство объектов Новейшей нейти»,В связи с письмом об оплате в рамках контрактов на строительство площадей и объектов инфраструктуры два банка согласуют обеспечение авансового обеспечения по двум банкам
Блок директора по мощностям,"На территории месторождения установлены контрольно-пропускные пункты, в частности, куст No5 [OBJECT] на [ORGANI]"
Проект «Обустройство Интересного лицензионного участка»,"Физическое адресное бюро просит предоставить контактную информацию поставщика материалов по позе 1.4 и 1.5, согласно ведомости ""ФИНКАЛЬ-ДАТА"" (FINCAL DATA)"
Блок директора по персоналу,"Сведения о сертификате ЭП были отправлены в адрес ОКПО-NUMBER, а затем отправлены на рекомендательное письмо."
Управление коммуникаций,"В Ассоциации организаций по газу и газу ""Органик и АТОН"" напоминаем о необходимости ежемесячного членства в размере ""ФИНАНЦИАЛ-ДАТА"""
Подразделение по информационным технологиям,"На ""Локатионе"" состоится семинар-заседание ведущих специалистов по метрологам и ведущим специалистам в ""Регионах"" и ""РЕГИОН"""
Блок заместителя генерального директора по закупкам,В ответ на письмо No [DOCUMENT_NUMBER] от [DATE_TIME] в адрес компании ORGANI (PERSON)  finished
"Проект ""Южный""",Замдиректора по ПИР и производству [ОРГАНИЗАЦИЯ] на [ID] л. Протокол от [DATE_TIME] No [DOCUMENT_NUMBER] в соответствии с протоколами совещания по вызову на конференцию [ДАТА_Time]
Управление по проектным работам,Замечание к ГПА_rev.0 направляет главный конструктор ГЭО DATE_TIME [CONTACT]
Блок технического директора,"Наименование энергопринимающего устройства, к которому осуществляется технологическое присоединение к электрическим сетям, запрещено подключением сторонних потребителей к сетям."
Проект «Обустройство Интересного лицензионного участка»,"На основании письма руководителя проекта обустройства и эксплуатации электросетей No DATE-TIME, опубликованного на основании письма начальника СЭЭС No LOCANI, No 2 на правах сотрудников РМЭ, а также на основании приказа Минтруда и соцзащиты РФ No LATE_TATION."
Блок директора по мощностям,"В рамках Договора No [DOCUMENT_NUMBER] гуаровая система жидкости ГРП (пульсовая закачка) гуарановая система геля, которая включает в себя гель, гель и гель."
Блок технического директора,LOCUMENT_NUMBER] [DOCUMIMEMEMEEMEEEMEMEI]
Блок директора по персоналу,"Обязать работников, которые выполняют трудовые функции в сфере трудовой деятельности, выполнять требования статьи 352.8 Трудовых кодексов Российской Федерации в целях обеспечения выполнения требований статьи 351.8 Трудовые кодексы Российской Федерации. Приложение ""ОРГАНИЙ"" к ""Документам"" возложено на заместителя начальника департамента организационного развития и управления персоналом."
Блок директора по строительству,Компания LOCATION: ОКВЭД ОКVEД [OBJECT] переместит этот ТМЦ со склада на склад.
Управление землеустроительных работ,В УСТАНОВКЕ УЧЕТНОГО СУДА вводится уведомление с использованием стандартных форм и процедур в соответствии с требованиями Федерального закона No [DATE_TIME]
Блок деректора по газу,ORGANI сообщает о невыполнении планов по добыче нефти и газа на [OBJECT] в рамках плана по добыче углеводородов.
Блок технического директора,Замдиректора ООО [ORGANI] назначен на должность зампреда Гендиректора компании DATE_TIME. Зампред гендиректора отдела технологического транспорта ХМАО-Югра назначен на место.
Блок директора по строительству,"В соответствии с приказом No [DOCUMENT_NUMBER], выделенной по результатам выполнения ключевых показателей эффективности в области производственной безопасности за 4 квартала [DATE_TIME]"
Управление по проектным работам,Установить нефтяные сепараторы на КС ПНГ в соответствии с техническими требованиями на блоки газовых сепараторов в редактируемом формате на [FINANCIAL_DATA]
Блок деректора по газу,"По видеоэндоскопу промышленный 10,1, зонд d6 мм L3 м LASERTECH готов к отгрузке от производителя"
Блок технического директора,Управляющий директор ОКПО-NUMBER ORGANI  ourgANI. finished
Генеральный директор,ОКПО-NUMBER направляет повестку технической сессии в соответствии с утвержденной повесткой DATE_TIME.
Блок бизнес-директора,На демо-день цифровой науки и проектов третьей волны (DATE TIME) эксперты проанализируют возможности по масштабированию решений для разных подразделений и филиалов.
Блок директора по портфелю,Генеральному директору по производству и подготовке газового конденсата (ОРГАНИЗАЦИЯ) в рамках долгосрочного контракта на риск No [DOCUMENT_NUMBER] между [ORGANisation] и ORGАНisation [ORГАНИТER] в одном случае
Управление по проектным работам,Накладная No [FINANCIAL_DATA] от [ORGANI] в [OBJECT] загружена рабочей документацией.
Блок операционного директора,"Сессия ""Интегрированная модель актива"" пройдет на площадке ""ОБЮКТ"" в г-не ""Локация"" в период со времени ""DATTETIME"""
Блок директора по мощностям,"ОКПО-NUMBER согласовал временные пропуски в ГРП и ГНКТ, а также в исполнение гарантийных обязательств."
"Проект ""Южный""","В связи с подготовкой технических проектов по разработке технологий геологоразведочных исследований, разведочных и поисковых работ, добычи и добычи труднодоступных полезных ископаемых (ТРИЗЫ) будет проведен рабочее заседание, на котором будут обсуждаться текущие статусы подготовки технических проектов для разработки технологий ТРИЗ."
"Проект ""Новая нефть""","В ПУЭ не указано расстояние от нефтепровода до фундамента опоры NoINUMBER, а также не указано номер пролета опор в месте пересечения трубопровода с ВЛ 10 кВ."
Блок директора по мощностям,LOCATION] сообщает о заключении Дополнительного соглашения No [DOCUCUMENT_NUMBER] на вышенназванных условиях
Блок заместителя генерального директора по строительству,На вышеуказанном рассмотрении проекта дополнительного соглашения к договору аренды земельного участка No [DOCUMENT_NUMBER] от [DATE_TIME] генеральный директор [ORGANI]
Подразделение по информационным технологиям,"На ""Локациях"" состоится семинар для главных и ведущих экспертов по метрологам и ведущим специалистам в ""Организационно-техническом центре"""
Управление коммуникаций,"""Организационно-административное управление Северным Ямалом"" направит вам отчет по целевому использованию денежных средств в соответствии с договором о благотворительности No DATE-TIME"""
Управление по проектным работам,В рамках разработки раздела ГТМ требуется привлечение субподрядной организации для разработки раздела ПД и РД по наряду-заказам.
Блок заместителя генерального директора по защите,"""ОРГАНИОН"" и ""ДАТЕ-ТИМЕ"" должны провести повторные мероприятия по оценке критических событий и идентификации объектов ки"
Блок директора по мощностям,В рамках договорных обязательств по строительству скважины на КП 2И согласовать заезд автотранспорта и водительского состава без оформления пропускного режима
"Проект ""Обустройство площадных объектов НГКМ Поменбше""","СONTAXT, icq, ICq, ОТК, IT-гигант: Техническая модернизация: Заметки на 1 листе в 1 экземпляре"
Блок директора по мощностям,ORGANI сообщает о заключении дополнительного соглашения No25 к Договору No[DOCUMENT_NUMBER]
Блок директора по строительству,На основании соглашения о переходе участия в пае и обязательств по договору No[DOCUMENT_NUMBER] на оказание услуг по контролю
Блок директора по мощностям,"УПД No [DOCUMENT_NUMBER] без учета НДС не оплачено по настоящее время, и это подтверждается протоколом No DATE_TIME."
"Проект ""Нефтяные краюшки""",С целью формирования отчета по авторскому надзору за исполнением проектов по разработке [OBJECT] DATE_TIME COCUMENT_NUMBER] PERSON_DATA просит DATE-TIME предоставить информацию в части фактических капитальных вложений.
Блок бизнес-директора,"Направьте заявку на установку заправленного бензином бензина в ""ПеТЕРСОН"" в соответствии с законодательством Российской Федерации (20)"
Блок директора по строительству,Установка дозирования химреагента была объявлена победителем по лоту No[DOCUMENT_NUMBER]
Управление по проектным работам,"ОКПО-NUMBER, ОГРН, ИНН, КПП, ИНН и ИНН в соответствии с договором на выполнение."
Блок заместителя генерального директора по закупкам,ORGANI сообщает о готовности оказать услуги по закачке блокирующих пачек для временной изоляции пластов при ТиКРС.
Блок финансового директора,"""DOCOMENT NUMBEER"" предлагает согласоваться с более ранним сроком оплаты по договору ""Документ-НМБЕР"""
Блок директора по персоналу,"Заместитель генерального директора по работе с персоной и оргструктурным развитием для корреспонденций: ""PERsON"" (CONTAX) на ""ID"""
Блок директора по строительству,На сегодняшний день в рамках заключенного договора No [DOCUMENT_NUMBER] действует ежеквартальная ОЭДК
Блок директора по мощностям,Общество с ограниченной ответственностью выражает свое почтение и благодарит за возможность оказания услуг по телеметрическому и технологическому сопровождению при наклонно-направленном и горизонтальном бурении.
Блок директора по портфелю,"EAR сообщает, что объемы добычи и поставки углеводородов согласованы и соответствуют предложениям, направленным в Департамент ПАО [ORGANI]"
Управление коммуникаций,"""PERSACT"" поддерживает инициативу ""Организация"" по реализации проекта ""ПРОЖЕКТ"" на территории ЛОКАТИЯ один раз."
Блок заместителя генерального директора по имуществу,Компания LOCATION сообщает о возможности аренды дополнительного кабинета в офисном здании на [OBJECT] в рамках реализации крупного проекта.
Проект «Трубопроводный транспорт Ещё одного НГКМ»,"Почтовое отправление: ""Органики не согласовывают проезд транспорта по территории ""ОБЖЕКТ"" и выезд на трассу трубопровода ""Органио"" (Numbeer) в направлении трассы трубопровода ОРГАНИЯ (NUUMBIER) через ВТП 3, а также выезд на вТП-3)."
Имущественные вопросы,"В соответствии с приказом No ""DOCUMENT NUMBIER"" No ""Декларация о нефинансовых активах и порядке их отчуждения"""
Блок операционного директора,"Утверждается, что в период выходных и праздничных дней с 16:30 до 8:30 часов [DATE_TIME] в непмо"
Блок финансового директора,"ORGANI, ATION и инвестиционное анкетирование за [DET_TME] на основе опроса организаций."
"Проект ""Северная деревня""",ORGANI направляет технические условия на подключение газопровода [OBJECT] к нефтяным скважинам No DATE_NUMBER]
Управление по проектным работам,ORGANI выражает согласие на заключение надзаказа No[NUMBER] к договору No[DOCUMENT_NUMIT]
Блок заместителя генерального директора по закупкам,"ORGANI сообщает о подписании нового договора поставки газа в соответствии с договором поставки. ourGanI сообщает, что это соглашение было подписано при условии выполнения предоплаты."
Проект сервиса скважин,На КП No2 поступила жалоба супервайзера о приближении наработки СБТ по часам вращения ротором.
"Проект ""Трубопроводный транспорт Главного НГКМ""",Электронная почта: [ДОКУМЕНТ_НОМЕР] сообщает о развертывании персонала для проведения КНР руководителем проекта [ПЕРСОН] Телом.
Блок директора по строительству,Установите флажок у «PERSON» и нажмите  Enter. Введите URL-адрес в текстовую строку.
Блок заместителя генерального директора по имуществу,"Уведомляю вас о том, что договорилась об аренде общей площади в квадратных метрах для офиса. В ответ на просьбу No DATE_NUMBER, дирдир по общим вопросам, РОГАНИЗАЦИЯ, ПЕРСОН, ОКНТАКТ, ИНГАНТИТ и т.д."
Блок директора по мощностям,"В ВТП ограничили передвижение транспортных средств, осуществляющих перевозку опасных грузов, и рекомендовали использовать альтернативные схемы проезда."
"Проект ""Восточный""","На основании изложенного проектного маршрута скважины NUMBIER кустовой смотровой площадки согласована траектория скважины ""НМБЕР"""
Блок заместителя генерального директора по безопасности,Информацию об установлении санитарно-защитной зоны в Единый государственный реестр недвижимости можно представить в [ORGANI] по электронной почте
"Проект ""Обустройство площадных объектов НГКМ Поменбше""",Замгендиректора по строительству объектов нефтегазовой инфраструктуры Восточной Сибири (PERSON) подтверждает согласие на заключение Дополнительного соглашения с приложениями.
Управление землеустроительных работ,"В соответствии с ст. 15 Закона ""О горно-геологических работах"" (в соответствии с п. 15.15) согласование и согласование проектов и схем горнодобывающей деятельности состоится по адресу [Organi.ru]"
Блок деректора по газу,И.о. генерального директора по добыче и подготовке газового конденсата ATION сообщает о переносе сроков ППР на КС с DATE_TIME.
Блок заместителя генерального директора по организационным вопросам,"На турнир по хоккею с шайбой [EVENT] приглашена команда OPERATION, посвященная DATE_TIME."
Генеральный директор,"На сайте БОКС No1255, ОКПО-NUMBER, ICUMENT_NUMIT и т.д., finished"
"Проект ""Нефтяные краюшки""",В рамках проекта СБП будет определен список потенциальных поставщиков системы бесперебойного питания (PROJECT) в соответствии с п..
Блок технического директора,Установите в РКМ размер накладных расходов на ремонт двигателя ДО49Р зав. Окончательная стоимость АВР отнесена на финансовый результат.
Проект «Обустройство объектов Новой нефти»,"Просьба согласоваться с ценой, указанной ниже ФИНАНЦИАЛЬ_DATA по предложению организации ""Органиум"""
Блок директора по мощностям,На данный момент проводится тендерный отбор подрядчиков на закупку материалов по летней навигации 2025г. И.о. директора по вводу новых мощностей.
"Проект ""Обустройство площадных объектов НГКМ Поменбше""","CONTACT направляет вам результаты рассмотрения документации объекта ""ОБЕЖЕКТ"" (OБЕЖКТ) в соответствии с технической модернизацией."
Блок заместителя генерального директора по имуществу,"Юристский и почтовый адрес, адрес электронной почты и адресной почты: (для экспресс-почты) Телефон: (3452), электронная почта: 3452, INN [DAT_Time] от No [ОРГАНИЗАЦИЯ] в связи с потерей транспортных средств. Арбитражный суд рассматривает дело No [DOCUMENT_NUMBER] в рамках иска против ORGANisation в рамках судебного разбирательства."
Блок заместителя генерального директора по безопасности,"DATE_TIME сообщает No [DOCUMENT_NUMBER] о том, что в период с [DATE-TIME] специалисты организации готовы осуществить совместный выезд на участки леса."
Блок заместителя генерального директора по безопасности,ИНВЕСТ сообщает о направлении анализа производственного травматизма в подрядных организациях при выполнении работ на объектах строительства [ORGANI]
"Проект ""Южный""","УМТСИК ""Организация материально-технических и комплектационных мероприятий"" планирует закупку песка гидромеханического объемом 3 м3 для компании ""ОБЖЕКТ"""
"Проект ""Восточный""","Утверждается, что по результатам рассмотрения проектной траектории скважины [NUMBER] с эксплуатационными и разведочными стволами не выявлены пересечения и опасные сближения"
Проект «Обустройство Интересного лицензионного участка»,"В ответ на письмо No DATE-TIME от ""DACUMENT_NME"" по согласованию цен на материалы МТР я прошу предоставить контактную информацию поставщика материалов."
Блок директора по мощностям,"Компания LOCATION сообщает о том, что при выполнении работ по цементированию используются заколонные металлокордовые пакеры, а также информация пусков при закупке."
Имущественные вопросы,"Утвердить положения о незавершенных активах и порядок их отчуждения в рамках локальных нормативно-правовых актов группы ""Организация Группы Компаний"""
Блок заместителя генерального директора по безопасности,Установите пожароопасный сезон на территории лицензионных участков [ORGANI] в соответствии с постановлением правительства [REGAN ION]
Проект сервиса скважин,Уведомление субподрядных организаций о проведении проверки в соответствии с требованиями природоохранного законодательства и принятыми проектными решениями на объектах инвестиционного строительства
Управление по проектным работам,ОКПО-Заказ No22 к наряду-заказу No 22 к Договору от [DATE_NUMBER]
Блок финансового директора,"Оцените вклад предприятий в бюджеты на всех уровнях, включая сводный бюджет, внебюджетные средства и ожидаемые с [Дата_TIME]"
"Проект ""Южный""",Сотрудники ОРГАНИЗАЦИЯ провели экспертную и методологическую работу по содействию отбору проб пластиковых жидкостей на св.
Блок технического директора,Анонимизированное сообщение для DATE_TIME в [ORGANI] было отправлено в [LOCATION]
"Проект ""Трубопроводный транспорт Главного НГКМ""","ORGANI и ATION прибавляют к заказу No1 к контракту No 1 на ""ФИНЦИАЛЬНАЯ ДАТА"""
Блок заместителя генерального директора по организационным вопросам,"Уменьшение сроков оказания услуг по DATE_TIME в гарантированный период, в соответствии с приказом No 6 по внесению изменений."
Блок заместителя генерального директора по организационным вопросам,"В соответствии с договором No [DOCUMENT_NUMBER] цены на блюда не покрывают себестоимость, что делает их экономически нежизнеспособными"
Блок директора по портфелю,"""Организационная корпорация"" согласовывает с ""Органой"" предложения по объему добытых УВС в III - IV кварталах в рамках проекта по разработке технологий."
Блок технического директора,"Технический директор ОКПО-NUMBER, технический директор CONTACT и ОКCUMENT_NU MBER."
Блок директора по проектированию,В рамках выполнения работ по разработке нефтяных залежаний в Европейской части РФ (OBJECT) необходимо предоставить исходные данные по нефтяным залежам.
"Проект ""Обустройство площадных объектов НГКМ Поменбше""",Замглавы проекта (ОРГАНИЗАЦИЯ) Дата_Time_NUMBER] подтверждает соглашение о заключении дополнительного соглашения с приложениями.
Блок директора по персоналу,В соответствии с постановлением ПОО [ОРГАНИЗАЦИЯ] вспомогательные общества и организации ПОО (ОРГАНИЗМ) просят вас направить письмо с рекомендацией в адрес [Job_TITLE] [LABORATORATION]
Блок заместителя генерального директора по закупкам,Заместитель генерального директора по закупкам No DP [FINANCIAL_DATA] в системе электронного документа оборота SAP Portal
Блок заместителя генерального директора по защите,В рамках договора оказания услуг по телеметрическому и технологическому сопровождению при наклонно-направленном и горизонтальном бурении и забойных двигателях ATION просит вас организовать выдачу пропусков.
"Проект ""Южный""","Из-за большого расстояния от планируемой инфраструктуры нет никакой заинтересованности в использовании перспективной дороги, поэтому специалисты ОРГАНИЗАЦИЯ рассмотрели перспективный план развития дорог от [ОБЕКТ] до [ОБЕЦАЦИИ]"
Генеральный директор,"БОКС No DATE_NUMBER] сообщает ORGANI, что это связано с контрактом на разработку запасов газа."
Блок технического директора,"Направляем вам список лиц электроснабжения в НКУ-0,4кВ [NUMBER] в рамках выполнения работ по обустройству [OBJECT]"
Блок заместителя генерального директора по безопасности,Замгендиректора по производственной безопасности ATION DATE_TIME в соответствии с условиями Договора о справке услуг за апрель 2025 года
Блок финансового директора,Газпромнефть-Заполярье: ORGANI - DATE_NUMBER  UTION
Блок заместителя генерального директора по организационным вопросам,Генеральный директор по организационным вопросам ORGANI URL-UUMENT_NUMBER]
"Проект ""Восточный""",ОКПО-NUMBER сообщает о согласовании применения беспилотных летательных аппаратов в период с использованием [OBJECT]
Блок заместителя генерального директора по безопасности,Информацию о необходимости уборки мусора и покоса травы направили на адрес электронной почты в соответствии с протоколом заседания комиссии по предупреждению и ликвидации чрезвычайных ситуаций
Блок директора по мощностям,"В соответствии с договором No2, заключенным между DATE_NUMBER] и FIANCIAL_DATA, компания по ВСР сообщает о заключении дополнительного соглашения No2"
"Проект ""Северная деревня""","Справка недропользователя под размещение нефтяных и газовых месторождений, утвержденная приказом Федеральной службы по экологическому, технологическому и атомному надзору от [ORGANI] No [DATE_NUMBER]"
Блок директора по мощностям,Отчет об использовании авансовых средств был подписан электронной подписью Сертификата [ID] Владельца [PERSON] по [DATE_TIME]
Проект «Обустройство объектов Новейшей нейти»,"По договору между ""Организатор"" и ""ОРГАНИОН"" заключен контракт на выполнение строительных и монтажных работ No ""DOCAMENT NUMBEER"""
Блок заместителя генерального директора по безопасности,"Факс сообщает о том, что ОКПО-NUMENT_NUMBER, дом DATE_TIME, дом [LOCATION] и дом [NOUNT] находятся в городе ORGANI."
"Проект ""Новая нефть""","Утверждается, что проектные решения в части строительства нефтепровода от ПСП ООО [ORGANI] согласованы с DATE_TIME"
Проект «Обустройство Интересного лицензионного участка»,"В рамках выполнения комплекса работ, связанных с обустройством газового и нефтепромыслового куста, сотрудники охраны изъяли пропуск у водителя ""PERSONE"" и механиков ""PRESON"""
Генеральный директор,"DATE_TION сообщает, что в офисе компании состоится совещание с представителями [ORGANI] на [OKPO] [PERSON]"
Блок заместителя генерального директора по безопасности,ORGANI: LOCATION: “OCUMENT_NUMBER] от DATE_TIME]
Блок директора по мощностям,"Информацию о состоянии ФБ, ГБ, ОКПО и ФЗ об обнаружении нарушений в ходе бурения на объектах обслуживаемого предприятия [ORGANI] прислали в ОГРН"
Блок заместителя генерального директора по защите,"Сведения о мобилизационных мероприятиях, проводимых органами прокуратуры РФ в дочерней организации, отправлены в отдел спецработы по почте по почте"
"Проект ""Нефтяные краюшки""","Утверждается, что в опросный лист внесены изменения, внесенные генеральным проектировщиком в соответствии с согласованием с организацией-генпроектировщиком."
Блок технического директора,"ОКПО-NUMBER_DATA сообщает, что исковая давность признана не подлежащей удовлетворению по следующим основаниям"
Блок технического директора,"Главный инженер по энергоснабжению ООО ""LOCATION"" (OCUMENT_NUMBER) сообщает, что результаты проведенной работы по снижению стоимости АВР направлены ранее."
Управление по проектным работам,ORGANI сообщает о выделении земельного участка с кадастровыми номерами в соответствии с постановлением Правительства Российской Федерации от [DATE_TIME]
Проект «Трубопроводный транспорт Ещё одного НГКМ»,"ОКП-1 не согласует проезд транспорта по территории ""ОБЖЕКТ"" и выезд из него по трассе трубопроводов [ОБЖИКТ]"
Блок директора по строительству,Утверждается отказ в заключении дополнительного соглашения No[DOCUCUMENT_NUMBER] к Договору NoI-NU MBER.
Управление по проектным работам,"С помощью DATE_TIME, E-mail и CUMENT_NUMBER в ответ на обращение к дирекциям по пересечению газопровода No [ORGANI]"
Имущественные вопросы,"В соответствии с приказом No ""ДЕКУМЕНТ-НМБЕР"" No ""DECUMENT NUMBEER"" No DATE ""О порядке приватизации непрофильного актива группы компаний ""Организация ОРГАНИОН"" в новой редакции (приложение 2). Утверждение состава комиссии непрофильных активов в дочерней компании ""ОРГАНИК и Атион""."
"Проект ""Восточный""","""DOUMMENT NUMBEER"" нецелесообразно заключать отдельный дополнительный договор о поставках углеводородов на неокум-юрской территории Бованенковского НГМКМ"
"Проект ""Восточный""","DATE_TIMBER] сообщает, что нецелесообразно заключать отдельное дополнительное соглашение с НОМУБЕР."
"Проект ""Южный""","""Organic"" - ИСО 45002 согласован с СЭЗ ""Организация менеджмента"" (СЭД ""Органик"")"
"Проект ""Южный""","Агент [ОРГАНИЗАЦИЯ] рассматривает варианты строительства дороги, включая строительство технологического маршрута без перевода в категорию проектирования, а также альтернативные варианты перехода без строительства моста."
Блок заместителя генерального директора по безопасности,"ORGANI сообщает ourgANI, что в соответствии с п.13 операторскими договорами по утилизации отходов бурения, а также договорами на отчуждение полученной продукции и материалов."
Управление коммуникаций,"По запросу президента Ассоциаций организаций газового оборудования ""Организация газовой промышленности"" (ОРГАНИЕ ИАТИОН) в размере ""ФИНАНЦИЯ"" в размере DATE-TIME, членские взносы за текущий месяц должны быть оплачены в полном размере до 31 марта 2019 года."
Имущественные вопросы,"В соответствии с приказом No ""DOKUMENT NUMBEER"" об утверждении локальных нормативно-правовых актов группы ""Организация Группы Компаний"" и организаций группы ""ОРГАНИОН"" о незавершенных активах и порядке их отчуждения. Утверждение Положения об отчуждении непрофильного актива в новой версии (см. Приложение 2)."
Блок директора по мощностям,"Компания Петро Инжиниринга провела поиск исследовательских лабораторий в реестре Федеральной службы по аккредитации, отвечающей критериям Приложения No3 к Приказу No]DOCUMENT_NUMBER]"
"Проект ""Восточный""","В ответ на письмо от DACUMENT NUMBIER DATE-TIME от NU MBIER о согласовании маршрутов следующих автомобилей (PERSONSON) подрядной организации ""Организация ""Органик и АТИОН""."
Блок технического директора,"Напорный нефтепровод не заведен и не посажен в ячейку, в связи с чем необходимо направить повторное уведомление о выполнении технических условий"
"Проект ""Обустройство площадных объектов НГКМ Поменбше""","""Organis and ATION"" подписал дополнительное соглашение о строительстве объектов нефтегазового комплекса в Восточной Сибири, а также на строительство дожимных насосных станций"
Блок заместителя генерального директора по закупкам,"ROCUMENT_NUMBER] хочет принять участие в конкурентном отборе, в связи с чем просит продление приема предложений до [DATE_TIME]"
Блок заместителя генерального директора по безопасности,"В соответствии с требованиями Федерального закона о защите окружающей среды (далее - КЭР) для объектов НВОС I категории, эксплуатируемых без оформленного в установленном порядке, необходимо получить комплексное экологическое разрешение."
Блок заместителя генерального директора по закупкам,"DATE_TIME_NUMBER] сообщает, что в период с [COCUMEMEME] по адресу адресу [OKPERSON] в рамках мероприятий по перемещению лиц в обязательствах по [SPECIFICATION] к договору поставки."
Проект сервиса скважин,"ИНВЕСТ сообщает, что филиал [ORGANI] согласовывает привлечение в качестве субподрядчика ЗИП на выполнение работ по строительству газовых скважин"
Блок заместителя генерального директора по безопасности,Уренгойский филиал проводит тактико-специальные учения по взаимодействию сил и средств корпоративной системы гражданской защиты (ORGANI)
"Проект ""Восточный""","Общероссийская акционерная компания [ОРГАНИЗАЦИЯ] проводит работу в соответствии с процедурами, указанными в сообщениях, полученных от [ДАТА_ТЕМА]"
Блок директора по мощностям,В соответствии с договором No [DOCUMENT_NUMBER] между сторонами заключен договор No [ORGANI] о техническом перевооружении.
Управление коммуникаций,"""Организация ""Оргини"" направит вам отчет об использовании средств благотворительного фонда ""Документ о благотворительности No DATE TIME"" в 1 экземпляре"
Проект «Обустройство Интересного лицензионного участка»,За май месяц истекли договоры аренды транспортных средств на 17 единиц в количестве 16 штук. Изменение наименований собственников в пропускном режиме может привести к необходимости смены пропускного режима.
"Проект ""Восточный""","В сотрудничестве с ""ORGINI"" и ""ATIOn"" разрабатывают проект организации радиосвязи на территории ""ОББЭКТ"""
Блок заместителя генерального директора по организационным вопросам,В соответствии с договором на оказание услуг по комплексному обслуживанию объектов социально-бытового назначения на [OBJECT] No [DOCUMENT_NUMBER] в соответствии с графиком корректирующих мероприятий.
Блок директора по мощностям,"Установить буровую установку на КП No [NUMBER] можно с помощью ЭК-БМЧ зав. В соответствии с договором, у вас должен быть отсрочен план по переукладке буровой установки."
Проект «Обустройство объектов Новейшей нейти»,"""CONTATE TIME"" исследуются с использованием двух банковских гарантий возврата средств в размере FINANT_NAMENT NUBER"
Блок директора по мощностям,ОКПО-направленная буровая установка в рамках Договора подряда No [DOCUMENT_NUMBER] может начать мобилизацию.
Блок директора по портфелю,"Замечания к проекту газификации ""Objeekt"" в рамках выполнения поручения стратегической оперативной группы по решению вопроса о поставках газа в Китай из России по маршруту ""ОБЖЕКТ"" и ""OBGINI"""
Блок заместителя генерального директора по безопасности,"ОКПО DATE_NUMBER] сообщает ORGANI о недопущении нарушений, указанных в [OBJECT]"
Подразделение по информационным технологиям,"В ""Локациях"" состоится семинар с главными метрологами и ведущими специалистами в ""Регионах"" и ""РЕГИОНах"""
Управление по проектным работам,В соответствии с заданием на разработку разделов Геотехнический мониторинг и Термостабильная грунтовая вода (п. 3.4-3.5) в рамках разработки раздела проектной документации требуется создание автоматизированной системы геотехнического мониторинга проектных объектов.
Блок заместителя генерального директора по имуществу,"В связи с спецификой электронного документаоборота ""Органик и Атион"" прошу в кратчайший срок направить соглашение No1 к договору субарендной аренды в [ОРГАНИК и АТИОН]"
Блок директора по газовым проектам,В рамках Договора подряда по строительству газопроводов в охранной зоне пересечений Копия просит разрешения на проведение работ в охранную зону пересечений.
Проект «Обустройство Интересного лицензионного участка»,Уведомляем о подписании контрактов с НПР и PLP в отношении поставки приложений No 3 и No 4 к Договору No 3.
Проект «Обустройство Интересного лицензионного участка»,"В рамках договора No DATE-TIME в мае текущего года истекли лизинговые договоры на 17 транспортных средств. В результате были изменены регистрационная запись, и теперь в системе A.I-propus и замена пропусков."
"Проект ""Южный""","ООО ""Организация по добыче и реализации полезных ископаемых"" (ОАО ""ОРГАНИ"" и АТИОН) сообщает о согласовании смычки трассы No NoNo No No No DATE TIME No DECUMENTE NUMBER"
Блок директора по газовым проектам,"С помощью DATE_TIME, ОКПО, ИНН, ИНН и КПП на [OBJECT] в адрес компании ORGANI."
Блок заместителя генерального директора по организационным вопросам,В соответствии с договором No [DOCUMENT_NUMBER] за две недели до выезда сотрудника ATION было выявлено нарушение пропускного внутридеблектобого режима.
Блок финансового директора,Счета-фактуры No [DOSUMENT NUMBIER] в [DOCAMENTNUMABER] не соответствуют учетной политике по пасхам
Генеральный директор,Замгендиректора по перспективному развитию (PERSON) Сертификат подписывает письмо в адрес [ORGANI]
Блок директора по персоналу,"Обращения в адрес ""Организацио"" по поводу размещения заявок на целевую потребность в кадрах поступили в адрес ОрГАНИИАТИОН"
"Проект ""Южный""","Почтовый адрес: ""OrganIATION: ""Contaqt: ""DOCAMENT NUMBEER"" - ""ORGINI"""
Генеральный директор,Замгендиректора по добыче и подготовке газового конденсата на перерабатывающем комплексе ATION в рамках мониторинга сырьевых потоков
Блок деректора по газу,Директор по закупочным решениям [PERSON] получил коммерческое предложение на капитальный ремонт ГТД [OBJECT]
Имущественные вопросы,"Утверждение Положения о незапланированных активах и порядке их отчуждения в соответствии со стандартами группы ""Организация ОРГАНИОН"""
Блок заместителя генерального директора по строительству,"Иск к руководителю отдела сопровождения договоров ""Организация"" (ОРГАНИ) - это ""ПЕРСОН"" (OGENI)"
Блок директора по строительству,CATION сообщает о стоимости монтажных и пуско-наладочных работ в соответствии с протоколом согласования договорной цены [DOCUMENT_NUMBER]
Блок технического директора,"Управляющий по энергоснабжению- главному энергетику (ORGANI) LOCATION сообщает, что Энергосистема работает до базиса поставки обогревателей игольчатого типа."
Блок технического директора,По результатам проведенного в январе-марте совещания по организации работы объектов нефтедобычи (DATE_TIME) прошу Вас направить ответные меры по предотвращению внеплановых остановок в МН ВСТО.
Блок директора по мощностям,"Исп, начальник отдела ГРП и ГНКТ, выражает свое почтение и согласие принять участие в совместном селекторном совещании по гидравлическому разрыву пласта."
Управление по проектным работам,СТОУММОСТБ сообщает о заключении изм по договору No2 к НЗ No[DOCUMENT_NUMBER]
Блок технического директора,Зампред генерального директора АКЦИОНЕРНОЕ ОБЩЕСТВО [ORGANI] согласовал выполнение ремонтных работ на АВР
Блок заместителя генерального директора по имуществу,ORGANI сообщает о согласовании договора аренды на подписание в соответствии с спецификой электронного документооборота DATE_DATA.
Блок технического директора,"В соответствии с изменением тарифов, компания проводит индексацию тарифов в рамках договора на оказание услуг по обслуживанию специализированной пассажироперевозящей техники и оперативным транспортом"
Блок заместителя генерального директора по организационным вопросам,ORGANI выражает признательность за сотрудничество с партнерами и благодарит за сотрудничество в связи с изменением графика поставок.
Блок директора по персоналу,"Увольнение в порядке перевода из-под ORGANI было произведено из-за того, что PERSON] был переведен в CUMENT_NUMBER"
Управление землеустроительных работ,"Представитель ОРГАНИЗАЦИЯ [ЛОПАНИЕ] направляет обновленную информацию о организации, в которую входит организация, в адрес организации и адрес ее организации."
Управление по проектным работам,С помощью КАСКАД PDM (CDM) на БКЗРУ 10 кВ (поз. DATE_NUMBER] на [FINANCIAL_DATA]
Блок заместителя генерального директора по строительству,"На основании представленного проекта дополнительного договора аренды земельного участка No DATE-TIME, готов подписать еще один дополнительный договор с приложением ""Органики"""
Блок директора по газовым проектам,ОКПО-NUMBER] сообщает о согласовании проезда техники и возведения насыпи автодороги в охранной зоне.
Подразделение по информационным технологиям,"В ""LOCTATION"" состоится семинар с главными метрологами и ведущими специалистами в ""Регионах"" и ""РЕГИОН"""
Блок бизнес-директора,"Компания ""Организация"" направляет Вам предложение о предоставлении услуг по установке заправки бензином ""PERSOON"" на [DACUMENT_NURBER] в ""DATATEME"""
Блок заместителя генерального директора по закупкам,Уважаемая ORGANI OBJECT предлагает два варианта поставки в течение 10 дней с даты подтверждения контракта.
Блок директора по персоналу,Генеральному директору Института высшего образования (ОРГАНИЗАЦИЯ) Федерального института высшего образования отключается отключение отключает отключение в течение первого года третьего полного курса междисциплинарного колледжа.
Проект «Обустройство объектов Новой нефти»,Отправляйтесь на переговоры по поводу стоимости материалов для строительства нефтедобывающего завода No115 из [DATE_TIME] в DATE-Bo MASA
Управление коммуникаций,"""Организатор благотворительных пожертвований"" направит вам отчет по целевому использованию денежных средств в рамках договора о благотворительности No [DECOMENT NUMBIER]"
"Проект ""Трубопроводный транспорт Главного НГКМ""",В соответствии с приложением No 1 к Договору No PP_NUMBER] все компоненты будут закуплены и отгружены в соответствии с указаниями дефектов и замечаний.
Генеральный директор,Объединенное акционерное общество (ORGANI) сообщает об успешном освоении нефтяных скважин на кустовых площадках No 5 и No 5
Блок технического директора,Утвержденный список командированного персонала на [ORGANI] в рамках договора на оказание услуг по комплексному обслуживанию объектов социально-бытового назначения на [OBJECT]
"Проект ""Нефтяные краюшки""",Филиал в г. Исп. Ип. И. о. директора по инжинирингу ORGANI.
Блок директора по газовым проектам,"Вахтовые автобусы КамАЗа, ГИРД и КамАЗ-ГИРД гос. номер ID, ID - ID; ID — ID: URL: ""ORGONION: 1. 1. Автобусы ""Батобиб Урал Рок"" и ""Шакман-Х3000"" рок-н-ролла."
Управление по проектным работам,ORGANI сообщает о заключении проекта ИЗМ No2 к НЗ No[DOCUMENT_NUMBER]
Блок технического директора,ПЛАН корректирующих мероприятий по недопущению повреждения имущества при проведении работ по очистке территории от снега в соответствии с п. DATE_TIME]
Блок технического директора,LOCUMENT_NUMBER] ORGANI LOCATIONI RONTACT
Блок технического директора,LOCATION: DATE-NUMBER: DIOBJECT: EDUT:
Блок технического директора,"За неделю до запланированной даты заезда (DATE_TIME) было подписано заявление на увольнение по собственному желанию, в связи с чем произошел перенос даты работы."
Блок заместителя генерального директора по имуществу,Территориальное управление по управлению государственными и общественными ресурсами в Оренбурской области провело оценку рыночной стоимости аренды нефтяных скважин в год
Блок технического директора,Уведомляем о проверке правильности оформления заявления от [CONTACT] No [DOCUMENT_NUMBER]
Блок директора по строительству,На основании заключенного No [DOCUMENT_NUMBER] от [ORGANI] ОКВЭД_DATA (OBJECT] согласовал стоимость материалов на основе рыночной стоимости
Блок технического директора,В рамках проекта INDASTRIX по выращиванию стартапов в Крайнем Севере предлагается провести НИОКР по технологии ресайкилинга поверхностного слоя отсыпанной площадки с укрепляющими добавками
Блок заместителя генерального директора по безопасности,Информацию о проведении конференции по развитию культуры безопасности ORGANI прислали в московское управление по внедрению СУОД и ПБ
Генеральный директор,"Департамент по разработке нефтяных оторочек и газоконденсатных складов ATION получил письмо от БОКС No 1255, в котором сообщил о доработке предложений."
Блок бизнес-директора,ОРГАНИАЦИОН CONTATT благодарит вас за участие в реализации цифровых решений DOSUMENT NUMBEER
"Проект ""Восточный""","В БОКС No [DOCUMENT_NUMBER] отправлена корреспонденция, направленная генеральному директору."
Управление землеустроительных работ,Владелец сообщает о времени и месте рассмотрения планов развития горнодобывающей промышленности на основе применения заместителя главы [ПЕРСОН] ПОДПИСАНИЕ [ОРГАНИЗАЦИЯ]
Имущественные вопросы,"В соответствии с приказом No ""Декюмента NUMBEER"" о приватизации непрофильного актива группы компаний ""Организация ОРГАНИ"" и группы АТИОН о порядке работы комиссии по непрофильным активам"
Блок директора по портфелю,"В соответствии с пунктом 5.2 долгосрочных рисковых операторских договоров (далее - ДРОД No [DOCUMENT_NUMBER] в соответствии с разделами 5, 6, 7 Регламента организации работ по разработке и эксплуатации месторождений [ORGANI]"
Блок директора по персоналу,"Генеральный директор ""Организации"" (ПОРСОН) просит уволиться в соответствии с пунктом 5 статьи 77 ТК РФ ""ПРИСОН""."
Блок заместителя генерального директора по безопасности,ORGANI сообщает ourgANI URL-адрес отдела ГО и ЧС диспетчерского департамента (PERSON).
Проект «Обустройство объектов Новой нефти»,"В ответ на запрос о представлении коммерческого предложения по монтажу инженерно-технических средств охраны (КИТСО) на площадных объектах [OBJECT] сообщается, что по результатам проработки данного запроса компания может отказаться от участия в закупке по соображениям экономической нецелесообразности."
Управление по проектным работам,В ответ на письмо No [DOCUMENT_NUMBER] ТКП направляет технико-коммерческое задание на проектирование
"Проект ""Новая нефть""","На этих семинарах будут рассмотрены технические аспекты новых технологий и оборудования, такие как технология, керноотборник и т.д.."
Блок заместителя генерального директора по имуществу,"Заместитель генерального директора по правовым и имущественным вопросам (ORGANI) по адресу: LOCATION сообщает, что арендная плата за аренду помещений в соответствии с действующим договором аренды No [DOCUMENT_NUMBER] включена в стоимость услуг по уборке помещений и вывозу мусора."
Проект сервиса скважин,"Компания Петро Инжиниринг сообщает о том, что в процессе строительства скважины в эксплуатационном бурении и реконструкции скважин были выявлены нарушения."
"Проект ""Обустройство площадных объектов НГКМ Поменбше""","""ПетерСОН"" сообщает ""DCUMENT NUMBEER"" об изменении графиков выполнения работ через электронную документацию"
Блок заместителя генерального директора по имуществу,"Уважаем ""PERSONE"" за просьбу о аренде объекта ""ОБЖЕКТ"" на [DACTION's”"
Блок заместителя генерального директора по строительству,"Генеральный директор по обслуживанию договоров ""ОргАНИОН"" (ORGINI) Дмитрий ЛЕБЕДЕВ, генеральный директор компании ""OGENI"""
Блок технического директора,"Запуск ГТЭС в летний период может привести к просадке и поломке фундаментов, а также к отключению энергоцентра."
"Блок исполнительного директора по реализации проекта ""Большое месторождение""","""OBЖЕКТ"" передан в субарендантский фонд ""ORGINION"" для ""ОБОБОЖЕКТ"""
Генеральный директор,Генеральному директору [ORGANI] необходимо заключить соглашение о перемене стороны в соответствии с пунктами 5 и 7 протокола очного заседания Экспертного совета [OCUMENT_NUMBER]
Управление по проектным работам,"По адресу: ОКПО-ID, ИНН, ИНН и КПП [DATE_TIME] на [DOCUMENT_NUMBER]"
"Проект ""Южный""",В соответствии с решением антитеррористической комиссии в [REGION] ОКПО-NUMBER] информирует о необходимости соблюдения требований законодательства Российской Федерации в целях своевременного выявления угроз безопасности и недопущения участия иностранных работников в террористической деятельности.
Блок деректора по газу,В соответствии с проектными параметрами по объектам [OBJECT] на перспективных ДКС по годам (DATE_TIME]
Блок заместителя генерального директора по безопасности,"В ЯНАО поступила информация о том, что дивизия ПВО Беспилотная опасность по всей территории Ямало-Ненецкого автономного округа доведена до служб экстренного реагирования и объектов ТЭК"
"Проект ""Трубопроводный транспорт Главного НГКМ""",В соответствии с договором No[DOCUMENT_NUMBER] в рамках ПНР необходимо перенести пусконаладочные работы на период полной поставки оборудования.
Управление по проектным работам,Замглавы управления по проектно-изыскательским работам и взаимодействию с надзорными органами [ORGANI] (WEBSITE) (COCUMENT_NUMBER]]
Блок директора по газовым проектам,"На ""DOKUMMEE"" No documentary NUMBEER, No docmentation NUUMBER, Numbeer, NUBER и NumBER в ""Организации ГТО"" No ОКТЯБРЬ - FINANCIAL_DAT - CONTRACT - первый вице-президент ""ФИНАНЦИАЛ"""
"Проект ""Нефтяные краюшки""",ORGANI сообщает LOCATIONу о предложении по вводу объектов добычи в [DATE_TIME]
Управление землеустроительных работ,"ORGANI сообщает о том, что договор субаренды не поступил в адрес DATE_TION. finished"
Управление землеустроительных работ,"На сайте ""CONTACT"" - DATE TIME - ID от [DECUMENT_Numbner]"
Блок заместителя генерального директора по безопасности,"Замдиректора по производственной безопасности Филиала [ORGANI] Сертификат, первый заместитель генерального директора по профессиональной безопасности (PERSON]"
Блок заместителя генерального директора по имуществу,"С учетом неадекватности тарифа Т1, введенного в протоколе [ОРГАНИЗАЦИЯ], оно не покрывает прямых расходов на транспортировку и подготовку нефти."
Блок директора по строительству,В реестре ОНВОС зарегистрирована станция [OBJECT] в соответствии с ст. 20.3 Закона о банкротстве.
Блок директора по персоналу,"РОССИЙСКИЙ образовательный центр высшего образования (ОРГАНИЙ) по оказанию помощи в получении практики по специальности ""ПЕРСОН"""
Управление по проектным работам,"ОКПО-ID, ИНН, ИНН и КПП [DATE_TIME] на [DOCUMENT_NUMBER]"
"Блок исполнительного директора по реализации проекта ""Большое месторождение""","Генеральным директором ""Организации ""АТИОН"" является генеральный директор ""ОРГАНИ"" (DOCMENT NUMBEER) - DOCAMENTNUMBER (No DATE TIME)"
Блок директора по строительству,Копия сообщает о согласовании стоимости МТР до базиса поставки УПН Чаяндинского месторождения. Откорректированная разделительная ведомость по объекту будет направлена в ближайшее время.
Управление по проектным работам,Институт нефти и газа (OBJECT) выражает согласие на осуществление авторского надзора за строительством объектов в рамках работ по Договору No [NUMBER]
Блок технического директора,"Энергосистемы Вх, направляемые в качестве командированного персонала на [OBJECT] в рамках оказания услуг по комплексной эксплуатации энергоустановок."
"Проект ""Новая нефть""",Компания ATION предлагает скорректировать продольный профиль прокладки трассы от УПН до ПСП [NPS_AREA] и представить его на повторное рассмотрение.
"Проект ""Восточный""","""Организатор"" сменит свой основной номер телефона на ""CONTACT"". Генеральный директор ""PERsON"" (Person) Тел."
"Проект ""Обустройство площадных объектов НГКМ Поменбше""","В ответ на ""DOCOMENT NUMBEER"" замглавы проекта ""Обустройство площадок"" подтвердил свое согласие заключить дополнительное соглашение к договору о строительстве объектов нефтегазового комплекса в Восточной Сибири"
Генеральный директор,"ОКПО-NUMBER на [PERSON] в почтовой корреспонденции: адрес электронной почты, ИНН и ИНН"
Блок заместителя генерального директора по закупкам,"В соответствии с договором поставки No DATE_DATA, в соответствии с которым Поставщик принял на себя обязательства поставить товар в сроки, установленные в Приложении."
Генеральный директор,ORGANI сообщает о продлении договора аренды в здании No [DOCUMENT_NUMBER] до окончания основного договора аренды.
Управление по проектным работам,На почту руководителя направления по землеустройству направлен проект границ и схема расположения земельных участков в районе регионального значения [OBJECT] в рамках выполнения обязательств по этапу 2
Блок директора по мощностям,"Генеральному директору ВИШ EG [PERSON] назначена аттестация по образовательным программам бакалавриата, программам специалитета и программам магистратуры"
Блок заместителя генерального директора по имуществу,"Установите дату проезда через лицензионные участки, относящиеся к [ORGANI] в период с DATE_TIME]"
Блок заместителя генерального директора по имуществу,LOCATION: ORGANI: DATEON   PERSON]  UUMBER]
Блок заместителя генерального директора по безопасности,Сотрудники филиала [OBJECT] провели согласование с филиалом [FINANCIAL_DATA] в соответствии с указаниями.
Блок заместителя генерального директора по закупкам,Генеральному директору [ORGANI] передали МТР на общую сумму [FINANCIAL_DATA] с НДС.
Блок директора по мощностям,Компания ROCUMENT_NUMBER согласовала дистанционную работу руководителя проекта [ORGANI] по адресу:
Блок деректора по газу,"НТЦ и ООО DATE_DATA проработаны и согласованы с заказчиком проекта в 2024 году, чтобы получить максимальный экономический эффект от реализации проекта."
Блок директора по мощностям,В соответствии с графиком обеспечения Технической системой внутренней аналитики направляем вам график по внедрению оборудования внутрикабинного пространства с переднем техникум.
Подразделение по информационным технологиям,"В ""Локатионе"" состоится семинар с главными метрологами и ведущими специалистами в ""Регионах"" и ""РЕГИОН"""
Управление землеустроительных работ,"В связи с расхождениями в таксономических характеристиках необходимо предоставить краткое описание проблемы и предоставить все необходимые материалы и документы, подтверждающие основания и выявление расхождений."
Блок директора по строительству,ORGANI сообщает ourgANI об индексации стоимости услуг в соответствии с договором. finished
Блок директора по строительству,На основании заключенного No [DOCUMENT_NUMBER] Куст газоконденсатных скважин No [NUMION] согласовал стоимость материалов на основе рыночной стоимости.
Управление по проектным работам,Уведомлялось о готовности к сдаче полевых инженерно-геодезических работ и передаче геодезических знаков маркшейдерской службы.
"Проект ""Южный""","Инженеры ""Организации ""ОБЖЕКТ"" и АТИОН разработали перспективный проект строительства дороги от ОРГАНИ до ""ОбЖЕКТА"""
"Проект ""Обустройство площадных объектов НГКМ Поменбше""",Установите технические перевооружения на объект [OBJECT] на 1 л в 1 экз. Замечания в 1 л. в 1. экз.
Блок директора по проектированию,"В Уральском федеральном округе сформированы предложения по лицензированию участков недр, расположенных на территории [LOCATION] в рамках программы по недропользованию."
Подразделение по информационным технологиям,"В ""Локациях"" состоится семинар с главными метрологами и ведущими специалистами по метрологам и ведущим специалистам в ""Регионах"" и ""РЕГИОН"""
"Проект ""Нефтяные краюшки""",Накладная от [DATE_TIME] No [DOCUMENT_NUMBER] на [FINANCIAL_DATA] в 1 экз.
Блок заместителя генерального директора по организационным вопросам,"Информационный центр по вопросам обращения объектов [OBJECT] сообщает, что замена сотрудников происходит не реже одного раза в месяц при выполнении работ."
Блок заместителя генерального директора по строительству,"""Органик и Атион"" готовы подписать дополнительный договор с приложенными изменениями в земельном договоре No DATE TIME"
Блок директора по мощностям,"Исх сообщает о процедуре опормления пропусков для сотрудников компании, оказывающих услуги по техническому надзору за строительством скважин."
Генеральный директор,"БОКС No125 сообщает ORGANI, что в формулу операторского вознаграждения включен дополнительный коэффициент, увеличивающий операторское вознаграждение."
"Проект ""Северная деревня""","ORGANI просит направить представителей вашего предприятия на заседание Экспертного совета по природопользованию, которое состоится по адресу [LOCATION]"
Блок директора по мощностям,ОКПО и ГНКТ согласовали применение ПВО с заводскими гидравлическими испытаниями на скважине [OBJECT]
Управление коммуникаций,ОРГАНИЗАЦИЯ поддерживает инициативу [PРОХЕСТ] и в целях содействия сотрудничеству подтверждает дату проведения этого мероприятия [ДАТА_TIME]
Блок директора по мощностям,В Санкт-Петербурге был заключен заказ No [DOCUMENT_NUMBER] по корректировке стоимости выполненных работ.
Блок директора по газовым проектам,"""DOCOMENT NUBBER"" от имени организации ""Организация ""Оргнань"" сообщает, что согласование проезда транспортных средств вашей организации согласовано следующими транспортными средствами"
Блок технического директора,Энергосистема ORGANI: «Управление энергоснабжения должно быть выполнено в соответствии с планами развития и модернизации»
Блок директора по мощностям,ORGANI выражает свое согласие на заключение Дополнительного соглашения No4 к Договору No555/25-NUMBER]
Блок деректора по газу,Для проектирования и строительства объектов в охранной зоне Газосборных сетей необходимо запросить технические условия для определения пересекаемых и примыканий к коммуникациям ООО Газпром добыча [LOCATION]
Блок заместителя генерального директора по защите,"Информацию о том, что КИИ не выявлены, необходимо повторно провести в ваших Обществах по анализу критических процессов и категорирования объектов"
Блок заместителя генерального директора по безопасности,"Ущерб, ущерб или угроза причинения вреда (ущерб) охраняемым законом ценностям, содержащим в обращениях граждан и организаций, проводится оценка их достоверности."
Проект сервиса скважин,ORGANI сообщает ourgANI uick umer urge UUMBER] в соответствии с действующими договорами.
Блок директора по строительству,"Сопроводительное письмо, направленное в связи с аннулированием ранее подписанных документов, было отправлено за март 2025 г. Исх сообщает, что это произошло из-за технического сбоя программы Диадок."
Блок заместителя генерального директора по организационным вопросам,"Усиленной КВАЛИФИЦИЦИРОВАННОЙ КВАЛИННОЙ ПОДПИСЬЮ, заместитель генерального директора по закупкам, директор Дивизиона Север [ORGANI]"
Блок директора по строительству,"В соответствии с протоколом Совещания по вопросам компенсации затрат ОКПО-NUMBER-DATA, ОКCUMENT_DATA и ОКCONTACT, в соответствии с которым, по данным ОГРН, на ВЖГ (NUMEMEME) непредъявленный расход составляет 0 рублей."
Блок финансового директора,LOCATION согласовал более ранний срок оплаты по ч/ф No [DOCUMENT_NUMBER] от [DATE_TIME]
Блок директора по проектированию,Дневник DATE_TION: ourGANI: CDOCUMENT_NUMBER]
Блок технического директора,ADOCUMENT_NUMBER] [LOCATION]] [ORGANI]]]
Блок директора по персоналу,В целях обеспечения государственной политики по развитию российского рынка труда проводится всероссийский социологический опрос работодателей с целью прогнозирования потребности экономики в квалифицированных кадрах и своевременного их обучения
Блок директора по мощностям,"Компания SERVICE_NUMBER ORGANI сообщает, что в рамках производственной программы Заказчика на экспертном совете по управлению взаимоотношениями с контрагентами БРД (Windowson) в рамках контракта с налогоплательщиками НДФЛ составляет [FINANCIAL_DATA]"
"Проект ""Восточный""","Общероссийский акционерный коммерческий банк No 1255 (ОО ""ОРГАНИОН) согласован передачу информации от ПАО ""Органия и АТЭИОН"" к ПАО ""Огнанион"" в ПАО "" Организация работы""."
Блок технического директора,"Подписание корректировочного соглашения по долгосрочному операторскому договору от [DATE_TIME] в соответствии с условиями договора, которое было подписано со стороны ОКПО-NUMBER]"
Проект «Обустройство объектов Новой нефти»,"Откройте сайт ""ОРГАНИАЦИОН"" и выберите ""CONTATION"" для согласования стоимости материала для возведения объекта. Счет-фактура No FINANCINAL DATA от ""DETATE TIME"" от ""DATET_TIME""."
Управление по проектным работам,Начальник управления по НИР и взаимодействию с надзорными органами (PERSON) просит направить штатное расписание на действующее водозаборное сооружение
Блок директора по мощностям,"ОКПО-NUMBER сообщает о необходимости завоза дизельного топлива на объекты бурения, в том числе на следующих кустовых площадках."
"Проект ""Восточный""","В рамках выполнения плана по бюджету на ""EAR""-""EAR-"" годы (см. приложение No 2), просим направить информацию в адресную службу."
Блок заместителя генерального директора по строительству,"На основании вышеизложенного проекта дополнительного контракта на аренду земель No DATE TIME ""ПЕРСОН"" готов подписать дополнительный договор в приложении"
Генеральный директор,БОКС No 1255 (LOCATION) в соответствии с проектной документацией по строительству газопровода Участок км [NUMBER]
Блок операционного директора,Общественная акционерная компания ПОО [ОРГАНИЗАЦИЯ] (ПАО) проводит проверку по выявлению нарушений в целях обеспечения устойчивого и безопасного функционирования производственных объектов в соответствии с погодными условиями и состоянием транспортной и материально-технической инфраструктуры
Блок технического директора,И.о. директора Дивизиона Север [PERSON] согласовало привлечение следующих Субисполнителей в целях обеспечения своевременного вывоза НСЖ
Блок заместителя генерального директора по имуществу,ОРГАНИЗАЦИЯ сообщает о готовности заключить дополнительное соглашение No 1 к Соглашению No [DOCUMENT_NUMBER] до полного объема субаренды на гарантийный объем.
Проект сервиса скважин,На данный момент бурение скважины No[NUMBER] состоится без бурения бурения без проведения УЗД на бурильный инструмент СБТ-114.
"Проект ""Восточный""",Уведомление о смене основного телефонного номера на [ORGANI] будет отправлено в адрес ОКПО-NUMBER]
Блок деректора по газу,На основании подтверждения достоверности измерений объемов товарного газа директору по газу DATE_TIME поручили организовать допуск и участие в формировании интервальных отчетов за месяц.
Блок деректора по газу,"Счетная стоимость услуг по обслуживанию двигателей ПС-90ГП-25 не соответствует действующему законодательству Российской Федерации, а также не соответствует действительности."
"Блок исполнительного директора по реализации проекта ""Большое месторождение""","Компания ""Организация"" и ООО ""ОБЖЕКТ"" подписали соглашение о сотрудничестве по обеспечению перспективного транзита жидкого углеводородного сырья."
Блок заместителя генерального директора по организационным вопросам,"Уведомляю вас о привлечении кураторов по подготовке и организации отборочных игр, которые пройдут в вашем городе в период с [ORGANI]ATION]"
Блок заместителя генерального директора по безопасности,"Сведения о пожарных депо, осуществляющих охрану объекта, требуют предоставить следующую информацию: 1. По пожарным депо и схема противопожарного водоснабжения (В2) площадки с указанием диаметров и мест расположения пожарных гидрантов."
Блок операционного директора,В связи с производственной необходимостью и во избежание простоев на объектах [OBJECT] в праздничные дни необходимо провести дополнительные инструктажи по охране труда под роспись
Блок заместителя генерального директора по строительству,"""Уважаемый ""ПЕРСОН"" подписал дополнительный договор аренды земельного участка No ""Документ-НМБЕР"" от ""DATE-TIME"""
Проект «Обустройство объектов Новейшей нейти»,"Информацию о том, что проектная документация по объекту DATE_TIME не получила положительного заключения от госэксперта по вопросам окружающей среды"
Управление землеустроительных работ,ФАКТ предлагает установить публичный сервитт по земельным участкам в соответствии с ст. 39-37 ГК РФ в соответствии со ст. 38-37 Гражданского кодекса РФ
Блок директора по мощностям,"Блок по обеспечению работ и услуг благодарит вас за помощь в проработке проектов, направленных на обеспечение непрерывного и эффективного производственного процесса компании."
Блок заместителя генерального директора по организационным вопросам,"В субботу на [OBJECT] пройдет традиционный турнир по перетягиванию каната, который пройдет в рамках турнира по перетяжению каната"
Имущественные вопросы,Утвердить Положение по непрофильным активам и порядке отчуждения непрофильных активов в рамках приведения локальных нормативных актов в соответствии с нормативными актами.
Блок технического директора,"Информацию об изменении цены на продукцию, реализуемую на внутреннем рынке, направили на электронный адрес [PRODUCT_NUMBER]"
Проект «Обустройство объектов Новой нефти»,"Наряд-Заказ No[NUMBER] к Договору No [DOCUMENT_NUUMER] на выполнение комплекса работ по строительству площадочных объектов, обустройству кустовых площадок и строительства объектов трубопроводного транспорта"
Блок заместителя генерального директора по организационным вопросам,"В соответствии с заключенными договорами, в рамках которых производится закупка дополнительных материалов, ТМЦ и оборудования по отдельным заявкам, транспортная компания оплачивает транспортные расходы."
Проект «Обустройство объектов Новой нефти»,Исх сообщает ORGANisation о развертывании персонала для выполнения работы по дополнительной измерительной линии в строительстве блока системы измерения количества и качества нефти (SICOP)
"Блок исполнительного директора по реализации проекта ""Большое месторождение""","АО ""ОРГАНИ"" и АТИОН заключили соглашение о сотрудничестве по обеспечению перспективных поставок жидкого углеводородного сырья железными дорогами."
Блок директора по строительству,"Установите флажок у ТС, у которых заканчивается диагностическая карта и свидетельство о допуске к перевозке опасных грузов. Пропуск No [DOCUMENT_NUMBER] действителен до [DATE_TIME]"
Блок заместителя генерального директора по безопасности,Уважаемая СТАНЦИЯ СКОРОЙ МЕДИЦИНСКАЯ СТАНОЦИЯ СУДРАВООХРАНЬЯ: «Уважайтесь [ORGANI]!
"Проект ""Новая нефть""",ORGANI сообщает о своем графике разработки КД в соответствии с графиком разработки. ourgANI направляет его в адрес электронной почты.
Управление по проектным работам,ORGANI сообщает о заключении ДС No [FINANCIAL_DATA] к рамочному договору No [DOCUMENT_NUMBER]
Блок технического директора,На основании договора оказания транспортных услуг No [NUMBER] на территории КП No [OBJECT] не было организована мобилизация бурового оборудования
Проект «Трубопроводный транспорт Ещё одного НГКМ»,"Скайп: ""Организация и АТИОН"" не согласовывают проезд транспорта через ДП-3) с выездом на трассу 3 (Number) км, а также проезд по трассе трубопроводного транспорта (ОРГАНИАТИОН) к автодороге [ОРГАНЬЗАЦИОН"""
Блок заместителя генерального директора по строительству,"""Органик"" готов подписать дополнительный договор с приложением ""PRSON"" в рамках дополнительного соглашения о договоре аренды земельного участка No DATE-TIME"
Блок заместителя генерального директора по защите,"Ускоренное совещание, мобильное собрание и совещание по вопросам мобилизации в [ОРГАНИЗАЦИЯ] в DATE_TIME"
"Проект ""Нефтяные краюшки""","В четверг состоится заседание выездной Коллегии Министерства транспорта и дорожного хозяйства [REGANION] в рамках заседания, посвященного DATE_TIME]"
Блок директора по строительству,"Генеральный директор по капитальному строительству Игнялинского месторождения, генеральный директор по строительным работам, инвестбанкир по капиталу и субподрядные организации"
Блок технического директора,На основании заключенного договора DATE_TIME на оказание услуг по зачистке от шлама нефтепромыслового оборудования в соответствии с приложением [DOCUMENT_NUMBER]
Блок директора по мощностям,Научный руководитель технического отдела ГНКТ Тел сообщил о своем согласии на выполнение пересмотренной производственной программы [ORGANI]ATION.
Блок директора по строительству,ORGANI сообщает об оплате штрафа в добровольном порядке и просит отменить штрафные санкции в адрес DATE_NUMBER
Управление по проектным работам,Научник управления по проектированию объектов капитального строительства No[DOCUMENT_NUMBER] от [DATE_TIME]
Проект сервиса скважин,Компания ATION сообщает о нарушении требований к эксплуатации бурильных труб на объектах в период с [DATE_TIME] г. Приложение к письму подтверждает наличие на объекте акта составления комплекта.
Блок заместителя генерального директора по закупкам,"КИПиА со сроком производства до 240 дней с длительным сроком изготовления в соответствии с приложенными ведомостями, а также Блоком разделителя [DOCUMENT_NUMBER]"
Блок деректора по газу,Приглашение на заводские испытания гидроприводного компрессорного блока состоялось в соответствии с достигнутой договоренностью о переносе даты. finished
Блок директора по мощностям,"ОКПО-NUMBER] сообщает, что увеличение сроков мобилизации и подготовки к выполнению работ связано с изменением механизма договорной обязанности."
Генеральный директор,Компания DATE_TION приглашает корпоративную команду принять участие в Кубке Недели Российского Ритейла по мини-футболу.
"Проект ""Новая нефть""",В рамках реализации проекта по строительству ГПА КС (OBJECT) в рамках строительства ГПА CГДУ используются параметры буферного газа для СГДУ.
Блок технического директора,"Компания ""ORGANI.com"" провела презентацию БНС 2х50-2000, позволяющей производить закачку в пласт водогазовой среды с расходом попутного газа до 2 350 м3/сутки."
Блок технического директора,"На запросе DATE_TION в адрес ОКПО-КПП_NUMBER сообщается, что порядок внесения изменений в межгосударственный стандарт установлен в подразделе 5.1.2, 5.1.4 и 5.2.5."
Блок технического директора,"Операционному директору ООО ""LOCATION"" удалось установить дефекты на участке автодороги с неровностями дорожного полотна и выбоины"
Блок директора по мощностям,В соответствии с договорными расценками на строительство скважин в [REGANI] направляемые вами расчеты и обосновывающие материалы по изменению ставок.
Блок директора по строительству,С помощью LOCATION LOCUMENT_NUMBER] ourGANI urge uick  
Имущественные вопросы,Утвердить Положение о нефильтрованных активах и организациях Группы компаний [ОРГАНИЗАЦИЯ] в целях установления местных законов об управлении неимущественными активами в соответствии с местными положениями.
Подразделение по информационным технологиям,"В ""Организация и Интеграция"" состоится семинар для главных и ведущих экспертов в ""Регион"" и ""Регион"""
Блок финансового директора,LOCATION: OCUMENT_NUMBER] согласует более ранний срок оплаты по сч/ф.
Подразделение по информационным технологиям,"В ""Локации"" состоится семинар с главными метрологами и ведущими специалистами в ""Регион"" и ""РЕГИОН"""
Блок технического директора,В ЭКЗЕМПЛЯРе подпишите соглашение с замгендиректора по производству нефтепродуктов No DATE_TIME
Блок директора по строительству,Счет на оплату No [DOCUMENT_NUMBER] от [DATE_TIME]г – 1 стр.
"Проект ""Обустройство площадных объектов НГКМ Поменбше""","Вице-президент по проектам ""ПЕТЕРСОН"" (Петерсон) тел: 376, эл.."
Проект «Обустройство объектов Новой нефти»,В настоящее время ОРГАНИЗАЦИЯ выражает свое согласие на заключение Договора No [ДОКУМЕНТ_NUMBER]/DOCUMENT_NOUMER]
Блок финансового директора,ОКПО-NUMBER: «В соответствии с прилагаемой формой информации об уплаченных налоговых платежах и страховых взносах»
Управление землеустроительных работ,"В соответствии с пунктом 19 статьи 34 Федерального закона о государственной регистрации недвижимости направляется информация о правообладателях земли, для которых были созданы общественные сервитуты."
Блок заместителя генерального директора по организационным вопросам,Об индексации лимита сообщаем в рамках запроса по предоставлению аналитики стоимости сырья и блюд контрольного набора [ORGANI]
Проект сервиса скважин,Филиал LOCATION: «Документ ПОДПИСАН ПОДПИСЬЮ. Документа подПИСЬЯ.
Блок технического директора,"Направляем вам список аварийного инструмента, находящийся на производственной базе в г. И.о. директора по строительству скважин и супервайзингу."
Блок директора по портфелю,"ORGINI, ATION, WebSite и Website в соответствии с приложением ""PERSONS"""
Блок директора по мощностям,"Компания LOCATION: «При бурении скважин возникает риск прихвата бурового инструмента, что приводит к потере подвижности инструмента»"
Блок заместителя генерального директора по закупкам,И.о. генерального директора [ORGANI] OCUMENT_NUMBER] просит продлить срок приема заявок до [DATE_TIME] года.
Блок заместителя генерального директора по строительству,"""Организационное бюро ""Оргениза и АНИОН"" на основании вышеизложенного проекта дополнительного договора аренды земельного участка No DATE-TIME готово подписать дополнительное соглашение"
"Проект ""Южный""","УМТСИК ""Организация материально-технического обеспечения и комплектования"" планирует провести конкурентную закупку песка гидромассивного объема объемом 3 м3"
"Проект ""Восточный""","Услуги по добыве, подготовке и транспортировке углеводородного сырья на неоком-юрских залежах Бованенковского НГКМ в соответствии с требованиями пункта 13.1 Договора No [DOCUMENT_NUMBER]"
Блок заместителя генерального директора по закупкам,"Исковое заявление к обществу с ограниченной ответственностью было подано с нарушением компетенции арбитражных судов и правил подсудности, установленных ст. 227 АПК РФ."
Блок деректора по газу,На протяжении 2023 года мы провели комплекс мероприятий для определения альтернативных способов транспортировки газа и масштабирования полученных результатов до промышленных объемов. Для этого нам необходимо создать мини-завод и провести испытания полного цикла снабжения газом.
"Блок исполнительного директора по реализации проекта ""Большое месторождение""","В ПАО ""Организация"" и АО ""ОБЖЕКТ"" заключили соглашение о сотрудничестве по обеспечению перспективного перевозки жидких углекислых углеводородов железным транспортным путем"
Блок заместителя генерального директора по защите,"В служебном совещании по корпоративной защите дочерних обществ, состоявшемся на базе санатория [OBJECT] в г."
Блок заместителя генерального директора по безопасности,В соответствии с договором на проведение технического осмотра No [DOCUMENT_NUMBER] в настоящее время заключен договор на проведение технических осмотров.
Блок директора по мощностям,"По факту нарушения пропускного режима в области ПЭБ, ОТ и ГЗ составлен Акт No [DOCUMENT_NUMBER] от [DATE_TIME]"
Блок директора по строительству,Информацию о проверке и сдаче первичной документации по DATE_TIME согласовать с директором по капитальному строительству ATION
Блок заместителя генерального директора по безопасности,Установите пожароопасный сезон на территории [REGION] в целях недопущения возникновения лесных пожаров на территории объектов и лицензионных участков Общества.
Блок директора по строительству,Стоп-час с персоналом о применении СИЗ на рабочих местах был проведен внеплановым инструктажем по соблюдению договорных обязательств. Уведомление о нарушении договора было сделано в соответствии с актом No [DOCUMENT_NUMBER] от [DATE_TIME]
"Проект ""Обустройство площадных объектов НГКМ Поменбше""",Отправьте письмо No-И.DOCUMENT_NUMBER] от [DATE_TIME] в соответствии с ранее согласованными условиями.
Блок заместителя генерального директора по закупкам,"ORGANI получил письмо от компании DATE_TION, в котором сообщает о том, что поставки термоусаживаемых материалов состоят только через 30-60 дней."
Проект «Обустройство объектов Новой нефти»,В рамках партнерских отношений с руководством проекта DATE_TIME_TION будет направлена дополнительная линия измерения количества и показателей качества нефти по объекту.
Блок директора по проектированию,ADOCUMENT_NUMBER] [PERSON]] [CONTACT]]]
Блок заместителя генерального директора по закупкам,ORGANI сообщает ourgANI uick umber] о численности сотрудников. finished
Блок технического директора,"Уренгой подписал договор по предоставлению услуг любой грузовой техники, удовлетворяющей требования технического задания, в соответствии с которым компания [ORGANI] может перевозить любую грузовую технику."
Имущественные вопросы,"В соответствии с приказом No ""DATE-TIME"" No ""DOCOMENT NUMBEER"" и No ""Документ-НМБЕР"" ""Организация Оранжа АТИОНА"" (ОРГАНИОН) комиссия по продаже непрофильных активов в дочерней компании ""Оранж АТИОН"" разрабатывает локальные нормативные акты"
Подразделение по информационным технологиям,"В ""Локациях"" состоится семинар с главными метрологами и ведущими специалистами в ""Регионах"" и «Регионах"""
Блок технического директора,Управляющий блок Технического директора (OBJECT) согласовал применение в ШАУ и панели оператора [OB JECT] к договору NoDOCUMENT_NUMBER]
Блок директора по мощностям,"ОКПО-NUMBER, ОГРН, КПП-ID и т.д. в соответствии с графиком поставки."
Блок заместителя генерального директора по безопасности,Уважаемая компания ORGANI INANCIAL_DATA PERSON UUMENT_NUMBER] сообщает о готовности предоставить объекты из переработанных материалов для использования в корпоративной выставке.
Блок бизнес-директора,"В ответ на письмо от DATE TIME No ""DOKMENT-NUBBER"" в ответ на ваше письмо инструкций, в котором говорится, что проработаны функциональные и функциональные обязанности между производственным блоком дочерней компании ""Организация"" при реализации контракта видеоаналитиков."
Блок директора по строительству,В НТНЗ-DOCUMENT_NUMBER ОКВЭД согласовали стоимость материалов на основе рыночной стоимости
"Проект ""Южный""","В интересах удовлетворения потребностей ОРГАНИН в летнее время закупка песка гидроизоляционного объема 2,3 м3 в ""ОБЖЕКТ"""
Блок директора по строительству,В Наряд-Заказе выявлены несколько замечаний по поводу стоимости наряда-заказа по обустройству Куста поглощающих скважин
Генеральный директор,"В соответствии с пунктом 2 протокола заочного заседания Комитета по согласованию ключевых условий, далее - ДРОД на разработку [OBJECT]"
Блок технического директора,В соответствии с договором поставки No DOCUMENT_NUMBER] в рамках дополнительного соглашения No1 к Договору поставки No 2х1800-650 с учетом корректировки сроков поставки.
Блок директора по мощностям,DATE_TIME  DIDIME MEME MIME DIMEMEE MIMIMEMEME.
Блок заместителя генерального директора по строительству,"""Органиум и Атион"" готовы подписать дополнительный договор в приложении по договору аренды земельного участка No DATE-TIME."
Блок заместителя генерального директора по закупкам,"Информацию о том, что документы, хранящиеся в статусе, были переданы в период смены рабочей базы, сообщает московская пресса."
Блок деректора по газу,В соответствии с приказом Министерства энергетики РФ о сокращении ненормативных потерь при добыче углеводородного сырья на [OBJECT]
Блок технического директора,"Управляющий по энергоснабжению ОАО «OBJECT» (PERSON) Исх сообщает, что в рамках строительства объекта будут проведены работы по монтажу кабеля ВОЛС на опорах ВЛ 10кВ Ф.И.О."
Блок заместителя генерального директора по организационным вопросам,Офисно-общественный комплекс [ORGANI] оказывает услуги по комплексному обслуживанию объектов социально- бытового назначения на [OBJECT] в рамках договора No [DOCUMENT_NUMBER]
Управление коммуникаций,"""ООРГАНИЗАЦИОН направит отчет по целевому использованию денежных средств в соответствии с договором о благотворительности No ""Документ-НЮМБЕР"""
Блок директора по проектированию,Инженерно-технологический сервис выражает свое согласие на заключение дополнительного соглашения No [DOCUMENT_NUMBER] с корректировкой работ и уменьшением общей стоимости Договора
Блок заместителя генерального директора по имуществу,"В ответ на письмо о предоставлении дополнительных помещений в ""ОБЖЕКТ"" (в т. ч. НДС) они будут предоставлены на условиях аренды"
Проект сервиса скважин,ИНВЕСТ сообщает о необходимости своевременного предоставления информации об ожидаемом выполнении за апрель и май [DATE_TIME] в срок до 16:00.
"Проект ""Северная деревня""","СТО проводит системный анализ газового конденсата, который является продукцией компрессорной станции (КС) с установкой газоконденсатных скважин."
"Проект ""Северная деревня""",Очередной запрос на подключение к электрическим сетям поступил от Общества проектируемых энергопринимающих устройств (ORGANI) к ВЛ-10 кВ.
"Проект ""Северная деревня""",Уренгой сообщает о согласовании скорректированным опросным листом по добыче газа на [OBJECT] в соответствии с техническими условиями.
Проект «Трубопроводный транспорт Ещё одного НГКМ»,"""Организацио"" не согласовывала проезд транспорта через ДП-1 и выход на трассу трубопровода ""Оргениоза"""
Блок операционного директора,ОРЕНБУРГ сообщает об увеличении объема ремонтных работ на трехфазном разделителе нефти No 33Е-08-02 ТЛ-2 ДКС-3 в зависимости от пропускной способности и обеспечения качества
