label,text,sample_id
Блок директора по проектированию,"В связи с необходимостью внесения изменений в организационный план форума Технологический день [ORGANIZATION] переносится на I квартал [DATE_TIME] и перейдет на ближайшую неделю. Эксперты отмечают, что форум будет способствовать укреплению сотрудничества в сфере недропользования и геологоразведки между Российской Федерацией и Республикой «COUNTRY».",0
Блок заместителя генерального директора по организационным вопросам,«ORGANIZATION] выражает свое согласие на заключение дополнительного соглашения No 7 к Договору No [DOCUMENT_NUMBER] на оказание услуг по комплексному обслуживанию объектов социально-бытового назначения на [OBJECT] в рамках Договора о социально-коммунальном назначении.,1
Блок директора по мощностям,"«ORGANIZATION» согласился заключить дополнительное соглашение No13 к Договору на оказание супервайзерских услуг при строительстве и реконструкции, бурении скважин на объектах строительства скваженных объектов.",2
Управление по проектным работам,Общество с ограниченной ответственностью «ORGANIZATION» заявило о своей готовности к сдаче полевых инженерно-геодезических работ и передаче геодезических знаков маркшейдерской службе на сохранность маркшейдера.,3
"Проект ""Нефтяные краюшки""","Организация подготовки нефти и газа «ORGANIZATION» рассматривает схему учета потоков нефтяного месторождения, разработанной в соответствии с требованиями законодательства Российской Федерации.",4
Блок технического директора,Введение ограничения режима потребления электрической электроэнергии в отношении энергопринимающих устройств «ORGANIZATION» (далее - Потребитель) может быть введено в соответствующем порядке. Это связано с ограничением режима энергопотребления в отношение энергопринимающего устройства «OРGAНIZАTIOН».,5
Блок деректора по газу,"Временные ограничения движения в период возникновения неблагоприятных климатических условий введены распоряжением Общества ввиду снижения несущей способности конструктивных элементов автомобильной дороги, вызванных переувлажнением конструкций автомобильной трассы.",6
Блок директора по мощностям,Директор филиала по введению новых мощностей «ORGANIZATION» требует произвести опережающую оплату выполненных работ в полном объеме на сумму [FINANCIAL_DATA] с учетом НДС на сумме [FИНANCИAЛ_DAATA] руб с учетым НДС.,7
"Проект ""Нефтяные краюшки""","«POSITION] направлен ориентировочный план реализации проекта «OBJECT» на проект «ORGANIZATION». Это ориентировочные сроки реализации, зависящие от согласования комплекта конструктивной документации, передачи прав по договору по поставки и авансирования изготовления.",8
Блок заместителя генерального директора по безопасности,"Единая система газоснабжения «ORGANIZATION» провела корпоративный контроль за техническим состоянием газовых и нефтяных объектов Единой системы газопотребления (ESG) на территории Москвы и Санкт-Петербурга. Эксперты считают, что результаты корпоративного контроля будут выполнены в соответствующем порядке.",9
"Проект ""Северная деревня""","Пользователю недр может быть предоставлена справка об отсутствии ограничений для работы, связанных с пользованием нефтяными месторождениями, при намечаемой застройке площади горного отвода «LOCATION] участка горного довода «ORGANIZATIION» под размещение объекта «OBJECT».",10
Блок технического директора,«ORGANIZATION] уведомляет о прекращении процедуры введения ограничения режима потребления электрической энергии в отношении филиала филиала в [LOCATIОN] «PERSON» о введении ограничения в отношению «ОРГАNIЗАTIOН».,11
Генеральный директор,"АО «ORGANIZATION-[REGION] заключило трехстороннее соглашение, согласно которому «ADMINISTRATIОN] перечисляет арендную плату по договорам аренды земельных участков, заключенным с [ADMISТРAТИON», в рамках которого «ADМINIСTRАTIOН] считает средства, направленные в адрес владельца земли.",12
Блок директора по мощностям,Общество с ограниченной ответственностью Энергия нефтегазового сервиса готово выполнить дальнейшее строительство дополнительной скважины No [FINANCIAL_DATA] на КП No [OBJECT] по расценкам и условиям договора No [DOCUMENT_NUMBER] от «PERSON] о выполнении дальнейших дальнейшей работы.,13
Блок деректора по газу,"Недостоверное учете углеводородов, подаваемого на «OBJECT] и «ОBJЕCT», свидетельствует о недостоверном учете газа. Эксперты считают, что достоверность учета углеводородных углеводородной недостоверна, однако эксперты сомневаются в достоверности определения расходов газа.",14
Управление по проектным работам,Начальник управления по проектно-изыскательским работам и взаимодействию с надзорными органами «ORGANIZATION» не возражает провести внеплановый аудит субподрядной организации для определения возможностей выполнения работ по объекту «OBJECT».,15
Блок директора по строительству,"Директор по капитальному строительству филиала [ORGANIZATION] сообщил о строительстве кустовой площадки No2 филиала «LOCATIОN» филиала, который планирует построить куст газовых скважин No2. Для этого необходимо выполнить следующие подготовительные мероприятия: установка прав на земельный участок и работы по лесосведению в границах земельного участка.",16
Блок директора по строительству,"«ORGANIZATION] согласовывает алгоритм компенсации за переданную электроэнергию за выполненные строительно-монтажные работы на давальческой основе в рамках реализации ВЗиС «NUMBER] км «OBJECT» на давалическую основе, а также предлагает согласовывать условия компенсации.",17
Блок деректора по газу,«ORGANIZATION] привлекает субподрядную организацию для выполнения контрольных сварных соединений (КСС) по трубопроводам ТДА 2.2 и ТДА 3.2 на территории [LOCATIОN] в качестве субподрадной организации. Ответственный от [ORГAНIZАTIOН] «PERSON» должен выполнить контрольные сварные соединения (КСS).,18
Блок директора по мощностям,"Объявлена компенсация за затраты на приобретение электрических изгородей – Электропастух, которое не учтено в калькуляции суточной ставки и не учтено в калькуляционной ставке. Директор по введению новых мощностей просит подтвердить компенсацию по факту понесенных затраченных затрат, согласно прилагаемому расчету.",19
Блок заместителя генерального директора по безопасности,Общество с ограниченной ответственностью «ORGANIZATION] согласовало План проведения тактико-специальных учений по взаимодействию сил и средств корпоративной системы гражданской защиты в рамках системы гражданческой защиты.,20
Блок заместителя генерального директора по защите,"Защитные ограждающие конструкции (ЗОК) могут быть использованы на опасных производственных объектах, в том числе в рамках комплексных учений по подтверждению готовности к действиям по локализации и ликвидации последствий аварий на ОПО.",21
"Проект ""Новая нефть""","Согласование поверочных расчетов расходомерных устройств антиповреждной защиты [OBJECT] «PERSON» рассматривает поверочные расчеты расходомерные устройства антиповрежеднойзащиты «OBSJECT». Эксперты считают, что расчетам не помешает.",22
Блок технического директора,"Общество с ограниченной ответственностью «ORGANIZATION Сервисные технологии» требует принять участие в разработке актуализированной программы ЦИН на период [DATE_TIME] по направлениям: замена трубопроводов, капитальный капитальный ремонт, устранение дефектов по результатам диагностирования (ВТД, наружное).",23
Блок директора по проектированию,"ФГКУ РОСГЕОЛЭКСПЕРТИЗА не устранило нарушения, допущенные при представлении заявочной документации на осуществление регионального геологического изучения недр. Проектная документация на геологическое изучение недр, включающая поиски и оценку месторождения песка на участке недр [OBJECT] на участке недр «OBSJECT» в «LOCATION] по лицензии на пользование недрами.",24
Блок заместителя генерального директора по организационным вопросам,"В связи с вступлением в силу Приказа «ORGANIZATION», который регламентирует выставление бухгалтерских документов в системе электронного документооборота (ЭТП), прошу рассмотреть дополнительное соглашение к договору аренды имущества No [DOCUMENT_NUMBER] и подписать дополнительное соглашение.",25
Блок директора по мощностям,«ORGANIZATION] вынуждена отклонить предложение о заключении дополнительного соглашения о выполнении высокомонтажных работ в рамках заключения будущих соглашений.,26
Блок директора по строительству,Директор по капитальному строительству «ORGANIZATION] просит согласовать проведение строительно-монтажных работ в выходные и праздничные дни с «DATE_TIME] по объекту в рамках исполнения договорных обязательств по договору No [DOCUMENT_NUMBER] в рамок исполнения обязательств.,27
Блок директора по мощностям,Начальнику управления по бурению «PERSON» (PERСON) (PERSOН) «PersON] (PerSОN) может быть предоставлена подробная подробная информация о строительстве эксплуатационных скважин на месторождение «OBJECT».,28
"Проект ""Нефтяные краюшки""","«ORGANIZATION] поставляет установку подготовки топливного газа для объекта «OBJECT». Заказчиком является компания «OPERSON», которая по договору No [DOCUMENT_NUMBER] готовит топливную установку.",29
Блок директора по строительству,"Объединение газоконденсатных скважин No[NUMBER], газовые скважи No[numBER, No[НОМBER» и газовых скваженных скважей No[BJECT] может быть возбуждено уголовное уголовно-исполнительное тяжбы. Эксперты говорят, что проект является частью строительства.",30
Блок заместителя генерального директора по организационным вопросам,Заказчик Уренгойского НГКМ заключил дополнительное соглашение на увеличение срока вахты для сотрудников Исполнителя на объекте УНГКМ с 30 до 45 дней в рамках трудового кодекса Российской Федерации. Заказчика просят инициировать заключение дополнительного соглашения на изменение продолжительности Вахты до 3х месяцев.,31
Блок директора по мощностям,Компания [ORGANIZATION] предоставит дополнительного инженерно-технического сотрудника для круглосуточной координации постов по ВСП при ремонте скважин на месторождении. К работе будет привлечен ведущий супервайзер по ТКРС и ОС «PERSON».,32
"Проект ""Новая нефть""","«PERSON] в рамках разработки, изготовления и поставки агрегатов «FINANCIAL_DATA] для объекта [OBJECT] (ТТ No [DOCUMENT_NUMBER] от [DATE_TIME] (ТС No [ORGANIZATION) для «OBSJECT» (ТТ NO [DОCUCE_TIME]), направляем в Ваш адрес график разработки КД.",33
Генеральный директор,"Генеральному директору «ORGANIZATION» Геннадию Прохорова предлагаем рассмотреть к применению на объектах строительной химии наши технические разработки, использующиеся для уплотнения и связывания грунтовых оснований, повышения прочности грунтового основания, гидроизоляции крыш, бассейнов градирен, уплотнение и соединения грунтов, подъема конструкций и комплексных объектов сооружений парковых зон.",34
Блок технического директора,Техническому директору [ORGANIZATION] требуется продлить согласование о привлечении субисполнителя в рамках договоров No [DOCUMENT_NUMBER] в рамки договоров о вывлечении скважины No [NUMBECT] в «DATE_TIME».,35
Блок деректора по газу,На заводские испытания гидроприводного компрессорного блока приглашаются руководитель «ORGANIZATION» для проведения заводских испытений гидроприводных компрессорных блоков в период с [DATE_TIME] по [DАТE_ТИME].,36
"Проект ""Северная деревня""","Исполнительному директору [ORGANIZATION] «PERSON» удалось устранить выявленные замечания в связи со своим письмом исх. No[DOCUMENT_NUMBER] письмо, направленное Заказчиком на изготовление УППГ.",37
Блок директора по мощностям,"Объявление о введении новых мощностей «ORGANIZATION нефтяных месторождений КНР» было приурочено к 20-летию со дня рождения нефтяного концерна КНР. Благодарственное письмо, в котором выражаю благодарность за совместную плодотворную деятельность, направленную на обеспечение непрерывного и эффективного производственного процесса «OРGAНIZАTIOН».",38
Блок директора по мощностям,"Начальнику управления по бурению требуются механизмы опормления пропусков для сотрудников нашей компанией, оказывающих услуги по технологическому надзору за строительством эксплуатационных скважин (супервайзинг буровых и тампонажных работ) на [OBJECT] по договору с [ORGANIZATION] No [DOCUMENT_NUMBER] для неопытности выполнения процедуры получения пропусков.",39
Блок деректора по газу,"При реализации полного комплекса объектов, необходимых для обеспечения полезного использования ПНГ, мы столкнулись с изменением ряда ключевых условий, которые привели к уменьшению реальных объемов поставки ПНГ до объемов не превышающих гарантируемых объемов переработки ПНГ.",40
Генеральный директор,"Общероссийский общественный благотворительный Фонд «ORGANIZATION» (PERSON) «CONTACT] в рамках программы Дети [OBJECT] помогает сиротам, сиротам и беженцам, которые живут под обстрелами уже не первый год.",41
Блок технического директора,«PERSON] направил Вам Акт сверки расчетов за период с [DOCUMENT_NUMBER] за период между [ORGANIZATION» и [LOCATIION) за период до [DATE_TIME] по [DAATЕ_ТИME] между «ORГАNIЗATIОN] и «LOCE_TIME_NUMБER] в адрес [OРГANIIZАTIOН] ,42
Блок технического директора,"Правительство проверило правильность оформления заявительного заявления на допуск в эксплуатацию (временного разрешения) энергетической установки, которая должна быть выдана в соответствии с правилами технологического присоединения к электрическим сетям. Эксперты отмечают, что в результате проверки правильности оформления соответствующего заявления установлены следующие несоответствия и (или) отсутствие необходимых документов, в том числе справка о выполнении технических условий, предусмотренная проектной документацией.",43
Блок директора по портфелю,«ORGANIZATION] объявил о намерении увеличить поставки нестабильного конденсата на III–IV кварталы 2025 года в полном объеме для актуализации предложений по переработке нестабильных конденсата и нефти на III—IV квартала 2025 года.,44
Блок директора по персоналу,Российский рынок труда определяет государственную политику на российском рынке труда и проводит Всероссийский опрос работодателей для определения государственной политики на рыночном рынках труда.,45
Блок директора по строительству,"Объявление о согласованности работ по обустройству кустовых площадок, строительству линейных объектов (в т.ч. линий электропередач, трубопроводов, линии электропередач), месторождений и других объектов.",46
Управление по проектным работам,«PERSON» назначен руководителем авторского авторского надзора за строительством объектов «ORGANIZATION] АКЦИОНЕРНОЕ ОБЩЕСТВО No [DOCUMENT_NUMBER] Акционерное ОБЩество «OРGAANIЗATIОN] «CONTACT» Начальнику управления по проектно-изыскательским работам и взаимодействию с надзорными органами «COnTACT».,47
Блок директора по проектированию,Врио генерального директора [ORGANIZATION] согласовывает техническое задание на разработку объекта недра собственных проектов и добыве углеводородного сырья на объекте недра.,48
Блок директора по строительству,«PERSON» просит согласовать отпуск питьевой воды в объеме «FINANCIAL_DATA] м3/сутки с куста бИ для обеспечения жизнедеятельности вахтового жилого городка нашего Общества.,49
Блок технического директора,"Техническому директору «PERSON» сообщается, что в производственную программную программу по организации ТО и ТР АСУТП, КИПиА, ОПС, СТВН на 2025 г. включена дополнительная единица автотранспортной техники. С учетом внеплановой мобилизации автотранспорта и длительного срока оформления пропусков на автотранспорт и водительского состава, ориентировочная дата выхода дополнительной единицы.",50
Блок директора по портфелю,Техническому директору [ORGANIZATION] «LOCATIAL_DATA] «PERSON» (PERСON) «ORГANGIZAТИON_LOCIAL-DATBE_TIME] «ATTACHCHMENTS] (ATTACHMENGTS_PERSE_TIME) «PERSON/PERRSOН] (PerSОN) может быть,51
"Проект ""Нефтяные краюшки""",Нефтяные оторочки в Яуаплылыгы сикльбеггинтересте. Заказчики просят предоставить количество и диаметры приходящих снаружи кабелей в Блок-бокс насосной метанола (DOCUMENT_NUMBER) и количество входящих с снаружей кабелей.,52
Блок директора по мощностям,"Директор по введению новых мощностей компании «ORGANIZATION» приглашает участие в техническом семинаре компании «PERSON», который пройдет в Санкт-петербурге.",53
Блок технического директора,"В рамках реализации дорожной карты Министерства промышленности и торговли Российской Федерации к контрольно-измерительному оборудованию отнесен анализатор для определения содержания хлорорганических соединений (ХОС) в нефтяной отрасли по ГОСТ 33342, ГОСТ Р 52247 (метод Б, арбитражный), с поручением ПАО [ORGANIZATION] НЕФТЬ импортозамещения контролно- измерительного прибора (DOCUMENT_NUMBER).",54
Управление по проектным работам,"Система телевизионного мониторинга (далее – СТМ), которая должна быть оснащена системой телевизионного контроля (дале – СТБ), просим Вас рассмотреть и согласовать перечень объектов, подлежащих оснащению СТМ и предлагаемые технические решения по организации системы в целом, а также характеристики проектируемого оборудования СТМ в целесообразном порядке.",55
Блок директора по проектированию,«ORGANIZATION] просит авторский надзор за реализацией проектных решений по разработке нефтяных месторождений Европейской части Российской Федерации (ORГANIIZAТИON) предоставить исходные данные за второй квартал «DATE_TIME] по нефтяным залежам [OBJECT] согласно приложению.,56
Блок заместителя генерального директора по безопасности,"В Тюменской ОБЛАСТИ пройдет Региональная Конференция по теме Актуальные вопросы развития системы управления охраной труда – 2025 (далее Конференции), на которой будут рассмотрены самые актуальные вопросы формирования и развития систем управление охранной труда — 2025.",57
Блок технического директора,«ORGANIZATION] выдает согласованный объем нефтяной нефти для обеспечения объектов «OBJECT» и обеспечения инфраструктурных объектов в ближайшее будущее. «PERSON» выражает свое почтение и заинтересованность в долгосрочном сотрудничестве.,58
Управление по проектным работам,Общество с ограниченной ответственностью «ORGANIZATION» опубликовало письмо с замечаниями в формате ЛКП и ответы на замечания по объекту «OBJECT] в формату ЛКП.,59
Блок технического директора,Руководителям организаций (по списку) просят не позднее не поздно позднее направить планируемые объемы поставок сырья на II–IV кварталы 2025 года с разбивкой по месяцам. Об объемах поставки сырья в систему переработки «ORGANIZATION] на II—IV квартала 2025 года.,60
Проект «Обустройство объектов Новой нефти»,Руководителю МТР аннулировано согласование стоимости МТР. Взамен этих смет будет направлено новое согласование.,61
Блок бизнес-директора,ПАО [ORGANIZATION] нефтяная корпорация (PERSON) утвердила матрицу распределения ответственности между производственными Блоками дочернего общества для реализации договора видеоаналитики бурение и ТКРС (ATTACHMENTS) при реализации сделки видеоаналитикии и распределении ответственностей между дочерними предприятиями дочерней нефтяной отрасли (ПАО «ORГАNIЗATIION нефтяного концерна) в рамках,62
Блок технического директора,"Объемы работы по капитальному ремонту и модернизации автономных источников электроснабжения, в том числе ДВС (негарантированный объем) могут быть представлены в соответствии с Техническим заданием.",63
Блок технического директора,Налоговый кодекс Российской Федерации (НДФС) РФ устанавливает порядок оформления первичных учетных документов за весь период поставки газового стабильного (нефтяного стабильного) конденсата газовогостабильного в адрес «ORGANIZATION» в соответствии с требованиями Налогового кодекса Российскей Федерации.,64
Блок операционного директора,Операционный директор «ORGANIZATION] Операционного директора требует согласовать производство работ на объектах в период выходных и праздничных дней с 16:30 по 08:30 часов. Операционный директор требует разрешить производственные и организационные трудовые рабочие дни с 16 и 30 часов в выходные и выходные.,65
Блок директора по мощностям,Начальник Управления супервайзинга требует принять к учету исправительный пакет документов для уточнения скважины согласно изменению производственной программы скваженного ввода новых мощностей на сумму [FINANCIAL_DATA] на сумме «FINАNCIАL_ДATA» на сумма [FИНAНCIAЛ_DАTA] и акта выполненных работ.,66
Блок директора по мощностям,"В связи с острым дефицитом КРС на Уренгойской группе месторождений, «ORGANIZATION] просит рассмотреть возможность предоставления следующих единиц специализированной технической техники, а также согласовать допуск на кустовой площадке «OBJECT».",67
Блок директора по персоналу,Московский многопрофильный многопрофильное многопрофильно колледж «ORGANIZATION» принял участие в производственной практике 3 курса очной формы обучения многопрофильного колледжа по специальной специальности [PERSON] в рамках учебно-производственной практики.,68
Блок директора по строительству,Работники подрядных организаций не применяли СИЗ на рабочих местах. В целях предотвращения этих нарушений проведен внеплановый инструктаж по правилам применения СИЗ и Стоп-час с персоналом по обращению с металлической бойковой согласно акту No [DOCUMENT_NUMBER] (неприменение работниками СИЗ).,69
Блок заместителя генерального директора по безопасности,"Общество с ограниченной ответственностью «ORGANIZATION» требует согласования пропусков на транспорт возраст, которого превышает 10 лет. Экспертная группа по БДД требует, согласовав пропуски на транспорт, который превышают 10 лет, и согласовывать пропуски не будут.",70
Генеральный директор,"В селе [LOCATION] состоится Слет местных отделений местного движения, который создаст условия для развития и реализации социальной, творческой, интеллектуальной и гражданской инициативы, актуализации их гражданской позиции посредством активного вовлечения в деятельность движения «REGION».",71
Управление по проектным работам,Научный руководитель по НИР и взаимодействию с надзорными органами (PERSON) обратился с просьбой откорректировать задание на строительство технологического переоборудования по объекту Техническое переоборудование с несущего м-р.,72
Блок директора по мощностям,"Начальнику управления внутрикабинной аналитики «ORGANIZATION» «PERSON] поручено обеспечить системой внутрикабинной аналитики транспортных средств флота ГНКТ системами внутрикабинской аналитики. Транспортные средства, подлежащие оснащению СВА в рамках исполнения ДС, согласованы с ЕОЛ по договору. Дорожная карта по оснаЩению SВА утверждена ЕОЛ.",73
Блок деректора по газу,«PERSON» не смог выполнить плановые показатели по добыче углеводородов в рамках добычи нефти и газа в рамки «YEAR». По итогу работы текущего года ожидается невыполнение вышеуказанных плановых показателей по добытке углеводородной продукции.,74
Блок директора по проектированию,"ООО Инженерно-технологический сервис согласилось заключить дополнительное соглашение к Договору от Газпромнефть-Заполярье о частичной перераспределении негарантированного объема в гарантированный объем. Директор по геологической разработке, концептуальному проектированию – Главному геологу ГазпромНефть- Заполярье «PERSON] на [DATE_TIME] о заключении дополнительного соглашения.",75
Блок директора по строительству,"Генеральному директору «PERSON» просим подтвердить компенсацию возможных понесенных денежных затрат в связи с отсутствием давальческого металлопроката, который окажется не востребованным для изготовления оснований под титульные сооружения «OBJECT».",76
Блок директора по строительству,"«ORGANIZATION] заинтересовано в выполнении ремонтных работ на УКПГ-14 без НДС, в том числе: ремонт сепаратора С-301Н У КПГ-14, монтаж теплообменника (нефть-ДЭГ) на УПКГ-15 ориентировочно без Ндс. Эксперты считают, что ориентировочная стоимость услуг составит [FINANCIAL_DATA] без НДД.",77
Блок директора по мощностям,Компания «ORGANIZATION] предлагает снизить суточную ставку работы партии ГТИ и провести совместное совещание с целью оптимизации затраченных затрат на сервис геолого-технологических исследований в любое удобное время.,78
Блок деректора по газу,«PERSON] обратился к Вам с просьбой пролонгировать банковскую гарантию по истечению срока действующей первоначальной БГ. Это произойдет из-за сложившейся ситуации.,79
Блок директора по мощностям,Начальник отдела по бурению «ORGANIZATION] «PERSON» направил Вам акт работоспособности систем пожаротушения и электрооборудования в административно-бытовых и жилых жилых вагон-домах специалистов службы супервайзинга «OРGAНIZАTIOН» на объектах филиала «LOCATIОN».,80
Блок директора по строительству,"Начальник отдела по строительству площадных объектов «ORGANIZATION] «PERSON» попросил отпустить давальческие материалы по договору подряда с [ORГANGIZAТИON», который предусматривает получение давальческих материалов согласно прилагаемой заявке на получение материала согласно приложаемой ранее заявке.",81
Блок заместителя генерального директора по безопасности,Начальник отдела операционной деятельностью по экологической безопасности НИИ ЭКОЛОГИИ И РАЦИОНАЛЬНОГО ИСПОЛЬЗОВАНИЯ ПРИРОДНЫХ РЕСУРСОВ объявил об увольнении главного инженера «PERSON» о смене единого ответственного лица.,82
Блок директора по мощностям,Исполнитель не имеет права уступать права и обязанности по Договору без предварительного письменного письменного согласия Заказчика в случае уступки права требования по Доглашению без предъявления письменного соглашения Заказчику.,83
"Проект ""Новая нефть""","«ORGANIZATION] признано успешно прошедшим процедуру подтверждения соответствия требованиям технической политики в области надежности системы бесперебойного питания по номенклатуре Системы бесперебочного питания, изготовленные по «DOCUMENT_NUMBER] ТУ.",84
Блок заместителя генерального директора по защите,Работник «ORGANIZATION» был вынужден провести претензионную деятельность в связи с нарушением пропускного и внутриобъектового режимов на объектах «OBJECT».,85
Блок директора по мощностям,Супервайзерская компания «ORGANIZATION] предоставила информацию премирования персонала за ускорение при строительстве скважин на основании Договора No [DOCUMENT_NUMBER] от [DATE_TIME] на объектах строительства скваженных объектов в 2024 году.,86
Блок директора по мощностям,Московский филиал «LOCATION-REGION] заканчивает работы по строительству скважины «NUMBER» на КП «NUMБER] ТЛУ для выполнения ВМР и выполнения ДМР в соответствии с заключенным Договором подряда на бурение эксплуатационных скваженных мощностей.,87
Блок операционного директора,"Общество с ограниченной ответственностью «ORGANIZATION» просит согласовать проведение охранных и охранных работ в двухсменном режиме в праздничные дни в двухсном режиме, в двух сменном режимном режимах в праздничных днях.",88
Блок деректора по газу,«PERSON] дополнительное соглашение к Договору на оказание процессинговых услуг на подготовку газа горючего горютого природного [OBJECT] для передачи на иждивение «FINANCIAL_DATA] на их иждьбение.,89
"Проект ""Восточный""","«PERSON» не удаляет транспортных средств, которые являются подрядными организациями и не будут удаляться из-за несогласованного проезда транспортного средства. В ответ на письмо от подрядных организаций «ORGANIZATION] О согласовании проезда следующих транспортных иномарок.",90
Проект сервиса скважин,Проектная документация на строительство боковых стволов в эксплуатационных газовых скважинах «OBJECT» должна быть разработана в рамках утвержденного Департаментом «ORGANIZATION задания на разработку проектной документации на строительства бокового ствола в эксплуатационные газовые скважины.,91
Блок деректора по газу,"Директор по газу «ORGANIZATION] сообщил, что подача воздуха в каждый отсек может осуществляться двумя приточными установками (рабочей П1 и резервной П2), а таким образом подача газа осуществляется одновременно двумя прыточными установками.",92
Блок деректора по газу,Объявлены прогнозные вводы ДКС в соответствии с проектными параметрами по объектам «ORGANIZATION» в соответствие с проектным параметрами и прогнозными вводами ГПА на перспективных ДКС по годам.,93
Блок заместителя генерального директора по имуществу,"ПАО [ORGANIZATION] НЕФТЬ (ПАО «ORGIZAATIOН] НЕFТЬ) РАСПОРЯЖЕНИЕ об утверждении и введении в действие типовой формы договорного документа. Обязывается создать унифицированную форму услуг по организации проведения испытаний новых технологий на объектах ПАО «ОRGAANIЗATIION» В целях оптимизации процесса согласования договорных документов ОБЯЗЫВАЮ, создания унифицированной",94
Блок технического директора,"Организация более своевременного планирования объемов сдачи нефти в МН ВСТО пройдет в ближайшее воскресенье, 29 апреля, по запросу [ORGANIZATION] «TIME» ирк. вр., в котором планируется обсудить вопросы организации более качественного и своевременнного планирования нефтяной промышленности.",95
Блок заместителя генерального директора по безопасности,"Минприроды разграничает предметы нормативного правового регулирования приказа Минприрода России об установлении форм и содержания акта о ликвидации или консервации горных выработок, буровых скважин, связанных с использованием недрами, а также порядок подписания акта.",96
"Проект ""Обустройство площадных объектов НГКМ Поменбше""","Дополнительное соглашение на выполнение комплекса работ по строительству нефтегазовой инфраструктуры Восточной Сибири, в том числе Дожимной насосной станции «OBJECT» и Дожимная насосная станция «ORGANIZATION». Дополнительного соглашения на строительство нефтегазовых объектов Восточного Сахалина может быть заключено в рамках соглашения от «DATE_TIME».",97
Управление по проектным работам,Нефтяные резервуары вертикальные стальные резервуарды вертикальных сланцевых объектов (OBJECT) — резервуарные вертикальные и сланцевые резервуалы объекта «NUMBER] и резервуари вертикальные стальные объекты (ORGANIZATION) — в ближайшее воскресенье.,98
Блок технического директора,"«PERSON] аннулировал личный личный i-пропуск по КПП «NUMBER» в «OBJECT». Это означает, что сотрудник охранной охраны аннулирировал личные вещи, а таким образом был внесен в черный список.",99
"Проект ""Нефтяные краюшки""","Компрессорная установка «OBJECT» является однокорпусной, двухсекционной с промежуточным охлаждением между секциями со степенью сжатия ниже 9, которая требует согласования газодинамических характеристик секций компрессора на переходных режимах работы.",100
Управление землеустроительных работ,ПУБЛИЧНО-ПРАВОВАЯ КОМПАНИЯ «ORGANIZATION] (ППК «OРGАNIЗATIОN] внесена в Единый государственный реестр недвижимой недвижимости (ЕГРРЕ) в соответствии с приказом о внесении сведений о публичном сервитуте в соответствие с приказа от [DATE_TIME] No [DOCUMENT_NUMBER] О государственной регистрации недвижимости.,101
Генеральный директор,"Организация очистки производственных и прилегающих к ним территорий требует проведения субподрядных и субподрадных организациями очисток территорий, мест проживания и ВЗиС, расположенных в границах [LOCATION] филиала «ЛOCАTIOН». В целях поддержания благоприятной окружающей среды, соблюдения требований в области охраны окружающей середы, просим вас организовать проведение подрядными исубподрядными организациями обработки отходов.",102
Блок директора по мощностям,"Финансовый директор «ORGANIZATION_NUMBER] рассматривает возможность опережающей оплаты следующих объемов работ по Договору No [DOCUMENT_NUMБER] в полном объеме на сумму [FINANCIAL_DATA] с НДС, а также возможность проведения опереживающей оплате.",103
Управление землеустроительных работ,"Генеральный руководитель [PERSON] Геннадий Колокольцев рассчитывает получить государственную регистрацию на основании заявления о предоставлении государственной регистрации в соответствии с пунктом 15 Правил подготовки, рассмотрения и согласования планов развития горных работ в соответствие с пунктами 15 и 16 Правил.",104
Блок технического директора,"Общество с ограниченной ответственностью «ORGANIZATION] направил Вам соглашение об исключении вноса (ввоза, использования мобильных устройств и средств позиционирования на территории опасных производственных объектов, содержащих нефтепродукты) на территорию опасных промышленных объектов.",105
Блок технического директора,"«ORGANIZATION] заключил договоры по освоению скважин через сепарационную инсталляцию на месторождениях, в том числе по освоении скваженных месторождений. Размер выплат составит 0,00 руб.",106
Генеральный директор,"Администрация муниципального района «ORGANIZATION» требует помощи в подсыпке дорожного покрытия, которая создает угрозу безопасности дорожного движения, увеличивает риск ДТП и существенно затрудняет транспортное сообщение между районами.",107
Генеральный директор,"ПАО [ORGANIZATION] выступит генеральным партнером проекта по освоению континентального шельфа «OBJECT] 2025 (далее – Форум), который пройдет в рамках деловой программы форума.",108
Блок директора по мощностям,"«ORGANIZATION] опубликовал протокол День Качества, в котором были приняты поправки к Договору No «DOCUMENT_NUMBER] на объектах строительства скважин на основании Договора No [DATE_TIME] при строительстве, реконструкции, бурении скваженных объектов.",109
"Проект ""Новая нефть""",УКЦ «OBJECT» откорректировала документ «DOCUMENT_NUMBER] ПМ1 на компрессорную центробежную установку компрессорной центробежной «ORGANIZATION» по полученным замечаниям к программе приемочных испытаний.,110
Генеральный директор,"Генеральному директору [ORGANIZATION] Сергею Собянину, который ранее сообщал о пролонгации договоренностей по аренде действующих объектов арендной аренды, сообщается, что стороны всегда находили разумные компромиссы, учитывающие взаимные интересы и принимали ответственные решения, учитывая взаимные разногласия.",111
Управление по проектным работам,"Реконструкцию объекта капитального строительства «OBJECT» может быть выполнено в рамках СанПиН «FINANCIAL_DATA», который предусматривает разработку градостроительного плана земельного участка, предназначенного для размещения объектов капитального строительного строительства.",112
Блок заместителя генерального директора по защите,Заместителю генерального директора по корпоративной защите «ORGANIZATION» «PERSON] рассмотрена рабочая документация на Куст нефтяных скважин No [ID] Куста нефтяного скважина No [OBJECT] Кустнефтяные скважи No «ID».,113
Блок заместителя генерального директора по организационным вопросам,"Генеральному директору «ORGANIZATION] требует увеличения лимита на горячее питание в регионах с целью получения представительности выборки индексов потребительских цен (тарифов), входящих в состав основного единого 14-ти дневного меню.",114
Блок директора по мощностям,«ORGANIZATION] предоставил ориентировочных коммерческих предложений по мобилизации дополнительной буровой установки для строительства скважин на [OBJECT] для скваженных скважей на скваженом «OBSJECT». В связи с низкой активностью запущены закупочные процедуры по открытому запросу предложений на электронной торговой площадке [ORГANGIZAТИON».,115
Блок технического директора,Общество с ограниченной ответственностью [ORGANIZATION] продлит вахту для энергетика для электроэнергетика в связи с плановой проверкой по электробезопасности объекта и проверкой электробезопасность объекта.,116
Блок технического директора,"Московский физико-технический институт (МФТИ, Физтех) объявил о намерении выполнить исследования по подбору оптимальной технологии сгорания газа в полном объеме, согласно полученным входным и ожидаемым данным в полнот объеме.",117
Блок заместителя генерального директора по безопасности,"МЧС Москвы потребовал предоставить заверенные копии документов, удостоверяющих право собственности на здание столичной столовой в ЯНАО и право пользования земельным участком на котором расположено указанное помещение. Эксперты говорят, что на основании данного материала проверка происходит на регулярной основе: приготовление пищи, приготовления пищи.",118
Управление землеустроительных работ,"О согласовании местоположения границ земельных (лесных) участков на территории участка федерального значения, включающего [ORGANIZATION] на территорию участка недр федерального назначения (OBJECT).",119
Проект «Обустройство объектов Новой нефти»,Руководитель проекта «PERSON» Руководителем проекта является руководитель ООО [ORGANIZATION] Сергей Мозгов обратился с просьбой поблагодарить свою компанию за сотрудничество и выразить свое уважительное отношение к своему руководителю. Компании было предоставлено письменное письмо рег. No[DOCUMENT_NUMBER] от [DATE_TIME] в связи с этим письмом.,120
Блок директора по мощностям,"«ORGANIZATION» согласился заключить дополнительное соглашение к Договору No [DOCUMENT_NUMBER] к действующему Договоренному договору, предусматривающему перевод негарантированного объема и стоимости работ в гарантированный объем и сумму НДС.",121
Блок директора по мощностям,"Общество с ограниченной ответственностью «ORGANIZATION» согласилось заключить дополнительное соглашение к Договору No[DOCUMENT_NUMBER]/DATE_TIME на оказание сервисного сопровождения при наклонно-направленном и горизонтальном бурении и технологическому сопровождению при включения ставки Ясс 172-170 мм в Техническую колонну 295,3 мм.",122
Блок заместителя генерального директора по безопасности,"Директор ЦМК «ORGANIZATION» сообщил, что в ближайшее воскресенье будут отправлены бригады скорой медицинской помощи на объекты «OРGAНIZАTIОN» и обещают предоставить информацию о расположении постов скорой медпомощи по указанным координатам.",123
Управление по проектным работам,"Для уточненного гидравлического расчета системы сбора с кустов скважин по ТЮ необходимо предоставить следующие данные, необходимые для выполнения гидравлических расчетов системы сборов кусов скважников по Тю.",124
Генеральный директор,Решение Межведомственной комиссии по охране труда РС (Я) по профилактике производственного травматизма при дорожно-транспортных происшествиях направлено руководителям организаций Саха (Якутия) для выполнения дальнейшего исполнения. В соответствии с этим руководителям даны рекомендации для дальнейших исполнений.,125
Блок деректора по газу,«PERSON] просит рассматривать возможность применения электронагревателей производства «ORGANIZATION» при изготовлении стойки управления СГДУ в рамках реализационных проектов «PROJECT» в составе компрессорного агрегата.,126
Управление коммуникаций,Ямало-Ненецкий автономный округ Ямальский район Ямальское общественное движение коренных малочисленных народов Северного Кавказа «LOCATION] Ямальского районного общественного движения коренныхмалочисленных малочислених народов Северо-Восточной Сибири (LOCION) обратилось в Ямал о целевом использовании денежных денежных средств в благотворительную помощь No [DOCUMENT_NUMBER] в рамках договора о благотворительной помощи No «DATE_,127
Управление по проектным работам,"Научно Исследовательский Проектный Институт нефти и газа «ORGANIZATION» (ООО НИПИ НГ (ORГANIIZAТИON) устранил предписание по корректировке проектной документации объекта «Куст скважин No [NUMBER] и подтвердил положительное заключение экспертизы документации, получившей положительное заключительное заочное заключение Градостроительного кодекса Российской Федерации).",128
Блок заместителя генерального директора по безопасности,"Сотрудники топливно-энергетических предприятий и предприятий должны будут получать дополнительное профессиональное обучение, если это нужно для выполнения их обязанностей, а также проходить повышение профессионального подготовки на курсах Гражданской обороны и Охрана труда. Если обучение касается гражданской обороны или гражданской защиты объекта, то сотрудники должны пройти повышения квалификации только в учебных центрах МЧС, других федеральных органов власти или учебно-методических центр",129
Блок операционного директора,"Добыва сточной воды перед закачкой в поглощающий горизонт на ЦПС «OBJECT» готовит план сличительных испытаний по сточную воде перед закачками в поглошающий горизонт, а таким образом подготовит план совместного отбора проб сточных воды на соответствие требованиям [STANDARD].",130
Блок технического директора,"Техническое освидетельствование должностным лицам «ORGANIZATION» может быть изменено на основании Федерального закона (ФНиП 536). При определении срока Технического Освидетельствования следует учитывать скорость коррозии, скорости коррозия и скорость скоростей коррозией.",131
Генеральный директор,ПАО «ORGANIZATION» (ПАО «PERSON] провела выездную сессии по формированию стратегии развития функции Добыча инфраструктура и операционная деятельность в городе [LOCATIОN] с участием Технических директоров нефтегазодобывающих предприятий группы компаний «OBJECT» технического директора нефтегазовой отрасли.,132
Блок заместителя генерального директора по безопасности,"Генеральному директору [ORGANIZATION] Геннадию Кириленко поручено усилить контроль за соблюдением требований пожарной безопасности при производстве работ на территориях объектов и лицензионных участков Общества, а также усилить контроль за соблюданием правил пожарнойбезопасности при производственных работах на территории объектов, лицензионных участков Общественной охранной службы.",133
Блок заместителя генерального директора по безопасности,"Выездную оценку лицензируемого юридического лица провести по адресам мест осуществления лицензируемего вида деятельность, в том числе взрывопожароопасных и химически опасных производственных объектов I, II и III классов опасности. Определить лиц, уполномоченных на проведение выездной оценки, а также установить, что предметом оценки является наличие необходимых для осуществляемого лицензируемому вида деятельности работников в целях оценки соответствия таких объектов лицензионным требованиям.",134
Блок технического директора,Московский технический директор «ORGANIZATION] подтвердил техническую возможность поставки теплоизолированной обсадной трубы. Это подтверждает техническая возможность изготовления запрашиваемой продукции.,135
Блок директора по мощностям,Компания Петро Инжиниринг (ORGANIZATION) привлекла подрядчика на оказание услуг по приготовлению и инженерному сопровождению буровых растворов на основании договора No[DOCUMENT_NUMBER] в качестве подрядчика на производство химических реагентов (ХОС) в целях предотвращения потенциального загрязнения товарной нефти хлорорганическими соединениями (ХОS).,136
Блок заместителя генерального директора по безопасности,"Руководителям организаций, в том числе руководителям организаций (по списку рассылки), направляем в дополнение к письму Министерства энергетической Российской Федерации с уточняющим прогнозом сроков начала весеннего ледохода на реках севера Сибири и прогнозом наивысших уровней половодья у населенных пунктов Северной Сибирской долины.",137
Блок технического директора,"В трубопроводе Ду700 максимально разрешенное давление достигает [FINANCIAL_DATA] МПа, для обеспечения нормального технологического режима УПНГ ВУ ОНГКМ давление должно быть поднимено до «FINNCIАL_ДATA» МПа.",138
Блок директора по мощностям,«ORGANIZATION] не был допущен для выполнения профессиональной деятельность в рамках договора No [DOCUMENT_NUMBER] от [DATE_TIME] по причине наличия шайб с жевательным табаком в количестве двух штук и аннулирования пропуска на КПП-0 км.,139
"Проект ""Южный""","Исполнительному директору «ORGANIZATION] (PERSON) «PERСON» (PerSOН) предстоит провести рабочее совещание по рассмотрению текущего статуса подготовки Технических проектов на разработку технологий ТРИЗ в рамках разработки технологических полигонов геологического изучения, разведки и добычи трудноизвлекаемых полезных ископаемых.",140
Блок директора по проектированию,Временно исполняющему обязанности генерального директора по науке «ORGANIZATION] поручено рассмотреть результаты экспертизы предложений по освоению «OBJECT] и [OBSJECT». Временного исполняющего обязанности заместителя генерального секретаря по научной отрасли поручено следующим образом выполнить проектные решения по разработке «OБJЕCT» в рамках работы по бесшовному переходу к функциям заказчика.,141
Блок технического директора,"Администрация [ORGANIZATION] заявила, что в рамках исполнения договора No [DOCUMENT_NUMBER] оказываются услуги по освоению скважин, мобилизации сепарационных установок и демобилизацию сепарационной установок на объектах Заказчика.",142
Блок деректора по газу,«ORGANIZATION] направляет технико-коммерческое предложение на инженерно-техническое сопровождение с постоянным присутствием специалиста и техническое обслуживание ГТД ПС-90ГП-3 в [ORGIZAТИON». Стоимость работ в условиях 2026 - 2028 гг. ориентировочная с возможностью последующего пересмотра.,143
Блок директора по строительству,"В рамках Договоренного договора No[DOCUMENT_NUMBER] компания «ORGANIZATION] проработал вопрос по замене штрафа проактивными мероприятиями, а также предложила установить систему видео аналитики на транспортное средство.",144
Блок деректора по газу,"Компания «ORGANIZATION» изменила порядок сдачи продукции. Для обеспечения выполнения показателей по добыче и подготовке углеводородного сырья, в том числе снижения буферных давлений на устьях скважин и снижения газоконденсатных давлений в устьевых скважинах, требуется прекратить добычу газового нестабильного.",145
Блок директора по мощностям,"Объявлены субподрядные организации по неосновным видам услуг, в том числе по подвозу питьевой воды и подводу питьевого воды. Это ООО, ИП и другие субподрадные организации, которые должны быть согласованы на проведение текущего, капитального ремонта и освоения скважин. Начальник управления внутрискважинных работ [ORGANIZATION] попросил согласовать следующие субподработные организации.",146
Блок директора по мощностям,Начальник управления супервайзинга [ORGANIZATION] попросил согласовать дистанционную рабочую деятельность руководителя супервайзерского агентства по строительству скважин на основании Договора No [DOCUMENT_NUMBER] от «DATE_TIME».,147
Блок директора по мощностям,На производственной базе ООО [ORGANIZATION] пройдет комиссионный разбор скваженного оборудования. Это будет связано с проведением комиссионного разбора на производственную базу ООО «PERSON».,148
Блок технического директора,"Генеральному директору [ORGANIZATION] Геннадию Кириленко возмущены затрат в связи с простоем специализированных транспортных средств. В связи со снижением объемов транспортировки нефтяной отрасли, которая была приостановлена по причине отсутствия возможности проезжать по дорогам зоны ответственности, «ORGIZAТИON» несет дополнительные затраты.",149
Управление по проектным работам,"«ORGANIZATION] согласился заключить изменения к накладной No6 к НЗ No6 от «DATE_TIME] на выполнение проектно-изыскательских работ по объекту «LOCATIОN] - Обустройство кусты скважин No[NUMBER] на условиях, согласно приложению к данному письму.",150
Блок директора по строительству,"АО «ORGANIZATION» ОАО «ОРГАNIЗATIОN» С ОГРАНИЧЕННОЙ ОТВЕТСТВЕННОСТЬЮ ИНН, КПП и ГИБДД «OCUMENT_NUMBER] ОАО (ОАО) «OBJECT] «OРГANCIAL_DATA] Компания «PERSON», которая занимается строительством Валажинских нефтяных оторочек «LOCATIION».",151
Управление по проектным работам,"Автодорога от водохранилища [ORGANIZATION] до водохраниждения «RIVER» — проектное заседание на заседании «OBJECT_NUMBER_NUMБER] Проектное обследование автодороги от водо хранилища «ORГANGIZAТИON» до р. [RIVE] до реки «R IVER». Второй этап напавший на проектное обсуждение, напавшая на обследование. «ATTACHCHMENTS]",152
Управление по проектным работам,"Начальник управления по НИР и взаимодействию с надзорными органами «ORGANIZATION» сообщил, что не будет применять ЭХЗ подземных сооружений по объекту [OBJECT] при отсутствии опасного влияния сторонних источников, вызванных сторонними источниками.",153
Блок директора по мощностям,Информацию по негативным высказываниям в отношении предприятий [ORGANIZATION] не подтвердилась. Информация по негативному высказыванию не подтвердалась.,154
Блок технического директора,"Главному энергетику «ORGANIZATION» просят допустить командированного персонала в рамках выполнения работ по бурению и погружению свай, монтажу опор и монтажу провода, в качестве командированного сотрудника в рамке выполнения работы по объекту «Куст нефтяных скважин No[NUMBER] в охранной зоне ВЛ 10 кВ ф. Ф-15 в пролетах опор No[NAME] и разработке траншеи и укладки кабельной продукции.",155
Блок директора по строительству,Подрядчик восстановил сальтированный МТР на сумму более $500 млн и согласовал перемещение МТР в подотчет подрядчика. Финансовый директор по капитальному строительству [ORGANIZATION] требует согласовать перемещение МТР с других подрядных организаций на сумма «FINANCIAL_DATA».,156
"Проект ""Нефтяные краюшки""",Проектная документация на центральную дожимную компрессорную станцию (ЦДКС) товарного газа на центральная дожимная компрессорная станцию товарного  газа (ЦДКС) товаровного газа получена Агенту «ORGANIZATION] на No от «PERSON_NUMBER] на «DOCUMENT_NUMБER] в разработке «OBJECT».,157
Блок заместителя генерального директора по безопасности,"Начальник управления по промышленной, пожарной безопасности, ГО и ЧС рассматривает проект пожарно-испытательного полигона «ORGANIZATION] на полигоне «DATE_TIME» на пожарном полигоне «LOCATIОN». Документ рассмотрен и рассмотрен.",158
Блок деректора по газу,[ORGANIZATION] требует установки мобильной установки подготовки газового конденсата на кустовой площадке «OBJECT». В связи с этим просим отправить «ATTACHCHMENTS] в связи со своим письмом.,159
Блок директора по портфелю,"«ORGANIZATION] согласовывает предложения по добыче [OBJECT] на [QUARTER]-[QUАRTER-[YEAR] в рамках ДРОД с [PERSON» в рамки ДРОД. Эксперты говорят, что «PERСON», согласовавший предложение по добыточной добычи, согласовывается с «DATE_TIME».",160
Блок технического директора,"Объявление о технологических простоях Общества «ORGANIZATION» было сделано протокольным решением технического совещания, которое должно быть выполнено в полном объеме.",161
Блок деректора по газу,«PERSON] подтвердил достоверность измерений объемов товарного газа за [DATE_TIME] в целях подтверждения достоверности измерений расхода газа на «OBJECT] и допуск и участие в формировании интервальных отчетов за месяц вычислителей/систем измерений по каждому измерительному трубопроводу и узлу измерения расходов газа на [CONTACT] «ORGANIZATION» ([LOCATIION) ([CO,162
Блок директора по строительству,Директор по капитальному строительству «ORGANIZATION] просит согласовать забор питьевой воды на кустовой площадке No[NUMBER] для бесперебойного выполнения работ в рамках Договора о заборе питьевого воды в КБИ. Директору по капитальном строительству требуется согласовать согласованную выдачу/выдачу питьей воды.,163
Блок технического директора,"Публичное акционерное общество [ORGANIZATION] планирует провести самооценку по метрологическому обеспечению производства и контролю качества продукции за [DATE_TIME] в рамках XV конференции «Разведки и Добычи», которая пройдет на секции Разведки, Добычы и Разведке и Dобычи.",164
Блок заместителя генерального директора по закупкам,«ORGANIZATION] сообщает о готовности оказать услуги по закачке блокирующих пачек при ТиКРС для временной изоляции пластов ТиКР при ТиКС. В связи с необходимостью дополнительного времени на подготовку своих предложений просим продлить срок окончания приема заявок до [DATE_TIME],165
Проект сервиса скважин,Строительство газовых газовых скважин в эксплуатационные газовые скважены «NAME_OF_FIELD» в эксплуатационных газовых водах «NAAME-OF_FiELD] согласовано с ООО «ORGANIZATION» (ООО «PERSON] (PERСON) в рамках исполнения обязательств по договору No [DOCUMENT_NUMBER] в рамки выполнения обязательства по контракту.,166
Блок технического директора,"«ORGANIZATION] подтверждает техническую возможность дооснащения комплекса необходимым оборудованием и заключает Дополнительное соглашение к договору услуг с включением расценок единичного оборудования, согласованных Сторонами. Дополнительная стоимость составит [FINANCIAL_DATA]/сут и составит «FINАNCIАL_ДATA».",167
Блок заместителя генерального директора по закупкам,"Администрация [ORGANIZATION] обратилась с письмом о передаче документации руководителям «ORГАNIЗATIОN» корреспонденции и корреспонденций, в том числе и к корреспонденциям руководителей.",168
Блок директора по мощностям,"«ORGANIZATION] принял участие во введении новых мощностей на месторождениях, в том числе в рамках договора ГНЗ-[DOCUMENT_NUMBER/P от [DATE_TIME] в рамки договора ГЗ.",169
Блок заместителя генерального директора по безопасности,На месторождении «Металлургический шельф» может быть создан информационный чат по информированию о сложных дорожно-транспортных происшествиях для участников дорожного движения.,170
Блок директора по мощностям,"В связи с острым дефицитом КРС на Уренгойской группе месторождений, «ORGANIZATION] просит рассмотреть возможность предоставления следующих единиц специализированной технической техники, а также согласовать допуск на кустовых площадках бригады КРС в Уренгой.",171
Блок операционного директора,ПАО «ORGANIZATION] (ПАО «ОРГАNIЗATIОN] опубликовало письмо с информацией о сроках начала весеннего ледохода на реках и прогнозе наивысших уровней половодья в реках.,172
"Проект ""Новая нефть""",В рамках изготовления маслоохладителей просим Вас согласовать замену термопреобразователей температуры производителя на термопреобразователи производства «ORGANIZATION». Замена связана с чрезмерно длительным сроком поставки датчиков.,173
Блок директора по строительству,"Подрядчик, управляющий вахтовом жилым городком «OBJECT», требует предоставить железобетонные плиты с бывшей вертолетной площадки для устройства переездов че через подземные коммуникации и обустройство ВЖГ Подрядчика.",174
Блок директора по строительству,"Начальник управления капитального строительства «ORGANIZATION» сообщил, что в рамках выполнения договора подряда на ежеквартальную ОЭДК действует ежеkвартальная OЭДК на ежегвартальный период. По его мнению, на сегодняшний день действует ОЭД на ежегодный срок.",175
Проект сервиса скважин,"Компания «ORGANIZATION» требует согласовать вывоз вагон-дома, контейнеров (2шт. без номеров) и оборудования, согласно заявке, согласовав вывезти вагон-дом, контейнеры (2шт,без номеров), а также согласовать его вывоз на территорию г.[LOCATIОN] по маршруту «OBJECT]-[LОCAТИON] в г. [ЛOCАTIOН».",176
"Проект ""Нефтяные краюшки""","О согласовании местоположения границ земельных (лесных) участков на территории участка федерального значения, включающего [OBJECT] (дополнительный отвод земель под объекты нефтяной и газовой части [ORGANIZATION] на территорию участка недр федерального назначения, предоставленного «DATE_TIME] в соответствии с лицензией от [DATBHMENTS] от [PERSON».",177
Блок директора по мощностям,"На скважине No[NUMBER] [OBJECT] (КП-[NUMБECT) ожидаемая наработка составляет [FINANCIAL_DATA] часов вращения, что является нарушением периодичности инспекции бурильного инструмента согласно Договору DS-1, не ниже 4 категории, не более чем через каждые 450 часов вращания ВСН/ротором.",178
Блок технического директора,"Техническому директору [ORGANIZATION] Столярову просим провести индексацию тарифов в рамках договора на оказание услуг по обслуживанию пассажироперевозящей, грузоперевозяющей техникой и оперативным транспортом от «DATE_TIME] No [DOCUMENT_NUMBER] в связи с повышением заработной платы работников.",179
Блок деректора по газу,Директору по газу «ORGANIZATION] требуется подтверждение достоверности измерений объемов товарного газа за [DATE_TIME] в целях подтверждения достоверность измерений расхода газа за месяц.,180
Блок директора по мощностям,«ORGANIZATION] предлагает снять ограничительные требования и допустить на заезд следующих сотрудников для участия в производственных работах на объектах капитального ремонта и исследования скважин.,181
"Проект ""Нефтяные краюшки""","В связи с увеличением внутреннего диаметра линии всасывания газа (1 секция) на линию нагнетания газа (2 секции) предлагаем рассмотреть возможность переноса расходомерного устройства из укрытия на линии нагнетание газа 2 секции, что позволит сохранить межосевое расстояние между патрубками, а также сократить затраты.",182
Блок технического директора,"В рамках капитального строительного строительства, в рамках которого находимся в строительстве электроустановок, просим допустить электротехническую бригаду в качестве персонала строительно-монтажной организации, согласно главе 47 правил по охране труда при эксплуатации электроустановленок.",183
Блок директора по строительству,"Директор филиала [ORGANIZATION] назначен «PERSON», который является директором филиала «LOCATIОN». Филиал «ORГAНIZАTIOН» официально зарегистрирован директором.",184
Управление по проектным работам,Начальник управления по проектно-изыскательским строительством просит рассмотреть откорректированный генеральный план на период бурения КП-5 для газовых скважин и дать замечания в ЛКП. Ответственность за нарушение требований надзорных органов может быть направлена и в ближайшее будущее.,185
Блок заместителя генерального директора по безопасности,"Место проведения соревнований «EVENT» в номинации [NOMINATION] может быть согласованное в рамках конкурса «EvENТ», который пройдет 21 сентября.",186
Блок директора по мощностям,Исполнительному директору по обеспечению работ и услуг «ORGANIZATION] «PERSON» благодарственное письмо Благодарственное письма Исполнительного директора по вводу новых мощностей ООО [ORГAНIZАTIOН] «CONTACT» «OРGAANIЗATIОN».,187
Блок заместителя генерального директора по безопасности,"ПАО [ORGANIZATION] нефть требует в срок подготовить предложение по внесению изменений в «STANDARD 138-2013 Нормы накопления, хранения, освежения и использования средств индивидуальной защиты в дочерних обществах и организациях «ORГAN IZAТИON» 138-2013, утвержденное распоряжением «OРGAНIZАTIОN] 138-2013».",188
Управление по проектным работам,Научно Исследовательский Проектный Институт нефти и газа «PERSON» (PROSPECT) (PROCATION) отправили материалы на пересечение и параллельное следование проектируемыми сооружениями Трубопровод нефтегазосборный к.2-т.вр.к.2 с существующим газопроводом «OBJECT» и «АTTACHMENTS] с существующего газопровода «ORGANIZATIОN] (ATT ACHMENETS,189
Блок директора по мощностям,"Начальники управления по бурению «ORGANIZATION» просят отозвать предъявляемые ранее требования, связанные с непроизводительным временем по скважине свыше 6-ти часов. На основании этих требований просим отозваться, учитывая отсутствие оснований для ответственности Подрядчика за непроизводительное время.",190
Блок директора по мощностям,Федеральный автозимник [OBJECT] находится неудовлетворительным состоянием уже в первой декаде этой недели по причине аномально теплой зимы и соответствующего соответствующего метеопрогноза. Для этого предлагается согласовать заезд автотранспорта без оформления пропускного режима на пикете «ORGANIZATION».,191
Блок заместителя генерального директора по безопасности,"Сотрудники Научного отдела по экологической безопасности «PERSON» требуют медицинского освидетельствования на наркотическое опьянение, так как сотрудники отрицают употребление наркотических препаратов. Технический директор [ORGANIZATION] требует предоставить медицинское о свидетельствование на состояние наркотического опьянения.",192
Блок технического директора,"Реестр аккредитованных лиц, реестра экспертов по аккредитации и реестра технических экспертных организаций, размещен на официальном официальной странице Министерства ЭКОНОМИЧЕСКОГО РАЗВИТИя Российской Федерации (МИНИСТЕРСТВО ЭКОэкономического развития РОССИЙСКОЙ ФЕДЕРАЦИИ) сообщает о внесении изменений в сведения реестра аккредитованным лиц.",193
Блок заместителя генерального директора по закупкам,"Дополнительное соглашение No1 к проекту Чона нефть Игнялинское НГКМ предусматривает увеличение перечня Блочно-модульной установки подготовки нефти (Проект Чонанефть Игнявинское NGКМ) и увеличение общей суммы договора на рубль 00 копеек без учета НДС, в том числе: гарантированный объем 2026 год – [FINANCIAL_DATA] (сорок девять миллионов девятсот девяносто три тысячи пятьсот девятьсот семьдесят",194
Блок бизнес-директора,Генеральный директор ООО «ORGANIZATION-[OBJECT] рассматривает возможность участия в выездных мероприятиях функции Уполномоченного по правам человека (УППОЭ) сотрудников Общественной палаты (ОПАО) «OРGAНIZАTIOН]-[ОBJЕCT».,195
Блок технического директора,«PERSON] согласился заключить дополнительное соглашение No7 с целью приведения к фактическим объемам [DATE_TIME]-[DAТE_ТИME] без изменения срока оказания услуг и сроков действия Договора техническому директору [ORGANIZATION» о возможности заключения дополнительного соглашения No7 к агентскому договору.,196
Генеральный директор,"«POSITION» просит предоставить информацию о численности работающих на территории «REGION», а также динамику изменения численности сотрудников в этих организациях, согласно приложениям к настоящему письму. «PERSON] требует уточнения доходной части муниципального округа на [DATE_TIME] и [LOCATION».",197
Блок заместителя генерального директора по безопасности,"Администрация Московской областной администрации поручила главе местной мэрии представить информацию об установлении санитарно-защитной зоны в Единый государственный реестр недвижимости, а также обеспечить направление сведений, содержащихся в реестре недвижимости в случае установления или прекращения существования зон с особыми условиями использования территорий федеральному органу исполнительной власти, уполномоченному Правительством Российской Федерации на осуществление государственного кадастрового учета, государственной регистрации прав, ведения 2 Единого государственного ре",198
"Проект ""Северная деревня""","Председатель правления проекта «ORGANIZATION» (PERSON) обратился с просьбой предоставить справку недропользователя под размещение объекта «OBJECT] в газопровод КП No[NUMBER] общей площадью [FINANCIAL_DATA] м2, расположенного на территории города «LOCATIОN», где расположен газопровод.",199
Блок директора по мощностям,Совместная противоаварийная тренировка запланирована на КП «NUMBER-G [NGKKM]-G «NGKM» для ликвидации открытых газовых и газоконденсатных фонтанов на КП [NUMБER]-Г [NGКM] на территории Филиала [ORGANIZATION] филиала «OBJECT».,200
Блок директора по мощностям,"«PERSON» согласился на заключение дополнительного соглашения о бурении Ен-Яхинского НГКМ на бурение эксплуатационных скважин по суточной ставке или фиксированной ставке. Соответствующее Соглашение может быть внесено до окончания срока выполнения работ и срока действия Договора, а также в целях повышения уровня производственной эффективности.",201
Блок заместителя генерального директора по безопасности,ГУППА КОМПАНИЙ РАСТАМ Газпромнефть-Заполярье О заключении дополнительного соглашения к Договору No [DOCUMENT_NUMBER] ООО Газпром нефть- Заполярье ООО РАСТам-Экология «Газпромнефти-Запольье» согласилась заключить дополнительное соглашение к Доглашению No 1 к Договоренному договору No «DOCEUMENET_NUMБER] от «DATE_TIME] на No**от** О заключению дополнительного договора No 1,202
Блок директора по строительству,САМОРЕГУЛИРУЕМАЯ ОРГАНИЗАЦИЯ «ORGANIZATION] «CONTACT» САМОРЭГУЛИруемая ОРГАНИКЗАЦия «OРGAНIZАТИON» «COCUMENT_NUMBBER] «PERSON_PERСON-PERR] «ОRGAANIЗATIОN] Мобильные телефонные и мобильные телефонные номера «ОРГАНИЗАЦИЯ» и «,203
"Проект ""Новая нефть""","Исполнительному директору «PERSON» письмом исх.No[DOCUMENT_NUMBER] согласовано основные технические характеристики (ОТХ) аппаратуры «OBJECT», предназначенной для контроля вибрации установки компрессорной центробежной Волга для КС [OBSJECT».",204
"Проект ""Трубопроводный транспорт Главного НГКМ""",Измерение измерения No1 к Наряд-заказу No1 на выполненные работы по объекту «OBJECT» (г. [LOCATION] Изменение измерения к Naряд-Заказу No1) к Нарад-Заказам No1 может быть согласованное со стороны [ORGANIZATIОN] со стороной руководителя проекта.,205
"Проект ""Южный""","Антитеррористическая комиссия Российской Федерации (REGION) информирует о необходимости соблюдения требований, регламентирующих порядок привлечения и использования иностранной рабочей силы в целях своевременного выявления угроз безопасности и недопущения участия иностранных работников в террористической деятельности.",206
Блок заместителя генерального директора по безопасности,"Администрация Федеральной службы охраны окружающей среды (Росприроднадзор) обратилась с заявлением о нарушении обязательных требований законодательства в области охраны экологической среды при оказании услуг по сбору, транспортированию и утилизации буровых отходов для нужд проекта «PROJECT] на «OBJEFT» ООО «ORGANIZATION».",207
Блок директора по строительству,Трубопроводный транспорт Чаяндинского месторождения (МТР) до базиса поставки УПН ЧаяНДинского НГКМ может быть согласован до Базиса поставок УПН до базеса поставки Заказчика. Директор по капитальному строительству требует направить письма с откорректированными объемами кабельно-проводниковой продукции в полном объеме письма NoОП2-715 от [DATE_TIME] о согласовании стоимости МТР.,208
Блок технического директора,ООО МИРРИКО провело ОПИ ПТП сухого типа «OBJECT» на напорном нефтепроводе марки [OBSJECT] т.вп. [OБJЕCT] на напорном нефтепроводном трубопроводе теперь может быть использовано промышленное применение ПТП.,209
Управление землеустроительных работ,"Лечебный госпиталь «Лейчечное госпитальное» учреждение «Лечебный ГКУ «ЛOCUMENT_NUMBER] «ORGANIZATION] [PERSON/LOCATIОN/PERСON» может быть ликвидирована в ближайшее воскресенье, когда будет проведена очередная проверка.",210
Блок заместителя генерального директора по организационным вопросам,"«PERSON] не справится одновременно с приготовлением ДНК и ВЖГ и ДНК на основном меню столовых столовых. В связи с загрузкой основного меню основным меню, персонал столовых не справился одновременно со приготовлением пирогов и пирогов с дегустационными позициями.",211
Блок технического директора,"В соответствии с условиями Договора на оказание транспортных услуг между компанией «PERSON» и Заказчиком, требуется обеспечить надлежащее состояние подъездных путей к месту налива «OBJECT». Это позволит избежать задержек в выполнении производственной программы по вывозу нефтесодержащих жидкостей.",212
Блок заместителя генерального директора по имуществу,"В Оренбургской области могут быть переданы в аренду помещения общей площадью [FINANCIAL_DATA] кв. м в административном здании по адресу улица 60 лет Октября, дом No 11 в Оренбургском городском округе.",213
Блок заместителя генерального директора по закупкам,"Дивизион [REGION] требует от «REGION» реализации дорожной ПДН м-атVI,55 6000x2000x140мм в количестве до [FINANCIAL_DATA] шт. со складов храненияnoc. [CITY] ТМЦ могут быть проданы на сумму более $1 млн.",214
Блок директора по портфелю,"Объемы добычи углеводородов (УВС) на лицензионных участках «ORGANIZATION» могут быть корректированы с учетом периода проведения планово-профилактических работ и смещения сроков проведения ремонтных работ объектов, влияющих на выполнение плановых показателей добыча и поставки сырья.",215
Проект сервиса скважин,"Нафтагаз-Бурение требует согласовать временную эксплуатацию противовыбросового оружия ОП5 350/80х35 на КП Крайнего месторождения с датой окончания стендовой опрессовки на рабочее давление противовыбрасывательного оборудования ОП5 в составе ПК 350/60х35, ППГ2 350/70х35 в условиях мастерских.",216
"Проект ""Нефтяные краюшки""","Главный конструктор газоперекачивающих агрегатов ГПА-16 Волга не требует разработки информационной безопасности в составе САУ ГПА 16 Волга для КС [OBJECT] Главным конструктором ГПА-17 Волга просим подтвердить, что в рамках проектирования газоперекачающего агрегата не требуется разработка проекта информационнойбезопасности. Главный технический руководитель «ORGANIZATION/LOCATIОN/PERSON] может подтвердить информационную безопасность.",217
Управление по проектным работам,"«ORGANIZATION] АКЦИОНЕРНОЕ ОБЩЕСТВО «PERSON» заключает Соглашение о заключении Соглашения о расторжении Наряд-заказа No[NUMBER] по проекту Вахтовый жилой комплекс, на условиях согласно приложению, к настоящему письму.",218
Блок финансового директора,"«PERSON» предлагает Вам согласовать более ранний срок досрочной оплаты по сч/ф [FINANCIAL_DATA] с выигнанной Вам соответствующего возражения на следующих условиях, приведенных ранее.",219
"Проект ""Нефтяные краюшки""",Филиал «ORGANIZATION» передает электронную версию рабочей и сметной документации по объектам «OBJECT» для дальнейшего принятия решения о передаче документации подрядной организацией филиала «OРGAANIЗATIОN] для принятия дальнейших решений о предоставлении электронной версии рабочой и сметной документации филиала.,220
Блок директора по газовым проектам,Компания «PERSON» допускает технику по реализации газовых проектов на «OBJECT» карьера No [NUMBER] для осуществления работ по демонтажу земснарядов и передислокации земснардов и оборудования на карьера «NUMBECT». В настоящий момент на ней истек срок прохождения государственного технического осмотра (далее ГТО).,221
Генеральный директор,В рамках онлайн-семинара Наилучшие доступные технологии в процессах добычи и переработки углеводородного сырья: теоретические и практические аспекты (далее - семинар) будет представлены современные подходы к технологическому нормированию процессов добыча ипереработки сырья и снижению негативного воздействия на окружающую среду.,222
"Проект ""Обустройство площадных объектов НГКМ Поменбше""",Объявление о создании навигационной транспортной инфраструктуры и газового конденсата было подписано со стороны [ORGANIZATION] в рамках Наряд-Заказа No[NUMBER] на строительство площадных объектов. Изменения были подписаны со стороной «ORГАNIЗATIION» в рамки Наряда-заказа No«NUMБER] к договору No[DOCUMENT_NUMBE] на выполнение комплекса работ по строительству объектов,223
Блок заместителя генерального директора по закупкам,"Заказчик и Исполнитель договорились об оказании комплекса услуг по складской и транспортной логистике, а также оказание комплексных услуг по логистику и перевозке пассажиров речным водным транспортом по маршруту, указанному Исполнителем.",224
Блок заместителя генерального директора по безопасности,"«ORGANIZATION] договорился о допуске к работе ППУ «OBJECT» в рамках Договора по допуску к рабочему месту в рамке Договора No [DOCUMENT_NUMBER] (далее – Договор), который предусматривает оказание автотранспортных услуг на передвижной установке.",225
Блок директора по мощностям,"«ORGANIZATION] предлагает исключить из внутреннего ограничительного перечня нарушений ПЭБ, ОТ и ГЗ следующих сотрудников для участия в производственных работах на объектах капитального ремонта и исследования скважин.",226
Блок деректора по газу,"Блок ЗРА ТДА No1 и Тда No2, поставленные на территорию «ORGANIZATION] и субподрядных организаций по газу, расположенный на территории «OBJECT» и находящийся под наблюдением сотрудников «PERSON», может быть отремонтирован в ближайшее воскресенье.",227
Блок заместителя генерального директора по закупкам,"«ORGANIZATION] отозвала Заявку на участие в закупочной процедуре по техническому обслуживанию газотурбинных двигателей «OBJECT] компрессорной станции по компримированию газа. При расчете коммерческого предложения была допущена техническая ошибка, в связи с чем ценовое предложение является некорректным и не может быть реализовано на условиях опубликованной Заявки.",228
Блок директора по проектированию,В Верхневилюганский НГКМ поступит керновый материал из Московского центра исследований пластовых флюидов в исследовательский центр «OBJECT] для проведения исследований образцов кернового материала с пластов юрского горизонта – не менее чем на 100 образц керна размером [FINANCIAL_DATA] мм.,229
Блок заместителя генерального директора по организационным вопросам,"Офисно-общественный комплекс «LOCATION» может быть отключен из-под контроля электробезопасности, а таким образом, не исключено отключение электрооборудования или объекта, требующего отключения электроэнергии. Эксперты считают, что эта угрожающая жизнь людей угрожает здоровью и жизни людей, нормальной рабочей ситуации.",230
Блок директора по проектированию,В рамках заключенного Договора на бурение эксплуатационных скважин по суточной ставке между «ORGANIZATION» и [DATE_TIME] выполняются работы по строительству эксплуатационных станков посуточной ставкой. Это позволит предотвратить отклонения от проектной оси НДС при передвижках на кустовых площадках.,231
Блок технического директора,"ПАО [ORGANIZATION НЕФТЬ» пригласило производителя уровнемеров по категории Измеритель уровня трехфункционального ПРАМЕР-РТ в качестве производителя уровнемера КТ-610 в качестве производителя уровнямеров, применяемого в РиД «ORГAНIZАTIOН».",232
"Проект ""Трубопроводный транспорт Главного НГКМ""",Трубопроводный транспорт Чаяндинского НГКМ в Першину «ORGANIZATION] Першинскому НГК может быть построен совместно с проектом «Трубопроводного транспорта ЧаяНДинского NGКМ». Материалы для строительства объекта будут согласовываться на согласование стоимости Материала: Обустройство напорного нефтепровода от БМУПН до НПС-10. Материал для обустройства «OBJECT] Напорный нефтепровод от БМуПН до «НПС-10».,233
Блок деректора по газу,"Сборочный чертеж теплообменника ГП «NUMBER] и спецификацию теплообменного теплообменник газ-газ «NUMБER», поставленного «ORGANIZATION] в адрес [PERSON». В ответ на письмо «DATE_TIME] No [DOCUMENT_NUMBE] направляем сборочный чертежа теплообменников газа-газ.",234
Блок технического директора,Генеральному директору «ORGANIZATION] поручено подписать дополнительное соглашение к Договору по поставке нефти посредством усиленной квалифицированной электронной подписи.,235
Блок директора по строительству,"В рамках исполнения контракта на выполнение строительно-монтажных работ, в рамках выполнения строительномонтажного проекта в рамки исполнения соглашения на поставку Подрядчика МТР, напав на согласование скорректированной стоимости МТР поставки Подрядчику.",236
Блок директора по мощностям,Буровая буровая бригада готова к передислокации на объекты «ORGANIZATION» с оплатой мобилизации по условиям Договора No [DOCUMENT_NUMBER] в рамках заключенных Договоров о бурении эксплуатационных скважин по суточной ставке.,237
Проект «Обустройство объектов Новейшей нейти»,В рамках договора подряда на выполнение строительно-монтажных работ по объекту [OBJECT] направляю ведомость на поставку металлопроката и согласовываю закупку МТР. «PERSON] согласует стоимость МТР и договорится о согласовании закупки МТР в рамках соглашения подряда No [DOCUMENT_NUMBER».,238
Блок заместителя генерального директора по защите,В связи с сохраняющимися угрозами совершения диверсионно-террористических актов в отношении дочерних предприятий ПАО [ORGANIZATION] необходимо усилить дополнительные меры по обеспечению безопасности объектов и персонала группы компаний ПАО «ORГAN IZAТИON».,239
Блок заместителя генерального директора по организационным вопросам,"«ORGANIZATION] согласовывает установку витражных створок с стеклопакетом и дополнительным ригелем в фасадной части здания «OBJECT» со стороны [PERSON», а также обеспечивает контроль в части гидроизоляции оконных конструкций.",240
Проект сервиса скважин,"Проект интегрированного сервиса строительства скважин «ORGANIZATION» считается нецелесообразным для Подрядчика. Это связано со сложившимися условиями договора, предусмотренного пунктом 10.1 Договора по строительству эксплуатационных скважих газовой залежи «OBJECT».",241
Блок директора по мощностям,"Директору по вводу новых мощностей ООО «ORGANIZATION] Директор по введению новой мощности Директора по вводу нового мощного комплекса ООО [ORГANCIZAТИON» «PERSON», который, по мнению эксперта, может быть признан виновным в неоконченной инженерной подготовке ИЛУ.",242
Блок директора по мощностям,"«PERSON» договорился с Центральным Банком о заключении Дополнительного соглашения No [DOCUMENT_NUMBER] на проведение ремонта скважин с применением ГНКТ. Дополнительное соглашение может быть заключено в рамках Договора, предусматривающего перенос неосвоенного гарантированного объема работ 2024 года в гарантированный объем работ 2025 года в количестве: 1 операция ГИС ПГИ вызов притока азотированием.",243
"Проект ""Нефтяные краюшки""",«ORGANIZATION] (LOCATIОN) (LОCAТИON) для «OBJECT» может быть согласовано применение газовых отопительных технологий для газового рынка (TP TC) в зависимости от объема эксплуатации.,244
Проект сервиса скважин,"Российская бурильная инспекция на КП «NUMBER» Крайнего месторождения была зафиксирована в графике Глубина День на скважине Крайнем месторождении. Эксперты говорят, что в настоящее время наработка на СБТ-[NUMBer] превышает наработку, рассчитанную по часам циркуляции.",245
Блок директора по мощностям,Строительство скважины No[NUMBER] КП [LOCATION] в период активного таяния снежного покрова значительно затрудняет проезд колесного транспорта на подъездном пути и внутриплощадочных проездах объекта.,246
Управление по проектным работам,"Заказчик рассматривает комплект исходных данных на блоки сепараторов первой и второй ступеней, дренажную емкость объемом [FINANCIAL_DATA] куб.м, а также блоки фильтров сепараторов второй, второй или третей ступени.",247
Блок директора по строительству,Московский филиал «ORGANIZATION] выдал технические условий на пересечения с ВЛ 110 кВ КП123 по объекту 1104/14 Обустройство объектов инфраструктуры для реализации проекта по монтажу кабельной вставки ЛЭ-10 кВ по объектам 110-4/14 «Обустройство объекты инфраструктуры».,248
Блок директора по проектированию,"Генеральному директору «ORGANIZATION] «PERSON» «CONTACT» о заключении дополнительного соглашения No 1 к договору от [DATE_TIME] No [DOCUMENT_NUMBER] Генеральному руководителю «ПERSSOН» «ConTACT», который согласился заключить дополнительное соглашение No 1 в связи с индексацией единичных расценок и увеличением общей суммы договора на [FINANCIAL",249
Блок заместителя генерального директора по закупкам,"«ORGANIZATION] принимает участие в перемещении лиц в обязательствах по «SPECIFICATIОN] в рамках мероприятий по перемещению лица в обязательства по договору по поставке. Компания, которая ранее работала на производственной площадке, обратилась с просьбой предоставить документ, подтверждающий принятие представителей в период с [DATE_TIME] по «DOCUMENT_NUMBER] в связи со следствием.",250
Проект сервиса скважин,"Объявлен план корректирующих мероприятий по недопущению преждевременных отказов телеметрического и технологического сопровождения при наклонно-направленном и горизонтальном бурении скважин и забойных двигателей по договорам «ORGANIZATION», разработанный в рамках недобвительной рабочей группы.",251
Генеральный директор,"Публичное акционерное общество [ORGANIZATION] просит обеспечить организацию очной технической сессии по рассмотрению технико-экономических предложений, запланированных на [DATE_TIME] в формате видеоконференции под руководством первого заместителя начальника Департамента ([PERSON), запланированного на ближайшую неделю.",252
Блок бизнес-директора,"Объявление на переустановку заправляемых бензиновых «ORGANIZATION» на сумму три миллиона девятьсот двадцать пять тысяч шестьсот рублей без НДС, облагается НДС в соответствии с законодательством Российской Федерации (20-20).",253
"Проект ""Нефтяные краюшки""","Опросные листы на станционное оборудование (антипомпажный клапан, арматура динамического байпаса, фильтр газовый с люком, фильтр газа перед АПК, фильтр ГАЗовый с Люком), сформированные с учетом обновленных требований для подбора запорно-регулирующей арматуры (ЗРА), указанных в письме «ORGANIZATION] от [DATE_TIME).",254
Блок заместителя генерального директора по защите,"Генеральному директору «ORGANIZATION] предлагается обеспечить надежную охрану имущества сотрудников Вашей организации, а также обеспечить безопасность их родственников, в том числе на период длительного отсутствия.",255
Блок операционного директора,"Общество с ограниченной ответственностью «ORGANIZATION» требует устранения замечаний рабочей комиссии по объекту «OBJECT», входящему в состав строящегося объекта с выделением этапа опытно-промышленных работ.",256
Блок директора по проектированию,"Департамент по недропользованию по Уральскому федеральному округу формирует Перечень участков недр, предлагаемых для предоставления в пользование в «YEAR]-[YEАR] гг. для разведки и добычи полезных ископаемых, обеспечивающих реализацию приоритетных государственных проектов.",257
Блок директора по проектированию,"ФГКУ РОСГЕОЛЭКСПЕРТИЗА не устранило нарушения, допущенные при представлении заявочной документации на осуществление регионального геологического изучения недр. Проектная документация на геологическое изучение недр, включающая поиски и оценку месторождения песка на участке недр [OBJECT] на участке недр «OBSJECT» в «LOCATION] по лицензии на пользование недрами.",258
Блок директора по мощностям,В Новоуренгойском филиале «ORGANIZATION» приступил к завершению этапа монтажа буровой установки «OBJECT» на кустовой площадке поглощающих скважин «OPJECT». При этом «TIME» просит мобилизовать сервисную компанию на кустовую площадку поглощающего скважина с целью начала работ по строительству первой скважины No [FINANCIAL_DATA».,259
Блок заместителя генерального директора по закупкам,"«ORGANIZATION] направил график разработки РКД по блокам сепараторов, блокам разделителей, фильтру насыщенного метанола «OBJECT», блокам отделителей [OBSJECT] и фильтру жидкостному [OБJECT] в рамках реализации мероприятий по перемещению лиц в обязательствах по Спецификациям. «ATTACHMENTS] «AТTACHCHMENGTS» «AtTACHLMENТS]",260
Блок директора по мощностям,"Организация «ORGANIZATION» предоставила своему Обществу возможности оказания услуг по ликвидации дифференциальных и механических прихватов с применением газообразного азота. Это позволяет снизить гидростатическое давление за счет замещения расчетного объема бурового раствора газообразным азотом, инертным газом.",261
Блок директора по мощностям,Генеральному директору [ORGANIZATION] «PERSON» изменяются банковские реквизиты организации в связи с переводом ранее открытых ОБС на Единый ОБС. Речь может идти лишь относительно банковских реквизитов организации.,262
Блок заместителя генерального директора по безопасности,"Сведения о подконтрольных объектах должны соответствовать сведениям, внесенным в ИСТС Инфотех, а также соответствовать сведениями, вносимым в ИСС Infoтех.",263
Блок заместителя генерального директора по закупкам,"Ответственность за отсутствие мероприятий по урегулированию недостачи МТР в рамках годовой инвентаризации «DATE_TIME] будет возбуждено в связи с отсутствием мероприятий, связанных со строительством ВЖК.",264
"Проект ""Северная деревня""","Исполнительному директору «ORGANIZATION] предлагается принятие на баланс участка «OBJECT», построенного силами подрядчика и с использованием МТР подрядчиком. Это может быть связано со строительством участка в пролетах «NUMBER/[NUMБER]/[numBER] в пролете «NUMbER/«NUMBE] - [NUMBBER - «NUMБER/NUMBЕR] и построенным силами [ORГ",265
Блок директора по мощностям,"Прямое подсоединение к локальной сети филиала не обеспечит ощутимого эффекта, поскольку передача данных осуществляется по технологии VSAT с ограниченной пропускной способностью и не обеспечивает ощутимого эффекта. Для улучшения качества связи на кустовой площадке необходимо перейти на высокоскоростные высокоскоростные сети передачи данных, такие как РРЛ (радиорелейная линия), ВОЛС (волоконно-оптическая связь) и волоконнооптичная связь.",266
Блок директора по строительству,Организация «ORGANIZATION] Организации: [ORГANIBIZАTIОN] МНН / КПП [ID] / [ID/ID] «ORFGANLIZAATIOН] Менеджмент /КПП [OРGAНIZADATIONL] Компания: [RGGANGAN IZAТИON) Организацию: [ОRGAANIЗATIОН] Основатель: [OSRGAQNI,267
Управление землеустроительных работ,"О согласовании местоположения границ земельных (лесных) участков на территории участка федерального значения, включающего [OBJECT] в соответствии с лицензией от «DATE_TIME] сообщаю о согласовании местположения кустов газовых скважин, расположенных в границах участка недр федерального назначения, в соответствие со лицензией, предоставленной «ORGANIZATION».",268
Блок директора по газовым проектам,"Государственный контроль и муниципальное контроле в Российской Федерации проводит внеплановую выездную проверку объекта капитального строительства «OBJECT», которая должна быть осуществлена при присутствии контролируемого лица либо его подчиненного.",269
Блок заместителя генерального директора по безопасности,"Выездную оценку лицензируемого юридического лица провести по адресам мест осуществления лицензируемего вида деятельности согласно заявлению о внесении изменений в реестр лицензий, в том числе в связи с изменениями в Реестре лицензий. Выездная оценка должна быть произведена в отношении соискателя лицензии или лицензиата с использованием средств дистанционного взаимодействия в соответствии с пунктом 11 Положения о лицензировании эксплуатации взрывопожароопасных и химически опасных производственных объектов III класса опасности",270
Блок директора по проектированию,Руководителю компании «ORGANIZATION] предлагается провести исследования по динамическому мониторингу горизонтальных скважин оптоволоконной системой на насосно-компрессорных трубах с электроцентробежным насосом малого диаметра.,271
Блок операционного директора,«ORGANIZATION] Добыча Уренгой допустил ряд нарушений при проведении сличительных исследований сточных вод на ЦПС Песцового НГКМ. По результатам проведения сличительной пробы на ЦPS Песцовый месторождений установлен ряд нарушений.,272
Блок директора по персоналу,"«PERSON] будет уволен в порядке перевода. Согласие на увольнение работника в порядок перевода имеется. Соглашение работника имеется и имеется, просим рассмотреть возможность увольнения в порядка перевода в [ORGANIZATION» в соответствии со статьей 77 Трудового кодекса Российской Федерации.",273
Блок технического директора,"Строительство ГТЭС «OBJECT», который в настоящее время находится под угрозой поломки и аварийным ситуациям в летний период, может быть остановлено и отключено в ближайшее воскресенье. По мнению экспертов, это приведет к ухудшению условий эксплуатации ГТЭСа.",274
Управление по проектным работам,Автоматизированная система управления технологическими процессами компрессорной станции [OBJECT] требует предоставления технических условий на подключение проектируемой АСУ ТП КС компрессорных станций (АСУ ТС КС) в компрессорную станцию «OBSJECT».,275
Блок заместителя генерального директора по закупкам,«ORGANIZATION] предъявило требование об уплате штрафа и пени на сумму [FINANCIAL_DATA] коп. Размер ущерба может быть вынужден выплатить в течение двух лет.,276
Блок директора по мощностям,«ORGANIZATION] может продлить срок действия временных пропусков до «DATE_TIME] и согласовать продление срока действия времени временных проходков.,277
Блок технического директора,"В рамках выполнения Водоподготовки, в рамках обустройства Водоподготовка, планируется выполнить строительно-монтажную бригаду в составе 12 людей, в том числе руководителю по электроснабжению главному энергетику «ORGANIZATION» главного энергетика «PERSON».",278
Блок директора по строительству,"Филиал «ORGANIZATION» согласовывает рабочую документацию по объекту Обустройство нефтяных скважин No [NUMBER] Куст нефтяной скважи No «NUMБER» филиал согласовывал рабочие документы. Работу согласовывают техническим условиям, выполненную согласно техническими условиям. И. о. первого заместителя руководителя – Главного инженера [PERSON] заместителю руководителю проекта Обустройство объектов инфраструктуры «",279
Блок директора по персоналу,Увольнение переводом «PERSON» переводом переводом может быть связано с увольнением руководителя ПАО [ORGANIZATION] по просьбе Генерального директора ПАО «ORГАNIЗATIОN».,280
"Проект ""Новая нефть""","В рамках реализации объекта «ORGANIZATION] направляем в «PERSON» скорректированные чертежи арматуры динамического байпаса и подмеса горячего газа перед АПК, с учетом замечаний в формате ЛКП.",281
Блок директора по мощностям,Начальнику управления по бурению [ORGANIZATION] просим согласовать вознаграждение (прибыль) в размере [FINANCIAL_DATA] от стоимости выполненных работ за каждый отчетный период (с 23 числа предыдущего месяца по 22 число текущего месяца по 23 число предыдущей недели по 24 числа текущей недели).,282
Блок директора по строительству,"Заключение Наряд Заказа по лесорасчистке не предоставлено возможным из--за отсутствия необходимого подрядчика в связи со сложными сроками начал и окончания работ на Объекте в связь со сложным сроком начала и завершения работ в зимний период [DATE_TIME] года, а также невозможности оперативной мобилизации технических ресурсов в зимнюю зимнюю неделю.",283
Управление по проектным работам,"Узел измерения газа по ш. 4912 принят Генпроектировщиком Якутии и сохранен классом Б. Это позволит довести до проектирования принятое ранее решение о необходимости изменения узла измерения на класс А или сохранения класса Б, что отличается от принятых решений Заказчика.",284
Блок технического директора,"Общество с ограниченной ответственностью [ORGANIZATION] «PERSON» предлагает организовать автопробег транспортных автомобилей подрядных организаций в рамках 80-летия Победы в Великой Отечественной войне 1941--1945 гг., посвященного 80-летию Победой в Великое Отечественную войну 1941- 1945 гг».",285
"Проект ""Восточный""","Проектную траекторию скважины [NUMBER] кустовой площадки поглощающих скважих (КПС) согласовывать не удалось. По результатам рассмотрения проектной траектории, пересечения и опасные сближения не выявлены.",286
Управление по проектным работам,"Научно Исследовательский Проектный Институт нефти и газа (ПИР) требует согласовать стоимость работ, определенную по трудозатратам и гарантировать оплату работ в соответствии со сметными расчетами на ПИР.",287
Блок технического директора,Техническому директору [ORGANIZATION] требуется содействие в привлечении к реализации системы АСУТП и приборов КИПиА на МКОС «OBJECT». В связи с этим просим содействовать техническому директора данной организацией.,288
Блок заместителя генерального директора по безопасности,"Генеральный директор [PERSON] рассмотрит возможность проведения совместной противовоздушной тренировки филиала [ORGANIZATION» с применением специализированного оружия в период с [DATE_TIME] на скважине «OBJECT», расположенной на [OBSJECT».",289
Блок директора по мощностям,"Общество с ограниченной ответственностью «ORGANIZATION] сообщает о согласии на перевод негарантированного объема работ в гарантированный объем работ, в том числе стандартной гуаровая система жидкости ГРП 35 гель, [WEIGHT] в следующем объеме.",290
"Проект ""Восточный""",Публичное акционерное общество [ORGANIZATION] согласовывает передачу геологической информации по «OBJECT] в [PERSON». Информация была передана в соответствующем порядке.,291
Блок технического директора,После ввода объектов железнодорожного пути необщего пользования в постоянную эксплуатацию необходимо разрабатывать техническую документацию для организации подачи-уборки подвижного состава в период строительства до ввода в эксплуатацию в соответствии с правилами эксплуатации железнодорожных путей необшего пользования.,292
Блок директора по мощностям,"В связи с острым дефицитом КРС на Уренгойской группе месторождений, «ORGANIZATION] просит рассмотреть возможность предоставления следующих единиц специализированной технической техники. Эксперты считают, что это может быть связано со срывом сроков запуска КРС.",293
Генеральный директор,Объявление акционерного общества «ORGANIZATION» направлено на дополнительные соглашения к долгосрочным рисковым операторским договорам по разработке «OBJECT» и северной части «OBLJECT» (DOCUMENT_NUMBER) в рамках долгосрочных рисковых операторских договоренностей.,294
Блок заместителя генерального директора по закупкам,"Дивизион Восточная Сибирь нарушил сроки предоставления оригиналов первичных документов, которые были представлены в перечне документов. По результатам фактурного анализа выявлено нарушение сроков предоставления первичныхдокументов.",295
Блок директора по мощностям,"Московское бурение скважин в Заполярье продолжает работу на скважинах, расположенных на кустовой площадке. Директор по введению новых мощностей «ORGANIZATION Бурение» сообщил, что в ближайшее воскресенье может быть продлен срок рабочей вахты персонала на КП No «DOCUMENT_NUMBER] «LOCATIОN».",296
"Проект ""Северная деревня""","Налоговое законодательство может быть признано полезным ископаемым для целей налогообложения НДПИ. Эксперты отмечают, что газовый конденсат является полезным сырьем для горнодобывающей промышленности и разработки карьеров.",297
Блок заместителя генерального директора по безопасности,"Объявлено проведение Сессии по обеспечению производственной безопасности на объектах реализации инвестиционной инвестиционной программы «ORGANIZATION» в рамках деловой программы по обеспечении производственной безопасности на объектов реализации инвестпрограммы. В рамках этой деловой программы планируется провести обмен положительным опытом, проведение круглых столов и практических тренингов.",298
Блок заместителя генерального директора по безопасности,Администрация «REGION» должна обеспечить безопасность населения от лесных и других ландшафтных (природных) пожаров в пожароопасный сезон [YEAR] года и принять меры по тушению возможных возможных ландшафтного (природного) возгораний.,299
Блок заместителя генерального директора по закупкам,"Исполнительный директор по реализации крупного строительного подряда «PROJECT» требует инициировать дополнительное соглашение к договору строительногоподряда, заключенному в рамках исполнения договора строительного подразделения на выполнение комплекса работ по разработке проектной и рабочей документации, закупке материалов и оборудования, пусконаладочным работам объектов «ORGANIZATION-Развитие».",300
Блок директора по строительству,Начальник управления капитального строительства [ORGANIZATION] требует рассмотреть эксплуатацию на территории кластера [OBJECT] без действующей диагностической карты и согласовать пропуск без установленной диагносточной карты до [DATE_TIME] на транспортное средство.,301
Блок технического директора,"В рамках Договоренного к Договору о предоставлении услуг бездорожья на пневмоходу и дорожно-строительной технике, который истек срок действия технического осмотра. Директор по транспортному обеспечению просит допустить технику до момента прохождения прохождения техническых осмотров в установленном порядке и продлить срок прохождения пропусков до [DATE_TIME».",302
"Проект ""Южный""",Управление материально-технического снабжения и комплектации (УМТСиК) [LOCATION] планирует провести конкурентную закупку песка гидронамывного в объеме «FINANCIAL_DATA] м3 для [ORGANIZATIОN] в объемах [FINАNCIАЛ_DAATA]м3.,303
Блок директора по мощностям,Подрядная организация «ORGANIZATION» осуществляет услуги по предоставлению транспортного транспорта в Уренгое и Новый Уренгой. Компания «PERSON] выполняет требований Технического задания и выполняет Техническое задание. Директор ТОП Новый уренгой Мен. [ПERSОN] Действителен с [DATE_TIME] доверенность No [DOCUMENT_NUMBER],304
Блок заместителя генерального директора по защите,"«ORGANIZATION] продолжает осуществлять передвижения по месторождениям «OBJECT» после бурения на скважину после бурение на «ОBJЕCT] No [DOCUMENT_NUMBER] в период апрель - май по пропускам, оформленным на [ORRGIZАTIОN] по настоящее время.",305
Блок заместителя генерального директора по закупкам,«ORGANIZATION] сообщает о согласовании проезда следующих транспортных средств Вашей фирмы. «PERSON» сообщает об согласовании следующего транспортного средства.,306
Генеральный директор,"ПАО [ORGANIZATION] требует предоставить в ближайший срок передачу в ПАО «ORГАNIЗATIОN» геологических и гидродинамических моделей «OBJECT», обновленных по замечаниям экспертизы ПАО и разработанной ранее ООО «OРGANGIZАTIOН».",307
Блок технического директора,"Генеральному директору [ORGANIZATION] Сергею Прохорова сообщили, что в связи с этим согласована периодичность технического освидетельствования дренажной емкости зав. No [DOCUMENT_NUMBER] периодичности техническего опробования согласована: наружный и внутренний осмотр – 1 раз в шесть лет, гидравлическое испытание – 1 раза в 12 лет.",308
"Проект ""Северная деревня""","Исполнительному директору проекта «ORGANIZATION] «PERSON» поручено предоставить Вам перечень МТР необходимых к поставке, включая клапан регулирующий, насос внешней перекачки нефти и опросные листы на клапанрегулирующий и клапан внешнее перекачке нефти.",309
Блок директора по проектированию,"Директор по геологической разработке, концептуальному проектированию – главному геологу «ORGANIZATION» (PERSON) объявил о намерении выполнить камеральные поиски пресных и минерализованных подземных вод в рамках разработки нефтяных оторочек на «LOCATIОN» и «ACTIOН».",310
Блок директора по мощностям,"Начальник супервайзера по бурению «PERSON] уведомил, что для участия в мотивационном конкурсе Лучший по профессии будет направлен супервайзер по бурении «ORGANIZATION» суперvайзер по Бурению.",311
Блок заместителя генерального директора по безопасности,"Строительство железнодорожного терминала для отгрузки углеводородов в России не предусматривается, а поэтому действующим договором не предусмотрено. Это приведет к дополнительным затратам на мобилизацию, организацию проживания, оборудованию теплой стоянки, обеспечению электроэнергией, вывозу ТБО и прочие хозяйственные затраты.",312
Управление по проектным работам,"Организация с ограниченной ответственностью «ORGANIZATION проектирование» рассматривает конструкторскую документацию на подстанцию комплектную трансформаторную подстанциЮ НЕРИНГА-2-2500/10/0,4-Б-С-ХЛ1-IP54, разработанную в соответствии с опросным листом по шифру [ID] и техническими требованиями, утвержденными «OBJECT» и разработанной «ATTACHMENTS».",313
"Проект ""Нефтяные краюшки""","Исполнительному директору Нефтяных оторочек (PERSON) направление результатов рассмотрения ТЭП по Тас-Юряхскому и Верхневилючанскому НГКМ Технико-экономических предложений по разработке ТЮ и ВВ месторождений Республики Якутия (далее - ТЭP по разработкам ТЮ, ВВ НГКМ).",314
Блок технического директора,"Разработчик прикладного программного обеспечения (ППО) для контроллерных модулей «ORGANIZATION», который является производителем контроллерного оборудования, имеет необходимые компетенции чтобы оперативно внести любые изменения в проекты указанных объектов.",315
Блок заместителя генерального директора по защите,"Компания «PERSON» требует предоставить в свой адрес копии заключенных соглашений об оказании услуг аренды оборудования с ИП «PerSОN», ОГРНИП: [ID] за период времени до сих пор не заключалась, а в случае если подобные соглашения были заключены, прошу Вас предоставить копию заключенных договоров и дополнительных соглашений.",316
Управление по проектным работам,Объединение нефтесборного трубопровода «ORGANIZATION» согласовано только в части участка врезки нефтесborного газопровода. Документация согласована только на узел запорной арматуры No [NUMBER] узел врезок нефтесбора.,317
Блок деректора по газу,"Компрессорную станцию с установкой подготовки газа на взрывозащищенное исполнение сооблаем на взорозащищенном исполнении. Согласно проектной документационной документации, установка снит-систем на воздушозащищенные исполнения сообламе следующее. Для рассмотрения запроса «PERSON] предоставила информацию по проекту.",318
Блок заместителя генерального директора по имуществу,"Территориальное управление Федерального АГЕНТства по управлению федеральным имуществом в Оренбургской ОБЛАСТИ сообщает о проведении аукциона по продаже права аренды объектов федеральной собственности в Оренбуржской Областной федерации (РосИМУЩЕСТВО) в ОРЕНБУРГСКОЙ ОБЛЕСТИ. Эксперт считает, что таким образом арендная плата в год составит около 15% рыночной стоимости арендной платы.",319
Управление по проектным работам,"Для разработки сметной документации по объектам капитального строительства требуется актуальные индексы пересчета из базисного в текущий уровень цен (в т.ч размер инфляции), размер затрат при необходимости их вмешательства в расчет стоимости грунта из карьера и размер затраченных затрат. Для этого просим направить в наш адрес актуальную версию методических указаний по применению типовых сметных решений М-[DATE_TIME]-03.",320
Управление по проектным работам,«ORGANIZATION] - «PERSON» и «DATE_TIME] опубликовали Замечание к ГПА_rev.0 с комментариями специалистов [OBJECT] «COPY_TO] «PerSoN] «CoNTACT» - специалистов «OРГANIIZAТИON». «ATTACHCHMENTS] «AТTACHMENGTS_NUMBER],321
Блок директора по мощностям,«ORGANIZATION] объявил о завершении строительства 14-ти скважин на кустовой площадке No5А32 в рамках Договора ГНЗ-22/1/00276-P от [DATE_TIME] в рамки Договора ГЗ-22/1/00286-П от [PERSON Клименко». Для реализации совместного сотрудничества «CONTACT] готова построить 14 скваженных объектов на кустной площадке «ЛOCATIОN».,322
Блок директора по мощностям,"Российская нефтегазовая промышленность и нефтегазовое машиностроение планирует провести второй Технологический саммит TNF Эффективные решения для нефтегаза, который пройдет при поддержке Министерства промышленности Российской Федерации и Правительства [ORGANIZATION».",323
Блок директора по портфелю,"Налоговые органы требуют корректировочных документов по НДПИ за нефтяные запасы марки North Sea Dated и нефтяную цену на нефть сырую марки Nord SeaDated. Эксперт считает, что таким образом российская нефтяная промышленность может оказаться дешевле нефтяных рынков Северного моря.",324
"Проект ""Трубопроводный транспорт Главного НГКМ""",В рамках исполнения обязательств по договору No[DOCUMENT_NUMBER] командирован технический директор «PERSON» для выполнения шеф-монтажных и пусконаладочных работ по объекту [SYSTEM] на Чаяндинском НГКМ.,325
Генеральный директор,Международный фестиваль технологического предпринимательства ЭнергоТехноФест пройдет 7 июля на территории промышленно-технологического кластера «LOCATION» в г. [LoCAТИON] в рамках Международного фестиваля инноваций и технологичного предпринимательство в энергетике ЭнергоТЕхноFест.,326
Блок технического директора,"Генеральным директором [ORGANIZATION] станет «PERSON» Генеральный директор «ORGIZAТИON», который в рамках действия договора No [DOCUMENT_NUMBER] готов осуществить замену пикап на пикап повышенной проходимости пикап с режимом работы 7 дней в неделю ориентировочно 7 дня в неделе ориентировочным с «DATE_TIME».",327
Блок заместителя генерального директора по организационным вопросам,"Общество с ограниченной ответственностью «ORGANIZATION] требует подписания баланса на следующих объектах, в том числе на «OBJECT» проекта «DOCUMENT_NUMBER», д.3, этаж 3, офис 325 «ID] «PERSON». В связи с проведением необходимых мероприятий, во избежание сбоя в оказании услуг, замена сотрудников происходит не чаще одного раза в месяц.",328
Блок технического директора,"Субисполнители Дивизиона Север и Дивизион «Северная Сибирь» могут привлечь в качестве субисполнителей следующих Субисполнетелей, а также имеющих юридическую связь и имущество. И.о. директора дивизиона «PERSON» (PERСON) (CONTACT] (COНTACT).",329
Блок директора по строительству,"Начальник управления капитального строительства [ORGANIZATION] попросил в кратчайшие сроки информировать «ORGIZAТИON» о расположении склада хранения ГСМ, а в случае необходимости сместить площадку ГСМ на необходимое расстояние либо осуществить дополнительную вырубку лесного массива.",330
"Проект ""Новая нефть""",В ответ на замечания к схеме цветового решения компрессорной центробежной установки компрессорная центробежная «OBJECT] направляем на рассмотрение и согласование откорректированную по замечаниям схему цветного решения.,331
Блок технического директора,Энергетики «ORGANIZATION Энергосистемы» могут быть допущены в качестве командированного персонала в рамках комплексной эксплуатации энергетического оборудования локальных месторождений нефти.,332
Блок директора по строительству,"Директор по Капитальному строительству «ORGANIZATION] подал иск в суд на компанию из-за просроченной задолженности, в размере «FINANCIAL_DATA] и неустойки в размерах [FINАNCIАL_ДATA» и гос. неустойки.",333
Блок технического директора,"«PERSON» сообщает, что в рамках соглашения «DOCUMENT_NUMBER] анальный учет аварийного инструмента на кустовых площадках и на производственных базах буровых предприятий, в том числе п.п. 31 [ATTACHMENТS] в рамок договора «DATE_TIME] на анальний учет «ATТACHCHMENGTS», в частности п.p. 31 «AТTACHCHLMENтS] ",334
Блок заместителя генерального директора по безопасности,"В отделение дознания отдела надзорной деятельности и профилактической работы «LOCATION] находится материал проверки, зарегистрированный в жилом вагоне No [NUMBER] «ORGANIZATIION» о ложном срабатывании АПС в жилем вагоне.",335
Блок директора по строительству,"ПАО [ORGANIZATION] (далее - Подрядчик) может частично закупать ГСМ (горюче-смазочных материалов) на месторождение. Заказчик и подрядчик договорились об оказании услуг по строительству месторождений в рамках бесперебойной работы производственных процессов, минимизации рисков удорожания при геополитической обстановке (в зимний период времени) при изменении цен на топливо и геополитическая обстановка.",336
Блок директора по газовым проектам,Воздушная линия электропередачи к кусту газовых скважин «NUMBER» может быть переустроена к куста газовых «NUMБER». Для переустройства воздушной линии электропередачей к ксту газовых газовых станций «NUMbER] направляем согласованную дорожную карту по переустройству воздушной линий электропередачы к газовым скважинам [NUMBER] ([INVENTORY_NUMBBER).,337
Блок финансового директора,"«PERSON» предлагает Вам согласовать более ранний срок оплаты по счету «FINANCIAL_DATA] с выделенной вознаграждения на следующих условиях: Пеквизиты документа Сумма погашения вознаграждение за погашение (Трафа 4 - Трафа 5, в т.ч. НДС, в руб. к зачету) Сумма обрата в счет, не начисленная к погашению.",338
Блок директора по строительству,Руководителю проекта Обустройство площадных объектов [ORGANIZATION] просят заключить дополнительное соглашение к Договору No [DOCUMENT_NUMBER] от [DATE_TIME] в связи с этим просим заключить доп соглашение на корректировку графика выполнения работ.,339
Блок директора по газовым проектам,"«Газпромнефть-Заполярье» провела внеплановую выездную проверку объекта капитального строительства в Заполярье в рамках Федерального закона No 248-ФЗ о государственном контроле и муниципальном контроле в Российской Федерации. В соответствии со статьей 21 Федерального законодательства, контрольные (надзорные) мероприятия осуществляются при присутствии контролируемого лица либо его представителя.",340
"Проект ""Северная деревня""","Департамент по добыче газового конденсата, нефтяной отрасли «ОRGANIZATION] просит ВАС сообщить об ограничениях в условиях отсутствия возможности обеспечения, заданных письмом Департамента «ORGIZАTIОN] (PERSON) в связи со требованием письма Департаменту «OРGАNIЗАTIOН] ([PERСON).",341
Проект «Обустройство объектов Новой нефти»,"Комплекс работ по обустройству кустов скважин, строительству нефтегазопроводов, объектов нефтяной инфраструктуры, включая установку подготовки нефти «OBJECT». Проверить подписано со стороны [ORGANIZATION] к договору No[DOCUMENT_NUMBER] О согласовании заключения.",342
Блок директора по мощностям,Руководителю направления по планированию бурения «ORGANIZATION» предстоит провести комиссионный разбор на производственной базе ООО «PERSON». Это будет связано с проведением комиссионного разбора скважины No[NUMBER] на производственную базу «LOCATIОN».,343
"Проект ""Северная деревня""",Исполнительный директор проекта «ORGANIZATION» (PERSON) потребовал свидетельства о поверке системы измерений конденсата газового нестабильного на УППГ в рамках договора поставки NoДП «FINANCIAL_DATA] системы измерения деэтилированного конденсата No2 (УИ ДЭК No2) в соответствии с условиями опросного листа.,344
Блок заместителя генерального директора по закупкам,Объявление о согласовании Емкостного оснащения на Емкостное оборудование для «OBJECT» может быть отправлено в компанию «PERSON» для осуществления закупки Емкостной техники для объекта [ORGANIZATION] в связи с отсутствием согласования РКД (в том числе КИП).,345
Блок заместителя генерального директора по безопасности,Руководителям подрядных организаций предлагается проанализировать производственный травматизм при выполнении работ на объектах строительства «ORGANIZATION] ИНВЕСТ за I квартал [DATE_TIME] в подрядные организациях при выполнениях работ на проектах строительных объектов.,346
Блок директора по строительству,АО «ORGANIZATION» договорилось о проведении комплекса работ по строительству объектов нефтяной отрасли (OBJECT) в рамках договора подряда на выполнение комплекса строительных проектов на переходах че через автомобильные дороги.,347
Блок заместителя генерального директора по организационным вопросам,"Перечень лиц, имеющих полномочия ведения оперативных переговоров с энергоснабжающей организацией на объектах социально-бытового назначения на группе месторождений ЧОНА (далее – Заказчик), имеющих право ведения переговоров со энергоснабжающей организацией.",348
Генеральный директор,"Федерация самбо Ямало-Ненецкого автономного округа оказывает финансовую поддержку развитию вида спорта самбо в Ямалое-Ненецком автономном округе в рамках распоряжения Владимира Российской Федерации О мерах по поддержке данного вида развлечений и массового привлечение детей, подростков и молодежи к занятиям спортом.",349
Блок директора по мощностям,"Наговицыну, которому принадлежит филиал «FILIAL-REGION», поручили вводить новую скважину по суточной или фиксированной ставке. Это позволит сократить затраты, связанные с удорожанием широкого спектра МТР и Услуг, потребных для проведения работ, а также снизить себестоимость субподрядных услуг по монтажу буровых установок по суточную или фиксирированную ставку.",350
Блок технического директора,Общественное общество рассмотрело претензию «ORGANIZATION» об отсутствии пропусков на транспортное средство «ID» и просит не выставлять штраф за отсутствие пропусков. Общественная инициатива была рассмотрена Общественным комитетом по правам человека.,351
Блок финансового директора,"ООО «ORGANIZATION» предлагает согласовывать досрочный срок оплаты по сч/ф [FINANCIAL_DATA] на сумму, установленную в Соглашении о досрочной оплате, а также согласовать более ранний срок вознаграждения.",352
"Проект ""Обустройство площадных объектов НГКМ Поменбше""",Объявлено изменение No4 Наряд-Заказа No[NUMBER] на строительство объектов навигационной транспортной инфраструктуры и газового конденсата «OBJECT». Изменения были подписаны со стороны [ORGANIZATION] о согласовании заключения No4Наряд-заказа No«NUMБER» к договору No[DOCUMENT_NUMBE] на выполнение комплекса работ по строительству навигационных транспортных объектов и Газового конденсатом.,353
Блок деректора по газу,"ОТКРЫТОЕ АКЦИОНЕРНОЕ ОБЩЕСТВО «ORGANIZATION] сообщает об восстановлении работоспособности Сигнализаторов уровня РИЗУР. Директору по газу «PERSON» рекомендует периодически проводить очистку оборудования от налипания компонентов среды, извлекая приборы из емкости.",354
Блок директора по проектированию,Генеральному директору [ORGANIZATION] требуется подтвердить выполнение проектных решений по вводу новых скважин и добыче нефти в «YEAR» и обозначить потенциального исполнителя работ.,355
Блок заместителя генерального директора по безопасности,"Северо-Уральское уполномоченное на осуществление постоянного государственного надзора в области промышленной безопасности обязало Северо-Уралское управление Федеральной службы по экологическому, технологическому и атомному надзорному ведомству установить режим постояннего государственного контроля в отношении опасного производственного объекта «OBJECT] эксплуатируемого «LOCATION».",356
Блок директора по мощностям,"Внутриквартальная бригада «ORGANIZATION» провела проверку и шеф-монтаж оборудования данной бригады на базе производственного объекта «TIME», на базу которого находится производственное помещение «TIME». На основании приказа руководителя, прошу присутствие уполномоченного представителя при проведении аудита, в соответствии с требованиями СМ3).",357
Блок технического директора,"В рамках выполнения строительства Куста скважин «NUMBER», находящегося в зоне ответственности «ORGANIZATION-ЭЭС», планируется допустить строительно-монтажного персонала в качестве строително- монтажного и строительномонтажного сотрудника.",358
Блок директора по строительству,"С целью обеспечения безопасности дорожного движения и сохранности федеральной автомобильной дороги будет введено ограничение движения транспортных средств с разрешенной массой более 3,5 тонн на участке трассы общего пользования федерального значения «OBJECT». ДОКУМЕНТ подготовлен ЭЛЕКТРОННОЙ ПОДПИСЬЮ.",359
Блок заместителя генерального директора по безопасности,"Компания «ORGANIZATION» (CITY) предлагает разрешить оформление пропуска водителям автомобилей, находящихся на территории объекта «OBJECT». Автомобиль зарегистрирован в СМА «PERSON», который, в свою очередь, имеет ограниченное количество легковых автомобилей (четыре единицы) легкового транспорта и не имеет службы безопасности дорожного движения (БДД).",360
Блок директора по газовым проектам,Директор по реализации газовых проектов «ORGANIZATION] (PERSON) направит замечания к материалам реализации магистральных газопроводов и подачи газа в объект «OBJECT». Директору по реализация газовыхпроектов «PERСON» (PERSOН) предлагается направить замечания.,361
Блок директора по строительству,"Руководителям организаций и индивидуальных предпринимателей – членам Саморегулируемой организации «ORGANIZATION» предлагается провести Годовое Общее собрание членов Саморегулируемых организаций, которое пройдет в ближайшее воскресенье.",362
Блок директора по строительству,Операционный директор «ORGANIZATION] Операционного директора требует согласовать производство работ на объектах в период выходных и праздничных дней с 16:30 по 08:30 часов. Операционный директор требует разрешить работу на объекте в выходные и выходные с 8:30 до 8: 30 часов. «ATTACHCHMENTS],363
Блок деректора по газу,"Общество с ограниченной ответственностью «ORGANIZATION] добыва «LOCATIОN», добывающая добыв «LОCAТИON» (ORГANIBIZАTIOН) обратилось с просьбой предоставить предложения и замечания «PRODUCT», используемый в качестве агента вытеснения в процесс ППД, используемую в качестве agent вытеснений в процессе ППДД.",364
Блок директора по мощностям,"Начальнику управления по бурению «ORGANIZATION/PERSON] «PERСON» «PERSOН] «ПERSОN» по предмету: Перевод из негарантированного объема работ в гарантированный «NUMBER] скважины без изменения единичных расценок, срока выполнения работ, общей стоимости и общего объема сотрудничества.",365
Блок заместителя генерального директора по закупкам,"ПАО [ORGANIZATION] сообщает о согласовании пропускных документов на производственные объекты, входящие в группу компаний ПАО «ORGIZAТИON», в том числе на складские и транспортные объекты ДО БРД (БРД). Работодателям, входящим в группы компаний, необходимо прохождение необходимого обучения и аттестации, медицинских осмотров и других запрашиваемых документов.",366
Блок директора по строительству,"«ORGANIZATION] предоставляет отчет в области ПЭБ, ОТ и ГЗ за [DATE_TIME] в рамках договоров от [ORGIZAATIOН] о предоставлении отчета в областях ПЭB, ОТ, ГЗ и ПЭП. Информация будет представлена в рамки договоров, от которых «DATACHMENTS] может быть предоставлена.",367
"Проект ""Новая нефть""",«Газпромнефть-Заполярье» предлагает участие в Технологических семинарах на производственной базе «ORGANIZATION» в рамках развития технологического партнерства с «DATE_TIME». В рамках этого партнерства «PERSON] рассматривает возможность участия сотрудников в технологических семинарах.,368
Проект сервиса скважин,"Заместителю руководителя проекта по бурению «ORGANIZATION] «CONTACT» заместителю директора КГС [LOCATIОN] сообщается, что «PERSON» «COnTACT] дает свое согласие на информацию для проведения претензионной работы в связи с расстыковкой разъединителя колонны комплекса подземного оборудования на скважине «NUMBER] КГS «NUMБER».",369
"Проект ""Северная деревня""","«PERSON] сообщил, что по результатам замеров уровней звука на уровне «OBJECT] ГП-[NUMBER] были замерены уровень звука, о котором сообщалось ранее в письме от [DATE_TIME] No «DOCUMENT_NUMБER]/[YEAR]-«NUMBER] на «ОBJЕCT» ГП.",370
Блок заместителя генерального директора по закупкам,"В рамках выполнения пункта 3.3. Правил оформления и направления Заявок по корпоративной приемке материально-технических ресурсов, доведенных письмом от подрядных организаций, руководители просят организовать корпоративную приемку МТР посредством направленияЗаявок в адрес [ORGANIZATION] в адрес подрядной организации.",371
"Проект ""Северная деревня""","Налоговый кризис может быть связан со стоимостью газового конденсата, добываемого из недр для целей налогообложения НДПИ. Эксперты считают, что газовый конденсат соответствующего качества является полезным ископаемым для цели налогообложения НДСИ.",372
"Проект ""Нефтяные краюшки""",В рамках реализации газоэнергетического проекта [PROJECT_NAME] прошу направить параметры буферного газа для подачи в панель управления СГДУ на время пуска ГПА на время подачи ГПА в панели управления ГПА с целью передачи информацию в [ORGANIZATION] с целей передачей информации в «OРGAНIZАTIOН».,373
Блок заместителя генерального директора по организационным вопросам,"Вопрос о компенсации расходов платы за проезд по автомобильным дорогам, расположенным на объектах «ORGANIZATION». Это может быть связано с нарушением Договора о предоставлении услуги по комплексному обслуживанию объектов социально-бытового назначения.",374
Проект сервиса скважин,Контрактная система по управлению BCP в ответ на коммерческое предложение «ORGANIZATION] коммерческого предложения «PERSON». Цена за ед. М3М. Сумма руб.без НДС Сумма за ЕД. руб. без НДС «PRODUCT_CODE] шт. [QUANTITY] [PRICE_PER_UNIT] [TOTAL_PRICE],375
Блок заместителя генерального директора по безопасности,Организация проведения семинара о возможных рисках в связи со принятием Кигалийской поправки к Монреальскому протоколу может быть связана с возможными рисками в связях с Кигалийской поправкой к Монриальскомуротоколу. Дата и время проведения мероприятия не определены и будут уточняться по мере формирования группы участников.,376
Блок технического директора,Анонимизированное сообщение для [PERSON] «DATE_TIME] в «ORGANIZATION» внесены следующие изменения: Место нахождения юридического лица: [LOCATIОN] Адрес ю юридического лица: «LОCАTIOН],377
Блок директора по строительству,"«PERSON] принял первичную документацию по мотивационным выплатам в области ПБ за первый полугодие 2012-го и 2013-го, а также принял формы КС по мотивационных выплатам за первые кварталы 2012 года. Врио управляющего директора ДОКУМЕНТ подПИСАН ЭЛЕКТРОННОЙ ПОДПИСЬЮ Сертификат «ID] Владелец [PERСON» Шулейко «ORGANIZATION».",378
Генеральный директор,Генеральному директору [ORGANIZATION] предлагается продлевать соглашение о продлении Договора аренды «OBJECT» до конца 2021/2025 годов.,379
Проект сервиса скважин,В связи со завершением строительства и осуществлением вводной кампании по объектам инвестиционного проекта [OBJECT] на месторождении установлены сроки предоставления первичных учетных документов по затратам на эксплуатационные газовые скважины «ORGANIZATION» (КГС No [DOCUMENT_NUMBER] к учету приниматься не будут).,380
Управление по проектным работам,"В рамках разработки проектной документационной документации «Система помбислобых нефтепроводов для выполнения гидравлических расчетов Система помбаслобых нефтяных проводов» просим предоставить исходные данные по нефтяным кустам, а также технические условия на подключение к ЦПС-2.",381
Блок заместителя генерального директора по безопасности,"В связи с отсутствием возможности прохождения технического осмотра на «OBJECT» в связи со сложившейся ситуацией, «ORGANIZATION» просит согласовать продление транспортных пропусков ниже перечисленным транспортным средствам сроком до [DATE_TIME] из-за отсутствия аккредитованного сотрудника.",382
Блок операционного директора,"Общество с ограниченной ответственностью [ORGANIZATION] (PERSON) сообщило, что после схода снега образовались промоины песка на площадке «OBJECT», а также промоины под сетью газораспределения и газопотребления.",383
Проект сервиса скважин,"«Газпромнефть-Заполярье» требует возмещения ущерба в размере «FINANCIAL_DATA] т на сумму [FINАNCIАL_ДATA» рублей, находящейся на балансе «ORGANIZATION] зарезкой горизонтального бокового ствола «OBJECT] на складе «PERSON» на сумме [ATTACHMENTS] на сумма [FИНAНCIAЛ_D",384
Блок финансового директора,"«PERSON» предлагает Вам согласовать более ранний срок досрочной оплаты по сч/ф «FINANCIAL_DATA] по договору, заключенному между [ORGANIZATION] (Соглашение о досрочнной оплате) с выигнанной соответствующим возражением.",385
"Проект ""Северная деревня""",В рамках технологического проекта применение противопучинистых накладок и винтовых наконечников при устройстве свайных фундаментов в зоне ММГ планируется проведение опытно-промышленных работ (ОПР) в соответствии с дорожной картой проекта.,386
"Проект ""Нефтяные краюшки""","«ORGANIZATION] направил уточненную схему электрическую однолинейную «DOCUMENT_NUMBER] по объекту проектирования газоперекачивающих агрегатов «LOCATIОN», в которой учтены замечания, полученные от [CONTACT] и «OBJECT] по газоперекачающему агрегату КС «ЛOCАTIOН».",387
Блок директора по строительству,"«PERSON» отказался заключать дополнительное соглашение к Договору No[DOCUMENT_NUMBER] в связи с ухудшением условий относительно первоначального Договора, в том числе в связь с улучшением условий, в частности из-за ухудшения условий первоначальных соглашений, в связях с изменением статьи 18 Производственная безопасность [ATTACHMENТS] «ATТACHCHMENETTS».",388
Блок технического директора,Российская электроэнергетическая корпорация (FILIAL) разрабатывает Схему и программу развития электроэнергетических систем на предстоящий среднесрочный период (СИПР ЭЭС) на ближайшее будущее.,389
Блок технического директора,"В процессе сопровождения строительства объектов энергетики «OBJECT] были выявлены недостатки выполнения СМР и ПНР, оказывающие существенное влияние на надежность и безопасность последующей эксплуатации оборудования, а также на безопасность следующей эксплуатационной эксплуатации ОТС. Общее количество не устраненных предписаний, выданных в период с [DATE_TIME] по [OBSJECT, составляет [FINANCIAL_DATA] шт.",390
Управление по проектным работам,«ORGANIZATION] АКЦИОНЕРНОЕ ОБЩЕСТВО «PERSON» АКЦИOНЕРНОE ОБЩество «PROJECT_NUMBER_NUMБER_INTERACTIOН] АКТИОНЕРНОГО ОБЩEСТВО «PROCUMENT_NUMbER_NMMBER] «REGION_INТЕРACTIION-REGULATORY_INтерACTIОN] «CONTACT] о,391
Блок директора по газовым проектам,Московские газопроводы «OBJECT» могут быть построены при строительстве газопроводов «ORGANIZATION] от куста «NUMBER] к «OБJЕCT» от кунда No [NUMБER] «OCATIION» от «NUMbER] от «OBCJECT] к кусту «NUMБENT» и присоединиться к газопроводу.,392
Блок директора по мощностям,"«OBJECT» может быть введен в эксплуатацию в ближайшее воскресенье. Это связано с тем, что за время оказания нами услуг было зафиксировано «NUMBER] инцидентов и аварий при бурении скважин, из-за которых были задействованы не только фрезерующее и режущее оборудование бурового подрядчика.",393
Управление по проектным работам,"Начальник управления по проектированию объектов капитального строительства «ORGANIZATION» (PERSON) направил комплект рабочей документации, разработанный для всей площадки объекта «DOCUMENT_NUMBER] Премо-самоходных, насосная внешнего транспорта и установка нефти на 2 места (ноз. 2 по ГП).",394
Блок директора по строительству,"ПАО «ORGANIZATION» может быть продлевано в течение нескольких с половиной лет, а также продлить предоставление первичных учетных документов, подтверждающих фактические затраты за отчетный период - [DATE_TIME] по заключенным договорам с [ORГANIIZAТИON] до «DAТE-TIME».",395
"Проект ""Северная деревня""",Система промысловых газопроводов напраляем Вам откорректированные трассы проектного газопровод-перемычки от КП No1-17 до КП No2-23 к проектному газопроводу-перемичке от КП Н-1-17 до КПП No1-23.,396
Блок директора по проектированию,"Директор по геологической разработке, концептуальному проектированию – главному геологу «ORGANIZATION» (PERSON) направил отчетные материалы по договору с главным геологом по разработке объекта IX Западно-Таркосалинского НГКМ.",397
"Проект ""Нефтяные краюшки""","Энергетики/автоматизации, электрика/автоматизация, электрики/автоматизацию и электропроводки. Если не будет замечаний, согласовать приложенные документы и согласовать документы в случае отсутствия замечаний.",398
Блок операционного директора,Операционный директор «ORGANIZATION] Операционного директора требует согласовать производство работ на объектах в период выходных и праздничных дней с 16:30 по 08:30 часов. Операционный директор требует разрешить работу на объекте в выходные и выходные с 8:30 до 8: 30 часов. «ATTACHCHMENTS],399
Блок директора по строительству,Строительно-монтажная компания ООО «ORGANIZATION» опубликовала договор на выполнение строительно-монтажных работ по добывающей скважине и кусту скваженного куста скважина No [ID] для согласования стоимости МТР.,400
Генеральный директор,В 2025 году крупнейший город опорного газодобывающего края Российской Федерации «LOCATION» проведет конкурс профессионального мастерства среди высокопоставленных сотрудников нефтегазодобывающей отрасли «OBJECT».,401
Блок директора по газовым проектам,"Заказчик ГСМ не получает подтверждающие документы к отчету об использовании авансовых денег. Подтверждающие документы будут направлены на электронную почту «CONTACT» и направлены по мере завоза ГСМ и получения УПД от Поставщика ГСМ. При этом в связи со сжатыми сроками предоставления подтверждающих документов, из-за поломки автотехники обеспечивающий доставку ГСМ на объект, на настоящий момент топливо завезено не в полном объеме.",402
Блок технического директора,"В рамках капитального строительства объекта «OBJECT» планируется выполнение работ по монтажу кабеля ВОЛС на опорах ВЛ 10кВ ф. Ц-21 от опоры No18 до опоры NO18/12 (отпайка на КТП 10/0,4 кВ К-2) в рамках строительства Куста скважин No2.",403
Блок директора по мощностям,Контрактный инженер «ORGANIZATION» не применяет Бокозахват ввиду отсутствия необходимости для выполнения работ по освоению скважин методами свабирования и компрессирования при ТКРС на скважинах в период освоения Подрядчика. Контрактный инженер просит рассмотреть макет изменения ПУД «DATE_TIME_TIMA] г.,404
Блок заместителя генерального директора по безопасности,Российские специалисты по охране труда могут участвовать в первом этапе Республиканского конкурса «COMPETITION_NAME» Республики Саха (Якутия). Количество участников от одной организации не ограничено.,405
Блок операционного директора,"В соответствии с требованиями Технических условий на подключение ШФЛУ Песцового месторождения к транспортной системе «ORGANIZATION» требуется обустройство временного переезда строительной техники через магистральный конденсатопровод «OBJECT] нитка, сооружаемого на период строительно-монтажных работ на проектируемом трубопроводе ШФЛу Песцовое месторождение.",406
Генеральный директор,"«ORGANIZATION] предлагает заключить Соглашение об использовании электронного документооборота первичными учетными документами по договорам аренды имущества (далее – Соглашения), в котором будут предусмотрены основные условия обмена электронными документом между компанией.",407
Блок технического директора,Техническому директору [ORGANIZATION] «PERSON» «CONTACT» сообщили о необходимости продления сроков пересчета производственных программ до [DATE_TIME] в соответствии с утвержденными технологическими картами.,408
"Проект ""Трубопроводный транспорт Главного НГКМ""","Наряд-заказ к Договору No[DOCUMENT_NUMBER] на выполнение комплекса работ по строительству площадочных объектов Восточной Сибири, обустройству кустовых площадок и строительству трубопроводного транспорта объектов Северной Сибирской Республики (Чаяндинский НГКМ) в редакции, приложенной к настоящему письму.",409
Блок заместителя генерального директора по безопасности,"Заместитель генерального директора по производственной безопасности «ORGANIZATION» Е.Ю. [PERSON] выражает свою заинтересованность в контроле состояния электробезопасности на объектах подрядных организаций на «OBJECT», «OБJЕCT» и «DATTACHMENTS] Контроль состояния электрибезопасности.",410
Блок технического директора,Заезд сотрудника [PERSON] на местопожение «ORGANIZATION» согласован и рассмотрит возможность предоставления транспорта для «PERСON». По результатам проведенных лабораторных испытаний «PRODUCT» будут предоставлены на рассмотрение итоговые рекомендации.,411
"Проект ""Новая нефть""",Московский НПЗ «Чон» согласовывает правильность нанесения инженерных коммуникаций в Тымпучиканском НГКМ в месте пересечения с объектом «ORGANIZATION] в Темпучиканский НГКМ.,412
Блок технического директора,"В рамках капитального строительного строительства в рамках строительства электроустановок планируется выполнение работ по бурению скважин, погружении термостабилизаторов на ЛЭП и погружение термостабилизировок на ВЛ 10 кВ ф.[OBJECT]-[OБJЕCT] в рамки капитального строительства.",413
Блок заместителя генерального директора по организационным вопросам,Обществу с ограниченной ответственностью «ORGANIZATION» грозит до семи лет лишения свободы за нарушения пропускного внутридеблектобого режима и штраф в размере [FINANCIAL_DATA] (девяносто тысяч) рублей.,414
Управление по проектным работам,"КС УКНТ «OBJECT» может быть использован для строительства нефтепровода КС-УКНТ - т.вр. в напорный нефтепровод «OБJЕCT» до «ОБJECTA». Проектные данные сооружений с автозапоминкой были согласованы эксплуатирующими органами, п.1513/34.1 «PERSON] выдано разрешение на эксплуатацию КС «ORGANIZATION».",415
Блок заместителя генерального директора по организационным вопросам,Городской Центр Бронирования и Туризма (PERSON) обратился с просьбой увеличить глубину бронирования в отелях «ORGANIZATION» в Санкт-Петербурге для размещения сотрудников «OРGAНIZАTIOН» и увеличения глубины бронирования.,416
Блок бизнес-директора,"«ORGANIZATION] согласился заключить Наряд-заказ в рамках Договора по реализации нефтегазовых проектов по направлению Бурение, ТКРС без изменения единичных расценок, общей стоимости, сроков выполнения работ и сроков действия Договора.",417
Блок директора по газовым проектам,"В нерабочие праздничные праздничные дни, руководствуясь приказом «ORGANIZATION] о запрете производства огневых и газоопасных работ в охранной зоне магистральных газопроводов «OBJECT» в нерабочих праздничных днях, сообщаем Вам об запрете огневых работ и других работ с повышенной опасностью в охранную зону магистрального газопровода [OBSJECT] в период с [DATE_TIME] по [DAATE.TIME",418
Блок технического директора,"Техническому директору [ORGANIZATION] Столярову предлагается продлить продление лицензий «PRODUCT». Цена поставки продления лицензий составит «FINANCIAL_DATA] рублей 00 копеек, НДС не облагается согласно действующему законодательству Российской Федерации при реализации программ, включенных в единый реестр российских электронных вычислительных машин, баз данных.",419
Проект сервиса скважин,"Генеральному директору «ORGANIZATION» требует назначить представителя для включения комиссий по приемке в эксплуатацию законченных строительством объектов в соответствии с требованиями организации, изложенными в письме от «DATE_TIME] No [DOCUMENT_NUMBER] в соответствие со штатным распоряжением.",420
Блок технического директора,"Дополнительное соглашение No[NUMBER] к Договору выполнение ремонтно-технических работ на устье скважин может быть заключено в рамках Договора выполнения ремонтно–технических ремонтных работ и работ по входному контролю фонтанных арматур, колонных головок, задвижек (фонтанной арматуры, колонной головок), задвижечной арматуры для обвязки устья.",421
Блок деректора по газу,«PERSON» может быть согласован проект дополнительного соглашения No1 к договору No[DOCUMENT_NUMBER] от [DATE_TIME] для дальнейшего оформления дополнительных соглашений.,422
Блок директора по мощностям,"Начальник Управления внутрисекционных работ «ORGANIZATION» просит оплатить штраф за нарушение пропускного режима в размере «FINANCIAL_DATA] в размерах штрафа в добровольном порядке за несоблюдение условий пропускных условий, направленные на улучшение производственной безопасности и условий труда.",423
Блок заместителя генерального директора по организационным вопросам,"Генеральному директору [ORGANIZATION] сообщили об исполнении меню. В ближайшее воскресенье, 7 сентября, в офисно-общественном комплексном комплексе появится дополнительное меню с ценами.",424
Блок деректора по газу,[ORGANIZATION] потребовал предоставить исходные обосновывающие материалов для разработки технологических потерь углеводородного сырья при добыче в 2026 году в срок не позднее [DATE_TIME] в сроки не поздне 2026 года.,425
Проект «Обустройство Интересного лицензионного участка»,"Администрация объекта «ORGANIZATION» сообщила, что в связи с этим закончились договоры лизинга на транспортные средства в количестве 17 единиц. В связи со сложившимися изменениями наименования собственника в пропуске, необходимо менять наименование собственника.",426
Блок директора по строительству,Созыв очередного Общего собрания членов «ORGANIZATION] будет проводиться посредством видеоконференции. Собрание пройдет в рамках протокола заседания Совета.,427
"Проект ""Нефтяные краюшки""","Московский газовый рынок может быть привлечен к строительству отсыпки кустовых площадок «OBJECT» в связи с неудовлетворительным состоянием дорожного полотна ПАД и внутрикустовых проездов (размытие, колейность, провалы грунта) в связь с некачественным состоянием проезжего полотна.",428
Блок директора по портфелю,Временно исполняющего обязанности генерального директора ООО [ORGANIZATION] «PERSON» направил консолидированный реестр замечаний к дорожной карте по передаче газовой части проектов обустройства «OBJECT] и [OBSJECT» к ПАО «ORГAНIZАTIOН] к ПАС.,429
Блок технического директора,"Компания «ORGANIZATION» примет участие в семинар-совещании Инновационное насосное оборудование для нефтедобывающих предприятий, посвященном 30-летнему юбилею компании. В программе: знакомство с новым кругом производства, обсуждение вопросов надежности, эксплуатации и путей решения актуальных вопросов отрасли.",430
Блок финансового директора,"Группа [ORGANIZATION] утвердила критерии существенности неисполнения ключевых показателей деятельности, а также нарушений финансово-экономической дисциплины в отношении 6 КПД уровня Группы. Изменить лимиты существенность неисполненных КПД для оценки производственно-хозяйственной активности организаций.",431
"Проект ""Новая нефть""","В рамках проектирования агрегата ГПА-16 Волга, который может быть компонирован в рамках строительства объекта «ORGANIZATION» (ТТ No [DOCUMENT_NUMBER] для объекта [CONTACT] (OBJECT), направляем в Москву комплект документации на агрегат ГПА.",432
Блок заместителя генерального директора по защите,"В Ямало-Ненецкий автономный округ, Российская Федерация, произошла крупнейшая аварийная авария, произошедшая при заезде вахтового персонала на КПП 0 км «OBJECT» в Ямалое-Ненский автономный окрестностях Ямала-Ненного автономного округа в Ямале-Ненецком автономном округе. Работник был вынужден провозить шайбы с жевательным табаком в количестве одной штуки.",433
Проект «Обустройство объектов Новой нефти»,Общество с ограниченной ответственностью «ORGANIZATION» (ORGIZAТИON) в ответ на запрос на стоимость выполнения шефмонтажных и пусконаладочных работ объекта «PROJECT». Ответственность за выполнение шефтехнических и монтажных работ составит 20 рублей 00 копеек без учета НДС 20.,434
Блок директора по строительству,"Проект газоконденсатных скважин Расширение в Московской области может быть согласован на основе рыночной стоимости на основном рыночном рынке. Для согласования потребности, ведомость потребности материалов и оборудования требуется согласовать стоимость на основной рыночную стоимость. «PERSON] требует согласовывать стоимость материалов на базе основного рыночного уровня.",435
Блок директора по строительству,В рамках выполнения инженерно-геодезических изысканий по объекту ТЗРУ-10 «OBJECT» сдача геодезических знаков маркшейдерской службе «ORGANIZATION» завершилась работа по созданию планово-высотного обоснования.,436
"Проект ""Нефтяные краюшки""","Генпроектировщик предложил замену классического дононого клапана на локальную насосную установку, обеспечивающую перекачку производственно-бытовых сточных вод с отборованных площадок и прием и перекачки сточных Вод с отборованных площадок. Это позволит повысить эффективность строительства подземных сетей производственной канализации в напорном режиме от наружных установок с отборанными площадками.",437
Блок технического директора,"Работу по пусконаладочным работам на УПН, КОС при УПН и ЭСН при КНС 12, КНС 17, Промбазе, Промбаге, Промбзе и Промбаже «ORGANIZATION] просят допустить для выполнения пусковых работ на объектах «OBJECT».",438
Блок заместителя генерального директора по организационным вопросам,"Ответ на претензию об уплате штрафа за якобы допущенные по нашей вине нарушения условий Договора по комплексному обслуживанию объектов социально-бытового назначения в рамках заключенного договора на оказание услуг по комплексном обслуживании объектов социального назначения, полученную в «YEAR». Ответные письма были направлены в адрес «ORGANIZATION] с требованием уплаты «FINANCIAL_DATA».",439
Блок директора по мощностям,Генеральный директор [ORGANIZATION] «PERSON» рассматривает дополнительное соглашение No [DOCUMENT_NUMBER] и подтверждает готовность к заключению данного дополнительного соглашения No [ДOCУMENТ_NUMБER] Генеральному директору [PERRSOН] данное соглашение подтверждает.,440
Генеральный директор,Комитет по согласованию ключевых условий долгосрочных рисковых операторских договоров (ДРОД) от [DOCUMENT_TYPE] (прилагается) направил утвержденные Комитетом ключевые условия для заключения дополнительного соглашения к ДРОД на разработку «OBJECT] «ORGANIZATION».,441
Блок заместителя генерального директора по закупкам,"Компания «ORGANIZATION] подписала контракт о создании собственной компанией «ATTACHMENTS», которая, по мнению аналитиков, является частью крупнейшего трубного концерна России.",442
"Проект ""Нефтяные краюшки""",Установка комплексной подготовки топливного газа «OBJECT» может быть поставлена в эксплуатацию в ближайшее воскресенье. Компания «ORGANIZATION] ведет изготовление БПГ для комплектации УКПГ «OБJЕCT».,443
Генеральный директор,"Генеральному директору [ORGANIZATION] РусГазБурение требуется заключить соглашения о перемене стороны к действующим соглашениям по реализации Тас-Юряхского и Верхневилючанского месторождений (OBJECT) Тас Юряхского месторождения (далее – СОПС) к действительным договорам, заключенным «OBRANCH» с «Газпромнефть-Заполярье».",444
Блок технического директора,"Нефтяная монополия в апреле этого года осталась без нефтяных запасов в России в ближайшее десятилетие и может быть поставлена на рынок в следующих отчетных месяцах. Эксперты говорят, что нефтяные запасы будут сданы в систему транспортирующего предприятия в следующие отчетные месяцы и подлежат к поставке в следующем отчетном месяце.",445
Блок заместителя генерального директора по безопасности,"«ORGANIZATION] рассматривает проект дополнительного соглашения, предусматривающего снижение парниковых газов с получением углеродных единиц, выданных в результате реализации климатического проекта, направленного на снижения парниковыми газов.",446
Блок директора по мощностям,АО НИПЦ ГНТ подтверждает свое согласие на перевод негарантируемого объема услуг «DATE_TIME] в гарантированный объем «DAATE-TIME» в количестве «FINANCIAL_DATA». АО «НИПЦГНТ ГНТ» подтвердило свое согласование на перевод в гарантированный объем услуг в количество [FINАNCIАL_ДATA] соответствующего дополнительного соглашения к договору No [DOCUMENT_NUMBER] от «D,447
Блок заместителя генерального директора по организационным вопросам,В рамках заключения Договора по выработке электроэнергии сторонним производителем на «OBJECT] (нефть) «ORGANIZATION» (нефтяная корпорация) сообщила о сложившейся ситуации в рамках строительства энергокомплекса для исполнения обязательств по Договору по вырабатыванию электроэнергией сторонним производителям.,448
Блок директора по газовым проектам,"Компания «ORGANIZATION» согласовала эксплуатацию автомобильной техники в период закрытия грунтовых дорог Бованенковского нефтегазоконденсатного месторождения (БНГКМ) в период открытия грунтовых трасс БНГКМ согласно письму, исх. No [DOCUMENT_NUMBER] от [DATE_TIME] на основании Договора на оказание услуг по добыче углеводородного сырья на неоком-юрских залежах Бованенского НГКМ.",449
Блок деректора по газу,В рамках Договора по банковском сопровождению Бованенковского месторождения предусмотрено 2 уровня кооперации - 3 в параметрах банковского сопровождения. Заказчик требует расширить уровень кооперации.,450
Блок директора по строительству,"Руководителям организаций, индивидуальному предпринимателю - членам Союза строительной отрасли (СРО) предлагается помочь строительным организациям и индивидуальным предпринимателям, а также предложить помощь в решении проблем, возникающих у строительных организаций в регионах, где осуществляется деятельность члена Союзы. Директор Союзу и его руководители считают, что Союз может быть создан в рамках оперативного штаба Ассоциации Национальное объединение строителей (РEGION).",451
Блок директора по строительству,"В рамках исполнения обязательств по строительству Резервуарного парка, ОБП с ВЖК «FIELD] месторождения, «REGION» выполняет надземные металлоконструкции эстакад, предназначенные для прокладки кабелей и трубопроводов.",452
Блок директора по строительству,«ORGANIZATION] выражает свое согласие на заключение Изменения No2 Наряд-Заказа No 2 к договору No[FINANCIAL_DATA] на выполнение работ по инженерной подготовке объектов кластера «OBJECT» (в том числе [OBSJECT] и [OБJECT] на строительство кластера.,453
Блок директора по мощностям,«ORGANIZATION] заключил дополнительное соглашение к Договору No «DOCUMENT_NUMBER] по предмету: Обеспечение транспортных средств системой видеоаналитики внутрикабинного пространства в целях актуализации и выполнения требований производственной безопасности в целах актуализации требований производственной безопасности.,454
"Проект ""Северная деревня""","Объемы добычи УВС за апрель [DATE_TIME] за апрельские показатели согласованы по Форме 1-340-В, согласовав фактические объемы добыча УВС в соответствие с исполнительным балансом «ORGANIZATION» за январь-октябрь прошлого года.",455
Блок финансового директора,ПАО [ORGANIZATION]НЕФТЬ распорядилось распределить полномочия Блока главного инженера. Об этом сообщает Публичное акционерное общество «ORГAN IZAТИON» РАСПОРЯЖение о распределении полномочий БГИ.,456
Блок операционного директора,"Врио генерального директора [ORGANIZATION] обратился с просьбой предоставить плановые показатели по добыче газа, нефти и потреблению газа на собственные технологические нужды. Если изменения будут доведены дополнительно, актуализированные параметры будут актуализированы дополнительным образом.",457
Блок деректора по газу,«PERSON] не исключает выплат третьего авансового платежа в проект дополнительного соглашения No[DOCUMENT_NUMBER] к договору поставки No[ДOCУMENТ_NUMБER] в проекте дополнительных соглашений к дополнительном соглашение к договорам по поставке No[ORGANIZATION» к договора поставки «DOCIUMENET_NUMBLER] и т.д.,458
Блок директора по портфелю,Объемы поставки сырья на [YEAR]–[YEАR] годы приняты без ограничений и принятые без ограничительных ограничений в рамках подготовки предложений по производству продукции на «YEAAR»–«YEBSITE» и «PROJECT».,459
"Проект ""Новая нефть""",Общественное объединение «ORGANIZATION» предлагает скорректировать продольный профиль прокладки трассы проектируемого нефтепровода в местах пересечений и в охранных зонах коридоров коммуникаций Объекта в местных пересечениях и охранныхзонах коммуникационных зон Общества.,460
Блок директора по мощностям,"Для оплаты транспортных услуг прошу согласовать привлечение субподрядных организаций, в том числе «DATE_TIME] [DOCUMENT_NUMBER] [PERSON] [ID] для оплата транспортных услуги. Для закупки и обеспечения материально-технических ценностей прошу договориться о поставке скважин по суточной ставке или фиксированной ставке (в т.ч. мобильными установками).",461
Управление по проектным работам,"Начальник управления по проектно-изыскательским работам и взаимодействию с надзорными органами «ORGANIZATION» сообщил, что откорректированное Задание на выполнение инженерных изысканий загружено на файлообменный ресурс.",462
Генеральный директор,"Генеральному директору ГК [ORGANIZATION] Генеральному руководителю «PERSON» Генеральному секретарю «ORGIZAТИON», которому удалось достичь успеха на рынке грузоперевозок более 15 лет, сообщил генеральный директор «PersON».",463
Блок заместителя генерального директора по закупкам,"Блок обеспечения РОЦО требует продлить срок проведения двухэтапного конкурентного отбора No [DOCUMENT_NUMBER] на Оказание комплекса услуг по сбору, транспортированию и утилизации буровых отходов для нужд РОЦO. Эксперты считают, что этот сюрприз может быть вынужден.",464
Блок технического директора,"В рамках сокращения количества отказов оборудования на объектах [ORGANIZATION] были выявлены участки с перемещением мест отбора давления, датчиков давления и перепада давления на площадках «OBJECT», а также мест отбор давления.",465
Блок директора по мощностям,"«PERSON] подтвердил возможность заключения дополнительного соглашения к Договору No [DOCUMENT_NUMBER] на выполнение работ по гидравлическому разрыву пластов, предусматривающих проведение объемов работ к фактическим.",466
Блок технического директора,Техническому директору [ORGANIZATION] просим рассмотреть возможность реализации нефти на Тас-Юряхском НГКМ в объеме «FINANCIAL_DATA] тонн в месяц в следующий период: «DATE_TIME] Возможность реализация нефти в объемах [FINАNCIАЛ_DAATA] в следующих периодах.,467
Проект сервиса скважин,Руководителю Интегрированного сервиса строительства скважин «ORGANIZATION] «PERSON» поручено завершить вышкомонтажные работы на кустовой площадке «OBJECT». Проект Интегрального сервиса строительного проекта «OCATIОN» будет построен в рамках Интеграционного сервиса.,468
Блок директора по строительству,Объявление о банкротстве ООО «ORGANIZATION» приостановлено на основании закона обанкротстве. Решение Арбитражных судов о приостановке документов на имущество приостановило следующие документы на принадлежащий ему предприятие.,469
Блок директора по мощностям,"Водители подрядных организаций ПАО [ORGANIZATION] грубо нарушили правила проезда по автомобильной дороге необщего пользования, принадлежащей ПАО «ORGION» (REGIОN) в «РEGIOН» (далее Общество).",470
Управление по проектным работам,"Проектное руководство «ORGANIZATION» может быть выполнено в рамках договора О проектном техническом конструкторском документировании, который должна быть приурочен к окончанию срока выполнения работ.",471
Блок технического директора,"Российское техническое руководство [ORGANIZATION] отказалось выполнять Договор No 18.1.8 к договору No 181.8, который был подписан в рамках исполнения Договора No 18-1.8, а также не допускать нарушений указанных в Приложении No 11 к Договору ПБ.",472
"Проект ""Нефтяные краюшки""",Группа «ORGANIZATION] Группа газодинамических уплотнений «PROJECT» (ORGION) «OrGAANIЗATIОN) опубликовала письмо с требованием согласовать техническое задание ТЗ системы газодинамические уплотнения по проекту [PROJЕCT] «ATTACHMENTS] ТЗ систем газодинамическых уплотнениях по проекте [PROSJECT].,473
"Проект ""Восточный""",Налог на добычу полезных ископаемых составил [FINANCIAL_DATA] в размере 1 млрд рублей. Это уже вторая сумма исчисленного налога на добыточное сырье на неоком-юрских залежах.,474
Блок технического директора,"На сервисную базу [ORGANIZATION] поступило демонтированное оборудование, подлежащее комиссионному разбору. Техническому директору [LOCATIOBION/PERSON» поступил вызов на комиссионный разбор.",475
Блок директора по строительству,Генеральному директору по капитальному строительству [ORGANIZATION] «PERSON» разрешили продлить срок приема выполненных работ по Инженерной подготовке объектов «OBJECT» в связи с проверкой и подтверждением выполненных действий маркшейдерской службы «ORGIZAТИON».,476
Блок технического директора,"Производители промышленных товаров (услуг) просят пояснить причины изменения цены продукции, реализуемой на внутреннем внутреннем рынке за март-май, а также пояснить, по каким причинам изменился уровень инфляции и инфляционные издержки.",477
Управление по проектным работам,"Проектное руководство «ORGANIZATION» может быть выполнено в рамках договора О проектном техническом конструкторской документации, который предусматривает разработку 3D моделей 3D.",478
Блок заместителя генерального директора по безопасности,"Руководителям предприятий, учреждений и организаций [REGION] необходимо предоставить информацию согласно комплексному плану мероприятий по улучшению условий, охраны труда в «YEAR]-[YEАR] года, а также в связи с корректировкой Комплексного плана мероприятий, направленного по ухудшению условией и охраной труда.",479
Блок директора по мощностям,"Автоматический комплекс бурения, производящийся в России, полностью соответствует техническому заданию «ORGANIZATION] в части оказания услуг по автоматизации процессов бурения (Цифровая буровая), полностью выполняет следующий функций: автоматическое доведение осевой нагрузки и дифференциального давления при направленном бурении.",480
Блок технического директора,"В связи со сложившейся ситуацией на дороге в направлении [OBJECT] – [OБJЕCT] необходимо провести предварительные мероприятия по улучшению дорожного полотна для вывоза нефтесодержащих жидкостей (НСЖ) по указанному направлению. Таким образом, в связи с текущим состоянием трассы, которая, в свою очередь, повлияет на выполнение производственной программы по вывозу НСЖ по указаному направлению, может существенно повлиять на выполнения производственной программы",481
Блок директора по строительству,"Монтажные и пуско-наладочные работы оборудования, установленного по запросу заказчика, будут выполнены согласно протоколу согласования договорной стоимости и направляем комплект документов для КА. Заказчиком является «PERSON», который, согласно запросу, подтверждает стоимость выполнения монтажных и монтажно-наладочных работ согласноротоколу согласований договорной цены.",482
Управление по проектным работам,"«ORGANIZATION] заключил НЗ No[NUMBER] на выполнение проектно-изыскательских работ по объекту «OBJECT». Объекты электроснабжения «OБJЕCT», а также дизельная электростанция на условиях согласно приложению к данному письму. «PERSON» выражает согласие о заключении НЗ на выполнения проектно–изыскательных работ и взаимодействию с надзорными органами.",483
Блок заместителя генерального директора по безопасности,"Начальник отдела операционной деятельностью по экологической безопасности «PERSON» сменил единого ответственного лица по договорам на сбор, транспортирование и утилизацию отходов бурения и рекультивации нарушенных земель, занятых под шламонакопители для «OBJECT» ООО «ORGANIZATION».",484
Блок заместителя генерального директора по закупкам,"Компания «PERSON» предлагает поставку запасных частей для роторных двигателей «OBJECT», установленных в качестве привода роторного двигателя «ORGANIZATION», устанавливаемых в качестве прывода компрессоров «OБJЕCT».",485
Блок технического директора,"«PERSON» согласился заключить дополнительное соглашение к производственной программе, в связи с внесением изменений в производственную программу, а также внесение изменений к производственным программам. Генеральный директор [PERСON] Tel. [CONTACT] [ПERSОN] Тел. «CONТАCT] «PerSoN» Тел. [CoNTAFT] Генерального директора [PERSOН] Тел: [COНTACT_PERRSSORGA",486
Блок заместителя генерального директора по защите,"Публичное акционерное общество [ORGANIZATION] проведет учебно-мобилизационный сбор с руководителями мобилизационных органов дочерних организаций и совместных предприятий в рамках плана мероприятий по мобилизационной подготовке на «DATE_TIME», направлениям ее совершенствования и задачам на [DAТE_ТИME».",487
Управление по проектным работам,"Организация, которая планирует построить трассу автодороги по КГС No [CONTACT», согласовывает предварительное прохождение коридора для проектирования трассы автодорог, мостового перехода и пересечения ГСК на предмет соответствия требований к планируемому воздействию нагрузок от тяжеловесного автотранспорта.",488
Генеральный директор,"6 февраля в «TIME» состоится заседание Стратегического (Временного оперативного) штаба по решению вопросов, связанных с реализацией поставок природного газа из [COUNTRY] по далневосточному маршруту (далее – Штаб) в формате видеоконференции.",489
"Проект ""Южный""",Исполнительному директору Агентства по строительству Автодороги «ORGANIZATION» (PERSON) удалось корректировать проектную документацию в рамках проекта Обустройство «OBJECT» (код ПИР [DOCUMENT_NUMBER] в части исключения участка автодороги и проектирования примыканий к планируемой к реализации Автодороге).,490
Генеральный директор,"Объявлена благотворительная помощь в размере $300 млн для проведения юбилейной годовщины со дня своего основания в Северном Кавказе, которая станет важным событием для всего населения края, направленной на сохранение богатого наследия коренных малочисленных народов Северного края и поддержать развитие культурно-массовых традиций.",491
Блок директора по мощностям,"На скважине No[NUMBER] [OBJECT] произошло падение давления на НКТ в количестве [NUMБER] Мпа и падения давления до [NUMBE] МПа. Директор по геологии и разработке, концептуальному проектированию- главному геологу «ORGANIZATION] сообщил, что инцидент произошедшего на кустовой площадке не наблюдалось.",492
Проект сервиса скважин,"Московский филиал ИНВЕСТ ООО с ограниченной ответственностью согласовывает субподрядную организацию с целью поставки МТР в рамках соглашения о поставке МТР на месторождение «OBJECT» в рамки договора от [DATE_TIME] No [DOCUMENT_NUMBER] на эксплуатационные скважины газовой залежи, входящие в состав месторождения.",493
Блок директора по мощностям,«PERSON» рассматривает претензии по претензии на «DOCUMENT_NUMBER] от [DATE_TIME] в размере «FINANCIAL_DATA». Сумма штрафа планируется заплатить зачетом в счет причитающихся платежей по Договору.,494
Блок операционного директора,"Накануне авиационных работ в весенне-летний период 2025, которая пройдет в рамках подготовки к выполнению воздушных судов в весеннем периоде 2025 года, прошу Вас провести следующий комплекс мероприятий, в том числе подготовку п/площадок постоянного и временного использования в соответствии с требованиями ФАП No69 Требования к посадочным площадкам.",495
Блок директора по мощностям,"Объявление о введении новых мощностей ООО «ORGANIZATION» было сделано в рамках Договора подряда на бурение эксплуатационных скважин по суточной ставке или фиксированной ставке. Директор по введению новой мощности «PERSON] заявил, что не исключено, что в ближайшем будущем будет создано новое месторождение.",496
Блок директора по строительству,В связи с переводом открытых ОБС на Единный ОБС изменяются банковские реквизиты «ORGANIZATION». Изменения происходят из-за перевода ранее закрытых ОБС в Единый ОБС.,497
Управление по проектным работам,"АО Институт Нефтегазпроект (ORGANIZATION) «Институт нефтегазпроекта» (OBJECT) опубликовало письмо о приостановке проектно-изыскательских работ в связи с приостановкой проектно изыскательных работ. Российская федеральная федеральная федерация (FEFEC) направил Вам информацию о выполненных работах и разработанную документацию по дожимной насосной станции, наряд-заказ «NUMBER]",498
"Проект ""Южный""","Исполнительному директору промысла «PERSON» вручилось благодарственное письмо, в котором просим рассмотреть возможность участия [PERСON] в курсе повышения квалификации PVT-свойства пластовых флюидов на сквере «NUMBER» [ORGANIZATION».",499
Блок деректора по газу,Разработан пакет документации предварительного технико-экономического обоснования строительства бензол-толуол-ксилоольной фракции из сырья заданного состава с целью монетизации ПНГ на активах [ORGANIZATION] в рамках технического задания к договору No[DOCUMENT_NUMBER] для монетизации PНГ на «ORГАNIЗATIОN».,500
Блок директора по строительству,"Филиалом «ORGANIZATION] ведется приемка объектов, входящих в состав инвестиционных проектов. Заказчику предстоит предоставить лицензии на строительство объектов.",501
Блок деректора по газу,«ORGANIZATION] заинтересовано в оказании услуг по замене системы электрозапуска газотурбинного двигателя НК-16-18СТД в условиях производственных мощностей завод-изготовителя.,502
"Проект ""Новая нефть""",В рамках реализации объекта «OBJECT] направляем в Ваш адрес исходные данные (сборочный чертеж) арматуры динамического байпаса (поз. 52-КШ127) на арматуру динамическего байпасa (поза 52-KШ127).,503
"Проект ""Нефтяные краюшки""","В связи с изменением давления нагнетания с [FINANCIAL_DATA] на [FИНАNCIАL_ДATION] по проекту «OBJECT», Заказчик направил Вам обновленные требования для подбора антиповышного клапана (АПК, КДБ, КГП) и горячего подмеса (КГП).",504
Блок директора по мощностям,"Дополнительное соглашение к Договору No14 к Договоренному договору No 14 не может быть согласовано до устранения следующих замечаний: Проект Дополнительного соглашения No14 не могут быть выполнен до устранений следующих следующих заметаний: 1. В пункте 8 вместо [ATTACHMENTS] вместо «ATTAHCHMENETS] не должен быть использован пункт 8 в пункте 8, а вместо этого «AТTACHLMENТS] может появиться «АTT",505
Блок бизнес-директора,Председатель Правления «ORGANIZATION» Дмитрий Медведев выступил с просьбой привлечь участие в разработке роботизированного многофункционального мобильного обходчика роботизированная платформа с использованием систем искусственного интеллекта для выполнения замеров загазованности.,506
Блок директора по мощностям,Филиал [LOCATION-REGION] ведет строительство эксплуатационных скважин в рамках действующего Договора «DOCUMENT_NUMBER] в рамки действующего договора No «DoCUSENT-NUMБER» о строительстве эксплуатационных скваженных соединений в рамок действующего соглашения о создании дополнительного соглашения по строительству эксплуатационной скважи на [RESERVATIОN_GROUP».,507
"Проект ""Нефтяные краюшки""","Генеральному директору «ORGANIZATION] «FILIAL» «OРGAНIZАTIOН» сообщается, что полная реализация «PRODUCT» возможна только при согласовании изменений, внесенных генеральным проектировщиком в опросный лист.",508
Блок директора по мощностям,«ORGANIZATION] требует привлечения дополнительной водоперевозящей технической техники на КП No5 ТЮ и КП No8 ТЮ с дальнейшей компенсационной компенсацией затраченных затрачданий.,509
Блок директора по строительству,"«PERSON» подтвердил стоимость выполнения монтажных и пуско-наладочных работ КТП 10/0,4 кВ площадки приемо-сдачового пункта нефти «OBJECT] площадкиприемо- сдачовогопункта нефтяной отрасли «ORGANIZATION] «CONTACT» для заключения договорной стоимости КТП 1 и подтвердил договорную цену.",510
Блок директора по мощностям,Начальник Управления внутрискважинных работ Блока директора по вводу новых мощностей [ORGANIZATION] сообщил об ухудшении социально-бытовых условий работников и срыве производственной программы.,511
Блок директора по мощностям,"Исполнитель и Заказчик договорились о возмещении ущерба в связи со строительством скважины в Башню Федерацию. После подъема КНБК были выявлены следующие повреждения оборудования Исполнителя, как собственного, так и неарендованного.",512
Блок директора по строительству,В рамках заключенного Договора подряда на выполнение комплекса работ по обустройству площадочных объектов и объектов вспомогательной инфраструктуры «OBJECT» просим рассмотреть и согласовать стоимости МТР. Стоимость МТР составляет «FINANCIAL_DATA] руб. «ATTACHMENTS] «PERSON] о согласовании затрат на приобретение ограждение и системы электропастух».,513
Блок деректора по газу,И.о. генерального директора по газу «ORGANIZATION] сообщает о готовности предоставить 1 шт. свечей зажигания в качестве эксклюзивного подтверждения визуального соответствия. При успешном испытании свечи зажигание просим Вас гарантировать приобретение всей партии свечей на общую сумму [FINANCIAL_DATA] без НДС.,514
Блок директора по газовым проектам,Администрация Российской Федерации уведомляет о проведении внеплановой выездной проверки объекта капитального строительства «OBJECT». Контролируемые лица могут выступать в качестве представителей контролируемого лица либо уполномоченного представителя.,515
"Проект ""Нефтяные краюшки""",Исполнительному директору инвестиционного проекта «OBJECT» «PERSON» была доведена информация об отсутствии устройства водопропускных труб по объектам строительства автодорог в составе инвестиционного инвестиционного комплекса «ORGANIZATION».,516
"Проект ""Нефтяные краюшки""","«PERSON» написал письмо, в котором просит откорректированное техническое задание газодинамических уплотнений (система газодинамические уплотнения) с комментариями по замечаниям. В ответ на письмо No [DOCUMENT_NUMBER] от «DATE_TIME] направляем Вам отредактирированное техническое задание «FINANCIAL_DATA] с комментарием по замечаниям.",517
Блок директора по персоналу,"Российские вузы должны быть представлены экспертным сообществом в рамках 14-го ежегодного национального рейтинга «ORGANIZATION-100», который состоится 14 октября 2018 года.",518
Блок технического директора,"«PERSON» просит предоставить максимальное содействование в решении критичных вопросов, препятствующих организации надежного и безопасного функционирования энергогиганта и обслуживающего его персонала.",519
Блок заместителя генерального директора по безопасности,Лучший специалист по охране труда Республики [ORGANIZATION] проводит первые этапы республиканских конкурсов Лучшего специалиста по охраны труда и детского рисунка Охрана труда глазами подростков.,520
Блок технического директора,Генеральному директору «ORGANIZATION] сообщили о переносе «OBJECT] в «OБJЕCT». Организация невозможна в связи с близким расположением к действующему зданию «OBCUMENT_NUMBER».,521
Блок технического директора,"Владелец дорожного рынка (ORGANIZATION) напоминает о необходимости заключения договоров присоединения с Владельцем всеми пользователями платных автомобильных дорог необщего пользования, в том числе организациями, оказывающими услугу перевозки грузов и персонала. При отсутствии заключенного договора, транспортные пропуска оформляться и выдаваться не будут.",522
"Проект ""Нефтяные краюшки""","Информации по размещению шкафов НКУ и САУ АВО АВО газа в блоке ЭС ГПА, направленной в адрес исх. [LOCATION] недостаточно.",523
Блок директора по мощностям,«ORGANIZATION] может быть отклонен при ВМР на КП «NUMBER] и прогнозировании смещения сроков начала строительства скважин.,524
Блок директора по мощностям,Инженерно-технологическое общество Инженерное-технологический сервис согласилось на корректировку оказанных услуг по скважине Игнялинского ЛУ Игнятинского НГКМ на сумму исправления НДС на сумме исправления УПД No [FINANCIAL_DATA] на сумма исправления «FINАNCIАL_ДATA».,525
Блок директора по мощностям,В рамках соглашения по Супервайзерским услугам ПАО [ORGANIZATION] в рамках договора «SERVICE_CODE] компания «ORГAN IZAТИON» повысила заработную плату супервайзерам по механическому и электромеханическому оборудованию и регионального менеджера (суперинтенданта). Экспертный совет по управлению взаимоотношениями с контрагентами БРД ПАО «PERSON».,526
Блок директора по мощностям,"«ORGANIZATION] согласился заключить Дополнительное соглашение No 1 к Договору на переоборудование устья скважин от «DATE_TIME] на выполнение работ по переооборудованию устья, а также увеличение общей стоимости выполненных работ по Договоренному объему.",527
"Проект ""Нефтяные краюшки""","Выездная Коллегия Министерства транспорта и дорожного хозяйства «REGION» примет участие в заседании выездной Коллегии Министерство транспортного и дорогого хозяйства, которое пройдет в «TIME] (ЯКТ) в г. [LOCATION] в рамках выездного совещания.",528
Управление по проектным работам,"Нефтяная и газовая установка нефтяной и газотранспортной трубы в Московской области может быть построена по требованию заказчика. Для разработки проектной документации, разработки рабочей документации и согласования опросные листы на краны шаровые, задвижки клиновые и клапаны регулирующие с ручными (ATTACHMENTS) крана шаровых, краны регулирующих с ручками, крани регулирующие со ручными, крана регулирующие, клапанные регулирующие С руч",529
Блок технического директора,"Техническому директору [ORGANIZATION] пожаловались на штраф в размере 1 млн рублей за употребление наркотического опьянения у сотрудника мобильной группы «PERSON», который был отстранен от должностных полномочий.",530
Блок заместителя генерального директора по закупкам,В рамках обеспечения потребности Дивизион Восточная Сибирь в организации межпромысловых перевозок генерального груза привлечено «NUMBER] ед. автотранспортных средств (далее – АТС). Заказчик должен оплатить простой АТС по тарифам дежурства с экипажем и оплату простоя АТС в рамках согласования не полной загрузки АТС. При этом на текущий уровень заявленный объем составляет [FINANCIAL_DATA] с запретом на отгрузку.,531
Генеральный директор,Мирнинского района приглашают принять участие в совещании ТЕЛЕФОНОГРАММА по вопросу сохранности автомобильных дорог федерального значения А-331 и регионального значений А-331. Место проведения совещания: [LOCATION] [DATE_TIME] Генеральному директору филиала «ORGANIZATIION/PERSON».,532
"Проект ""Трубопроводный транспорт Главного НГКМ""","В рамках исполнения обязательств по договору No[DOCUMENT_NUMBER] в рамках проведения ПНР в рамок выполнения обязательственных обязательств в рамки выполнения договора о проведении ПНР будет командирован персонал для выполнения пусконаладочных работ на кустах скважин 1 и 2, в том числе, «OBJECT», «ORGANIZATION».",533
Блок директора по мощностям,"Строительство скважин на кустовой площадке No [NUMBER] «LOCATION НГКМ» произошло в рамках Договора No «DOCUMENT_NUMБER] от [DATE_TIME] года. Это произошло из-за аномального увеличения плотности бурового раствора в трубном пространстве, а также зафиксировано аномальное увеличение плотности СБТ до [FINANCIAL_DATA] г/см3.",534
Блок технического директора,"В рамках капитального строительства объектов водоподготовки планируется выполнить монтаж кабельной продукции на эстакаду в рамках строительства «OBJECT». Работники должны пройти медицинский осмотр, проверку знаний норм и правил по охране труда при эксплуатации электроустановок при эксплуатацию электроустановленок с предоставлением права выдачи нарядов, быть ответственными руководителями, производителями и исполнителями работ.",535
"Проект ""Нефтяные краюшки""","Исполнительному директору ПАО «ORGANIZATION] «PERSON» предстоит передать электронную и бумажную версию рабочей, сметной и сметной документации по объекту «OBJECT». Для получения электронной версии просим связаться с уполномоченным сотрудником филиала.",536
Блок директора по мощностям,"«ORGANIZATION] объявил о введении новых мощностей и согласовании расчетов «OBJECT». Директор по введению новой мощности «PERSON» согласовал расчеты, согласовав согласование расчетных показателей «OCUMENT_NUMBER] на No от [ORГАNIЗATIОN] согласования расчета «ATTACHMENТS] «AТTACHCHMENETS",537
Проект сервиса скважин,Директор по введению новых мощностей «ORGANIZATION» сообщает об отсутствии возможности заключения дополнительного соглашения для разработки раздела No 2 Схема планировочной организации земельного участка к проектной документации Групповой рабочий проект на строительство боковых стволов в эксплуатационных газовых скважинах в связи с отсутствием дополнительных лимитов капитальных вложений на данный вид работ.,538
Блок директора по мощностям,"Начальник супервайзинга бурения «PERSON] Касательно предоставления отчетной документации по супервайзерскому сопровождению специалистами по механическому и электромеханическому оборудованию, направляем Вам запрашиваемые данные по супервайзерскому соблюдению специалистами механического иэлектромеханического оборудования. Начальник управления супервайзера бурения и ВСП «CONTACT] «CONCATION» «CORGANIZAТИON».",539
Блок заместителя генерального директора по закупкам,"Стороны договорились о заключении Договора о подписании Договора, который был подписан на основании согласованных адресов электронной почты со стороны Сторон. Соответствующий Договор был подписанным Стороной.",540
"Проект ""Северная деревня""",[ORGANIZATION] [DATE_TIME_TIME] «ORGLGANGIZAQTIONG] [ARGNGAIZ_TIOR] (ORGIZACION) «ATTACHMENTSON_RNGATIIONL] «ARGIGANCHMENETTS_TIRECTOR) «OРGGANLIZAATIOM] «PERSONG_DIR,541
Блок технического директора,«PERSON» отказался заключать дополнительное соглашение к Договору No[DOCUMENT_NUMBER] от подрядчика Митрохина Митрохину по предмету банковского сопровождения и отказывается заключать Дополнительное соглашение No[NUMБER] к Договоренному договору от [DATE_TIME] года по предметам банковскогосопровождения.,542
Блок директора по строительству,"Генеральному директору [PERSON] Сергею Собянину предложили согласовать провоз кранов грузоподъемностью 32 тн, грузоподъемнойостью 32 тонн. После доставки краны будут дооборудованы видеорегистраторами и представлены ответственным исполнителям «ORGANIZATION» для получения необходимых разрешительных документов для инспектирования в рамках системы [SYSTEM».",543
Блок заместителя генерального директора по организационным вопросам,Организационный комитет по развитию корпоративных связей возложит ответственность за проведение отборочных игр Блока главного инженера [ORGANIZATION] в рамках продвижения здорового образа жизни и развития корпоративной культуры.,544
Блок заместителя генерального директора по безопасности,Депутат Госдумы Сергей Собянин потребовал провести проверку в связи с нарушениями в сфере охраны окружающей среды предприятиями занимающимися утилизацией переработанного нефтешлама в нарушении Законодательства Российской Федерации в области охраны экологической среды.,545
Блок технического директора,Руководителю по транспортному обеспечению «ORGANIZATION] просю согласовать перенос срока устранения недостатков на [DOCUMENT_NUMBER] в связи с объективной невозможностью проведения работ по чистке снега в связь с невозможным проведением работ в настоящее время.,546
Блок директора по строительству,"Руководителю проекта Обустройство объектов инфраструктуры «PERSON] дает согласие на заключение Наряд-Заказа No[DOCUMENT_NUMBER] изменение No1 к договору, заключенному между [ORGANIZATION» и [DATE_TIME] на выполнение комплекса работ по обустройству кустовых площадок, газосборных трубопроводов, объектов энергетики «OBJECT».",547
Блок директора по мощностям,"«PERSON] направил на рассмотрение комментарии по имеющимся проблемным вопросам, касающимся эффективности проведения работ на объектах «ORGANIZATION» с отражением соответствующих сроков устранения замечаний и плановых сроков начала бурения скважин.",548
Блок заместителя генерального директора по безопасности,Организация многофункционального пространства на территории «ORGANIZATION] Дивизиона Север (ООО [ORГАNIЗATIОN] «Дивизион Север») может быть создана в рамках строительства многофункциональных зданий для обеспечения средствами индивидуальной защиты сотрудников.,549
Проект «Обустройство объектов Новой нефти»,"«ORGANIZATION] готово направить специалистов для выполнения шефмонтажных работ дополнительной линии измерения в здании блока системы измерений качества нефти (СИКН) по объекту «OBJECT] до заключения договора, при условии получения допуска специалиста на объект.",550
Блок технического директора,"Руководителям организаций согласно списку рассылок о сотрудничестве с применением БАС могут быть предъявлены претензии и претензии в связи с этим предложением. Компания «ORGANIZATION» предлагает сотрудничество в отрасли аэрофотосъемки, инспекции труднодоступных сооружений и оценки экологической обстановки.",551
Блок технического директора,Специалист службы защиты от коррозии Инженерно-технического центра «ORGANIZATION» попросил провести совместное посещание объектов третьего ачимовского участка на территорию Инженерного технического центра.,552
Блок технического директора,"«PERSON] требует организовать передачу прав на земельный участок, на котором располагается временный энергоцентр ВЭЦ «OBJECT», на который располагает временный электроэнергетический центр «ORGANIZATION», а также организовать договор о передаче прав на участок в рамках Договора No [DOCUMENT_NUMBER] от «DATE_TIME».",553
Генеральный директор,"Администрация муниципального района [PERSON] просит Вас предоставить информацию об экономических показателях Ваших предприятий, осуществляющих деятельность на территории Республики [ORGANIZATION» для формирования прогноза СЭР на [DATE_TIME] по прилагаемой форме. Конфиденциальность полученных данных гарантируем.",554
Блок технического директора,Техническому директору Дивизиона Север «PERSON» сообщается о закрытии объемов по вывозу НСЖ за [DATE_TIME] для подрядных организаций. Это произойдет из-за фактического отработанного времени с учетом фактических отработанных часов с вычетом одного часа на обед.,555
Генеральный директор,Публичное акционерное общество [ORGANIZATION] Публичном акционерном сообществе «PERSON» ОАО «ORГAНIZАTIOН» Публическое акционерское общество «OРGANCUMENT_NUMBER] «PerSОN» «PERSON». Объявление акционерного сообщества было сделано на основании договора о создании собственного имущества.,556
Блок заместителя генерального директора по безопасности,Глава природоохранной службы требует в срок до 1 сентября направить в департамент природных ресурсов и экологии информацию по сокращению выбросов в атмосферный воздух и увеличению массы обезвреженных загрязняющих веществ от организованных источников.,557
Блок заместителя генерального директора по организационным вопросам,"Заказчик обратился с просьбой согласовывать лимит на горячее питание с учетом НДС на одного человека в сутки с учетым НДС, а также обратился к Заказчикам с предложением согласовываться на установление лимита на комплексный набор блюд с учетой НДС.",558
Блок директора по строительству,"Руководителю проекта «OBJECT» сообщается о заключении Договора ПНР/ШИР в рамках стоимости, определенной по итогам проведения конкурентных процедур по отбору Поставщика оборудования «ORGANIZATION».",559
Блок заместителя генерального директора по организационным вопросам,После проверки качества оказываемых услуг по комплексному обслуживанию объектов социально-бытового назначения и организации проживания на территории [OBJECT] направляем планы корректирующих мероприятий по итогам проверки по чек-листу качества.,560
"Проект ""Новая нефть""",Исполнительному директору Проекта [PERSON] Касаемо [NUMBER_NUMБER] Исполнительного директора проекта «PERСON» Касаема «NUMBECT_NUMbER] Касаеемо [OBJECT-NUMBer] Касaемо «NUMБECT]-[NUMBBER-NUMber] для [LOCATION) Касаемое «NUMBOMENT_numBER] Разработчикам и разработчикам ПАЗ уровней полноты,561
Генеральный директор,"Правительство Республики Саха (Якутия) потребовало предоставить сведения об ответственном недропользовании на территории Якутии в соответствии со статьей 5 Закона Республики «Об ответственнном недрпользовании» (DATE_TIME) о социальной эффективности недропользователей, ведущих деятельность на территорию республики.",562
"Проект ""Новая нефть""","«PERSON] нефтяной корпорации нефтяного концерна нефтяная нефтяные проекты оказались успешно реализованными в рамках действующего соглашения на оказание услуг по созданию и внедрению систем пожарной автоматики, систем управления электроснабжением под ключ на «OBJECT] для нужд «ORGANIZATION» нефтяных предприятий, а также систем автоматизации, систем пожарных автоматики и системы управления электричеством под ключ в рамки действующего",563
Блок директора по мощностям,"Транспортные средства должны будут оснащаться системой внутрикабинной видеонаблюдкой, которая осуществляется заездами на территории Заказчика для доставки грузов и т.п., которые осуществляются заездом на одной площадке без выезда на дороги (автономные площадки проведения внутренних услуг/работ).",564
Блок заместителя генерального директора по организационным вопросам,ПАО [ORGANIZATION нефть» примет участие в проведении отборочных игр «ORГAN IZAТИON» в городе [LOCATIОN] в рамках программы по развитию корпоративного спорта ПАО «PERSON».,565
Блок технического директора,«ORGANIZATION» заключил дополнительное соглашение по внедрению систем внутрикабинной видеоаналитики для транспортных автомобилей и транспортных средств с целью исполнения обновленных корпоративных требований производственной безопасности.,566
Блок заместителя генерального директора по организационным вопросам,"Изменение дополнительного соглашения No 6 по внесению изменений в дополнительное соглашение No 6 может быть связано с ухудшением сроков оказания услуг питания, текущему ремонту зданий и сооружений, благоустройству прилегающей территории и уменьшением срока действия Договора по «DATE_TIME] без учета НДС.",567
Проект «Обустройство объектов Новой нефти»,Инжиниринговая компанию «ORGANIZATION] Исполнительный секретарь проекта «Обустройство площадных объектов Чона нефть (ПСП) [PERSON_PERRSОN] Руководителю проекта Обустройство площадного объекта Чонанефть (PСП) «PERСON» Руководителем проекта Оборудование площадных площадных проектов Чон нефть «PerSOН» Исполнительного секретаря АО «ЧОН нефтяной НПЗ (PERSEON),568
Блок директора по строительству,"Подрядчик МТР «ORGANIZATION] требует согласовывать цены МТР по ценам указанным в ведомости подрядчика. Эксперты считают, что подрядчик готов поставлять материалы - поз. 1.1 по ценаm указанным во ведомостности МТР. Заказчика просят предоставить контактные данные поставщика, который готов поставить материалы позже 1.1 по ценам указанным на ведомость МТР [DOCUMENT_NUMBER]",569
Управление землеустроительных работ,"Генеральному директору филиала [ORGANIZATION] требуется согласовать топографические планы масштаба 1:2000, подтвердить их месторасположение и характеристики коммуникаций и автомобильных трасс, подтвердить их местное расположение.",570
Блок директора по проектированию,"Государственный регистрационный номер: [DESCRIPTION] Лицензия: [ID] Лицензионное ведомственное свидетельство о принятии на хранение информации о недрах, поступившей на постоянное хранение в «ORGANIZATIOН» геологической информацией о недрах.",571
"Проект ""Нефтяные краюшки""","В дополнение к исх. No[DOCUMENT_NUMBER] по объекту проектирования газоперекачивающих агрегатов «ORGANIZATION] направляем уточненную схему электрическую однолинейную, в которой учтены замечания, полученные в рабочем порядке от [ORГANIIZAТИON».",572
Блок директора по строительству,Руководитель строительной Компании (PERSON) объявил о готовности к выполнению шеф-монтажных и пусконаладочных работ в отношении установок дозирования реагента «DOCUMENT_NUMBER] ТУ «DATE_TIME». Ответственные со стороны [PERRSOН] за заключение Договора не планируется.,573
Блок технического директора,ORGGANIZATIOON: [DCOCUMENET_NUMBIBER] [PERRSON] [DOCWUMENT_NUMWBER],574
Блок директора по мощностям,"Начальнику управления по бурению «ORGANIZATION-[REGION] «PERSON» сообщили об изменении графика движения БУ для бурения эксплуатационных скважин по суточной ставке или фиксированной ставке. Начальник управление по бурении «OBJECT] сообщил, что для того, чтобы избежать срыва производственной программы и не допустить срыва производства, будет проведена мобилизация БУ.",575
Управление по проектным работам,"«PERSON] согласовали технические требования по объекту [OBJECT]. Этап [NUMBER]. Установка «OBSJECT», ш.[NUMБER] В рамках разработки рабочей документации по проекту «OБJЕCT] направляем Вам на согласование техническые требование на «OBCUMENT_NUMBER].",576
Управление по проектным работам,АкЦИОНЕРНОЕ ОБЩЕСТВО «ORGANIZATION] Акционерное ОБЩество «PERSON» согласилось заключить Наряд-заказ No41 по проекту газопровод ПНГ [OBJECT] на выполнение проектных и изыскательских работ по газопроводу ПНГ «OBSJECT».,577
Блок директора по строительству,Проект «OBJECT» требует срочной выплаты аванса в размере [FINANCIAL_DATA] для предотвращения простоев техники и персонала из-за отсутствия утвержденной рабочей документации (РД). В связи с этим просим рассмотреть возможность выплаты срочного покрытия аванса по Заказ-надзору No[DOCUMENT_NUMBER] в размер «FINNCIАL_ДATA».,578
Генеральный директор,"The School-Internat (REGION) разработал совместное образовательное учреждение (RERION), которое специализируется на подготовке будущих UAV  операторов.",579
"Проект ""Северная деревня""",Исполнительный директор проекта «PERSON» сообщил о намерении провести поверку измерительной системы на УППГ «ORGANIZATION] и внести в Федеральный информационный Фонд сведения о поверке СИКП в рамках договора поставки NoДП «FINANCIAL_DATA».,580
Блок технического директора,"Московское котельное общество с ограниченной ответственностью приобрело трансформатора розжига водогрейного водогрейных котла No2 котельной «OBJECT», который станет основным поставщиком трансформатора разжига водогрейного котла для котельной.",581
Блок заместителя генерального директора по безопасности,Саха (Якутия) объявила об ограничении выбросов парниковых газов в связи с введением жесткого углеродного регулирования на территории всей страны до 2025-го года. В соответствии с нормами Федерального закона об экологическом благополучии Сахалинской области проводится эксперимент по сокращению выбросов в виде установления механизмов жесткого регулирования выбросов с установлением квот на выбросы и платой за превышение квот.,582
Блок заместителя генерального директора по безопасности,"«ORGANIZATION] согласился заключить дополнительное соглашение к Договору по вывозу стоков с вахтовых жилых комплексов в Российскую Федерацию, а также о заключении дополнительного соглашения No[NUMBER] к Доглашению по соблюдению миграционного законодательства.",583
Блок заместителя генерального директора по безопасности,"Администрация карьерного холдинга «ORGANIZATION» просит согласовывать возможность выборки грунта из карьеров No [NUMBER, [NUMБER] на кустовых площадках No [OBJECT] на участковых площадках.",584
Блок заместителя генерального директора по безопасности,Транспортное средство «ORGANIZATION» не имеет диагностических карт технического осмотра на месторождениях «OBJECT» для проведения государственного техническому осмотру. В связи с производством скважин и удаленностью месторождения отсутствовала возможность своевременного прохождения ГТО.,585
Блок директора по строительству,"Объекта «OBJECT] будет использоваться транспортными средствами, в том числе и автомобилем, а также транспортными средствами, которые будут использоваться на объекте, согласно договору No[DOCUMENT_NUMBER] сроком до [DATE_TIME] срок до [PERSON] срока до «DATI_ТИME] на основании договора No[ORGANIZATION_CONTACT_NUMБER] до",586
Блок директора по мощностям,"Заказчик заключен дополнительное соглашение на проведение гидравлического разрыва пласта. Подрядчик согласился заключить дополнительный соглашение о гидравлическом разрыве пласта, который, по мнению Подрядчика, является обязательным.",587
Блок технического директора,"В рамках строительно-монтажных работ в рамках строительства «НГКМ» планируется привлечь электротехническую бригаду на должность главного энергетика. Работники электротехнического персонала прошли медицинский осмотр, проверку знаний норм и правил по охране труда в объеме занимаемой должности, а также провели медицинское и пожарную безопасность в объемом занимаемой обязанности.",588
Блок технического директора,Генеральный директор [PERSON] рассматривает возможность замены штрафных санкций на проактивное мероприятие в виде установки системы видеоаналитики на автомобиль ППДУ «OBJECT] г/н [ID] на постоянной основе оказывающий транспортные услуги на объектах [ORGANIZATION».,589
Блок директора по мощностям,Генеральному директору [ORGANIZATION] требуется штраф за нарушение условий договора No [DOCUMENT_NUMBER] от [DATE_TIME] в размере [FINANCIAL_DATA] рублей 00 копейки за нарушение условий соглашения.,590
Блок директора по строительству,"Строительство напорного нефтяного потока в составе проекта «PROJECT» в рамках строительства напорного нефтепровода от [LOCATION] до [LОCAТИON» может быть выполнено в соответствии со своим проектным институтом. Проектный институт просит направить замечания к графической части, спецификациям и ведомостям объемов работ РД разделов на линейную часть 2 участка, а также на узел запуска антикоррозионного покрытия.",591
Блок заместителя генерального директора по закупкам,"«ORGANIZATION] просит продлевать срок приема заявок по тендеру по бурению эксплуатационных скважин по суточной ставке или фиксированной ставке до 2017 года и продлить сроки приема документов по тендерному тендеру, по которому срок заявок заканчивается [DATE_TIME] года.",592
Генеральный директор,Компания «SUBORGANIZATION] планирует провести совещание с представителями «ORGAANIЗATIОN] с целью рассмотрения имеющихся решений и возможных возможностей [SuBORGIZAТИON».,593
Блок директора по мощностям,"Директору по введению новых мощностей ООО [ORGANIZATION] «PERSON» «OBJECT] «ORGION». Директор по вводу новой скважины «PERSON», который, по мнению руководства ООО, может быть введен в эксплуатацию.",594
Блок заместителя генерального директора по организационным вопросам,"Количество дополнительного персонала, привлекаемого для комплексного обслуживания объектов социально- бытового назначения в рамках Договора, может быть согласовано с «ORGANIZATION] в количестве «FINANCIAL_DATA] человек в вахту.",595
Блок заместителя генерального директора по организационным вопросам,Московский коммерческий комнект «OBJECT» может быть приглашен в Россию в рамках проекта «PROJECT». Заказчик выполняет исполнительную часть за партнерские партнерские отношения между Заказчиком и Банком запаса.,596
Блок директора по строительству,"Для своевременной регистрации объектов капитального строительства в Росприроднадзоре требуется предоставить нижеперечисленные документы, в том числе: Утвержденную проектную документацию объекта капитального строительа (ПОС), разрешение на строительство (ГЭЭ) и разрешения на эксплуатацию нефтепровода (БМУПН...НПС10). Если несвоевременное предоставление этих документов не позволит поставить данные объекты на учет в РосПрироднадзор.",597
Блок директора по строительству,"«PERSON» отказался заключить дополнительное соглашение к Договору No [DOCUMENT_NUMBER] от «DATE_TIME] в связи с ухудшением условий относительно первоначального Договора, в частности изменений пункта «NUMБER», статьи [NUMBBER».",598
Генеральный директор,"Спортивные и физкультурные соревнования являются стимулом подрастающего поколения к активному спортивному образу жизни и создаются все условия для реализации этих мероприятий. Организация, возглавляемая компанией «PERSON», приглашает своих сотрудников принять участие в региональном экстремальном многоборье «OBJECT».",599
Генеральный директор,Минтранс совместно с «ORGANIZATION» проводит работу по актуализации прогноза грузовой базы железнодорожного транспорта Российской Федерации на период до 2030 года и до 2036 года с учетом преобразования логистических схем и преобразование логистической схемы.,600
Управление по проектным работам,Научно Исследовательский Проектный Институт нефти и газа «PERSON» направил на рассмотрение и согласование дополнение к согласованному ранее согласованному опросному листу по разделу КИТСО Проект: Обустройство Песчаного месторождения. Расширение (раздел Комплекс инженерно-технических средств охраны).,601
Блок заместителя генерального директора по безопасности,Общество с ограниченной ответственностью «ORGANIZATION» требует согласовать транзитный проезд на «OBJECT» в рамках исполнения услуг ГСН-24/07100/02386/P от [DATE_TIME] на строительно-монтажные работы по обустройству ст. [OBSJECT] ТС Исполнителя согласно списку (ATTACHCHMENTS) ТС Заказчика.,602
Блок технического директора,"«PERSON» официально объявил о подписании договора по поставке газового стабильного газового стабилизьного (нефти) на завод по сбыту нефтяного конденсата газовой стабильного (NFANCIAL_DATA) в адрес «ORGANIZATION] в адрес его владельца, а также сообщил, что на «DATE_TIME] распределено «FINANЦИAЛ_DAATA] тонн конденсата газа стабильного.",603
Блок деректора по газу,"ПАО [ORGANIZATION] добыва [LOCATIОN] требует обеспечения ежедневного учета технологических потерь при добыче углеводородов (УВС), в том числе на разрабатываемых участках на правах недропользователя ПАО «ORGIZAТИON».",604
Блок заместителя генерального директора по организационным вопросам,"Организация отраслевых соревнований по следующим видам спорта — Бадминтон, Гиревой спорт, многофункциональное многоборье (кроссфит), многофункционального многоборья (кросфит) и многофункциональном многоборьем (kроссфит) — в рамках программы развития корпоративного спорта «ORGANIZATION] приглашает участие в отраслевым соревнованиях.",605
Проект сервиса скважин,«ORGANIZATION] требует согласовать дальнейшее бурение эксплуатационных скважин без проведения УЗД на бурильный инструмент СБТ-114 на КП 102 Крайнего месторождения после окончания бурения кустовой скважины No6218 и дополнительной скваженной площадки.,606
Управление по проектным работам,АО Гипровостокнефть (PERSON) «Газпромнефть-Заполярье (GPN-Zapolarнее) о выдаче нагрузок на электроснабжение для подключения проектируемых печей (ПП). Российская федеральная корпорация (PERSOН) предлагает рассматривать расчеты электрических нагрузок электроснабжения.,607
Блок директора по строительству,Начальник отдела по строительству площадных объектов [ORGANIZATION] подтверждает свою готовность к заключению Договора на выполнение шеф-монтажных и пускналадочных работ оборудования: [SYSTEM] и Куст скважин [NUMBER] в рамках договорной цены.,608
"Проект ""Трубопроводный транспорт Главного НГКМ""","В рамках исполнения обязательств по договору No[DOCUMENT_NUMBER] в рамках проведения ПНР в рамки одного объекта может быть командирован специалист для выполнения пусконаладочных работ в период с [DATE_TIME] по объекту «OBJECT». По итогам селектора от [ORGANIZATION] направлены вопросы, касающиеся подготовки к проведению ПНР.",609
Управление землеустроительных работ,"Администрация Краснодарского края рассматривает возможность установления публичного сервитута для размещения объектов электросетевого хозяйства, тепловых сетей, сетей водоотведения, линейных объектов системы газоснабжения, нефтепроводных сетей и других неотъемлемых технологических частей в Краснодарском крае.",610
Блок заместителя генерального директора по защите,"ПАО [ORGANIZATION] НЕФТЬ (ПАО [ОRGIZАTIOН] НЕFТЬ) провело очередную проверку критической информационной информационной инфраструктуры на технологических объектах топливно-энергетического комплекса и энергетики. Согласно предоставленным данным, на технологичных объектах эксплуатируются автоматизированные системы управления, включенные в перечни типовых отраслевых объектов критической информационной инфраструктуры.",611
Управление по проектным работам,«ORGANIZATION] АКЦИОНЕРНОЕ ОБЩЕСТВО (АКЦИOНЕРНОE ОБЩество) опубликовало письмо о заключении изменений к наряд-заказу по Тас-Юряхскому месторождению на выполнение проектно-изыскательских работ по объекту Таса-Юрихского месторождения в Тас Юряхском месторождении. Начальник управления по проектно–изыскательствским работам и взаимодействию с надзорными органами «PERSON»,612
Блок директора по мощностям,"Общество с ограниченной ответственностью [ORGANIZATION] требует провести выдачу пропусков без первичных документов на сотрудников компании, запрашиваемых дочерними обществами по направлению БиВСР.",613
Блок директора по персоналу,"Увольнение в порядке перевода из [ORGANIZATION] в [OРGАNIЗATIОN] сотрудника, который ранее работал по РАБОТЕ С ПЕРСОНАЛОМ И ОРГАНИЗАЦИОННОМУ РАЗВИТИЮ, может быть увольнено в порядок перевода.",614
Блок директора по мощностям,Российская буровая бригада успешно ликвидировала проседание грунтового основания и усилила фундамент буровой установки «OCUMENT_NUMBER] в резервную зону в резервной зоне.,615
Блок технического директора,Российская нефтяная корпорация «ORGANIZATION» договорилась об оказании услуг по освоению скважин через сепарацюонную установку для оперативного контроля качества нефтяной отрасли (ОБС) в соответствии с установленными параметрами Банковского сопровождения. Финансовый директор «PERSON] Столяров потребовал рассмотреть возможность применения требований по банковскому сопровождению для [OРGAНIZАTIOН] в рамках соглашения о,616
Генеральный директор,"Публичное акционерное общество [ORGANIZATION] требует предоставить подробную информацию о выполнении поручений протоколов заседаний по разработке месторождений и использованию недр и ее секций, а также предоставить информацию об исполнении решений протоколов.",617
Блок директора по мощностям,«ORGANIZATION] не выполняет свою производственную программу в связи с отклонениями при реализации производственной программы и отсутствием компенсации НПВ в период бурения скважины.,618
Управление по проектным работам,"Проект 1325/16 по отработке откорректированных ГП на период бурения по КП 26М, 7М, 14М, 11М, 10М. Автомобильные дороги к кустам СКВажих в дополнительное письмо направляет надзорные органы на стоимость работ по корректировке GП на время бурения. «PERSON_CONTACT_NUMBER] «CONCUMENT_NUMБER] Начальник управления по проектно-изыскательским работам и взаимодействию с надзорными",619
Блок заместителя генерального директора по безопасности,Организация проведения семинара о возможных рисках в связи со принятием Кигалийской поправки к Монреальскому протоколу может быть связана с возможными рисками в связях с принятом Кигалийской поправкой к Монтреальском протоколу. Дата и время проведения не определены и будут уточняться по мере формирования группы участников.,620
Блок заместителя генерального директора по безопасности,"Организация строительства объектов капитального строительного строительства в Российской Федерации устанавливает санитарно-защитные зоны в отношении действующих, планируемых к строительству, реконструкции объектов, являющихся источниками химического, физического, биологического воздействия на среду обитания человека.",621
Блок операционного директора,ПАО [ORGANIZATION] объявило о проведении стратегической сессии Интегрированное моделирование подземной части в рамках стратегических сессии по обзору результатов по направлению Интегрированного моделирования актива.,622
Управление по проектным работам,"Начальник управления по проектно-изыскательским работам и взаимодействию с надзорными органами «ORGANIZATION/LOCATIОN/PERSON] «PERСON» (PERSEN) (PERSOН) написал письмо, в котором заявили, что схема технологическая принципиальная, ЧНФ1-УПН.Р1, ЧНТ1-УПN.Р1.",623
Управление по проектным работам,"«ORGANIZATION] АКЦИОНЕРНОЕ ОБЩЕСТВО «PERSON-Zapolarhelme[CONTACT] Ремонтно-эксплуатационный блок ремонтно-Эксплуатационного блока «OBJECT» Ремонтного-эфектионного блока «ObJECT» «OPJEFT» получил технико-коммерческое предложение, подготовленное на основании задания на проектирование.",624
Блок директора по строительству,Подрядчик и субподрядная организация договорились о продлении срока действия рамочного соглашения на выполнение работ по Куст скважин «OBJECT» в рамках строительства Куст-скважин в Крайнем Севере.,625
Блок директора по мощностям,"Объявлено коммерческое предложение на выполнение работ по бурению наклонно-направленной скважины на [OBJECT] на [LAYER] в связи с ухудшением производственной программы проекта. Эксперты считают, что в случае выполнения коммерческого предложения может быть связано повышение рабочего давления манифольда буровых насосов до [FINANCIAL_DATA] МПа.",626
Блок деректора по газу,"«ORGANIZATION] предоставит коммерческое предложение на капитальный ремонт ГТД «OBJECT] согласно техническим требованиям, указанным в письме, до [DATE_TIME]. Директор по закупочным решениям [PERSON» готов предоставить коммерческий предложение согласно требованиям, указанными в письмо, до «DOCUMENT_NUMBER».",627
Блок директора по мощностям,Директор по введению новых мощностей «ORGANIZATION] (PERSON) объявил о компенсационной компенсации затраченных на строительство эксплуатационных скважин на «OBJECT». Директору по вводу новой мощности «PERСON» (PERSOН) предстоит выполнить работы по строительству эксплуатационной скваженной скваженной скважи.,628
Блок директора по мощностям,Генеральному директору [ORGANIZATION] Сергею Собянину потребовалась корректировка стоимости выполненных работ по Заказу No [DOCUMENT_NUMBER] в связи с производственными обстоятельствами.,629
Блок заместителя генерального директора по закупкам,"Российский дивизион Восточная Сибирь нарушил сроки предоставления первичных первичных документов, которые были представлены в перечне документов. Это произошло из-за нарушения сроков предоставления оригиналов первичной документации.",630
"Проект ""Нефтяные краюшки""",Исполнительному директору филиала [ORGANIZATION] «PERSON» (PERСON) направил письмо с просьбой рассмотреть и согласовывать данную информацию на ДНС в течение 10 рабочих дней и ответить официальным письмом по адресу электронной почты [CONTACT] (CONТАCT).,631
Управление землеустроительных работ,"Департамент инвестиционной политики и государственной поддержки предпринимательства требует снять ограничительные ограничения на полеты беспилотных воздушных судов в регионе, установленные Постановлением Губернатора «REGION» от 19 октября 2022 года No 756 о мерах, осуществляемых в связи с Указом Президента Российской Федерации No 757.",632
Генеральный директор,"ПАО [ORGANIZATION] заключило договор на проведение проектной документации по объектам, реализуемым компаниями и субхолдингами Группы [OРGAНIZАTIОN] по объекту «OBJECT». Заказом No [NUMBER] предусмотрено проведение экспертизы проектнойдокументации (далее – ПД).",633
Блок технического директора,Руководителю по транспортному обеспечению «PERSON» направил обновленный обновленный [ATTACHMENTS] обновленный «ATТACHCHMENGTS». Настоящим письмом направляем обновленный новейший [AТTACHLMENТS] на обновленное обновленное [АTT ACHMENETTS» «AТТACHMLMENтS».,634
Блок заместителя генерального директора по организационным вопросам,"Заказчик службы ПБ «ORGANIZATION» должен выплатить в добровольном порядке сумму штрафа за использование поддельного медицинского заключения сотрудником службы «ПБ». Заказчикам грозит до семи лет лишения свободы за нарушение требований договорных отношений, допущенных работником «PERSON».",635
Блок операционного директора,«ORGANIZATION] — первый заместитель генерального директора [CONTACT] «PERSON» – сообщает о возможности участия сотрудников «OBJECT» в обмене опытом в рамках товарно-коммерческих операций с [OРGAНIZАTIOН] в ознакомительном осмотре технологического оборудования и регламентных действий персонала.,636
Блок директора по мощностям,Состояние дорожного полотна кустовой площадки КП No [NUMBER] «ORGANIZATION» ухудшилось после выпадения осадков и выпадений осадков. Это связано со сложившимися ситуацией на участке.,637
"Проект ""Трубопроводный транспорт Главного НГКМ""","Компания «RECONSTRUCTION» отгрузит следующие комплектующие согласно ведомости дефектов и замечаний после комплексного опробования блок-контейнера операторной [ID] зав.No [ID) на объект «OBJECT», поставленного на объект, согласно Приложению к Договору No ДП «DOCUMENT_NUMBER] от [DATE_TIME».",638
Блок заместителя генерального директора по закупкам,"«PERSON] подтвердил приобретение «PRODUCT» в количестве [NUMBER] пригодных к дальнейшей эксплуатации в размере «NUMБER». Это означает, что филиал «BRANCH» подтверждает приобретение данного ТМЦ.",639
Блок заместителя генерального директора по безопасности,Общество с ограниченной ответственностью «ORGANIZATION» опубликовало сведения об участии представителей в проведении тактико-специальных учений по взаимодействию сил корпоративной системы гражданской защиты в рамках ТСУ.,640
Блок заместителя генерального директора по безопасности,"Контролируемым лицом должно быть предоставлено соответствующее требование в рамках постоянного государственного надзора, проводимого на основании плановой проверки, выездной/документарной проверки и выездных проверок. Требование о представлении необходимых документов, имеющих значение для проведения оценки соблюдения контролируемым лицом обязательных требований, необходимо предоставить до контролируемого лица.",641
Генеральный директор,«ORGANIZATION] требует зачистки мест несанкционированной свалки на территории сельского поселка «LOCATIОN» с целью недопущения распространения бытовых отходов на территорию сельского сельского хозяйства.,642
"Проект ""Восточный""",Разработчик рабочей документации на узел врезки газосборного коллектора от куста «OBJECT» согласовал узел согласования врезка газопровода от газовых скважин No [OBSJECT] в газосborный коллектор от кусту газовых труб No [ОBJЕCT] от куса газовых сжижин No «OБJECT».,643
Блок заместителя генерального директора по имуществу,Генеральному директору «ORGANIZATION» (PERSON) предстоит расконсервировать Административно-бытовой корпус «OBJECT] на [LOCATIОN] в установленном порядке для работы по расконсорвации объекта.,644
"Проект ""Нефтяные краюшки""","Председатель комитета Российской академии экономического развития (РКД) России (РКД) опубликовал очередную проверку РКД и РКD 2-го этапа с комментариями экспертов. Эксперты считают, что документация может быть использована только для проверки коллективной проверки.",645
Управление по проектным работам,Научно Исследовательский Проектный Институт нефти и газа «ORGANIZATION] требует предоставить исходные данные для разработки раздела Проект организации строительства ТЗРУ-10 «OBJECT» в рамках выполнения работ наряд-заказу к Договору No [DOCUMENT_NUMBER] по объекту «OБJECT».,646
Блок заместителя генерального директора по безопасности,"Руководитель проекта Обустройство площадных объектов [OBJECT] просит рассматривать в течение одного месяца стажировки (испытания) водителям, трудоустроенным в общество после [DATE_TIME] для прохождения стажировочных дней на объекте Обустройства площадьных объектов «Обустройство площадные объекты [OБJECT] в течением одного месяца.",647
Блок директора по строительству,«ORGANIZATION] согласовывает рабочую документацию на пересечение проектируемым газопроводом DN 250 с ВЛ-6кВ шифр «DOCUMENT_NUMBER] «DATE_TIME] и согласовывается документацию по газопроводу DN-250 с ГЛОНАСС.,648
Управление по проектным работам,"Российский производитель дизельного дизеля оказался в центре внимания инвесторов, считают эксперты. Эксперты отмечают, что в ближайшем будущем будет зависеть объем потребности в маслоснабжении проектируемых объектов (ВКС, КС ПНГ, ЦДКС, ЦДДКС).",649
Проект «Обустройство объектов Новейшей нейти»,Разработчик программы производственного экологического мониторинга требует согласовать перенос срока разработки программы ПЭМ до момента получения положительного заключения государственной экологической экспертизы на проектную документацию объекта «OBJECT».,650
Управление по проектным работам,Компрессорный цех Тас-Юряхского НГКМ направляем на рассмотрение и согласование технологической схемы компрессорного цеха Таса-Юрихского NGКМ (КС ПНГ Тас Юряхский НГК) для согласования технологической  схемы (КС PНГ Таст-Юрейского НДКМ) и компрессорную станцию попутного нефтяного газа (КСПНГ поз. [NUMBER] — компрессорная станция попутного нефтегазового газа.,651
Блок технического директора,"ПАО [ORGANIZATION] (ПАО [ОRGАNIЗATIОN] примет участие в выездном техническом совещании по стратегии применения полимерно-армированных трубопроводов (ПАТ) с приглашением производителей-поставщиков, проектных организаций.",652
Блок заместителя генерального директора по безопасности,"Генеральному директору добывающей добыва «ORGANIZATION] требует направить в адрес «OРГANIIZAТИON» кадастровые номера земельных участков, на которых осуществляет деятельность добывающая добывая, кадастровых номеров земельного участка, а также кадастровый номер земельных участков, на которые осуществляется деятельность [ORGIZATATIОN] в рамках утилизации отходов бурения.",653
Блок технического директора,"Операционному директору ООО [ORGANIZATION] Операционным директору «PERSON» удалось выявить опасный участок и состояние проезжей части на предмет наличия опасных участков, состояния проезжой части и ситуации на трассе. Операционный директор «ORГANIIZAТИON) сообщил об обследственном обследовании участка автодороги пункт слива «DOCUMENT_NUMBER».",654
Блок директора по мощностям,"Московское акционерное общество «ORGANIZATION] согласовало применение противовыбросового оружия в составе превентора ППК-100х105 К2 ХЛ, крестовина КК-100х1058, катушка переходная КП-80х105-100х100, катушки переходной КП-100х102 зав.No [DATCHMENT_NUMBER] и катушек переходной ППК-50х105К2ХЛ.",655
Блок деректора по газу,"В рамках реализации «PROJECT» планируется подсоединить трубопровод к действующим коммуникациям «DATE_TIME». Для контроля накопления жидкости, возможности слива в случае скопления в типиковом участке прошу Вас предусматривать усиливающую накладку, предназначенную для монтажа дренажного узла Ду.",656
Блок директора по газовым проектам,Работу по переустройству воздушной линии электропередачи 10 кВ планируется осуществить по кусту газовых скважин No[NUMBER] воздушная линия электропередачей 10 ЛЭП к кусту газоскважин. При пересечении автодорогой рабочей документацией необходимо предусматривать мероприятия по обеспечению электроснабжения кустов на время производства работ по перестройке объекта основных средств (ORGANIZATION).,657
Блок директора по строительству,«PERSON» заключил соглашение о переходе участия в пае и обязательств по договору No[DOCUMENT_NUMBER] на оказание услуг по контролю. Генеральный директор [PERСON] Генеральный секретарь [CONTACT] Генерального директора [PerSОN] Исполнитель: [COНTACT_TIME],658
Блок технического директора,«РегионСпецТранс» может предоставить дополнительную технику в рамках заключенного Договора No «DOCUMENT_NUMBER] от Центрального Банка ВТБ (ПАО) Ямало-Ненецкий автономный округ (Ямало-Ненецкий автономский округ) в рамки заключенного договора о предоставлении дополнительного транспортного обеспечения.,659
Блок технического директора,Общество с ограниченной ответственностью «ORGANIZATION» (OBJECT) опубликовало очередную информацию относительно состояния аварийного оборудования в регионе ведения работ в период зимних автомагистралей и планируется размещение аварийных инструментов на объектах ведения рабочего процесса в зимние автодороги.,660
"Проект ""Южный""","Компания «ORGANIZATION» предлагает свою продукцию в соответствии со своими характеристиками: условный внутренний диаметр, условный наружный диаметр и рабочее давление. ТКП «OBJECT» может быть доставлено до объекта Заказчика в г. [LOCATIОN] с характеристиками, соответствующими характеристикам: * условный внутренний диаметр [ID] рабочое давление (FINANCIAL_DATA] атм.",661
Управление по проектным работам,"Научно Исследовательский Проектный Институт нефти и газа «ORGANIZATION» согласился на авторский надзор за строительством объектов: «Расширение кустов скважин No [NUMBER], Обустройство «OBJECT] и заключение соответствующих наряд-заказов No «NUMBECT».",662
Блок директора по мощностям,"Общественное акционерное общество «ORGANIZATION» заявляет, что в связи с увеличением сроков мобилизации и подготовки к выполнению работ, связанное с изменением механизма договорной обязанности, произошедшего в январе текущего года. В свою очередь сообщается о планах завоза недостающих МТР и прохождение процедур допуска по электробезопасности в период с [DATE_TIME] по [OBJECT».",663
Блок технического директора,"Техническому директору [ORGANIZATION] требуется перенести сумму ставки «OBJECT» в сумму «OБJЕCT] с последующей оплатой выполненных работ после предоставления подтверждающих документов. В связи с изменением конъюнктуры рынка грузоперевозок и необходимостью осуществления оплаты перевозки контрагентам, «PERSON» просит перенести «FINANCIAL_DATA] суммы ставки [OBSJECT] в",664
Блок технического директора,Генеральному директору [ORGANIZATION] требуется возместить абонентскую плату в размере «FINANCIAL_DATA] за установку интеллектуального видеонаблюдения на транспортных средствах и установку системы интеллектуальное видеонаблюдение на транспортные средствах.,665
Управление по проектным работам,"Объявление о том, что в комнате данных [ORGANIZATION] загружена рабочая документация по накладной «FINANCIAL_DATA] от [DATE_TIME]г. [ATTACHCHMENTS] г. [PERSON_DAATA] рабочую документацию загруженой рабочей документацией по накладную No «FИНANЦИAЛ_DАTA] «ATTBACHMENGTS»",666
Блок директора по мощностям,"Генеральный директор [ORGANIZATION] обратился с просьбой рассмотреть пакет документов, подтверждающих необходимость и обоснованность индексации договорных расценок в рамках действующего доходного контракта на освоение скважин методами свабирования, компрессирования при ТКРС.",667
Блок заместителя генерального директора по безопасности,"Департамент государственной энергетической политики (LOCATION) требует получить комплексное экологическое разрешение (далее – КЭР), которое должно быть выдано за два месяца до истечения срока действия КЭР, а также за четыре месяца до окончания срока ввода в эксплуатацию 2 Построенного, реконструированного объекта НВОС I категории.",668
Блок заместителя генерального директора по защите,Руководителям предприятий требуется завершить процедуру категорирования объектов ТЭК в срок до [DATE_TIME] в ближайший срок. Дополнительную информацию прошу направить на электронный почтовый ящик «CONTACT».,669
Блок заместителя генерального директора по закупкам,"«PERSON] приступил к устранению несоответствий в трубопроводной продукции и подпишет УПД No [DOCUMENT_NUMBER] в связи с критической необходимостью поставки кредиторам на приобретенные средства для закупки сырья, материалов и фонда наладки трубной продукций в максимальные сроки.",670
Блок технического директора,Компания «PERSON» выделяет земельный участок под наземную цифровую линию связи в интересах нефтегазодобывающих компаний и мобильных операторов связи участвующих в реализации газотранспортной системы.,671
"Проект ""Новая нефть""",Компания «ORGANIZATION» обратилась в суд с просьбой согласовать техническое предложение на поставку системы автоматического управления (САУ) ГПА-16 ГПА-15 для GПА-16.,672
Блок операционного директора,"Заявка на государственную регистрацию программы для ЭВМ внесена в Реестр программ для EВМ. Заявитель внесен в реестр программ, регистрационный номер которой является «DATE_TIME».",673
Блок директора по мощностям,"«ORGANIZATION» в очередной раз испытывает острый дефицит ликвидности, в том числе связанный с несвоевременным поступлением денежных средств со стороны других подрядных организаций, а также ставит под угрозу выплату заработной платы работникам предприятии.",674
Блок заместителя генерального директора по безопасности,"Общество с ограниченной ответственностью «ORGANIZATION» согласилось заключить дополнительное соглашение No 2, изменение No 2 к Агентскому поручению No 1, Агентское поручение No 2, Агентские поручения No 2 и Агентского поручению.",675
Проект сервиса скважин,«ORGANIZATION] примет участие в восстановлении продуктивности эксплуатационных газовых скважин в рамках договора по восстановлению продуктивности эксплуатирующих газовых газовой скважи. «PERSON» согласовывает привлечение субподрядчика в качестве субподрадчика ловильно-фрезерующего инструмента и его комплектующих частей в рамок договора «DOCUMENT_NUMBER] по восстановению продуктивности газового скважина «OBJECT».,676
Блок заместителя генерального директора по безопасности,"«ORGANIZATION] не возражает против установки фандоматов в арендуемых помещениях, а также не возражают против установкы данного оборудования (фандоматов) с полной ответственностью за безопасность со стороны [ORГAНIZАTIОN] в пределах арендаемых помещений. «PERSON_CONTACT_NUMBER_NUMБER] от [DATE_TIME] года.",677
Блок заместителя генерального директора по закупкам,Директор программы по управлению системой снабжения и цифровизации закупок «ORGANIZATION] «PERSON» сообщил об отсутствии системных заявок по направлению ВТУМ на май 2025 года в количестве [FINANCIAL_DATA] тн. Итоговое отклонение составит [DATE_TIME] г. от СМГ будет составлять «FINNCIАL_ДATA».,678
"Проект ""Новая нефть""","В рамках реализации проекта строительства ГПА КС «ORGANIZATION» просят подтвердить указанные параметры буферного газа, подаваемого в стойку СГДУ установки компрессорной центробежной установки КС. Это позволит «PERSON] подтвердить соответствующие параметры для СГДу установки Компрессорная центробежная «DOCUMENT_NUMBER».",679
Блок деректора по газу,Объявление о создании установки стабилизации конденсата в мобильном исполнении «ORGANIZATION-[OBJECT] может быть направлено на повышение эффективности процессов подготовки газа и конденсата.,680
"Проект ""Северная деревня""","Исполнительному директору Уренгойского НГКМ требуется замена насосных агрегатов в насосной внешней перекачки нефти цеха по добыче газа, газового конденсата, нефтяных отложений Уренгийского НГМ в рамках АРОД.",681
Блок директора по строительству,Московское правительство договорилось о заключении договора подряда на выполнение монтажа комплекса инженерно-технических средств охраны (КИТСО) при строительстве объектов «OBJECT».,682
Блок директора по мощностям,"Общество с ограниченной ответственностью «ORGANIZATION» (далее – Заказчик) опубликовало свое письмо о буплате штрафа в добровольном порядке за нарушение условий Договора ГНЗ на объектах Заказчика, а также установке цементных мостов в рамках Договоренного НПВ.",683
Генеральный директор,Департамент строительства скважин No «NUMBER» проведет совещание в формате ВКС по рассмотрению причин возникновения инцидентов и дополнительных работ при строительстве скваженных скважей на скважинах «BUILDING» (BUiLDING) по коллегиальному рассмотрении инцидентов на «OBJECT».,684
Блок директора по мощностям,Начальнику управления супервайзинга «ORGANIZATION» «PERSON] «О запросе отчетной информации» начальнику управление супервайринга «ПERSОN] О запросе информацию о проведенной рабочей практике по бурению скважин на основании Договора No [DOCUMENT_NUMBER] «PERSON».,685
Блок директора по строительству,Наряд-заказ No[NUMBER] на выполнение работ по объекту «OBJECT» и строительство нефтесборного коллектора от КП «NUMБER] до УПН. Финансовый директор «ORGANIZATION] согласовал заключение Наряда-заказа No[numBER» к договору No[DOCUMENT_NUMBE] на строительство скважин.,686
Блок директора по строительству,"В Уренгойском НГКМ направляем на согласование задание на разработку обоснования пожарной безопасности объекта и обосновывающего отчета, а также СТУ на проектирование и строительство в части обеспечения пожарнойбезопасности объекта.",687
Блок технического директора,"Ограничения на передвижение тяжеловесной и крупногабаритной технической техники на всех тарифных участках МН ВСТО отменены в связи с наступлением устойчивых положительных температур, достаточным укреплением дорожного полотна вдольтрассового проезда, достаточными укреплениями дорожногополотна ВСТО.",688
Блок заместителя генерального директора по безопасности,"Начальник управления промышленной безопасности, пожарной безопасности ГО и ЧС [ORGANIZATION] сообщил, что подтверждающие устранение несоответствий сняты с корпоративного контроля. Временно исполняющий обязанности начальника управления «PERSON» сообщает, что подтвердающие устранения несо соответствий материалы получены и рассмотрены. Несоответствия по Актам No [DOCUMENT_NUMBER] с учетом предоставленных подтверждающих устранение доказательств были сня",689
Блок заместителя генерального директора по закупкам,«ORGANIZATION] заинтересовано в принятии участия в закрытой одноэтапной коммерческой закупке на право выполнения работ по бурению эксплуатационных скважин по суточной ставке или фиксированной ставке. Это связано с большим объемом подготавливаемой документации.,690
Блок директора по мощностям,Программа проведения ремонта и восстановления коммуникационных объектов буровых установок на [YEAR] согласована на согласование плана по процессу разработки программы проведения КР на территории [REGION] «ORGANIZATION» (OBJECT) «PERSON».,691
Блок заместителя генерального директора по закупкам,"Для комплектации объекта строительства в рамках агентского поручения с [ORGANIZATION] к поставке предусмотрены блок-боксы метанола насосного метаноля производства «PERSON» производства «OBJECT». В ходе приемки выявлены разногласия в цветовых решениях, предъявляемых [OРGАNIЗATIОN] и «ORГANGIZAТИON».",692
Блок технического директора,"Владелец напоминает о необходимости заключения договоров присоединения с Владельцем всеми пользователями платных автомобильных дорог необщего пользования, в том числе организациями, оказывающими услугу перевозки грузов и персонала. При отсутствии заключенного договора транспортные пропуска оформляться не будут, доступ транспортных средств для проезда будет приостановлен.",693
Блок директора по газовым проектам,«ORGANIZATION] сообщает о согласовании проезда следующих транспортных средств и дорожно-строительной технической техники. Список транспортных и транспортно-технологической технического оснащенного КАМАЗа.,694
Проект сервиса скважин,"Общество с ограниченной ответственностью «ORGANIZATION» просит организовать дополнительное освоение и выполнение краткосрочных ГДИ на скважине No [ID] КГС No «ID». Это связано с необходимостью проведения дополнительного освоения, выполнения краткосрочных ГДИ.",695
Управление землеустроительных работ,"Российские горные специалисты утверждают, что рассмотрение плана развития полезных ископаемых на 2025 год состоится по основанию заявления о предоставлении государственной службы по согласованию планов и схем разработки полезного и скопаемого.",696
Блок директора по мощностям,Филиал [LOCATION-REGION] согласовал перенос инспекции на бурильный инструмент «OBJECT] после бурения кустовой площадки No[NUMBER] _[NUMБER] в связи с отсутствием дорожного сообщения с кустовой скваженной площадкой No[numBER_NUMBARD] для недопущения непроизводительного времени при строительстве эксплуатационных скважин.,697
Генеральный директор,Генеральному директору [ORGANIZATION] Генеральному секретарю «ORГАNIЗATIОN] Геннадию Кириленко просят предоставить информацию о своем требовании к [DATE_TIME] No [DOCUMENT_NUMBER] на основании претензий к российскому законодательству.,698
Блок директора по проектированию,«ORGANIZATION] высоко ценит сложившееся сотрудничество между нашими предприятиями и заинтересовано в предоставлении геофизических услуг на территории объектов «PERSON». «CONTACT] просит «COnTACT» учесть индексацию расценок на услуги внутреннего сервиса на 2025–2027 гг в размере [FINANCIAL_DATA».,699
Блок технического директора,«PERSON» договорится о переносе объемов освоения скважин через сепарационную установку на скважинах «OBJECT» из договора No[DOCUMENT_NUMBER] в соглашение об объединении договоров.,700
Блок директора по мощностям,"«ORGANIZATION] согласился на внесение следующих изменений в Договор No 4 от [DATE_TIME] (далее – Дополнительное соглашение No 4), которое вступит в силу до окончания срока действия Договора.",701
Блок директора по газовым проектам,"Обществу с ограниченной ответственностью «ORGANIZATION] сообщается о согласовании проезда техники и возведения насыпи автодороги в охранной зоне, с учетом соблюдения требований ПУЭ воздушных линий электропередачи и выполнения мероприятий, обеспечивающих сохранность воздушные линии электропередачы.",702
Блок директора по строительству,«Газопровод от кустовой площадки No[DOCUMENT_NUMBER] Газопровод откустовой площадке «ORGANIZATION] АО «OРГANCIAL_DATA] «ОRGАNIЗATIОN» (АО) «LOCAТИON) «OBJECT] «Газпровод от кустной площадки» «OCJECT] «LОCATIION» «LoCATBHMENТS,703
Блок директора по строительству,"Врио генерального директора [ORGANIZATION] обратился с просьбой индексировать стоимости услуг по проектно-изыскательским работам в рамках действующего договора о выполнении проектно изыскательных работ по объектам обустройства. Эксперт полагает, что индексация услуг со стороны подрядчика может быть снижена.",704
Блок деректора по газу,"Научно-производственная корпорация [ORGANIZATION] заключила Договор на оказание услуг по изготовлению, поставке и монтажу сменных проточных частей для центробежного компрессора ЦБК320-14,1/101-5300/16С с газотурбинным двигателем типа НК-16-18СТ ГПА производства «OBJECT] для [OBSJECT».",705
Проект сервиса скважин,В связи с переносом даты начала строительства скважин на кустовой площадке «NUMBER] [OBJECT] прошу перенести мобилизацию сервисных подрядчиков. В связь с этим прошу мобилизации сервисного подрядчика. Дата начала работ «DATE_TIME] [DOCUMENT_NUMBECT_PERSON] [CONTACT_NUMБER],706
Блок заместителя генерального директора по организационным вопросам,Генеральному директору «ORGANIZATION] предложить перенос проведения ДНК на [OBJECT] на [DATE_TIME] на «DATI_TIME». Тема: О переносе ДНК «EVENT_NUMBER] Заместителю генерального директора по организационным вопросам [PERSON/LOCATIОN] требуется согласовать перенос ДНК. Генеральный директор по организационными вопросам «OРGAANIЗAТИON» ,707
Блок директора по строительству,Начальник отдела по строительству Площадных объектов «ORGANIZATION] «PERSON» просит отпустить давальческие материалы по договору подряда No[DOCUMENT_NUMBER] для выполнения давальческих материалов согласно прилагаемой заявке на получение давальческого материала согласованной заявке.,708
Управление по проектным работам,Главному инженеру по проектированию Чаяндинского НГКМ (ЧНФ1-ВЗ) требуется штатное расписание по объекту Расширение водозаборных сооружений ЧаяНДинского NGКМ ( ЧНФ1-VЗ). Начальник управления по НИР и взаимодействию с надзорными органами требует штатного расписания.,709
"Проект ""Нефтяные краюшки""","Инженерная подготовка базы временного хранения не производилась на территории «OBJECT] на территорию базы хранения (БВХ) не производила. инженерная готовка не проводилась на базе временного сохранения (далее БВХ), которая находится на базу временной хранения.",710
Генеральный директор,"Генеральному директору [ORGANIZATION] «PERSON» «ORГANCIAL_DATA] «ПERSОN» написал письмо сопроводительное письмо, которое направлено в его адрес в связи со сопроводительным письмом. Ответственность за это письмо может быть связано только с новым руководителем.",711
Блок технического директора,В связи с поступившим обращением «ORGANIZATION] об увеличении стоимости летного часа в связи со утверждением Заместителем Председателя Правления [PERSON» тарифов на авиационного обеспечение предприятиям и организациям «OРGAANIЗATIОN] «PERСON».,712
Блок технического директора,"Официальное письмо по поставке нефти в апреле 2025 года отправили в «ORGANIZATION] в соответствии с пунктом 6.1 Договора поставки нефти. В соответствии со пунктом 6,1 Договора поставки «PERSON_NUMBER] просим один экземпляр подписать, скрепить печатью и скрепиться печатью.",713
Блок директора по строительству,"Руководителю проекта «OBJECT» требуется предоставить давальческие материалы по договору подряда с [ORGANIZATION] в качестве давальческого материала по договорам подряда, а также предоставить материалы согласно заявке на получение давальческих материалов согласно прилагаемой заявке.",714
Блок технического директора,"Строительство отпайки «OBJECT» завершено в полном объеме. Работы по врезке вновь смонтированной «OБJЕCT» до коммерческого узла учета газа завершены в полномасштабном объеме в полноценном объеме, персонал и строительная техника выведены со строящегося объекта, рабочие места убраны.",715
Блок финансового директора,"«PERSON» предлагает более ранний срок досрочной оплаты по ч/ф No [DOCUMENT_NUMBER] от [ORGANIZATION] по договору о досрочной оплате, согласовав с ближайшим возражением на следующих условиях.",716
"Проект ""Южный""",Московское правительство согласовало выполнение работ по корректировке проектной документационной документации по объекту [OBJECT] в соответствии с протоколом селекторного совещания от начальника Департамента по производству объекта «ORGANIZATION] в связи со скандалом.,717
"Проект ""Восточный""",В рамках формирования планово-экономических показателей на [YEAR]-[YEАR] гг. «PERSON] просит направить в нашу адрес информацию о ценах услуг по развертыванию мобильных площадок слива/налива конденсата на [OBJECT] и «OBSJECT» по форме «ATTACHMENTS] стоимости услуг по добыче сырья/сепарации сырья и Прочие услуги сторонних организаций на «YAR,718
"Проект ""Восточный""",Проект производства работ с применением подъемных сооружений согласовывается без замечаний. Документы согласовываются без замечательных замечаний и согласовывают без замечания.,719
Блок заместителя генерального директора по организационным вопросам,"Стоимость продуктов питания вынуждена меняться в связи со снижением стоимости говядины, картофеля и маргарина. Это связано с тем, что в условиях значительного роста цен на продукты питания мы вынуждены пересматривать цены на продукт питания, что делает эту ситуацию экономически нежизнеспособной.",720
Блок директора по строительству,"Программа проведения проверок органа федерального государственного государственного экологического надзора (DOCUMENT_NUMBER] может быть вручена застройщику или техническому заказчику, а также приказы О внесении изменений в программы проведения контрольных (надзорных) мероприятий, предусмотренные программой проверок.",721
Блок директора по строительству,"Руководителю «OBJECT» «PERSON» отказался заключать дополнительное соглашение к Договору No[DOCUMENT_NUMBER] от [DATE_TIME] в связи с ухудшением условий относительно первоначального соглашения, в частности изменений пункта «NUMБER] Обязанности по обеспечению требований ПЭБ, ОТ и ГЗ «ATTACHMENТS] «AТTACHCHMENGTS».",722
Блок технического директора,«ORGANIZATION] (далее - Покупатель) заключил соглашение о заключении сделки по продаже и подбору оборудования. Покупателю предстоит заключить соглашение «ATTACHCHMENTS] и «AТTACHLMENТS».,723
Проект «Обустройство Интересного лицензионного участка»,"Подрядчик МТР «FINANCIAL_DATA» готов поставлять материалы по стоимости указанной в ведомости МТР по цене указанной ведомостной ведомостью МТР. Подрядчика просят предоставить контактные данные поставщика, который готов поставить материалы поз. 1.4, 1.5 по технической цене, указанной на ведомость МТР (FINAANCIАL_ДATA). Начальник ОС «ORGANIZATION] [PERSON» требует",724
Блок заместителя генерального директора по безопасности,Организация форума внутренних тренеров по производственной безопасности на базе [OBJECT] на базу «OBSJECT» позволит «ORGANIZATION] принять участие в ежегодном форуме внутреннего тренера по производственному безопасности.,725
Блок операционного директора,"Генеральному директору Центра профессионального развития (ORGANIZATION) Геннадию Кириленко сообщили о готовящейся конференции «EVENT_NAME», которая пройдет в Москве в рамках Международной практической конференции по механизированной добыче нефти (NUMBER).",726
Управление по проектным работам,"Нефтяная и газовая установки на КС ПНГ (БФС) в ближайшее воскресенье могут быть выданы на основное техническое обеспечение на основном техническом оборудовании на БФС (КСПНГ) (BФС), а также на дожимную компрессорную станцию насыщенного нефтяного газа (ДКС ПНГ поз. «NUMBER] — дожимная компрессорная станция насыщенных нефтяных газовых сепараторов.",727
Проект «Обустройство Интересного лицензионного участка»,"Начальник СЭЛЭП и главный инженер строительно-монтажных организаций (СМО) организовать допуск персонала строительно–монтажных предприятий для производства работ по разработке траншеи, укладке кабельной линии 10 кВ, установке опознавательных знаков в охранной зоне объектов инфраструктуры.",728
Блок директора по мощностям,Объявление о введении новых мощностей ООО с ограниченной ответственностью «ORGANIZATION» (OBJECT) было присвоено в связи с отсутствием законтрактованных объемов работ по бурению эксплуатационных скважин на КП No[DOCUMENT_NUMBER] на текущее состояние.,729
Генеральный директор,Публичное акционерное общество [ORGANIZATION] направило протокол геолого-технического совещания по вопросам оптимизации стоимости строительства разведочной скважины No [DOCUMENT_NUMBER] для выполнения протокола геологo-техническегосовещания.,730
Блок директора по мощностям,"«ORGANIZATION] не может принять предложение «PERSON» об оплате работ по консервации БУ на КП No[NUMBER] [OBJECT] в рамках исполнения производственной программы Заказчика, а также зачет взаимных требований, возникших вследствие непроизводительного времени по вине филиала в рамок исполнения обязательств по договору.",731
Проект сервиса скважин,"После окончания бурения скважины No[NUMBER] «ORGANIZATION] просит согласовать дальнейшее бурение без проведения УЗД на бурильный инструмент СБТ-114. Это означает, что в случае возникновения инцидентов, при условии эксплуатации в рамках допустимых нагрузок, «PERSON берет на себя все риски в случаах возникновении инцидента с бурильным инструментом».",732
Управление по проектным работам,"«ORGANIZATION] направил замечания к отчету по геологическим изысканиям по объекту «OBJECT». Эксперты отмечают, что в разрезах появились многолетнемерзлые грунты, что не соответствует графической части изысканий и не соответствуют графическому описанию геокриолого-геоморфологического условия.",733
Генеральный директор,"Трубная продукция группы прочности X80 тип 13Cr может быть использована для условий ачимовских отложений в рамках реализации проекта «OBJECT», который, в свою очередь, представляется перспективной к применению для обеспечения стальных трубопроводов от углекислотной коррозии.",734
Блок директора по строительству,"Руководителю проекта «OBJECT» требуется предоставить давальческие материалы по договору подряда с [ORGANIZATION] в качестве давальческого материала по договорам подряда, а также предоставить материалы согласно заявке на получение давальческих материалов согласно прилагаемой заявке.",735
Блок директора по строительству,"Врио генерального директора Лещинского «PERSON» обратился с письмом в связи со своим письмом касательно замечаний, ШМР и ПНР по насосному агрегату емкости ЕД-2 и оплаты за ранее поставленную продукцию.",736
Управление по проектным работам,Непечатный паспорт PKI на иостабку КХМ может быть направлен до кументации (Прил.1). Непечатная стания направляет непечатныйпаспорт PКI и на тверждании до КУментации до кульментации.,737
Блок заместителя генерального директора по защите,"ПАО [ORGANIZATION] требует принять исчерпывающие меры по контролю за обеспечением бесперебойного функционирования дочерних предприятий, транспортной инфраструктуры, сохранности имущества и безопасности персонала в период празднования Дня России с [DATE_TIME] в связи с празднованием Дня россиянина.",738
Блок деректора по газу,"Опросный лист на замену проточных частей эжекторов на трех блоках направлен на замена проточных части эжекторы на трехблоках. Проточные части необходимы для улучшения характеристик работы трех блоков эжектора, аналогичных представленному в приложении 2. «ATTACHCHMENTS] необходимо улучшению характеристик работы троих блоков.",739
Блок технического директора,В рамках капитального строительства Куста газовых скважин No [DOCUMENT_NUMBER] планируется построить траншею в охранной зоне существующей ВЛ-10кВ Фидер Е-3 в пролете опор No [OBJECT] Фидер E-3 в опоре No [FINANCIAL_DATA] в рамках выполнения капитального строительно-монтажного персонала.,740
Блок директора по строительству,"Руководителю проекта «PERSON» согласие на заключение Дополнительного соглашения No38 на строительство газовых, нефтяных кустов, площадочных объектов, месторождений «OBJECT» и месторождения месторождении. Согласие на выполнение комплекса работ по обустройству газового и нефтяного куста, площадочного объекта [OBSJECT] месторождениев.",741
"Проект ""Нефтяные краюшки""","ООО «ORGANIZATION] подтвердило сохранение требования к категории УИРГ, подаваемого на внешний транспорт, а также подтверждает сохранение требований к УИРG, подаемым на внешнюю транспортную систему.",742
Блок директора по мощностям,"В рамках выполнения работ на газовых скважинах в рамках эксплуатации газовой скважин был зафиксирован факт отсутствия личного личного пропуска у [PERSON] водителя категории [CATEGORY] подрядной организации, водитель категории «CATIGOРY» подрядных организаций. По факту нарушения был составлен Акт No [DOCUMENT_NUMBER] от [DAТE_TIME».",743
Генеральный директор,"Руководителям организаций просят предоставить сводную информацию по действующим договорам по обеспечению противофонтанной и газовой безопасности в процессе строительства скважин. Информация должна содержать следующие данные: источник финансирования (Инвестиционная программа, Геологическое задание, Геологический задание и т.д.).",744
Блок директора по мощностям,«ORGANIZATION» предлагает увеличить себестоимость строительства скважин по системе раздельный сервис в рамках действующих договоренностей с «OBJECT» (КП No [NUMBER) и «REGION] по систему раздельный Сервис).,745
Блок директора по мощностям,"Директору по введению новых мощностей «ORGANIZATION] «PERSON» просят рассмотреть дополнительное соглашение, предусматривающее единичные расценки Модернизация АПС одного вагон-офиса без НДС и введение единичных расценок Модерnизации АПС в размере [FINANCIAL_DATA] без изменений общей стоимости работ.",746
Блок директора по мощностям,"Дополнительное соглашение к Договору No [DOCUMENT_NUMBER] к Договоренному договору по цементированию обсадных колонн и хвостовиков, установке цементных мостов в соответствии с заключенным Договором No [PERSON] может быть заключено в связи с заключением дополнительного соглашения о строительстве транспортных средств системой видеоаналитики внутрикабинного пространства в целях актуализации и выполнения требований производственной безопасности.",747
Блок директора по персоналу,Департамент недропользования и экологии Тюменской области просит проработать индексацию заработной платы в рамках исполнения Трудового кодекса Российской Федерации в случае отставания темпов роста заработных плат от среднероссийского уровня в рамок исполнения статьи 134 Трудовой кодекса.,748
Блок директора по мощностям,«ORGANIZATION] заключил дополнительное соглашение к Договору «DOCUMENT_NUMBER] по предмету: Обеспечение транспортных средств системой видеоаналитики внутрикабинного пространства в целях актуализации и выполнения требований производственной безопасности.,749
Блок заместителя генерального директора по безопасности,Филиал «OBJECT] ООО [ORGANIZATION] согласовывает данный [FINANCIAL_DATA] и согласовывается ранее указанный «FINNCIАL_ДATA».,750
Блок директора по мощностям,"Московский филиал «ORGANIZATION» филиал филиала «REGION] оказывает услуги по договорам подряда на бурение эксплуатационных скважин по суточной или фиксированной ставке на сумму [DATE_TIME] на общую сумму «FINANCIAL_DATA] на сумме [NUMBER] рабочих дней, после заключения договора.",751
Управление по проектным работам,"АкЦИОНЕРНОЕ ОБЩЕСТВО «ORGANIZATION» выражает согласие о заключении ДС No[FINANCIAL_DATA] на выполнение проектно-изыскательских работ, на условиях согласно приложению, к настоящему письму.",752
Блок технического директора,"Организация по производству электротехнического персонала, которая должна быть ответственна за эксплуатацию электроустановок в рамках капитального капитального ремонта объекта «OBJECT» в рамки капитального строительства объектов подготовки, транспортировки газового конденсата и газовых конденсатов, требует допустить бригаду в составе [NUMBER] в качестве электротехническего персонала строительно-монтажных организаций, согласно главе 47 правил по охране труда при эксплуатации электроустановленок.",753
"Проект ""Северная деревня""","Врио генерального директора [ORGANIZATION] сообщил о поставке газа на «OBJECT] в ближайшее десятилетний период, а также потребовал предоставить информацию по добыче «UNIT] на десятилетный период (в том числе от перспективных объектов с добычей «UНIT».",754
"Проект ""Новая нефть""","Исполнительному директору по управлению проектами «ORGANIZATION] сообщаю, что схема цветового решения «OBJECT] согласована со стороны [ORГANCIAL_DATA] [OBSJECT» для «OBRGANCIAЛ_DАTA] согласованная со стороной [OBRGIZAТИON».",755
Блок заместителя генерального директора по организационным вопросам,"Турнир по перетягиванию каната состоится в рамках престижного международного турнира по перетяжению канат, который состоится на [OBJECT] в Санкт-петербурге.",756
Блок директора по строительству,"Подрядчик МТР «ORGANIZATION] требует согласовывать цены МТР по ценам указанным в ведомости подрядчика. Эксперты считают, что подрядчик готов поставлять материалы - поз. 1.1 по ценаm указанным во ведомостности МТР. Заказчика просят предоставить контактные данные поставщика, который готов поставить материалы позже 1.1 по ценам указанным на ведомость МТР [DOCUMENT_NUMBER]",757
Генеральный директор,"Экспертный совет «ORGANIZATION» принял решение передать 100 НЗС по карьерам общераспространенных полезных ископаемых (ОПИ) с договорами и документацией, за исключением карьеров сохраненных в зоне ответственности. Экспертное общество принято решение передавать проекты обустройства газовой части Тас-Юряхского и Верхневилючанского месторождений в «OРGAНIZАTIOН».",758
Блок технического директора,Буровая установка «ORGANIZATION» оснащена ВСП «OBJECT» для увеличения оборотов верхнего силового привода с 10 до 20 об/мин путем внесения корректировок в программное обеспечение ВСП. Это позволит увеличить число ВСП при наращиваниях с 20 до 20 Об/мин.,759
Управление землеустроительных работ,"Должностное лицо, осуществляющее федеральный государственный лесной контроль (надзор), на безвозмездной основе осуществляет консультирование по вопросам, связанным с осуществлением федерального государственного лесного контроля (надзора) в Российской Федерации. Консультирование осуществляется по телефону, в письменной форме, посредством видеоконференц-связи, на личном приеме либо в ходе проведения профилактического мероприятия, контрольного мероприятия.",760
Проект сервиса скважин,"«Газпромнефть-Заполярье» согласовывает привлечение субподрядчика СпецТехСервис для экспертизы промышленной безопасности и дефектоскопии бурового оборудования в рамках соглашения о создании газовых скважин газовой залежи «OBJECT», входящих в состав месторождения на месторождении. Компания «ORGANIZATION] согласовывается привлечением в качестве субподработчика.",761
Управление по проектным работам,«ORGANIZATION] может быть признан виновным в проектно-изыскательских работах по объекту «OBJECT» бензинового комплекса района [OBSJECT] бензиновый комплекс района «OCUMENT_NUMBER] на условиях согласно приложению к данному письму.,762
Блок директора по мощностям,«PERSON_DIRECTOR_DOCUMENT_NUMBER] направил Вам отчет об использовании авансовых денежных средств на бурение эксплуатационных скважин по сухой технологии ставке и/или фиксированной ставке в соответствии с договором подряда на бурление эксплуатационной скважи по сухей технологии.,763
Блок директора по строительству,"Объявление о согласованности работ по обустройству кустовых площадок, строительству линейных объектов (в т.ч. линий электропередач, трубопроводов, линии электропередач), месторождений и других объектов.",764
"Проект ""Новая нефть""","Руководителям организаций «DATE_TIME» требуется разобраться с ситуацией в июле текущего сезона. Это связано с принятым решением объединения, в соответствии с решением принятого решением, весь персонал объединения будет находиться в корпоративном отпуске в июне этого года.",765
Блок директора по мощностям,«ORGANIZATION] согласится на уплату штрафа в добровольном порядке за нарушение условий Договора No [DOCUMENT_NUMBER] от [DATE_TIME] за алкогольное опьянение сотрудника «OРGАNIЗATIОN] «PERSON» с признаками опьянения.,766
Блок директора по мощностям,"В связи с переводом открытых ОБС на Единый ОБС изменяются банковские реквизиты [ORGANIZATION] по договорам на выполнение работ по цементированию обсадных колонн и хвостовиков, установке цементных мостовиков.",767
Блок директора по строительству,"Строительно-монтажную компанию «ORGANIZATION] не согласно с допретензионным требованием на сумму [FINANCIAL_DATA] на сумме «FINАNCIАL_ДATA», так как руководство строительной компании не согласовано с допущенными требованиями на сумма [FInANCHMENTS] и не согласное с дополнензионным требоваем.",768
Блок заместителя генерального директора по закупкам,"[ORGANIZATION] выиграло лот АП087989 в рамках лота АП-087989 и определилось победителем в рамки лотова АП08.7989, который пройдет в рамке лотов АП078989, ( [ATTACHCHMENTS] принимало участие и было признано победителем лотта АП067989.",769
Блок заместителя генерального директора по организационным вопросам,"Исполнитель компенсирует транспортные затраты за закупку дополнительных материалов, ТМЦ и оборудования по отдельным заявкам Заказчика. Исполнитель оплачивает транспортные расходы в размере не менее 10 от закупочной стоимости материала (без перевыставления затрат в адрес Заказчиков).",770
Блок деректора по газу,По результатам измерений точки росы по воде выявлено несоответствие установленных нормативов температуры точки Росы и углеводородов газа горючего природного от [DATE_TIME] (прилагаются) показателей точка росы.,771
Блок технического директора,"В охранной зоне ЛЭП 10 кВ «Ташкентская» просят допустить строительную организацию на проведение строительно-монтажных действий в охранную зону, а также опознавательных знаков и проезда технической техники в охранной  зоне.",772
Блок директора по мощностям,Руководителю направления по внутрискважинным работам «ORGANIZATION» сообщаем о готовности вывода дополнительного звена освоения в рамках действующего Договора о распределении негарантированного объема работ в «DATE_TIME] для выполнения работ по скважинам No[FINANCIAL_DATA] куст No[ФINAНCIAЛ_DАTA] «OBJECT».,773
Блок технического директора,"На объектах второго опытного участка газоконденсатных скважин наблюдаются изменения высотных отметок скваженных трубопроводов, линии задавочной жидкости и ЗЖ, а также неплотные прилегания трубопровода фонтанной арматуры к опорам.",774
"Проект ""Новая нефть""","Водитель подрядной организации, нарушивший правила проезда по автомобильной дороге необщего пользования, заехал на прилегающую территорию ПМОП, где находился под управлением владельца автомобиля «ORGANIZATION».",775
Блок директора по мощностям,"Генеральному директору [ORGANIZATION] Генерального директора «ORГАNIЗATIОN» Геннадию Кириленко внести в Перечень участников исполнения/реализации Сопровождаемого договора, не включенных в реестр контрагентов по ИСД [DOCUMENT_NUMBER] (ИНН [PERSON) для обеспечения выполнения работ, услуги, поставку товаров на основании банковского сопровождения.",776
Блок директора по мощностям,«FILIAL] [ORGANIZATION] [PERSON/PROJECT] «FIЛIАL] «PROJЕCT] — дорожную карту укомплектования объектов «FiLIаL] на проектах «PROSJECT» с датой завоза оборудования и датой монтажа.,777
Блок директора по проектированию,«PERSON] в рамках поручения [ORGANIZATION» разработан график экспертизы технико-экономических предложений (OBJECT) освоения и подготовки основы для проектирования «OBSJECT» (далее - FINANCIAL_DATA).,778
Блок технического директора,"Техническому директору [ORGANIZATION] требуется оплата времени освобождения емкостного парка сепарационных установок по ставке технологического простоя, а также сдачей нефтесодержащей жидкости (НСЖ).",779
"Проект ""Нефтяные краюшки""","Исполнительному директору [ORGANIZATION] (PERSON) «OBJECT» (OBSJECT) «PERСON» «ORГANIIZАTIOН] «PerSOН» (PERSON), который занимается поставкой оборудования по проекту [ОBJЕCT] для нужд [OРGАNIЗATIОN] «ОRGAANI ZATIION», «PEРСON",780
Блок технического директора,"В ближайшие месяцы на территории Москвы будут проводиться ремонтно-восстановительные и восстановительные работы автомобильной трассы, а также демонтаж объездной автомобильной дороги с демонтажем объездных автомагистралей и демонтажом мостовых сооружений через ручей.",781
Блок технического директора,"Московская электроэнергетика (ORGANIZATION) обратилась с письмом об отмене штрафа за нарушение условий соглашения о электробезопасности на объектах «ORГАNIЗATIОN», которое ранее были выявлены как нарушения из перечня ТОП-12.",782
Блок директора по мощностям,Работная комиссия по строительству разведочной скважины No125-18 [OBJECT] запланирована на [DATE_TIME] в соответствии с договором генерального подрядчика No[DOCUMENT_NUMBER] от «DAТE_ТИME». Дата проведения рабочей комиссии – [DAATE-TIME».,783
Блок технического директора,"«ORGANIZATION] подписал корректировочные и исправительные акты по долгосрочному рисковому операторскому договору. Это связано с изменением фактических показателей, являющихся основанием для исчисления налога на добычу полезных ископаемых за [DATE_TIME] - [DTATACHMENTS]",784
Блок директора по строительству,"В рамках выполнения комплекса работ по «OBJECT» прошу отпустить и доставить к месту производства работы материалы поставки «ORGANIZATION», согласно приложению к настоящему письму.",785
Блок директора по мощностям,"Управление внутрискладских работ «ORGANIZATION» согласовано в качестве субподрядной организации. Контрактный инженер, который ранее выполнял ремонт складов с применением ГНКТ, потребовал согласовать организацию как субподрадную организацию.",786
Блок заместителя генерального директора по имуществу,Заместителю Генерального директора по правовым и имущественным вопросам «ORGANIZATION] сообщаем о готовности заключить дополнительное соглашение к Договору субаренды имущества на неполный негарантийный объем в гарантийный объеm.,787
Генеральный директор,"Грейдер для грейдирования улиц муниципального образовательного учреждения «ORGANIZATION» может быть выделен муниципальному образованию «LOCATIОN». Грейдер выделено муниципальным образованием для того, чтобы грейдировать улицы.",788
Блок заместителя генерального директора по организационным вопросам,Заказчик ВЖП Вакунайского ЛУ и КП 6И Игнялинского ЛУ Чонской группы месторождений Чонская группа месторождения направил Вам отчет по устранению выявленных замечаний по результатам повторной выездной проверки столовых на ВЖP Вакунайском ЛУ.,789
Блок директора по мощностям,"СКЭ ВТП (СКЭ ВТО) сообщила о введении новых мощностей по введению новейших технологий для обеспечения безопасного пользования проезжим транспортным средством для аварийно-спасательной техники (ВТП). Это означает, что этот вид деятельности не является основным объектом повышенной угрозы.",790
Блок директора по строительству,«PERSON] продлил срок приемки выполненных работ и сдачи первичной документации за [DATE_TIME] до [DOCUMENT_NUMBER] в связи с проверкой и подтверждением выполненных рабочих работ маркшейдерской службой маркшейдера «ORGANIZATION».,791
Блок технического директора,"Мобилизация сепарационной установки, монтаж емкостного парка, установка сепарационных установок и емкостьнного парка. Транспортные затраты операции «Мобилизация, монтаж сепарационного установки и сепарационная установка», монтаж сепорационной установки, емкосногопарка и других видов транспортных затрат, а также ремонт сепарационных установок, прошу согласовать применение указанных переменных (неизменных) показателей.",792
Проект «Обустройство Интересного лицензионного участка»,"В рамках Договора о выполнении комплекса работ по обустройству газовых месторождений, площадочных объектов, месторождениев и месторождениях был изъят пропуск через КПП у транспортного средства, топливозаправщика гос.No [ID] гос. No [DOCUMENT_NUMBER] «DATE_TIME». По данному факту проведена служебная проверка. Ответственное лицо за получения пропусков в г. [LOCATION] «PERSON»",793
Блок директора по проектированию,"«ORGANIZATION] подтвердил согласие на заключение дополнительного соглашения к Договору No[DOCUMENT_NUMBER] к Договоренному договору от [DATE_TIME] г. «PERSON» о проведении гидродинамических, газодинамическых, газоконденсатных исследований для нужд [ORГANIIZAТИON».",794
"Проект ""Нефтяные краюшки""","В рамках выполнения обязательств на поставку оборудования для строительства объекта «OBJECT» просим направить актуальные требования к упаковке, маркировке и транспортировке грузовых мест.",795
"Проект ""Южный""",«Газпромнефть-Заполярье» предложил согласовывать трассу автодороги «Ямбургский НГКМ» до Ямбургского NGКМ и согласовать вариант отмыкания трассы трассы к кусту No [DOCUMENT_NUMBER] к куста No [ATTACHCHMENТS] для размещения трассы.,796
Блок технического директора,"«PERSON» рассматривает техническую возможность выполнения разовых ремонтных работ на ВЛЭП в целях устранения возможных неисправностей волоконно-оптических кабелей связи, размещенных на линиях электропередач методом подвеса.",797
"Проект ""Нефтяные краюшки""",Схема цветового решения ГПА 1 итерация с комментариями к замечаниям. В ответ на письмо No [DOCUMENT_NUMBER] отправляю Вам на рассмотрение и согласование схему цветового исполнения установки компрессорной центробежной ГПА и ЛКП Цветовое решение ГПА 2 итерация с комментарием к замечаниям. «ATTACHCHMENТS],798
Блок заместителя генерального директора по имуществу,"Аренда дизельных электростанций (ДЭС), единичной мощностью 400 кВт и демобилизация имущества на период с [DATE_TIME] по [DOCUMENT_NUMBER] составляет более $500 млн. В ответ на письмо «PERSON] направляем расчет арендной платы по аренде дизельной электростанции (ДЭS), единичных мощности 400 кВ.",799
Блок директора по строительству,"Подрядчикам предлагается в добровольном порядке подготовить формы КС-2, КС-3 со сторнированием испытаний изоляторов в рамках действующего Договора подрядчика на выполнение комплекса работ по устройству кустовых площадок, газосборных трубопроводов и объектов энергетики «ORGANIZATION-[OBJECT] в срок до [DATE_TIME».",800
Блок заместителя генерального директора по защите,"В рамках взаимодействия по профилактике аварийности и нарушений ПДД на автомобильных дорогах [ORGANIZATION] в рамках профилактики аварийность и нарушения ПДД «ORГANCIZAТИON» направили Вам информацию о выявленных нарушениях, в период с [DATE_TIME] по [DOCUMENT_NUMBER].",801
Блок технического директора,«PERSON] предлагает рассматривать возможность доставки персонала авиатранспортом по заявкам и за счет средств «ORGANIZATION».,802
Управление по проектным работам,3D на этапе OTP разработана по согласованному генеральному плану по нефти и газу в формате NWD в формату NWД. О направлении 3D-модели на уровне готовности 5 (этап OТP) сообщаем.,803
Блок заместителя генерального директора по безопасности,"Филиал «LOCATION» (ORGANIZATIION) рассматривает планы мероприятий по устранению несоответствий по Акту проверки соблюдения природоохранных требований и корректирующих действий по акту проверки несоблюдения экологических требований от «DATE_TIME] и КД, согласовав планы действий в установленном порядке.",804
Блок заместителя генерального директора по безопасности,"Реестр некомпенсированных заключений по выпуску водных биологических ресурсов, по которым не произведены компенсационные мероприятия по выпускам водных биоресурсов, направил начальник управления по экологической безопасности [ORGANIZATION] «PERSON».",805
"Проект ""Северная деревня""",Генеральному директору [ORGANIZATION] Генеральномудиректору «PERSON» направил подписанный протокол совместного совещания «ORГAНIZАTIOН] по вопросам взаимодействия в рамках реализации «PROJECT] от Общества с ограниченной ответственностью.,806
Блок технического директора,"Работу компрессорного оборудования с наработанных в сутки в сутке необходимо соблюдением следующих условий эксплуатации: Работа не более 12 часов в сутку, работа не менее 12 часов, необходимо проводить ежедневный осмотр синтетическим маслом и очистку/продувку синтетическим маслом.",807
Блок директора по мощностям,Объявление о введении новых мощностей компании «ORGANIZATION-[OBJECT] может быть направлено на снижение затраченных на логистику расходов и снижение расходов на логистическую деятельность.,808
Блок технического директора,"Главный конструктор [PERSON] подтверждает возможность проведения технического обслуживания арматуры фонтанной, оборудования устьевого, запорно-регулирующей арматуры от [ORGANIZATION» с периодичностью не реже одного раза в 12 месяцев.",809
Блок технического директора,"Заказчик предлагает осуществить капитальный ремонт и модернизацию автономных источников электроснабжения, в том числе ДВС в соответствии с Техническим заданием (Гарантированный объем). Проектные и низконаладочные работы всего поставляемого Оборудования предоставяет Заказчиком.",810
Блок директора по строительству,"Начальнику отдела по строительству площадочных объектов «ORGANIZATION» «КАМАеву» выявлен ряд замечаний к Наряд-Заказу, а также нарушении расчета стоимости Наряда-Заказа. Эксперты считают, что в результате проверки выявлены ряд замечений.",811
Блок директора по строительству,"«PERSON] поощряет сотрудников для подтверждения распределения суммы, выделенной по результатам выполнения ключевых показателей эффективности в области производственнойбезопасности за 4 квартал 2014 года, а также поощриет сотрудников в рамках выполнения пункта 18.4.9 договора No [DOCUMENT_NUMBER] о поощрении сотрудников.",812
Управление по проектным работам,"Объявлено нарушение проектной документации в рамках проектной экспертизы скважин в скважинах No[DOCUMENT_NUMBER] в рамки проектной документа. Эксперты считают, что скважи не могут быть использованы для реализации проектных документов.",813
Управление по проектным работам,"«PERSON] направил замечания в части технического состояния трубопроводов, прилегающих к точкам пересечения проектируемым газопроводом действующих действующих коммуникаций. «PEBSITE] направляем замечания, в том числе технических отчетов Комплексного диагностического обследования техническому состоянию трубопровода.",814
Блок директора по персоналу,Минтруд проводит Всероссийский Всероссийскый опрос о перспективной кадровой потребности организаций с целью определения ежегодной потребности в профессиональных кадрах на период до 7 лет. Это позволит определить количество бюджетных мест в системе высшего и среднего профессионального профессионального образования для обеспечения их подготовки в высшем профессиональном образовании.,815
Блок технического директора,"Группа Компаний [ORGANIZATION] планирует провести командообразующее мероприятие, которое пройдет в рамках повышения слаженности и эффективности совместного взаимодействия сотрудников структурных подразделений Группы Компаний.",816
Блок директора по проектированию,"Федеральное бюджетное учреждение проводит конференцию «Трудноизвлекаемые запасы настоящее и будущее», посвященную трудноизвлекаемым запасам нефти и газа. Организация полигонов ТрИЗ может быть использована для развития недропользования в условиях глобальных трансформаций.",817
Управление по проектным работам,«ORGANIZATION] выполняет инженерные изыскания по нефтяному нефтепроводу и участоку «NUMBER». В случае несоответствия прошу внести изменения в план согласования в случае внесения изменений в План согласования. «ATTACHCHMENTS] требует согласовать корректность нанесения инженерных коммуникаций.,818
Блок директора по мощностям,В рамках Договоренности по освоению скважин методами свабирования и компрессирования при ТКРС на территории Российской Федеральной резервной службы (ВСР) было приостановлено наказание в размере девяносто тысяч рублей 00 копеек за выполненные работы по освоении скважников методом свабирование и «компрессирование при ТГКРС». Директор направления по внутрискважинным работам «ORGANIZATION] просит направить акт взаимных требований для прохождения взаимо,819
Блок технического директора,В рамках строительства объекта «OBJECT» планируется выполнение работ по врезке вновь смонтированной опоры No[NUMBER] до коммерческого узла учета газа в действующую линию учета газотранспортного узла No[numBER» опора No [NUMБER] в коммерческий узел учёта газа «ORGANIZATION».,820
"Проект ""Северная деревня""","Исполнительному директору Уренгойского нефтеперерабатывающего комплекса «Уренгой» сообщаю о согласовании скорректированного опросного листа на регулирующий клапан DN[SIZE] PN[PRESSURE] с электроприводом для реализации перемычки на цехе по добыче газа, газового конденсата, нефти No [NUMBER] (далее – «OBJECT]).",821
Блок директора по мощностям,"«ORGANIZATION] введет работы по строительству эксплуатационных скважин по суточной ставке на «REGION НГКМ для нужд [ORГANCIZAТИON». Директор по вводу новых мощностей, согласно производственной программе, ведет работы по введению новые мощности.",822
Блок заместителя генерального директора по закупкам,«ORGANIZATION» требует от российского правительства выплаты штрафных санкций в размере [FINANCIAL_DATA] за нарушение сроков поставки продукции по приложению No[DOCUMENT_NUMBER] к Договору о защите интересов в пользу Покупателя.,823
Блок директора по проектированию,Технология МНК Квад-Нейтрон позволяет определять эффективную пористость и текущую нефтенасыщенность обсаженных скваженных коллекторов через несколько обсадных колонн с целью переосвоения старого фонда нефти и газа.,824
Блок директора по мощностям,Общество с ограниченной ответственностью [ORGANIZATION] предлагает мобилизовать своих клиентов для выполнения работ по строительству эксплуатационных скважин в «DATE_TIME] на КГС No [NUMBER/NUMБER] в рамках предстоящей мобилизационной мобилизации БУ «NUMBer]/[NUMbER] для строительства эксплуатационной скважи в [DAТE_ТИME] и строительству скваженных скважей в [ATTACHME,825
Блок директора по мощностям,"Общество с ограниченной ответственностью «ORGANIZATION» предлагает заключить дополнительное соглашение к Договору о привлечении второго флота ГРП/МГРП в рамках Договоренного соглашения на выполнение работ по ГРП и МГРП на объектах [OBJECT] с применением дисконта относительно действующих расценок в размере 1,2, что приведет к существенным рискам работы «OРGAНIZАTIOН».",826
Блок заместителя генерального директора по безопасности,"Организация строительства эксплуатационных скважин «LOCATION» должна быть выполнена с помощью термодеструкционных установок, а также осуществлять переработку собственных отходов производства и потребления непосредственно на полигонах профильным организациям.",827
Блок заместителя генерального директора по защите,Заместителю генерального директора по корпоративной защите «ORGANIZATION] «PERSON» направил утвержденные технические требования на проектирование комплексов инженерно-технических средств охранной охраны объектов: Расширение водозаборных сооружений ТЗРУ-6 УГП-12 «OBJECT».,828
Проект сервиса скважин,"«Газпромнефть-Заполярье» согласовывает привлечение в субподрядную организацию компании Кодекс-плюс для оказания охранных услуг в рамках договора по строительству эксплуатационных газовых скважин газовой залежи «OBJECT», входящих в состав месторождения на месторождении «OБJЕCT».",829
Генеральный директор,"Генеральному директору [ORGANIZATION] поручено распределить продукцию «OBJECT» в рамках агентского соглашения, согласно которому в ближайшие годы будет реализовываться газовый стабильный в смеси с нефтью «OБJЕCT».",830
Блок директора по строительству,Обустройство добывающих скважин в Московской областной столичной области может быть согласовано на основе рыночной стоимости на основном рыночных стоимостей материалов и оборудования на основной рыночном уровне.,831
Блок заместителя генерального директора по имуществу,"Объявление об условиях предоставления нефтяными скваженными скважинами «ORGANIZATION] и «OBJECT» Обществу может быть предоставлено в пользование (аренда, выкуп, полная компенсация по договору).",832
"Проект ""Восточный""",ПАО [ORGANIZATION] согласовывает передачу геологической информации в ПАО «ORГАNIЗATIОN» геологическую информацию по «OBJECT] в «ОRГANCIZAТИON».,833
Блок деректора по газу,"ООО Газпромнефть-Заполярье согласовывает размещение объекта в охранной зоне Газосборных сетей с куста No [NUMBER] на территории Газосбораных Сетей с Куста No «NUMBE» с соблюдением природоохранного, лесного, земельного законодательства, положений Закона РФ О недрах и положений закона Российской Федерации о недрах.",834
Генеральный директор,[ORGANIZATION] потребовал согласовать проект распоряжения Главы [GOVERNMENT] О рабочей группе по взаимодействию с публичным акционерным обществом «ORГAANIЗATIОN» по реализации проектов на территории [GОVERНMENТ] в рамках рабочой группы по реализацию проектов в сфере коммерческой недвижимости.,835
Генеральный директор,Московский православный прихОД храма Покрова Пресвятой Богородицы в г. [LOCATION] требует объединения всех благотворителей на нужды строительства этого мощнейшего православного прихода.,836
Блок директора по строительству,"ООО «ORGANIZATION» отказалось подписывать дополнительное соглашение No [DOCUMENT_NUMBER] в рамках действующего соглашения на строительство газовых и нефтяных кустов, площадочных объектов, месторождений и месторождения. Директор по капитальному строительству «PERSON] не дает свое согласие на подписание данного дополнительного соглашения.",837
Блок заместителя генерального директора по закупкам,"«ORGANIZATION] предоставил ценовое предложение на оказание инспекционного контроля качества изготовления, отгрузки МТР с предприятий Восточной Сибири по реализации проектов ВосточнойСибири (экспедайтинг процессов производства МТР) по реализация проектовВосточной Сибирской Республики. ценовые предложения приведены в приложениях к настоящему письму, учитывают все условия, указанные в техническом задании к договору оказания услуг «DOCUMENT_NUMBER",838
Проект сервиса скважин,Общество с ограниченной ответственностью (ORGANIZATION) обратилось в компанию с просьбой об уплате штрафа в добровольном порядке за нарушение условий договора No [DOCUMENT_NUMBER] за незаконное сопровождение буровых растворов на скважинах.,839
"Проект ""Нефтяные краюшки""",«ORGANIZATION] приступило к выполнению землеустроительных работ по состоянию на [DATE_TIME] в части переуступки прав по договорам аренды нефтяных участков и переупускки прав на нефтяные участки.,840
"Проект ""Нефтяные краюшки""",«PERSON] (LOCATION) (CONTACT) «DATE_TIME] на [DOCUMENT_NUMBER] «FINANCIAL_DATA] (CONCATIОN) «ORGANIZATIION/COCAТИON (LОCАTIOН) «ОRGAANIЗATIоN/LoCACION» (COНTACT] (DAТE_,841
"Проект ""Северная деревня""","Налоговое законодательство может быть признано полезным ископаемым для целей налогообложения НДПИ. Эксперты отмечают, что газовый конденсат является полезным сырьем для горнодобывающей промышленности и разработки карьеров.",842
Блок директора по строительству,АО «ORGANIZATION» (ОАО) опубликовало письмо с просьбой согласовывать перемещение данного ТМЦ со склада на склад «ID] на вышеуказанный объект для дальнейшего списания.,843
Блок технического директора,И.о. технического директора [ORGANIZATION] подтверждает техническую готовность на выполнение работ по предотвращению и ликвидации отложений в скважине физическими методами для скваженных отложенийных объектов физическим методом и дает согласие на заключение дополнительного соглашения No4 к Договору No[DOCUMENT_NUMBER] с целью приведения к фактическому объему работ в «DATE_TIME».,844
Блок директора по строительству,"Управление капитального строительства «ORGANIZATION» (PERSON) предлагает согласовывать стоимости, материалы для строительства объекта: Обустройство скважин No7, 8, 9. Кусты скважников No7 – куста скважи No8 т.вр. к. 8 – к. 8. Куста ЛЭП 10 кВ No2 т/вр. Куста «OBJECT» (договор подряда: [DOCUMENT_NUMBER] от [DA",845
Блок заместителя генерального директора по безопасности,"ЛЕНСКОЕ УПРАВЛЕНИЕ «ORGANIZATION» требует уполномоченного на осуществление постоянного государственного надзора должностным лицам Управления документы, имеющие значение для проведения оценки соблюдения контролируемым лицом обязательных требований в рамках осуществления постояннего государственного контроля в отношении опасного производственного объекта (OBJECT) I класса опасности (регистрационный номер [ID] и идентификационный номер налогоплательщика).",846
Блок директора по строительству,"Объявление о строительстве объекта «ORGANIZATION» опубликовано в понедельник на основании заключенного КС2 No[DOCUMENT_NUMBER] НВК, который, по мнению экспертов, является одним из крупнейших проектов в мире.",847
Блок технического директора,Управление технологического транспорта - Югра Московская область Тюменская область Ханты-Мансийский автономный округ – Югра г. Нижневартовск Общество с ограниченной ответственностью Управления технологическоготранспорта — Югра «PERSON] сообщает о готовности к передислокации оперативного транспорта из г. [LOCATION» в Тюменскую область транспортное средство «OBJECT] гос. номер [PERСON_CONTACT_CONCIAL_DATA],848
Блок технического директора,СКЭ ВТП сообщает об усилении контроля за соблюдением скоростного режима на тарифных участках вдольтрассового проезда (далее - ВТП) с применением измерительного комплекса с видеофиксацией (OBJECT). За каждый выявленный инцидент предусмотрен штраф в размере [FINANCIAL_DATA] рублей.,849
Блок директора по мощностям,"Московский филиал «ORGANIZATION» выполняет работы по строительству эксплуатационных скважин на [OBJECT] в рамках Договоров подряда. Для этого потребовались значительные временные затраты для закупки бурильных труб, а также значительные затраты на поставку «FINANCIAL_DATA]тн.",850
Управление коммуникаций,Ямало-Ненецкий автономный округ Ямальское районное общественное движение коренных малочисленных народов Севера Ямал Ямальском районном общественном движении коренныхмалочисленных малочислених народов севера Ямала Ямальский район Ямальского районного общественного движения коренные малочисленные народы Севера Север Ямал «LOCATION] Ямальская районная общественная организация коренного малочисленного населения Севера.,851
Блок технического директора,"Техническому директору [ORGANIZATION] предлагаем рассчитывать рентабельность и абонентское вознаграждение на оказание авиационного обеспечения на 2025 – 2026гг, для последующего заключения Дополнительного соглашения.",852
Блок директора по строительству,"Директор строительно-монтажного агентства (OBJECT) [PERSON] распорядился распорядиться необходимыми мероприятиями для оформления давальческого возврата невостребованных давальческих материалов в связи с внесением изменений в ходе выполнения строительно–монтажных работ по договору No[DOCUMENT_NUMBER] плит дорожных ПДН, м-АтV, «NUMБER» и других давальских материалов.",853
Блок директора по строительству,"«PERSON] продлил срок приемки выполненных работ и затрат на выполнение СМР объектов обустройства кустов скважин после бурения месторождений нефти и газа после бурления месторождения нефти. Для обеспечения целевых показателей освоения, в том числе списания давальческих материалов и оборудования, прошу согласовать продление срока приемки затрат до [DATE_TIME].",854
"Проект ""Восточный""","«ORGANIZATION] сменит основной телефонный номер с [CONTACT] на [COUNTRY] на «COUNCUMENT_NUMBER] Основный телефонный никто не сменит с «DATE_TIME» на «DOCUMENET_NUMБER». Это связано со сменой основного телефонного номера с «PERSON», который, в свою очередь, является генеральным директором.",855
Блок директора по мощностям,"Сроки вывода пятой бригады ТиКРС определятся после запуска в работу четвертой ТКРС после запущена в работе четвертой. Начальник Управления внутрискважинных работ ООО [ORGANIZATION] Козлов сообщил, что срок вывода четвертой сможем определить после запуск в рабочую четвертую бригаду ТиКР.",856
Блок заместителя генерального директора по закупкам,"Дивизион «ORGANIZATION] по ошибке предъявил на посту образец путевого листа, выписанный водителю механиком при выдаче документов. По данному факту получена объяснительная от сотрудника Дивизиона «REGION», которого уволили из-за ошибки в выдаче образца путевых листов.",857
"Проект ""Нефтяные краюшки""",«ORGANIZATION] может быть поставщиком аппаратов воздушного охлаждения газа для объекта [OBJECT] «OBSJECT». Для этого требуется установка комплексной подготовки газа и установка воздушного охлаждение газа.,858
Генеральный директор,Геннадий Директор Фонда «ORGANIZATION» попросил помочь в оплате реабилитационного курса реабилитационных курсов для своего ребенка.,859
Блок операционного директора,"Руководителям организаций (по списку) требуется обеспечить уборку и благоустройство арендуемых им территорий, в том числе на участках, переданных подрядным/субподрядным организациям. В целях соблюдения санитарно-эпидемиологических требований ФЗ-No52 прошу обязать обеспечить благоустройство территорий.",860
"Проект ""Северная деревня""","Исполнительному директору [ORGANIZATION] «PERSON» обратился в компанию с просьбой предоставить исходные данные для перемычки на УКПГ-2В на У КПГ-2V. В ответ на запрос «PERSOН] направлял исходную информацию для проектирования перемыки на УКС-2В. «ATTACHMENTS] «PROJECT] до существующих технологических цехов НТС No1,2.",861
"Проект ""Северная деревня""","Исполнительному директору «ORGANIZATION] «PERSON» (PERСON) поручена оценка возможности приема углеводородного сырья на «OBJECT», 2В, 4, 5, 5В, 8В, в том числе ограничения мощностей «OБJЕCT] и ограничение мощности «OBOJECT] в период «DATE_TIME]/[DAТE-TIME-NUMBER] в ближайшее будущее.",862
Блок директора по проектированию,"Разработчик новой технологической схемы разработки «OBJECT» (OPERATION) сообщил, что согласовал основные проектные решения для участия в новом проектном документе (OBSJECT).",863
Блок директора по мощностям,В связи со сменой Заказчика на строительство скважины No[NUMBER] КП No [NUMБER] «ORGANIZATION] необходимо выполнить ряд организационно-технических мероприятий по приведению к требованиям и стандартам «OBJECT» до окончания работ по бурению скважиной No «NUMBER».,864
Блок деректора по газу,Стоимость услуг на инженерно-техническое сопровождение с постоянным присутствием специалиста на объекте «ORGANIZATION] может быть пересмотрена в случае значительного изменения бюджетных показателей предприятий – непосредственных исполнителей работ согласно бюджетному ориентиру.,865
"Проект ""Северная деревня""","Пользователю недр может грозить отсутствие ограничений для работы, связанных с использованием скважин, при намечаемой застройке площади горного отвода «LOCATION] участка горного довода «ORGANIZATIION» под размещение объекта «OBJECT», расположенного по адресу «LoCACIAL_DATA] общей площадью [FINANCIAЛ_DAATA] м2.",866
Блок технического директора,«ORGANIZATION] подтвердил согласие заключить дополнительное соглашение [NUMBER] к Договору на внесение изменений в часть корректировки производственной программы «YEAR] года согласно факту исполнения Договора.,867
Блок директора по газовым проектам,Арбитражный управляющий общества с ограниченной ответственностью «ORGANIZATION» утвержден конкурсным управляющим по подозрению в банкротстве ООО «OРGAANIЗATIОN». Решением Арбитража в отношении должника введена процедура конкурсного процесса по делу No[DOCUMENT_NUMBER] в связи со статьей 20.3 Федерального закона «О несостоятельности (банкротстве).,868
Блок заместителя генерального директора по безопасности,Публичное акционерное общество [ORGANIZATION] согласует выдачу временного пропуска сотрудникам «ORГАNIЗATIОN] сроком на один месяц с момента подачи заявки на выдачу пропусков.,869
Блок заместителя генерального директора по организационным вопросам,"Генеральному директору «ORGANIZATION] уведомили о смене подрядчика, оказывающего услуги по комплексной уборке внутренних помещений и прилегающей территории. Действующий подрядчик продолжит оказывать услуги по уборкам до [DATE_TIME] года.",870
Блок директора по мощностям,Бурового супервайзера «ORGANIZATION» пересмотрит должностную инструкцию бурового супервойзера «PERSON] для исполнения договора заключенного контракта с «OРGAANIЗATIОN] No [DOCUMENT_NUMBER] от [DATE_TIME].,871
Блок технического директора,«PERSON] «CONTACT/WEBSITE/WЕBSitE] сообщает о проведении строительно-монтажных и пусконаладочных работ по выводу пожарных сигналов на пульт ПЧ в сжатые сроки и компенсации затрат на реализацию указанных мероприятий. На сегодняшний день произведен закуп и поставка необходимых материалов для вывода сигнала пожарной сигнализации объектов социально-бытового назначения на ПЧ.,872
Блок директора по мощностям,Начальник управления по производству электрических сетей «ORGANIZATION] выдает условия на присоединение к электрическим сетям на объектах «LOCATIОN» к электрическими сетям для работы 4-х бригад КРС и 1-ой бригады ГНКТ.,873
Блок технического директора,"«PERSON] получил сертификат «ID» и получил свидетельство о поставке газового стабильного газовой стабильного (нефти) на заводе по сбыту «DATE_TIME», который является частью завода по производству нефтяной продукции.",874
Генеральный директор,Публичное акционерное общество [ORGANIZATION] направил протокол совещания по рассмотрению результатов экспертизы предложений [OBJECT] по разработке [OБJЕCT] и [OBLJECT] в рамках рассмотрения результатов разработки «OBSJECT».,875
Управление землеустроительных работ,"Мирнинское лесничество в Якутии планирует осуществить осмотр лесных участков на территории Республики Саха (Якутия) в соответствии с договором аренды, на предмет соблюдения условий договора арендной стоимости.",876
"Проект ""Нефтяные краюшки""",Цена договора на поставку «PRODUCT] для объекта строительства [PROJECT] увеличилась до $300 млн. Компания «ORGANIZATION] может быть застрахована в ближайшее десятилетие.,877
Блок заместителя генерального директора по защите,"ПАО «Газпром нефть», входящий в ПАО Газпромнефть, требует предоставить пропуски на производственные площадки предприятия, входящих в группу компаний ПАО ГАЗПРОМ нефть на производственную площадку в рамках договора по телеметрическому сопровождению при наклонно-направленном и горизонтальном бурении и технологическом сопровождении (прокату) буровых долот и забойных двигателей.",878
"Проект ""Нефтяные краюшки""","Главным конструктором Тас-Юряхского НГКМ «PERSON» сообщается, что полный перечень комплектно поставляемых средств КИП и автоматизации будет направлен после разработки полного комплекта конструкторской документации.",879
Управление землеустроительных работ,"Саха Орочны Ыыктын Экологичага ууна ойыр хаяалыктыбатырап «ORGANIZATION] Якуты Ыытты Экологичега, айылнаны тывахбайра ууна ууна айылны тайыр хойыр гойыр каяалыкттыбатыраб «CONTACT_WEBSITE_PERSON_DATA_PRSONG] «ОRGAANIЗATIОN» Саха",880
"Проект ""Нефтяные краюшки""","Установка «OBJECT» может быть запущена в эксплуатацию в ближайшее воскресенье. Эксперты просят предоставить актуализированный график разработки документационной документации, а таким образом предоставят актуализированные графикы разработки.",881
Блок заместителя генерального директора по организационным вопросам,«ORGANIZATION] сообщает о готовности продолжить оказание услуг по комплексному обслуживанию объектов социального-бытового назначения и заключения дополнительных соглашений на перевод объема услуг гарантийного периода в гарантийный период в действующих условиях расценок.,882
Блок директора по строительству,"Директор по капитальному строительству «ORGANIZATION» просит согласовывать промежуточное выполнение затрат до [DATE_TIME] в рамках договоров подряда No «DOCUMENT_NUMBER] для обеспечения целевых показателей освоения, в том числе списания давальческих материалов и оборудования.",883
Блок директора по газовым проектам,Администрация СЕВЕРО-УРальского Управления уведомляет о проведении внеплановой выездной проверки объекта капитального строительства «OBJECT] Этап «NUMBER». Проверка проводится при присутствии контролируемого лица либо его представителя.,884
Блок технического директора,"Нарушения устранены, проведена разъяснительная беседа с персоналом объекта для недопущения подобных нарушений в дальнейшем проводится разъяснительную беседу с персональным объектом.",885
Генеральный директор,"Генеральный директор ЮТэйра объявил об открытии Мемориала тюменских авиаторах, отдавших свою жизнь в Великой Отечественной войне. Мемориал станет символом вечной благодарности героям, сражавшимся за нашу Родину.",886
Блок директора по газовым проектам,"Администрация Российской Федерации уведомляет о проведении внеплановой выездной проверки объекта капитального строительства «OBJECT», который находится под угрозой закрытия территории отгрузки и 1 этапа капитального строительного строительства.",887
Блок финансового директора,"Российская федерация предлагает согласовывать досрочную оплату по сч/ф «FINANCIAL_DATA] по договору, заключенному между [ORGANIZATION] и [PERSON» (Соглашение о досрочной оплате). В соответствии с Соглашением о Досрочной Оплате, в соответствии со Соглашению о договоре, Вам предлагается согласовать более ранний срок оплаты.",888
Проект «Обустройство объектов Новой нефти»,Соглашение на продление срока действия Договора ШИМР/ПИР в рамках заключенного договора на выполнение шеф-монтажных и пусконаладочных работ по объекту «OBJECT» подтвердил руководитель проектов «ORGANIZATION». Генеральному директору [PERSON] «CONTACT] согласие на заключение дополнительного соглашения на продления срока выполнения работ – без изменения итоговой стоимости.,889
Блок операционного директора,ПАО «ORGANIZATION» обязано организовать дежурство на рабочем месте в выходные и праздничные дни в соответствии со Приложениями 1-3 к настоящему приказу. Контроль исполнения приказа возложить на заместителя Председателя Правления.,890
"Проект ""Нефтяные краюшки""",Исполнительному директору Проекта «ORGANIZATION] А.А. [PERSON) направляем Вам откорректированных технических условий на подсоединение газопровода газопровод. В ответ на обращение «PERСON» направляем Вам письмом «ATTACHMENTS] письмом от [DATE_TIME_NUMBER] (ATТACHCHMENETTS) письмом.,891
Генеральный директор,Заместителю Председателя Правления ПАО [ORGANIZATION] поручено организовать периодический мониторинг сырьевых потоков ЖУВ с периодичностью 12 часов или 24 часа и назначить ответственных представителей с Вашей стороны для решения организационных вопросов по проведению отборов проб в накопительные пробоотборники.,892
Блок заместителя генерального директора по закупкам,"Российская компания закупает в Челябинской областной госзакупке No[DOCUMENT_NUMBER] оборудование и инженерное сопровождение при снуске хвостовикам, в том числе для проведения многостадийного ГРП на «OBJECT] и крепление скважин хвостовикикам.",893
Управление по проектным работам,Заказчик рассматривает комплект исходных данных на ВКУ по шифру Договора (DOCUMENT_NUMBER) для подготовки нефти и газа на объект строительства «OBJECT». Заказчикам предстоит разобраться с режимами компримируемого газа и давлением на выходе в компрессорную установку - [FINANCIAL_DATA] МПа.,894
Проект сервиса скважин,"Общество с ограниченной ответственностью «ORGANIZATION» сообщило, что оставшиеся на базе ВЗиС 105 км крупотоннажные материалы, завезенные в рамках Договора «DOCUMENT_NUMBER] (далее – Заказчик), запланированы к вывозу после открытия дорожного сообщения между Чаяндинского НГКМ и Тымнычканского НГКМ.",895
Блок технического директора,"Администрация Банка Москвы сообщила об увольнении руководителя компании «PERSON», который ранее был уволен по собственному желанию в связи с переносом плановой даты начала работ. На данный момент вновь устраиваемый [PERСON] направлен на прохождение медицинской комиссии и необходимых обучений для согласования гостевого пропуска при согласовании гостевого прохождения.",896
"Проект ""Нефтяные краюшки""",«ORGANIZATION] Исполнительному директору [ORGLGIZACION» Исполнительного директора «ORFGANGIZTIONL] «PERSONG] «ATTACHCHMENTSON ] (ATTDACHMENETTS] «RGGANCHMEBER] [ATTACHMEMTS_NUMBIBER] ( [ARGNGAIZIZON) «ARGLIZAQTI,897
Блок директора по мощностям,Разработчик программы по инновационному развитию «ORGANIZATION» сообщил о невозможности применения труб методом горячей прокатки для проведения работ с применением автоматизированного комплекса лазерной сварки.,898
Блок финансового директора,"С 1 июня 2025 года прием статистической отчетности без машинопригодных доверенностей будет возможен при условии подписания электронной подписи руководителя юридического лица, уполномоченного предоставлять статистическую отчетность по формам федерального статистического наблюдения в органы государственной статистики.",899
Блок финансового директора,Конъюнктурный обзор предприятий за [DATE_TIME] и инвестиционная анкета просим заполнить по электронной почте [CONTACT] на электронную почту. Инвесторы просят заполнить конъюнктурионную анкету и передать по электронному почте.,900
Блок директора по портфелю,"ПАО [ORGANIZATION] направляет для руководства Стратегического оперативного (Временного оперативного) штаба по решению вопросов, связанных с реализацией поставок природного газа из [COUNTRY] в [ROUTE] «Временный оперативный» штаб по реализации проекта поставок нефтяных поставок в «COUНTRY», на «DATE_TIME».",901
Блок заместителя генерального директора по организационным вопросам,Генеральному директору [ORGANIZATION] требуется перенести срок по предоставлению аналитики стоимости сырья и блюд контрольного набора до [DATE_TIME». В связи с этим просим перенести процедуру обработки данных до «DATI_ТИME».,902
Блок директора по мощностям,"«ORGANIZATION] согласилась заключить дополнительное соглашение No19 к Договору подряда, который предусматривает перераспределение негарантированного объема и гарантированного объем работ по годам и введение дополнительных вариантов жидкостей заканчивания, без изменения срока выполнения работ, общего объема, общей стоимости и общей стоимостью работ.",903
Генеральный директор,«ORGANIZATION] филиал «LOCATIОN] запланировано проведение работ по переводу разведочных скважин [OBJECT] в наблюдательный Фонд в соответствии с графиком реализации работ по переносу разведочной скважи в наблюдательном фонде.,904
Блок технического директора,"Объемы негарантированного объема услуг в рамках производственной программы по автовывозу НСЖ с группой месторождений [OBJECT] «ORGANIZATION] могут быть раскрыты в рамки исполнения договора от «DATE_TIME] и «OBSJECT», а также с индексацией тарифов на 3,4, учетных балансов не менее от [DOCUMENT_NUMBER] в рамок выполнения производственной программы по автовы",905
Управление по проектным работам,«ORGANIZATION] опубликовал анкету удовлетворенности потребителя по выполнению горных проектов за «DATE_TIME» и корректировку проектов размещения месторождений в рамках договора о разработке месторождения.,906
Генеральный директор,Генеральному директору [ORGANIZATION] Генерального директора [PERSON» Генеральному Директору [DATE_TIME] предлагается арендовать офисное помещение в Деловом Доме [LOCATIION». Скан образ «ATTACHMENTS] может быть использован на совместной встрече.,907
Блок директора по строительству,"Российское НПФ «ORGANIZATION» сформировало коммерческое предложение на выполнение шеф-монтажных и пусконаладочных работ оборудования: Установка дозирования химреагентов УДХ(М)-3-2(1)-1х6,3-3-C-Q-CY-XЛ1-CO ЕПФ1-E.МУПН-TX01-OЛ-008, ТТТ-01.02-14.",908
Блок заместителя генерального директора по безопасности,"«PERSON» согласилась заключить дополнительное соглашение к Договору No [DOCUMENT_NUMBER] в связи с переводом негарантированного объема в гарантированный объем года, без изменения общих расценок, единичныхрасценок и общего срока оказания услуг.",909
Блок технического директора,"Проверка системы «OBJECT», на которую в рамках внебюджетного представления [ORGANIZATION] претендует «PERSON», требует провести фактическую проверку системы.",910
Проект сервиса скважин,Общество с ограниченной ответственностью (ORGANIZATION) выражает свое уважение в связи со сложившимися партнерскими отношениями между нашими компаниями в области технологического сопровождения буровых растворов на скважинах.,911
Блок заместителя генерального директора по закупкам,В рамках реализации мероприятий по перемещению лиц в обязательствах по переместению лиц в обязаствах по [ATTACHMENTS] перемещения лиц в должствах по «AТTACHLMENТS] в рамках мероприятия по перемещанию лиц в обеспечствах «ATТACHCHMEMTS» перемещении лиц в  обязательствах в обязательстве «ATBTACХMENтS» в рамок реализации программы перемещений лиц в «AFTACHMLMENTCS».,912
Генеральный директор,«USERS» может быть вынужден выполнить компенсационный лесовосстановлений и агротехнического ухода за лесными насажждениями в «SEASON] 2025 года и плановом периоде в 2025 году.,913
Блок технического директора,"«Газпромнефть-Заполярье» опубликовала очередную информацию относительно строительства скважин для строительства крупнейших НПЗ в Заполярье. Начальник управления по бурению Митрохин сообщил об аварийной технике на кустовых площадках и производственных базах буровых предприятий, а также сообщил, что аварийный инструмент на кустовой площадке и производственных базах «ORGANIZATION-Запольье».",914
Блок директора по проектированию,ООО Инженерно-технологический сервис согласилось заключить дополнительное соглашение к Договору от [DATE_TIME] о частичном переводе негарантированных объемов в гарантированные объемы «DAТE-TIME» и частичной корректировкой работ и уменьшением общей стоимости Договора на [FINANCIAL_DATA] в связи с частичным переводом негарантованных объемов.,915
Блок технического директора,"В рамках выполнения Куст скважин «NUMBER» планируется выполнить строительно-монтажное и монтажное производство, а также установку кабельной продукции, расключение и ПНР в зоне ответственности ГПН-ЭС, находящейся в зону ответственностей ГПН. Работники электротехнического персонала прошли медицинский осмотр, проверку знаний норм и правил по охране труда, промышленной и пожарной безопасности.",916
Блок директора по мощностям,"Начальник отдела по гидравлическому разрыву пластов «ORGANIZATION] «PERSON» уведомил, что флот ГРП No 1 демобилизован на «OBJECT] для выполнения производственной программы по гидроразрыву скважин мощностями флота ГРП «DATE_TIME».",917
Блок директора по строительству,"Генеральному директору по капитальному строительству «ORGANIZATION» просим рассмотреть возможность круглосуточного проезда на территорию Игнялинского месторождения через КПП 6И с автозимника, для транспортных средств и субподрядных организаций, а также субподработных организацией.",918
Блок заместителя генерального директора по безопасности,"Реконструкцию объекта пожарной безопасности просим предоставить пожарным депо, осуществляющим охрану объекта: месторасположение с указанием расстояния до объекта, численность персонала, количество пожарной техники, тип связи, расчетное время прибытия к месту пожара по дорогам с твердым покрытием, численности персонала.",919
Блок директора по газовым проектам,"«PERSON] сообщает о согласовании проезда следующих транспортных средств подрядной организацией, а также сообщает об оказании помощи в связи со своими техническими проблемами. Ответ на письмо «DATE_TIME] О согласовании прохождения техники будет принят.",920
Блок заместителя генерального директора по закупкам,"Компания «PERSON» предлагает поставщик запасных частей газотурбинных двигателей «OBJECT», установленных в качестве привода компрессоров «OБJЕCT». Продукция должна быть поставлена в соответствующем объеме.",921
Блок заместителя генерального директора по защите,Публичное акционерное общество [ORGANIZATION] сообщает о согласовании номенклатуры специального оборудования по объекту «OBJECT». Компрессорная станция с установкой подготовки газа рассмотрен и согласован.,922
Блок заместителя генерального директора по безопасности,Обществу принадлежит площадка по сбору и обезвреживанию отходов производства и потребления. Для осуществления этих работ необходима передача земельного участка на законных основаниях.,923
Блок директора по мощностям,Начальник супервайзерского управления супервайзинга [ORGANIZATION] попросил согласовать временный пропуск данному специалисту для передачи ВОЗ по профессии для продления продления пропуска.,924
"Проект ""Нефтяные краюшки""","По вопросу переноса расходомерного устройства с линии всасывания газа 1 секции на линию нагнетания газа 2 секции со стороны [ORGANIZATION] возражений нет. В ответ на письмо, направленное в редакцию «PROJECT] от [DATE_TIME] г. сообщаем, что по вопросам переноса средствомерного устройство возражений не существует.",925
Блок директора по строительству,«ORGANIZATION] обратился с просьбой предоставить копию протокола об административном правонарушении от «DATE_TIME] No [DOCUMENT_NUMBER] и копию определения о назначении времени рассмотрения дела об административных правонарушениях.,926
Блок заместителя генерального директора по защите,Заказчик «PERSON» выявил факт нахождения сотрудника Исполнителя в состоянии алкогольного опьянения на объекте социально-бытового назначения на группе месторождений ЧОНА (далее Договор) на оказание услуг по комплексному обслуживанию объектов социально-битового назначений на ЧОНА.,927
Проект «Обустройство объектов Новой нефти»,"Руководитель проекта Станции блочной насосной внешнего транспорта нефти «ORGANIZATION» сообщил, что не является изготовителем Станции Блочной внешней транспортной внешнего транспортанефти «FINANCIAL_DATA] для объекта «OBJECT».",928
Блок директора по строительству,"«PERSON» может быть вынужден согласовывать стоимость электрообогрева на основе рыночной стоимости материалов и оборудования на основной рыночном рынке. В случае принятия соответствующего исх. от «DATE_TIME] взамен на исх, «DOCUMENT_NUMBER] на основании заключенного No [DOCIUMENG_NUMБER] по объекту: система электрооботопления «OBJECT] этап No [NUMBE",929
Проект сервиса скважин,Директор филиала филиала «ORGANIZATION» принял решение закрыть столовую на базе [OBJECT] в целях оптимизации некомпенсируемых затраченных денежных затрат.,930
Блок заместителя генерального директора по имуществу,"Департамент градостроительной политики и земельных отношений Администрации [REGION] требует сообщения о плануемых к сдаче либо оформлении в собственность Российской Федерации земельно-земельных участках, расположенных на межселенной территории муниципального округа «YEAR». Информацию необходимо предоставить в соответствии с приложением к письму генеральному директору [ORGANIZATION».",931
Блок заместителя генерального директора по закупкам,«ORGANIZATION] сообщает о готовности к приему представителей на производственных площадках Филиала [ORГAНIZАTIОN] в г. [CITY] с юго активная зона текущего статуса производства клапана регулирующего DN [NUMBER] МПа.,932
Управление по проектным работам,"Московское общество с ограниченной ответственностью «ORGANIZATION проектирование» рассматривает техническое предложение на блочно-комплектное закрытое распределительное устройство 10 кВ (поз. [ID]) от потенциальных поставщиков нефти и газа, а также рассмотрев технические предложения на БКЗРУ 10 ЛЭП от потенциального поставщика оборудования.",933
Блок директора по мощностям,«ORGANIZATION] не смог выполнить ремонт скважин по Договору No[DOCUMENT_NUMBER] от [DATE_TIME] за нарушение условий Договора о нарушении условий договора о ремонте скваженного скважина.,934
Генеральный директор,Генеральному директору [ORGANIZATION] «PERSON» предложат принять участие в совещании при заместителе главы района по экономике и финансам по вопросу социально-экономического сотрудничества «ORГAНIZАTIOН] по вопросам социального сотрудничества муниципального района.,935
Блок заместителя генерального директора по безопасности,«PERSON» может быть признан виновным в изменениях в реестр лицензий от «DATE_TIME] [DOCUMENT_NUMBER] в соответствии с Федеральным законом от 4 мая 2011 года No 99-ФЗ О лицензировании отдельных видов деятельность.,936
Блок заместителя генерального директора по безопасности,"Администрация [ORGANIZATION] требует от подрядных организаций, выполняющих работы по «OBJECT] в муниципальных районах и муниципалитетах «LOCATIОN] о недопущении нарушений, указанных в «DOCUMENT_NUMBER] (PERSON).",937
Проект сервиса скважин,Проект интегрированного сервиса строительства скважин «ORGANIZATION» согласовал вывоз «FINANCIAL_DATA] через контрольно-пропускной пункт через «OBJECT» через контролно-пропускной пункт на нулевом километре с базы [NUMBER] км и копию паспорта через пропускный пункт в комплекте с копией паспорта.,938
Блок заместителя генерального директора по безопасности,"Заземление ДЭС в мобильных зданиях с ДЭС-100кВт зав. «ORGANIZATION» нарушено из перечня требований электробезопасности перечНЯ ТОП-12, который не относится к перечню TOP-12, потому что все имеющееся электрооборудование заземлено.",939
"Проект ""Новая нефть""","Проектные решения пересечения напорным нефтепроводом действующих коммуникаций, согласовав с «ORGANIZATION» проект строительства подземного пересечения действующего трубопровода с действующей ЛЭП 10 кВ. Эксперт считает, что проект может быть согласован.",940
Блок директора по строительству,«ORGANIZATION] рассмотрел проект Наряд-заказа No [DOCUMENT_NUMBER] на выполнение проектно-изыскательских работ по газодобывающей отрасли для нужд [ORГANIIZAТИON» и выражает согласие на заключение указанного в проекте Нарад-заказа на строительство объектов газодобавающей инфраструктуры.,941
Блок заместителя генерального директора по организационным вопросам,О заключении дополнительного соглашения к Договору No [DOCUMENT_NUMBER] на оснащение транспортных средств системой видеоаналитики к Доглашению No [ORGANIZATION] «OBJECT] о заключении ДС No2 к Договоренному договору о оснащении транспортных автомобилей системой videoаналитики на объектах социального-бытового назначения.,942
Блок технического директора,"Начальнику управления по бурению «ORGANIZATION] «PERSON» (PERСON) направляем перечень аварийного инструмента, находящегося на производственной базе в «LOCATIОN] (CONTACT) (CONCUMENT_NUMBER) (DATE_TIME] года.",943
Блок директора по мощностям,"В связи с переводом открытых ОБС на Единый ОБС изменяются банковские реквизиты «PERSON» по договорам, связанным с переходом ранее закрытых ОБС в Единой ОБС.",944
Блок технического директора,Врио генерального директора [ORGANIZATION] рассмотрена претензия No [DOCUMENT_NUMBER] от [DATE_TIME] по факту нарушения пропускного режима на территории КП No [NUMБER] [OBJECT] в связи с нарушением пропускных режимов.,945
Блок директора по мощностям,"Объявлены субподрядные организации по неосновным видам услуг, в том числе по мобилизации БАРС-80 и бригадного хозяйства в г. [LOCATION] Московской областной государственной геолого-разведочной службы.",946
Блок директора по мощностям,«ORGANIZATION] согласился на выполнение ремонта скважин с использованием давальческой ГНКТ в рамках исполнения обязательств по Договору на проведение работ с применением давальческих скваженных скважил.,947
Блок деректора по газу,"Взрывоопасная зона класса В-Ir считается в пределах 0,5 м по горизонтали и вертикали от закрытого технологического аппарата, содержащего горючие газы или ЛВЖ, установленного снаружи и обслуживаемого здания с взрывобезопасными зонами любого класса, а также от устройств для выброса воздуха из систем вытяжной вентиляции.",948
Блок заместителя генерального директора по закупкам,"Информация о численности сотрудников «ORGANIZATION» по состоянию на [DATE_TIME] Всего всего [FINANCIAL_DATA] чел. В общей сложности всего руководители, ИТР и рабочие.",949
Блок заместителя генерального директора по безопасности,"Организация по содержанию автомобильных дорог, входящих в их состав мостовых сооружений, осуществляет дорожную деятельность в полном соответствии с Федеральным законом Российской Федерации о дорожной деятельности в Российскую Федерацию и внесении изменений в отдельные законодательные акты Российскей Федерации.",950
Блок заместителя генерального директора по имуществу,«PERSON] согласовала договор аренды помещений общей площадью [FINANCIAL_DATA] под размещение офисного офиса в офисном здании. Проект вышеуказанного договора направлен на адрес электронной почты: [CONTACT] ([CONCATION) ([OBJECT] на [DOCUMENT_NUMBER] (OBSJECT) на [CONCUMEНТ_NUMБER).,951
Блок деректора по газу,"Российский энергетический концерн (PERSON) требует не допускать сверхнормативные потери при добыче углеводородного сырья при добыточной добычке. Эксперт считает, что в ближайшем будущем «YEAR» станет крупнейшим месторождением российской промышленности.",952
Блок заместителя генерального директора по безопасности,"Уполномоченным на осуществление постоянного государственного надзора должностным лицам необходимо предоставить уполномоченному на осуществлять постоянное государственное надзорное ведомство в отношении опасного производственного объекта Чаяндинского нефтегазоконденсатного месторождения (ОПО) I класса опасности документы, имеющие значение для проведения оценки соблюдения контролируемым лицом обязательных требований.",953
Управление по проектным работам,"«ORGANIZATION] согласовал заключение изменений к НЗ No9, 10, 11, 12, 24 к ДОГОВОРУ No [DOCUMENT_NUMBER] от [DATE_TIME] по объектам Тас-Юряхского месторождения (НГКМ) и Чаяндинского НГКМ (КПС) ЧаяНДинского NGКМ.",954
Блок технического директора,"Энергетический рынок России, которому принадлежит энергопринимающее устройство заявителя, имеет ограничение на поставку электрических сетей к электрическим сетям. Технические условия на технологическое присоединение энергопринимающего устройства заявителя: максимальная мощность составляет [FINANCIAL_DATA] кВт. Основной источник электроснабжения: [OBJECT] кВА «ORGANIZATION».",955
Блок директора по мощностям,"Объемы выполнения пересмотренной производственной программы «ОRGANIZATION» увеличились на 15%. Общество считает, что ранее зачисленный объем работ может быть увеличен.",956
Блок деректора по газу,В здании СЭРБ УКПГ требуется внести корректировки в состав оборудования и предоставить сведения по замечаниям представленные в приложении приложения. Директору по газу «ORGANIZATION] предлагаю предоставить техническую документацию на установку и подключение оборудования связи ЗТГП.,957
Блок операционного директора,"Организации, занимающиеся разработкой проекта МН ВСТО, проведут совещание, которое пройдет в понедельник, 27 апреля, в аппарате управления «ORGANIZATION». Для участия в совещании просьба предоставить презентационные материалы, а также подготовить презентационную информацию.",958
Проект «Обустройство Интересного лицензионного участка»,"ПАО [ORGANIZATION] «OBJECT] - Куст газовых скважин No[NUMBER] Компания «PERSON» требует предоставить давальческие материалы по договору подряда с «ORГАNIЗATIОN] для выполнения комплекса работ по строительству объекта: Обустройство газового скважина, Куст газоскважин, Кусть газовых труб, Кусту газовых воздушных скважин No[numBER».",959
Управление по проектным работам,Предварительный поверочный расчет на прочность технологических трубопроводов для площадочных объектов требует повторного выполнения поверочного расчета на прочностную обвязку компрессорного цеха и необходимости повторного исполнения поверочных расчетов на прочную и устойчивость трубопроводной обвязки цеха.,960
Блок заместителя генерального директора по организационным вопросам,МИНИСТЕРСТВО ТРАНСПОРТА РОССИЙСКОЙ ФЕДЕРАЦИИ (ФГУП УВО МИНТРАНСА РОСССИИ) согласовало организацию питания работников Уральского филиала ФГУПУ УВО Минтранса России на базе бурения «OBJECT».,961
"Проект ""Трубопроводный транспорт Главного НГКМ""","Научно-Производственное Предприятие «ORGANIZATION» прибудет на личную встречу с директором ООО НПП «PERSON», который примет участие в совещании с руководством проекта «PersON». Руководитель проекта прибыл на личное совещание в г. [LOCATIОN] «DATTACHMENTS] «ATТACHCHMENGTS».",962
Блок заместителя генерального директора по закупкам,Зам генерального директора по закупкам «ORGANIZATION] «PERSON» обратился с просьбой об уплате штрафных санкций за нарушение срока поставки Товара за нарушение срока поставок и рассмотрев «ATTACHCHMENTS] за несоблюдение сроков поставки.,963
Управление по проектным работам,"Разработчик АСУ добычи и транспорта газа (СУ УПГ) предлагает рассмотреть принципиальные решения в части автоматизации проектируемых технологических объектов: вывод технологических параметров с кустов газовых скважин предусматривается в полном объеме, в том числе расширение баз данных, корректура существующих мнемокадров, корректуру существующих менямокадр и корректуру ранее принятых технических решений с обязательным привлечением разработчика существующей АСУ ТП.",964
Блок деректора по газу,Общество с ограниченной ответственностью «ORGANIZATION] направило технико-коммерческое предложение на выполнение работ в условиях [DATE_TIME]–[DAТE_ТИME] на обслуживание двигателя «ENGINE_MODEL] на «LOCATIОN» и «PERSON» в капитальный ремонт. ТКП сформировано с учетом стоимости чел.ч на ГТД.,965
Управление по проектным работам,Начальник управления по проектированию объектов капитального строительства «ORGANIZATION] направил на согласование вариантов по врезке ННП от ПСП до НПС-10. Приемо-сдаточный пакет направляем на согласования РД марки ЛТ на ННП до ПСП-10.,966
Управление по проектным работам,Управление по проектно-изыскательским работам и взаимодействию с надзорными органами [ORGANIZATION] требует направить исходные данные для разработки проекта организации строительства и технического водоснабжения и водоотведения на период строительства объекта «NUMBER] в адрес института «ORГAНIZАTIOН».,967
Блок деректора по газу,Проверка узлов измерений расхода газа «ORGANIZATION» с участием представителей филиала [ORГАNIЗATIОN] будет проводиться совместным образом.,968
Блок технического директора,"Московский технический руководитель Инжиниринга (PERSON) обратился к техническому директору по производственной программе PHSER, которая пройдет не позднее [DATE_TIME] г. В связи с необходимостью подписания дополнительных соглашений на продление сроков запуска «OBJECT», просим предоставить места в жилом городке для размещения персонала на протяжении нескольких часов.",969
Блок директора по мощностям,"Дополнительное соглашение к Договору на проведение ремонта скважин с применением ГНКТ может быть заключено в рамках Договора на проведения ремонта с применения ГНКС, предусматривающего частичный перевод негарантированного объема работ 2025 года в гарантированный объем работ 2025 г. в количестве 4 скв/операций, а также актуализацию «ATTACHMENTS».",970
Управление по проектным работам,«PERSON] обратился к газосборной сети с просьбой обратиться в газосборотную сеть в ответ на письмо по объекту «OBJECT». Ответы на замечания к схеме газосборанной сети были направлены в «CONTACT] на адреса электронной почты [DATE_TIME] (МСК).,971
Блок директора по мощностям,«PERSON» продолжит выполнять свои обязанности контрактного инженера. Функции контрактного специалиста продолжит исполнять «PersON». Функцию контрактного менеджера продолжает исполнять [PERСON] с прежним согласованным составом команды УИД от [DATE_TIME] г. Руководителю направления Внутрискважинных работ «ORGANIZATION.,972
Блок директора по мощностям,"Заказчик обеспечил системой внутрикабинной аналитики транспортное средство по гидравлическому разрыву пластов системой внутренней аналитики. Для этого требуется не менее 30 дней на проведение закупочных процедур, включая оформление договорных отношений.",973
Управление коммуникаций,Генеральному директору [ORGANIZATION] требует внести изменения в соглашение о безвозмездной помощи (пожертвование) No [DOCUMENT_NUMBER] от «DATE_TIME». Генеральный директор «ORГANIIZAТИON» требует уточнить реквизиты и реквизитные данные сторон договора.,974
Управление землеустроительных работ,"Оператор «SYSTEM» (SYYSTЕM) сообщает, что корректировка координат может быть вызвана корректировкой таксационных параметров. Это связано с тем, что не исключено отсутствие документов-оснований и выявленные расхождения в таксационных характеристиках, требующих дополнительного внимания.",975
Управление по проектным работам,Начальник управления по проектно-изыскательским работам и взаимодействию с надзорными органами «ORGANIZATION] АКЦИОНЕРНОЕ ОБЩЕСТВО «PERSON» обратился с письмом с просьбой предоставить копию приказа о назначении специалистов по ведению авторского авторского надзора за строительством объектов.,976
"Проект ""Восточный""","Проектная траектория скважины [NUMBER] кустовой площадки [OBJECT] НГКМ не выявила пересечения и опасные сближения между стволами скваженного объекта и эксплуатационными и разведочными стволом скважи. По результатам рассмотрения проектной траектории, пересечения не выявлены.",977
Блок заместителя генерального директора по безопасности,"Начальник управления по экологической безопасности [ORGANIZATION] выражает согласие с имеющимися отклонениями от исполнения взятых на себя договорных обязательств по утилизации, обезвреживанию отходов и рекультивации земель, занятых под шламонакопители для нужд [OРGAНIZАTIOН] в связи с финансовым кризисом.",978
Блок директора по строительству,"Генеральный директор объекта [ORGANIZATION] согласовывает техническое задание на оказание услуг ИНР/ШИР и ШИР оборудования, а также подготовляет проект технического задания на поставку «OBJECT» на территории «ORГАNIЗATIОN».",979
Проект сервиса скважин,"«Газпромнефть-Заполярье» согласовывает привлечение субподрядчика на строительство эксплуатационных газовых скважин «OBJECT», входящих в состав строящейся на месторождении газовой скваженной скваженой стройки на местоположении «Промузел Пелей». Компанию СТРОЙПРОМГРУПП в рамках соглашения по строительству эксплуатационной газовой трубы в рамке договора от [DATE_TIME] No [DOCUMENT_NUMBER] в рамки договор",980
Блок директора по строительству,"ПАО «ORGANIZATION» создало субцентр компетенций по направлению Экспертиза проектов и нормирования, которое наделено полномочиями по проведению проектно-изыскательских работ на возмездной основе.",981
Блок директора по мощностям,Объявлен срыв сроков поэтапной сдачи кустовых площадок Общества с ограниченной ответственностью «ORGANIZATION» по итогам 2012-го года. Это произойдет в связи со срывом сроков передачи этапов отставок кустовых площадок.,982
Блок директора по строительству,Начальник капитального строительства [ORGANIZATION] попросил согласовать допуск крана на «OBJECT» без права эксплуатации до [DATE_TIME] без права пользования до «DAТE_ТИME».,983
"Проект ""Нефтяные краюшки""",Компания «ORGANIZATION ИНВЕСТ» заключила соглашение о сотрудничестве по проекту обустройства газовой части «OBJECT» с компанией ООО [ORГANGIZAТИON] Исполнительному директору Проекта [OBSJECT] «PERSON».,984
Блок технического директора,"Техническому директору Дивизиона Севера ООО «ORGANIZATION Дивизион Север» письмо, направленное Техническим директором Общества с ограниченной ответственностью «Заполярье» о раскрытии негарантированного объема выработки НСЖ в рамках текущих тарифных ставок с подтверждающими документами (ATTACHMENTS).",985
Управление по проектным работам,«PERSON» направил комплекты сметных расчетов на выполнение проектно-изыскательских работ по объектам [OBJECT. Этап [NUMBER] и [OБJECT. ЭТАП [NUMБER] по электронной почте на адрес [CONTACT]. В настоящее время специалистами ведется работа по согласованию объемов работ и стоимости по указанным объектам.,986
Блок директора по строительству,"Подрядчик МТР «ORGANIZATION] требует согласовывать цены МТР по итогам 2012 года по цене указанной в ведомости подрядчика. Эксперты считают, что подрядчик готов поставить материалы - поз. 1.2 по стоимости указанной ведомостной ведомостью МТР. Начальник ОС «PERSON» попросил предоставить контактные данные поставщика, который готов поставлять материалы позже 1,2 по рыночным ценам.",987
Управление по проектным работам,Начальнику управления по НИР и взаимодействию с надзорными органами «ORGANIZATION-Заполярье» сообщили о разработке ОЛ на дроссельные шайбы по объекту Обустройство «OBJECT».,988
Блок деректора по газу,"Общества с ограниченной ответственностью «ORGANIZATION» намерена увеличить сроки диагностического обследования объектов Трубопровод нестабильного конденсата, нефтяного конденсата «OBJECT]-[OБJЕCT] и Трубопоток нестабильных конденсатов, нефти, газового конденсата.",989
Блок финансового директора,«PERSON» требует уплаты переплаты по платежному поручению в размере [FINANCIAL_DATA] по платежьному поручению за субаренду движимого имущества по УПД No [DOCUMENT_NUMBER] за аренду недвижимости по договору «DATE_TIME». Финансовому директору просят зачесть переплату в сумме «FINАNCIАL_ДATA».,990
Блок директора по портфелю,"Объемы добычи на III-IV кварталы «YEAR] согласованы и соответствуют предложениям Департамента ПАО [ORGANIZATION] ([PERSON) ([DATE_TIME] (PERСON), направленным в Департамент добыточного рынка (DOMAIN) ПАО «ORГANGIZAТИON).",991
Проект «Обустройство объектов Новой нефти»,"Руководителю проекта «OBJECT» «PERSON» предлагается согласовать стоимости, материалы для строительства объекта, договором подряда: [DOCUMENT_NUMBER] от [DATE_TIME]г.",992
Блок технического директора,Техническому директору [ORGANIZATION] пожаловались на нарушение правил электробезопасности ТОП-12. Заказчик не согласен с применением штрафных санкций к Исполнителю по Акту-протоколу No[DOCUMENT_NUMBER] от [DATE_TIME] в связи с выявленными нарушениями правил электрозащиты ТМПНГ.,993
Блок директора по мощностям,Общество с ограниченной ответственностью «ORGANIZATION» обратилось с письмом о возмещении убытков по скважине No[DOCUMENT_NUMBER] в связи со своим пожеланием выполнить работы по Договору No [DATE_TIME] на объектах Заказчика.,994
Проект сервиса скважин,В связи с переводом открытых ОБС на Единый ОБС изменяются банковские реквизиты «ORGANIZATION» и «DOCUMENT_NUMBER». В связь с этим «PERSON] просит руководствоваться данным решением при составлении документации и отправке платежей в адрес «OРГANCIAL_DATA».,995
Блок финансового директора,Российская Федерация предлагает согласовывать досрочную уплату НДС от НДС в рамках Соглашения о досрочной оплате НДС по счету «ORGANIZATION» (Соглашение о Досрочной Оплате НДД) на сумму более 1 млн руб.,996
Блок заместителя генерального директора по безопасности,"Начальнику управления по экологической безопасности «ORGANIZATION] (PERSON) (PerSОN) сообщается, что в рамках выполнения работ по договору «DOCUMENT_NUMBER] [DATE_TIME] предъявлен соответствующий документ.",997
Проект «Обустройство объектов Новой нефти»,"Наряд-заказ No[NUMBER] на выполнение комплекса работ по строительству площадочных объектов Восточной Сибири, обустройству кустовых площадок и строительству трубопроводного транспорта объектов Чаяндинского НГКМ в редакции, приложенной к настоящему письму, выражает свое согласие на заключение Наряда-Заказа No[numbER] Договору No [DOCUMENT_NUMБER] от [DATE_TIME] на строительство объектов трубопроводной транспорта ВосточнойСибири.",998
Проект сервиса скважин,"Объемы работ по бурению и ВСР могут быть приведены к фактическому, частичному или частичному переводу неосвоенного гарантированного объема работ в негарантированный объем бригадо-часов без изменения единичных расценок, общей стоимости, сроков выполнения работ и сроков действия договора, а также частичный перевод неосвоенных гарантированных объемов работ в количестве [FINANCIAL_DATA] без изменений единичной расценки, общих расценков, срока выполнения",999
Управление по проектным работам,«ORGANIZATION» согласился заключить изменение No2 к нерад-заказу на выполнение проектно-изыскательских работ по Участоку [NUMBER] на объекте «OBJECT] Участок [NUMБER] и о заключении ИЗМ. No3 к НЗ No[DOCUMENT_NUMBER] от «DATE_TIME] в связи с этим.,1000
Блок заместителя генерального директора по закупкам,"Заказчик и Поставщик заключили Договор по поставке в сроки, установленные в Приложении. Заказчикам грозит штраф в размере [FINANCIAL_DATA] за просрочку поставки Товара, в связи с этим Поставщик допустил просрочную попытку получить компенсацию в размер штрафа в размерах [FИНAНCIAЛ_DАTA] от цены товаров.",1001
Блок директора по мощностям,"Руководителю направления по ГРП и ГНКТ «ORGANIZATION] требуется временный допуск руководителя направления «ГРП, ГНКС и других видов техники», который должен быть согласован в связи со сроками временных пропусков специалиста в рамках соглашения о выполнении внутрискважинных работ с применением комплекса колтюбинговых установок А100-60.",1002
Блок директора по строительству,"Арбитражное управление признано несостоятельным (банкротом), открыто конкурсное производство по подозрению в банкротстве. Для снятия объекта с учета, необходимо подтверждение отсутствия следующего объекта ОНВОС на окружной седьмой спеду: ВЖГ [OBJECT, станция «OBSJECT».",1003
Блок директора по мощностям,Генеральному директору «ORGANIZATION» сообщили об изменении банковских реквизитов организации. В связи с переводом ранее открытых ОБС на Единый ОБС с [DATE_TIME] изменяются банковские реквизиты организации по договору No [DOCUMENT_NUMBER] на оказание телеметрического сопровождению при наклонно-направленном и горизонтальном бурении.,1004
Проект сервиса скважин,Компания «ORGANIZATION» просит согласовать вывоз вагон-домов на территории базы «OBJECT» по маршруту [ROUTE] по имеющимся скан-копиям паспортов от организации эксплуатирующей оборудования. Компания просит Вас согласовать возможность вывоза вагон-дома по имеющемуся скан-копию паспортов.,1005
Блок директора по строительству,Система автоматической пожарной сигнализации «ORGANIZATION] не выведена на дежурный пункт постоянного пребывания персонала с дублированием сигнала в подразделение пожарной охраны и не вывезена на дежежурный дежурной пункт стоянного пребывания сотрудников пожарной инспекции.,1006
"Проект ""Нефтяные краюшки""",Исполнительному директору «ORGANIZATION» требуется согласовать поставку шаровых кранов по сертификату СДС Интергазсерт No[ID] в соответствии с требованиями опросного листа на шаровые краны с приводом DN 80 PN 10 МПа для блоков пробоековителей наземной установки перегрузового транспорта.,1007
Управление по проектным работам,"Специалист авторского надзора за объектами капитального строительства по договору No[DOCUMENT_NUMBER] от «DATE_TIME] может быть доставлен на объект строительства, который должен быть выполнен в соответствии с проектными решениями.",1008
Блок заместителя генерального директора по защите,Агро Дроны будут проводить периодические периодические полеты на территории сельскохозяйственных полей сельхозпроизводителя на территорию сельскопромышленных полях сельхозпроизителя. «PERSON] «CONTACT] уведомляет «ORGANIZATION» о проведении периодических полетов на Агро Дронах DJI Agras T 40.,1009
"Проект ""Нефтяные краюшки""",Московский «ОRGGANIZATION] «LOCATIIOON» Тел.: [CONTACT] Факс: [ORGANGIZАTIOOН] Тел. «CONCATIОN] Московское правительственное ведомство «ORGIZAТИON_LOCION/LOOCTIONG] Регистрационный номер: [CONTACHMENTS] Российский телекоммуникационный ведомственный «ОРGA,1010
Блок финансового директора,Налоговая отчетностная отчетность в части составления и предоставления налоговой отчетности в ИФНС РФ сведений о контрагенте-РЕЗИДЕНте за [DATE_TIME] должна составляться по форме СВЕДЕНИЯ О КОНТРАГЕНТЕ- РЕЗИДЕНТЕ.,1011
"Проект ""Трубопроводный транспорт Главного НГКМ""",Реконструкция напорного нефтепровода [OBJECT] (договор подряда: [DOCUMENT_NUMBER] от [DATE_TIME]г. Материалы для строительства объекта: Реконструкция напорного водопровода «OBSJECT» напорного нефтяного потока (договора подряда): «ATTACHCHMENТS] (ДОговор подряд: [ATТACHMENGTS],1012
Блок заместителя генерального директора по имуществу,В рамках строительства газопровода внешнего транспорта (ГВТ) силами ООО [ORGANIZATION-Развитие выполняются работы по строительству газопроводов внешного транспорта силами «ОRGAANIЗATIОN-Rазвитие». На основании изложенного просим рассматривать возможность аренды дополнительного кабинета на «OBJECT] ориентировочной площадью [FINANCIAL_DATA] м2.,1013
Блок заместителя генерального директора по организационным вопросам,"Транспортное средство не совершает передвижений по участку Глонасс и не совершало передвижения по участкам, т.к. в СМА не передавались данные и данные в СМИ не передавалась. Транспортный работник не совершал передвижении по участке, однако не смог продлевать пропущенное время.",1014
"Проект ""Южный""",«ORGANIZATION] официально подтвердил согласие в оформлении прав на земельный участок на период инженерных изысканий для разработки проектной документации Рабочий проект на ликвидацию нефтековбой скважины No [NUMBER] «PERSON» в рамках выполнения инженерныхизысканий в рамки выполнения работ по оформлению прав на участок «DOCUMENT_NUMBER] «OBJECT».,1015
Управление землеустроительных работ,На территории муниципального округа [ORGANIZATION] планируется максимальное вовлечение земельных участков сельскохозяйственного назначения в хозяйственный оборот на территории регионального округа. Это позволит обеспечить максимальное вовлечение в оборот неиспользуемых земель сельскохозяйного назначения.,1016
Блок директора по мощностям,"«ORGANIZATION] выражает свое согласие на заключение Наряд-Заказа No1 к Договору от [DATE_TIME_NUMBER] на сумму «FINANCIAL_DATA] без НДС для выполнения работ на кустовых площадках «OBJECT» без изменения срока выполнения, общего объема и общей стоимости работ по договору.",1017
Блок заместителя генерального директора по защите,"Публичное акционерное общество «ORGANIZATION» обратилось с просьбой поощрить работников системы гражданской защиты, отмеченных в лучшую сторону по результатам деятельности в области гражданской обороны и защиты от чрезвычайных ситуаций в [DATE_TIME] году.",1018
"Проект ""Нефтяные краюшки""",В рамках проектирования маслоохладителей просим Вас рассмотреть и согласовать замену термопреобразователей температуры производителя на термопреобразователи производства «ORGANIZATION». Это связано с длительным сроком поставки датчиков.,1019
"Проект ""Новая нефть""",«PERSON] направил на рассмотрение и согласование откорректированную документацию и файл ЛКП с комментариями к замечаниям к документациям.,1020
Блок технического директора,"АО «Альянсавтогрупп» опубликовало Протокол ВОСУ ООО «ORGANIZATION», о чем внесен протокол ВОСУ. Заместителем Генерального директора организации назначена [PERSON] заместителя Генерального  директора ООО.",1021
Управление по проектным работам,«ORGANIZATION] выражает согласие на выполнение проектно-изыскательских работ по объекту «OBJECT» насосной станции «OBLJECT». «PERSON» выражаетсогласие на заключение изменений No1 к НЗ No[DOCUMENT_NUMBER] на выполнения проектно–изыскательских работ и взаимодействию с надзорными органами.,1022
Блок заместителя генерального директора по безопасности,"В связи с неблагоприятными погодными условиями на дорогах «ORGANIZATION» прошу Вас ограничить скоростной режим автотранспорта до «SPEED] км/час, увеличить дистанцию между автомобилями и минимизировать движение транспортных средств по автомобильным дорогам. Это позволит избежать резкого повышения/понижения температуры окружающего окружающего воздуха и возможных снежно-ледяных образований на поверхности автомобильных трасс.",1023
Управление по проектным работам,"Начальник управления по проектированию объектов капитального строительства (ORGANIZATION) попросил предоставить проектную документацию, согласованное со всеми заинтересованными сторонами. Для отработки замечаний по ЛКП «OBJECT» требуется экспертиза.",1024
Блок директора по строительству,"Российские подрядчики смогут участвовать в форуме World Build/State Contract, который пройдет в рамках форума World Building/Sтаte Conтract.",1025
Генеральный директор,"Администрация Московской областной администрации просит предоставить в срок до [DATE_TIME] информацию, необходимую для разработки прогноза социально-экономического развития на среднесрочный финансовый год и плановый период до [ДAТE_ТИME] и проекта бюджета муниципального округа на очередной финансовый период.",1026
Генеральный директор,"В рамках [UNIT] организаций «GROUP», расположенных на территории [REGIONAL_COMPLEX] состоится совещание в рамках «UНIT» организаций, расположенные на территорию [RЕGIONL_COMПЛEX] по теме: Готовность организаций к весенне-летнему пожароопасному периоду.",1027
Блок технического директора,"Арбитражный суд Республики Татарстан начал рассматривать уголовное преследование в связи со расторгнутым договором по подготовке нефти через сепарационную установку ООО [ORGANIZATION] о взыскании задолженности за просрочку оплаты, процентов за пользование чужими денежными средствами, а также по встречному исковому заявлению о компенсации задолженностей, неустойки за просьбу оплатить чужие денежные средства.",1028
Блок директора по строительству,"Кусты газоконденсатных скважин No[NUMBER, No[numBER], No«NUMБER] могут быть обустроены для согласования рыночной стоимости на основе рыночных стоимостей, ведомость потребности материалов и оборудования. Заказчиком является ПАО [ORGANIZATION] «DATE_TIME».",1029
Блок директора по мощностям,"Производители пакеров данного типа не смогли извлечь из скважины пакер «OBJECT] из-за технических трудностей проведения экспертизы, исключить брак пакера не представляется возможным.",1030
Блок технического директора,Российский технический руководитель «ORGANIZATION-АВТОМАТИЗАЦИЯ» раскритиковал технико-коммерческое предложение на разработку прикладного программного обеспечения узлов измерений газа и нефти на операционную систему [SYSTEM] по переходу коммерческих узлов контроля газ и нефтепродуктов на операционную систему «SySТEM».,1031
Блок директора по проектированию,"Генеральный директор «PERSON» подтвердил готовность заключить Дополнительное соглашение, предусматривающее уменьшение общей стоимости Договора на [FINANCIAL_DATA] в рамках действующего Договора, предучитывающего корректировку календарного плана без изменения единичных расценок, срока оказания услуг и сроков действия Договора.",1032
Блок деректора по газу,Российский концерн «PERSON» сообщает о заинтересованности в выполнении данных услуг по замене системы электрозапуска газотурбинного двигателя «ENGINE_MODEL] для «LOCATION] в «DATE_TIME]–[DAТE_ТИME».,1033
"Блок исполнительного директора по реализации проекта ""Большое месторождение""","ПАО [ORGANIZATION] сообщает о плановом объеме отгрузки жидких углеводородов по отправкам со станции [OBJECT] на сеть ОАО «ORГAНIZАTIОN» в ближайшее будущее. Эксперты считают, что это может быть связано только с увеличением пропускной способности железнодорожного транспорта.",1034
Управление по проектным работам,Экспертиза промышленной безопасности (ЭПБ) по опасным производственным объектам (OBJECT) может быть приурочена к завершению строительства опасного производственного объекта. Эксперты промышленной безопасности могут быть привлечены в качестве субподрядной организации на проведение ЭПБ.,1035
Блок директора по строительству,Начальник отдела капитального строительства Управления капитального строительного строительства (Управление капитальное строительство) обратился с просьбой предоставить список персонала на выполнение работ по ЭХЗ в охранной зоне действующих действующих коммуникаций для оформления акта допуска работ в охранную зону действующих транспортных магистралей.,1036
Блок директора по проектированию,«PERSON] согласовал ликвидацию разведочной скважины [OBJECT] в рамках программы [PROGRAM] «ПРОGRAM» и попросил направить полный комплект данных по разведочному скважению в соответствии с пунктом 1528 Правил безопасности в нефтяной и газовой промышленности.,1037
"Проект ""Нефтяные краюшки""","Исполнительному директору [ORGANIZATION] (PERSON) сообщили, что изменения технологической обвязки и диаметров трубопроводов не принимаются в работу и не приняты изменения в технологическую обвязку, диаметры и габариты блоков буферных емкостей «OBJECT] (ш.[NUMBER]) были согласованы по опросному листу «DOCUMENT_NUMБER».",1038
Блок заместителя генерального директора по закупкам,В рамках исполнения договора по поставкам «DOCUMENT_NUMBER] от [DATE_TIME] прошу окончательный расчет за отгруженную продукцию с учетом встречного зачета однородных требований в размере [FINANCIAL_DATA] в размер «FINАNCIАЛ_DAATA».,1039
Блок директора по строительству,"Реконструкция УПН Чаяндинского НГКМ после подтверждения готовности объекта к проведению данных работ АО ГМС Нефтемаш предоставит информацию о дате прибытия сотрудников на площадку для выполнения ШМР и ПНР, а также информацию об окончании монтажных и пусконаладочным работам Установки дозирования химреагентов УДХ 10-3(10)-1(6), зав. No[DOCUMENT_NUMBER] по объекту.",1040
"Проект ""Трубопроводный транспорт Главного НГКМ""",Проект «OBJECT» по капитальному строительству может быть согласован на согласование стоимости материалов для строительства объекта. Материалы для строительной площадки для объекта «ORGANIZATION». Материал будет готов к согласованию с руководителем проекта по капитальном строительству.,1041
"Проект ""Северная деревня""","Департамент «ОRGANIZATION» (PERSON) направил техническое условие на подключение газопровода от кустовой площадки нефтяных скважин «OBJECT» от кустной нефтяной скважи No [DOCUMENT_NUMBER] к «OБJЕCT», утвержденные членом Правления.",1042
"Проект ""Нефтяные краюшки""",ПАО [ORGANIZATION] получил письмо с поручением в связи с письмом Департамента ПАО «ORГAНIZАTIOН» о передаче объектов незавершенного строительства по договору купли-продажи по договора купли — продажи газовых частей «OBJECT] и газовой части «OБJЕCT».,1043
"Проект ""Северная деревня""",Исполнительному директору проекта «PERSON» предложили подписать дополнительное соглашение к Договору по сдачу попутного нефтяного газа с кустовой площадки No[NUMBER] участка «OBJECT» на этапе МУПНГ по сдаче попутного газа с участка участка [NUMBECT] для реализации второго этапа МУПНД – «DATE_TIME».,1044
Блок директора по строительству,Филиал [LOCATION] направляет на согласование перечня сотрудников Филиала [ORGANIZATIОN] и судебных органов на согласования перечню сотрудников и судебной службы (ATTACHCHMENTS) судебными органами (AТTACHMEMTS). Филиалы направляют на согласовании перечней сотрудников «ORГANIIZAТИON» и «ATTAACHLMENТS] ,1045
Блок заместителя генерального директора по безопасности,"«ORGANIZATION] допущен к прохождению АТТЕСТАЦИИ по вопросам безопасности ядерных объектов, включая вопросы электропривода, включающая вопросы электрического привода. Эксперты полагают, что аттестационная процедура должна состояться на основании проверки представленных документов (вх. No [DOCUMENT_NUMBER] от [DATE_TIME] и «FINANCIAL_DATA).",1046
Блок директора по проектированию,"Разработчики планов развития горных проектов на «YEAR» должны представить в геологический отдел организации материалы, необходимые для утверждения соответствующего приказа Минюста РФ о согласовании планов и схем развития. Разработчикам предстоит предоставить документы, соответствующие планам развития, в том числе отчет о выполнении планов горных работ за [YEАR).",1047
Блок финансового директора,"Налоговые выплаты и страховые взносы предприятий, осуществляющих свою деятельность на территории [LOCATION] могут быть выплачены не раньше, чем через неделю после получения сведений о налоговых платежах и страховых взносах.",1048
Блок деректора по газу,"Генеральному директору [ORGANIZATION] сообщается о переносе сроков планово-предупредительных ремонтов (ППР) на КС с УПГ в количестве 6 суток и 10 суток в количество 6 суток, а также уменьшении добычи углеводородов и поставки углеводородного сырьевого сырьевой продукции.",1049
Блок технического директора,"В рамках выполнения обустройства зоны ответственности «OBJECT» планируется выполнить работы по монтажу кабельной продукции, установке ПНР в НКУ-0,4кВ 2КТП-10/0,6кВ No1 КП-5 и расключение ПНР на эстакаде, находящейся в зоне ответственностi «ORGANIZATION».",1050
Генеральный директор,"ПАО [ORGANIZATION] рассмотрит перечень имущества, подлежащего ликвидации скважины No [DOCUMENT_NUMBER] «OBJECT», арендуемого по договору с ПАО «ORГAНIZАTIОN] на реализацию ТМЦ.",1051
Блок директора по портфелю,Генеральному директору [ORGANIZATION] Генеральному  директору (LOCATIОN) Генеральному секретарю (PERSON) Геннадию Кириленко сообщили о намерении провести совещание в рамках долгосрочного рискового договора между [OРGАNIЗATIION» по вопросу изменения схемы сдачи продукции IV эксплуатационного объекта «OBJECT» в рамок долгосрочных рисковых договоренностей между «ORGIZAТИON,1052
Блок деректора по газу,"«ORGANIZATION] выполнило обязательства по Договору No [DOCUMENT_NUMBER] на модернизацию сепараторов С-3, С-3/2 на УНТС-2 «OBJECT» (далее - Оборудование) в связи с отсутствием технических способов качественного определения уровня канинговой жидкости.",1053
Блок заместителя генерального директора по имуществу,Аренда дополнительных офисных помещений от «ORGANIZATION» может быть арендовано на следующих условиях: постоянная арендная плата (коммунальные услуги) оплачивается Арендатором отдельно на основании данных индивидуальных счетчиков в соответствии с руководством по эксплуатации счетчика.,1054
Блок заместителя генерального директора по закупкам,"ПАО [ORGANIZATION] сообщает о согласовании пропускных документов на производственные объекты, входящие в группу компаний ПАО «ORGIZAТИON», в том числе на складские и транспортные объекты ДО БРД (БРД). Работодателям, входящим в группы компаний, предлагается оформлять пропускные документы в рамках заключенных договоров на оказание услуг складской итранспортной логистики.",1055
Блок директора по строительству,Системы видеоаналитики на транспортных средствах Общество с ограниченной ответственностью «ORGANIZATION» устанавливают на эксплуатируемых автомобилях внутрикабинную систему видеонаблюдения на ТС. Генеральному директору предстоит выполнить работы в рамках выполнения работ по монтажу комплекса инженерно-технических средств охраны (КИТСО) при строительстве объектов [OBJECT».,1056
Блок технического директора,"Проект дополнительного соглашения по транспортировке, приему, хранению, определению качества нефти, транспортировку и сдаче нефтяной смеси в систему магистральных нефтепроводов может быть согласован Техническому директору [ORGANIZATION] на рассмотрение и согласование проекта дополнительных соглашений.",1057
Блок директора по проектированию,"Директор по геологии, разработке, концептуальному проектированию-Главному геологу [ORGANIZATION] [PERSON» подписал Договор по освоению газовых скважин методом компрессирования и проведение ГАИ/ГКИ при ТКРС и ГНКТ на газовые скважены.",1058
Блок директора по газовым проектам,«Газпромнефть-Заполярье» провела внеплановую выездную проверку объекта капитального строительства «OBJECT» в Заполярье в рамках Федерального закона No 248-ФЗ о государственном контроле и муниципальном контроле в Российской Федерации.,1059
Генеральный директор,Экспертный совет [ORGANIZATION] приостановил приемку затраченных за счет средств инвестиционной программы «OBJECT] и передачи проектов обустройства газовой части [OBSJECT». Экспертное заседание Экспертного совета «ORГAНIZАTIOН» было приостановлено в связи со принятием решением Председателя Правления «OРGANGIZTATIОN».,1060
Блок финансового директора,"Российская сторона предлагает Вам согласовываться с досрочной оплатой более раннего срока по сч/ф [FINANCIAL_DATA] по договору, заключенному между [ORGANIZATION] и [PERSON» (Соглашение о досрочнной оплате).",1061
Генеральный директор,"Участники «EVENT» могут принять личное участие на тему: [TOPIC] и «PERSON] на теме «TOPIc», лектор: PERSОN, [TITLE] или «PELSOН». Мероприятие запланировано к проведению в [TIME] в рамках мероприятия «DATE_TIME».",1062
Блок технического директора,"«ORGANIZATION] требует предоставить следующие документы для заключения договоров энергоснабжения на добывающей компанией «PERSON», а также Анкету контрагента, подписанную Анкетой контрагенta по форме [ATTACHMENTS] на основании письма контрагенту исходящего от [DATE_TIME] О заключении договора на энергоснабжение.",1063
Управление по проектным работам,"Работа факельной установки при использовании попутного нефтяного топлива может быть выполнена в соответствующем порядке. Эксперты отмечают, что такие требования обеспечивают стабильную и стабильную работоспособность факельных стволов и блока БПГ.",1064
Генеральный директор,"«ORGANIZATION] может быть вынужден выкупить объемы «OBJECT] для дальнейшей реализации объемов, а также для реализации наливных эстакад и установок стабилизации конденсата, которые поступают на территорию «REGION» в рамках долгосрочных рисковых операторских договоров с [REFION».",1065
"Проект ""Трубопроводный транспорт Главного НГКМ""","Генеральным директором [PERSON] является Генеральный директор «PERСON» Генеральный секретарь Геннадий Колобков. Ответственность за выполнение требований охраны труда, промышленной, пожарной и экологической безопасности между ним и «ORGANIZATION», а также Совместное соглашение об ответственности по выполнению требований пожарной, промышленных, пожарных и пожарной безопасности.",1066
Управление по проектным работам,«PERSON» требует выдать технические условия на организацию системы технологической связи и подключение к существующей инфраструктуре куста нефтяных скважин [NUMBER] в соответствии с требованиями к системе резервного электроснабжения и систему резервного электричества. Начальник управления по НИР и взаимодействию с надзорными органами требует указать место размещения оборудования и требования к системам резервного электрического питания.,1067
Блок директора по персоналу,"«ORGANIZATION] добыча [LOCATIОN] требует рекомендательного письма, в котором просят направить рекомендательное письмо на «PERSON», «JOB_TITLE] [LABORATORY] по обслуживанию «FIELD] «OРGAANIЗATIION-[REGION».",1068
Блок операционного директора,"В связи с большим объемом ремонтных работ на трехфазном разделителе ТЛ-2 ДКС-3 перенос сроков пуска после ППР запланирован на следующие даты. Временно исполняющий обязанности генерального директора «ORGANIZATION ДОБЫЧА ОРЕНБУРГ» сообщил, что в связи со значительным увеличением объема ремонтных рабочих на ТЛ-1 ДКС-3. Временного исполняющего обязанности Генерального директора (по приказу от [DOCUMENT_NUMBER]",1069
"Проект ""Новая нефть""","Общественное предприятие «ORGANIZATION» не возражает против размещения варианта No2 трассы ГЛОНАСС 35/10 ЛЭП до Приемо-сдатого пункта нефти (ПСП) «OBJECT» для электроснабжения ПСП на пересечении с газопроводом «OБJЕCT» в районе Приемо–сдаточный пункт нефтяной скважины (ППС) в Прием-сдаточном пункте нефтяного комплекса (ППСП), планируемого к",1070
Блок заместителя генерального директора по закупкам,"Компания «ORGANIZATION» (PERSON) объявила тендер по закупкам для конкурентного отбора. Компании, претендующие на участие в конкурентном отборе, должны будут выполнять требования законодательства о конкурентном выборе.",1071
Блок технического директора,Руководителю по транспортному обеспечению «ORGANIZATION] просят рассмотреть возможность заключения дополнительного соглашения к договору на оказание комплекса услуг по организации авиационного обеспечения в размере [FINANCIAL_DATA] без НДС.,1072
Блок технического директора,"Организация нефтепереработки должна быть допущена к ИПОКСОЖЕНИЮ АТТЕСТАЦИИ на предприятии нефтеперерабатывающей отрасли. Контрольант «CONTACT» должен иметь документы, удостоверяющие личность, а также специальную форму одежды и специальную форму одежды. «POSITION] может быть отстранен от должностных полномочий.",1073
Управление землеустроительных работ,"«ORGANIZATION] АОБЫЧА НОЯБРЬСК согласована продолжительность аренды с использованием БВС в срок до [DATE_TIME] в сроки до [OBJECT] в арендном режиме, согласованное к использованию БВС на территории «OBSJECT» в сроку до «DATI_TIME».",1074
Блок заместителя генерального директора по организационным вопросам,Объявление о негарантированном объеме по договору No [DOCUMENT_NUMBER] от [ORGANIZATION] может быть рассмотрено в случае раскрытия негарантивного периода по данному договору.,1075
Блок операционного директора,Генеральному директору [ORGANIZATION] поручено сократить сверхнормативные потери при добыче углеводородного сырья (OBJECT) за отчетный период по отношению к предыдущему.,1076
Управление по проектным работам,Реконструкцию объекта «OBJECT» совместное совещание по рассмотрению достоверности исходных данных в полном объеме подтвердили участники совещания по рассматриванию достоверность исходной информации.,1077
Блок технического директора,"«ORGANIZATION] согласился заключить дополнительное соглашение No[DOCUMENT_NUMBER] на оказание услуг по освоению скважин че через сепарационную установку техническому директору [PERSON» о внесении изменений, предусматривающих корректировку ошибки с актуализацией [ATTACHMENТS] с актуализиацией «ATТACHLMENтS».",1078
Блок технического директора,В рамках исполнения поручения «DATE_TIME» внедрена разработка основных технических решений по защитным сооружениям (OTP) по защитными сооружениями. Разработанные OTP предусматривают варианты устройств для защиты персонала.,1079
Генеральный директор,"«PERSON] приезжает в Россию на выставку «EVENT», которая пройдет в ближайшее воскресенье, 29 сентября, в павильоне «PAVILION» в «LOCATION».",1080
Управление по проектным работам,"Проект водоотведения объекта «ORGANIZATION] разрабатывает схема водоотведенного объекта с описанием водоотведения объекта. На основании исходных данных, разработаны два варианта схемы водоотведение с описаниями, см. [ATTACHMENTS]",1081
Блок деректора по газу,Компания «PERSON» рассматривает компанию в качестве поставщика САУ ГПА с выполнением ПНР в рамках объекта: Поставка компрессорных агрегатов для комплектования ГПА на базе ПЛК [SYSTEM] или ПЛК «SYSJSTЕM».,1082
Блок заместителя генерального директора по безопасности,"ЛЕНСКОЕ УПРАВЛЕНИЕ «ORGANIZATION» требует уполномоченного на осуществление постоянного государственного надзора должностным лицам Управления документы, имеющие значение для проведения оценки соблюдения контролируемым лицом обязательных требований в рамках осуществления постояннего государственного контроля в отношении опасного производственного объекта (OBJECT) I класса опасности (регистрационный номер [ID] и идентификационный номер налогоплательщика).",1083
Проект сервиса скважин,"Российская бурильная инспекция (СБТ) на месторождениях подведомственных [ORGANIZATION] будет осуществляться в рамках договора подряда, согласно которому периодичность наработки СБТ определяется по часам циркуляции, а также по часами циркуляции. Эксперты говорят, что в настоящее время наработка СБT составляет не менее чем через каждые [FINANCIAL_DATA] часов вращения ротором.",1084
Блок заместителя генерального директора по безопасности,"В Ямало-Ненецком автономном округе появилась дивизия ПВО Беспилотная опасность по всей территории Ямала-Ненецкого автономного округа. Администрация Ямальского района заявила, что дивизии ПВО «Беспилотной опасности» угрожают всей Ямалской автономной республике.",1085
Управление коммуникаций,"Участникам Ассоциации организаций газовой промышленности Некоммерческое партнерство «ORGANIZATION] необходимо перечислить ежегодный членский взнос в размере рублей, а таким образом увеличить количество членских взносов.",1086
Блок заместителя генерального директора по закупкам,«ORGANIZATION» разработала План корректирующих мероприятий (ПКМ) по устранению недостатков в части соблюдения сроков поставок и качества продукции в прошлом году. Это позволило добиться сокращения сроков производства на 35-40 и снижения количества рекламаций по качеству продукции более чем вдвое по сравнению с показателями прошлогоднего уровня.,1087
Блок технического директора,"Генеральному директору [ORGANIZATION] требуется выдачу пропусков без первичных документов для следующих сотрудников: главного специалиста, Ведущего специалиста и ведущего сотрудника.",1088
Блок заместителя генерального директора по организационным вопросам,Объявление о предоставлении дополнительного офисного помещения на втором этаже в Офисном здании [OBJECT] в рамках договора аренды имущества No [DOCUMENT_NUMBER] может быть отправлено в редакционную службу.,1089
Блок заместителя генерального директора по безопасности,На пожарно-испытательном полигоне «ORGANIZATION] на пожарном полигон «OBJECT» в качестве наблюдателей (ATTACHMENTS) на полигоне «PERSON» (POST_CODE) на пожарной полигонке «ОRGАNIЗATIОN] может быть принято решение об участии представителей филиала [ORГANCIZAТИON) в тактико-специальных учениях.,1090
Управление по проектным работам,Разработчик ТЮ-УПНГ по ТЮ УПНГ предоставил на рассмотрение и согласование технологическую схему НТС по Тю-УПНД и свободную таблицу ЛКП с ответами на замечания.,1091
Генеральный директор,Публичное акционерное общество [ORGANIZATION] рассматривает техническое обоснование предложений по обустройству кустов нефтяных скважин [OBJECT] (далее - ТР) в связи с этим требует рассмотрения технических решений по освоению запасов нефтяной отрасли (ТЭП) на Комиссии газовой промышленности (ORГAНIZАTIOН) в срок до [DATE_TIME).,1092
Блок директора по строительству,Общество с ограниченной ответственностью [ORGANIZATION] подтверждает свое согласие на выполнение Наряд-заказа No[DOCUMENT_NUMBER] на сумму [FINANCIAL_DATA] (без НДС) в размере 1 млн руб. Заказчик согласился на заключение Наряда-заказа в рамках строительства кластера [OBJECT] (в том числе «OBSJECT»).,1093
"Проект ""Нефтяные краюшки""",Заказ на ИСКЛЮЧЕНИЕ контроля на объекте [OBJECT] [ORGANIZATION] «PERSON» (PERСON) «PerSОN] (PERSON). Заказчик на ИСЛЮЧение контроля и ВСЯ НЕОБХОДИМАЯ ОГОРОДНАЯ НАПАВЛЕНИЯ на объект «OBSJECT» [CONTACT_NUMBER] «CONTIOН] [CONCUMENT_NUMБER],1094
"Проект ""Нефтяные краюшки""",Общество с ограниченной ответственностью (ORGANIZATION) планирует выезжать на местность трассы инженерных изысканий участка проектирования на трассу «OBJECT» участок проектирования.,1095
"Проект ""Новая нефть""","Технические задания на компрессорную установку и систему ГДУ согласованы для проекта «OBJECT», а также систему GДУ уточнить не удалось.",1096
Управление коммуникаций,"Администрация Москвы объявила о проведении Всероссийского онлайн-голосования по выбору дизайн-проектов общественных территорий, планируемых к юбилею города в [YEAR] году.",1097
Блок технического директора,В рамках капитального строительства ВЭЦ «OBJECT» планируется строительство защитного ограждения по зданию ВЭC «ORGANIZATION» в рамках строительства энергетического комплекса. Работу по монтажу ограждения планируется осуществить в рамки капитального строительного строительства.,1098
Блок директора по проектированию,"Директор «ORGANIZATION» (PERSON) сообщил об ущербе от нарушения условий Договора, заключенного между [ORГANCIZAТИON] и «OBJECT» о проведении гидродинамических, газодинамических и газоконденсатных исследований скважин на [OBSJECT] в связи с нарушением условий соглашения.",1099
Генеральный директор,Инвестиционно-стратегическое общество [ORGANIZATION] рассматривает альтернативную схему строительства Нового ГПЗ производительностью [FINANCIAL_DATA] по газу сепарации. Инвестиционный блок «ORГANIIZAТИON» планирует построить новый ГПЗУ производительностью «FINАNCIАL_ДATA» м3/год по газа сепарация.,1100
Управление по проектным работам,Московское правительственное управление по проектированию объектов капитального строительства согласовало привлечение субподрядной организации для выполнения инженерных изысканий по Договору No[DOCUMENT_NUMBER] к Договорному договору о привлечении субподряда на выполнение инженерно-изыскательских работ.,1101
Блок технического директора,"Техническому директору [ORGANIZATION] требуется подписать дополнительное соглашение к договору на изменение программного обеспечения сроком до [DATE_TIME] в связи с необходимостью подписания дополнительного соглашения с органами заказчик, оказывающими услуги ХАЛ.",1102
Управление по проектным работам,Общество с ограниченной ответственностью «ORGANIZATION» (LOCATIОN) обратилось с письмом к руководителю управления по проектно-изыскательским работам и взаимодействию с надзорными органами в связи со следствием. В дополнение к ранее направленному письму No[DOCUMENT_NUMBER] (ATTACHCHMENТS] ( [ATТACHMENCTS] «AТTACHLMENтS,1103
Блок директора по мощностям,"Начальник супервайзинга бурения «ORGANIZATION] сообщил, что в целях исполнения принятых решений на заочном заседании Экспертного совета по управлению взаимоотношениями с контрагентами БРД проведено повышение уровня оплаты труда персоналу, работающему на объектах БРД. Экспертный совет по управлении взаимоотношениям с контрагантами BРД принял участие в повышении уровня начисленной заработной платы за месячную норму часов до вычета НДФ",1104
"Проект ""Нефтяные краюшки""","Председатель комитета РКД «ОRGANIZATION» Сергей Собянина написал письмо, в котором указано, что ему не удалось провести коллективную проверку РКD 1-го этапа и второго этапа.",1105
Блок директора по портфелю,"Общественное объединение «ORGANIZATION» рассматривает возможность принимать нефть с территории Российской Федерации на основании лицензии, выданной Обществом. В связи с этим просим Вас рассмотреть возможность организации приема нефти, с обеспечением товарно-коммерческих операций на доступных приемно-сдаточных пунктах (ПСП), необходимых для реализации этих целей.",1106
Блок директора по газовым проектам,"Работники строительно-монтажных организаций могут быть допущены в охранную зону пересечений в охранной зоне пересечений для проведения следующих строительномонтажных работ: расчистка строительной площадки от снега, прытые траншеи под газопровод, монтаж защитных фундаментов при переходе через автодорогу, сборка и сварка газопровода защитных оснований при переходу через проектную автодорогую.",1107
Блок заместителя генерального директора по безопасности,«PERSON] прекратил полномочия на должности генерального директора на должностных полномочиях генеральным директором. С [DATE_TIME] должность генерального руководителя прекращена.,1108
Блок заместителя генерального директора по организационным вопросам,Директор Дивизиона Север «ORGANIZATION» просит рассматривать техническую возможность предоставления койка-мест для размещения вахтового персонала до мобилизации собственных собственных вагон-домов с Обского причала г. [LOCATIОN] ориентировочно до [DATE_TIME».,1109
Генеральный директор,"Департамент по разработке нефтяных оторочек и газоконденсатных залежей блоков Юж II-3, Юж III и Юж I-4 (OBJECT) рассматривает предложения по разработкам нефтяной оторочки, газокондратных зависимостей блока Юж и блок ЮЖ II-4 (далее – Предложения) совместно с [ORGANIZATION).",1110
Блок директора по мощностям,Управляющий директор «ORGANIZATION] требует открытия уровня кооперации в рамках реализации Доходного соглашения на ремонт скважин с применением ГНКТ. Директор по вводу новых мощностей потребовал расширить уровень кооперации.,1111
Генеральный директор,"Общероссийский общественный благотворительный Фонд «ORGANIZATION» (OBJECT) помогает детям, проживавшим под обстрелами уже не первый год под обострением войны.",1112
Управление по проектным работам,Общество с ограниченной ответственностью «ORGANIZATION» (ORGIZAТИON) направило на электронную электронную почту направление по землеустройству проект границ и Схема расположения земельных участков необходимых для размещения объекта регионального значения «OBJECT».,1113
Блок технического директора,Работники «ORGANIZATION] могут быть командированными согласно 46 главе пабил По охране труда при эксплуатации электроустановок.,1114
Блок технического директора,АО «ORGANIZATION Энергосистемы» приостановило работу по закупке обогревателей игольчатого типа на месторождение Чаяндинского «OBJECT» в связи с использованием обогревателя закрытого закрытого типов в наших домах.,1115
Блок директора по портфелю,"Главному геологу «ORGANIZATION» поручено обеспечить соблюдение условий проектной документации по добыче углеводородов Чаяндинского нефтегазоконденсатного месторождения, газовых залежей Восточно-Талаканского и ЮЖ II-4 блоков хамакинского горизонта ЧаяНДинского нефтяной оторочки хамакинской горизонта Западно-Таркосалинского месторождений.",1116
Блок директора по строительству,"«ORGANIZATION] отказался заключать дополнительное соглашение к Договору подряда и дополнительного соглашения, который был заключен ранее на основании письма начальника капитального строительства «PERSON».",1117
Блок директора по мощностям,"Начальнику управления по бурению «ORGANIZATION» просим согласовать выполнение работ по переносу оборудования расположенного в техническом кармане и компенсации дополнительных затрат. Это означает, что для бурения двух дополнительных скважин необходимо выполнение дополнительных работ по ставке простой буровой установки с буровой бригадой в соответствии с расценками договора No [DOCUMENT_NUMBER] в соответствие с расценками.",1118
"Проект ""Северная деревня""","Генеральному директору [ORGANIZATION] «PERSON» сообщили о командировочной командировке сотрудника для участия в роли спикера в рамках целевой программы [PROGRAM] на тему Опыт реализации крупного проекта «OBJECT», в рамки которой примут участие «NUMBER] предприятий разведки и добычи группы «ORГAНIZАTIОN».",1119
Блок директора по строительству,"Строительно-монтажная компания «ORGANIZATION» требует аннулирования ранее подписанных документов в связи со сбоем программы Диадок в связь с техническим сбоям программы Диадков. Директор по капитальному строительству требует принять выполнение за март 2025 года, повторно направленное посредством ЭДО [DATE_TIME] из-за технического сбоя программа Диадок (причина устанавливается).",1120
Блок заместителя генерального директора по безопасности,"Объявление о выделении земельного участка Обществу от НИИ ЭКОЛОГИИ может быть направлено на защиту экологических объектов в рамках соглашения об оказании услуг по сбору, транспортированию и утилизации отходов бурения для нужд проекта «OBJECT» и строительство объекта.",1121
"Проект ""Нефтяные краюшки""","Разработчик КС Волга КС «OBJECT» направил в редакцию документ основные технические характеристики (ОТХ) аппаратуры «DEVICE_CODE», предназначенной для контроля вибрации установки компрессорной «COMPRESSOR_MODEL] для КС [OBSJECT] (ТПА-16 Волга) на исх. No [DOCUMENT_NUMBER] (DATTACHMENТS] с комментариями к замечаниям.",1122
Блок директора по мощностям,Организация с ограниченной ответственностью «ORGANIZATION] требует модернизации механизма перемещения и выравнивания бурильного отклонения по причине высокого сердечно-сосудистого риска (Score-2 10). Документы загружены в систему Интеллект на специалиста по техническому обслуживанию «PERSON».,1123
Блок директора по мощностям,"В период зимнего транспортного сообщения на объекты бурения «OBJECT] необходимо осуществить завоз дизельного топлива в период распутицы. Это связано с отсутствием транспортных сообщений для объектов бурения, в том числе на кустовых площадках.",1124
Управление по проектным работам,Автоматизированная система геотехнического мониторинга проектных объектов требует создания комплексной системы геотехническего мониторингов площадных и линейных проектов. Это позволит повысить безопасность рабочих и работодателей в рамках разработки раздела проектной документации Геотехнический мониторинг и Термостабильная грунтовая вода в рамок разработки технического задания на разработку разделов Геотехнической документации.,1125
Управление по проектным работам,"Проектно-изыскательское ведомство «ORGANIZATION» обратилось с письмом о направлении откорректированной рабочей документации на ИП по «DOCUMENT_NUMBER] в инспекционную службу. Работодатели обращают внимание, что откорректированная рабочая документация направлена через комнату данных – [DATE_TIME] ИП.",1126
Блок директора по мощностям,«PERSON» рассматривает требования по претензиям к нефтяной корпорации «ORGANIZATION] нефтяного концерна «PersON». Директор филиала просит не применять штрафные ограничения и не использовать санкции по претензии No [DOCUMENT_NUMBER] в связи со структурными изменениями в Группе компаний.,1127
Блок заместителя генерального директора по безопасности,Организация с ограниченной ответственностью «ORGANIZATION] корректировала план проведения тактико-специальных учений по взаимодействию сил и средств корпоративной системы гражданской защиты (далее - ТСУ) по Взаимодействию средств корпорации гражданскойзащиты.,1128
Проект сервиса скважин,"Компания «ORGANIZATION» просит согласовывать вагон-дома в «PLACE» по маршруту [ROUTE]-[PLACHMENTS] по имеющимся скан-копиям паспортов завода-изготовителя. На основании этой просьбы компания просит Вас согласовать вагон-домы по имеющемуся скан- копиям паспортов от организации, осуществляющей обработку.",1129
Блок заместителя генерального директора по организационным вопросам,"Агентский договор между компанией «ORGANIZATION] и компанией Аэропорты (Аэропорты) может быть подписан в ближайшее воскресенье. Для расчета стоимости агентского соглашения, просим предоставить информацию по услугам, требуемым услугам и комплекту постельного белья.",1130
Управление по проектным работам,Начальник управления по проектно-изыскательским работам и взаимодействию с надзорными органами «ORGANIZATION/LOCATIОN/PERSON] «PERСON» «PerSOН» (PERSSON) (PERSONG) «PERSON». Ответ на письмо No [DOCUMENT_NUMBER] (ATTACHCHMENТS] ( [ATТACHLMEN,1131
"Проект ""Трубопроводный транспорт Главного НГКМ""",Местонахождение объекта для строительства объекта в Ленинградской областной столице может быть согласовано на согласование стоимости Материалов для строительного объекта (договор подряда: [DOCUMENT_NUMBER] от [DATE_TIME]г.,1132
Проект «Обустройство объектов Новой нефти»,«PERSON» отказался от участия в закупке на выполнение комплекса работ по монтажу инженерно-технических средств охраны (КИТСО) на площадных объектах «OBJECT» по соображениям нецелесообразности. По результатам проработки данного запроса «ORGANIZATION] вынуждено отказаться от участие в тендере по со стороны экономической нецелеообразности по сомнениям экономический нецеленообразности».,1133
Блок заместителя генерального директора по безопасности,Заместителю генерального директора по производственной безопасности «ORGANIZATION» сообщается о проведении натурного обследования лесных участков на общей площади [FINANCIAL_DATA] на общем объеме около 30 тысяч га в период с [DATE_TIME] по лесовосстановлению.,1134
Блок директора по мощностям,Руководитель направления по внутрискважинным работам предлагает дополнительно укомплектовать бригады ТиКРС помощниками мастера в срок до [DATE_TIME] — помощником мастера.,1135
"Проект ""Нефтяные краюшки""",Исполнительному директору Нефтяных оторочек «ORGANIZATION» (PERSON) об организации совещания о передаче НЗС (ТЮ и ВВ месторождений) объектов незавершенного строительства (НЗС) в рамках передачи функций Заказчика Общества.,1136
Блок директора по мощностям,"Генеральному директору [ORGANIZATION] предложили дополнительное соглашение, предусматривающее применение мотивации за сокращение сроков выполнения высокомонтажных работ и применение ШОК за увеличение нормативных сроков.",1137
Генеральный директор,"Генеральному директору [ORGANIZATION] требуется согласование участка скважин на территории «LOCATIОN» и разведки полезных ископаемых на участке «OBJECT» в контуре действующей лицензии, выданной «OCUMENT_NUMBER] на территорию «LОCAТИON».",1138
Управление по проектным работам,Московское отделение МЧС «ОRGANIZATION» (LOCATIОN) рассмотрит предварительное рассмотрение предвыборной «ATTACHMENTS] в связи со следствием рассмотрения предварительной [ATТACHCHMENETTS) о рассмотрении предварительного рассмотрению предварительно рассмотримой предварительных [ATCHMENGTS» в связях с рассмотрением предъявления предварительным документом.,1139
Блок директора по мощностям,В рамках Договоренного подряда на строительство поглощающих скважин в рамках договора подряда «DOCUMENT_NUMBER] на бурение эксплуатационных скважников по суточной ставке и фиксированной ставке (в т.ч. мобильными установками).,1140
"Проект ""Восточный""","Объявлено согласование использования беспилотных летательных аппаратов для фотосъемки производственных объектов, территориально расположенных на «ORGANIZATION» в период с [DATE_TIME] по инициативе руководства Общества.",1141
Блок заместителя генерального директора по безопасности,"«ORGANIZATION] согласился заключить дополнительное соглашение по контролю состояния электробезопасности на объектах подрядных организаций, в том числе по контролированию состояния электрибезопасности для объектов подрядной организаций.",1142
Генеральный директор,"ПАО [ORGANIZATION] согласовывает проведение реконструкции Магистрального газопровода Участок км [NUMBER/0 - км «NUMBECT] (кадастровый номер [ID]) Магистральный газопровод Участок км [numBER] - нитка магистрального газпровода, принадлежащих на праве собственности ПАО «ORГAНIZАTIОN] и Газопровод магистральный «OBJECT» (кадастровый номер «ID]).",1143
"Проект ""Трубопроводный транспорт Главного НГКМ""","Трубопроводный транспорт «OBJECT] Трубный транспорт для строительства объекта «ORGANIZATION» может быть построен на территории Москвы и Санкт-петербурга. Обустройство «OБJЕCT», Куст газовых скважин No1 (договор подряда: [DOCUMENT_NUMBER] от [DATE_TIME] г.).",1144
Проект «Обустройство объектов Новой нефти»,"ООО «ORGANIZATION» может быть согласовано на строительство «OBJECT» по договору «DOCUMENT_NUMBER] на объект «OБJЕCT», который, по мнению экспертов, станет одним из самых дороговизных объектов в мире.",1145
Блок заместителя генерального директора по закупкам,«ORGANIZATION] согласовывает возможность сброса газа через свечи рассеивания блока «OBJECT] через Свечи рассеивающего блока. Генеральный директор [PERSON» согласовывал в возможности сбрасывания газа подводящего трубопровода через светы рассеивания «OCUMENT_NUMBER] в рамках реализации «PROJЕCT».,1146
Блок директора по мощностям,"Генеральному директору Федерального государственного бюджетного образовательного учреждения высшего образования (ВИШ EG (ORGANIZATION) РОССИИ Генерального директора «PERSON] Геннадию Якупову сообщили об утверждении Порядка проведения государственной итоговой аттестационной комиссии по программам бакалавриата, программам специалитета и программам магистратуры по направлению Нефтегазовое дело, профили Эксплуатация технологических объектов нефтегазового производства.",1147
Блок директора по портфелю,Временно исполняющим обязанности генерального директора [ORGANIZATION] требуется сформировать актуальные планы по поставке нефти на объект ПСП «OBJECT» для оценки эффективности инвестиций по реконструкции объекта ПСП.,1148
Блок директора по мощностям,Начальник супервайзинга «ORGANIZATION] просит продлевать временный пропуск до [DATE_TIME] и продлить действие временного пропуска до [ДAТE_ТИME». В связи с производственной необходимостью просим продлить продление пропуска.,1149
Управление по проектным работам,"«ORGANIZATION] (LOCATIION) (LОCAТИON), который ранее направлялся на теплообменники «OBJECT] в соответствии с решением еженедельного совещания на рассмотрение и согласование первоочередные опросные листы на теплообменники «ОBJЕCT».",1150
"Проект ""Новая нефть""","В рамках проектирования, изготовления и поставки агрегатов «FINANCIAL_DATA] для объекта [OBJECT] (ТТ No [DOCUMENT_NUMBER] (DATE_TIME) направляем в Ваш адрес предварительный эскизный эскиз расположения патрубков, с указанием массо-габаритных значений участков трубопроводов для учета при выполнении расчетов усилий от газовой обвязки, передающихся на фланцы компрессорной установк",1151
"Проект ""Новая нефть""",И. о. исполнительного директора «ORGANIZATION] (PERSON) согласовал проектные решения в части строительства НПС-10 в местах пересечения трубопроводов АО [ORГAНIZАTIOН] до НПС-11 в местх пересечения нефтепроводов ООО [OРGANGIЗATIОN] в местных пересечении трубопровода АО «OРГANIIZAТИON».,1152
Блок технического директора,«ORGANIZATION] заключил дополнительное соглашение No4 к договору No[DOCUMENT_NUMBER/[DATE_TIME] О заключении дополнительного соглашения No4 и заключении доп соглашения о заключении соглашения.,1153
Блок заместителя генерального директора по безопасности,"В рамках выполнения работ по утилизации буровых отходов в рамках проведения работ по контролю всех операций, выполняемых подрядчиком по очистке отходов, просу предоставить пояснения о причинах не достижения продукта утилизация требуемого качества.",1154
Блок директора по портфелю,"ПАО [ORGANIZATION] обратилось с письмом в связи со сроками согласования ключевых условий долгосрочных рисковых операторских договоров (ДРОД) в рамках согласований ключевых условия долгосрочные рисковые операторские соглашения (ДРО) для компенсации затрат, понесенных в период владения лицензией на право пользования недрами месторождений до заключения ДРОД.",1155
Блок заместителя генерального директора по безопасности,"Объявлена передача земельного участка Обществу для сбора и обезвреживания отходов производства и потребления. Администрация «ORGANIZATION» просит Общества организовать встречную встречу, чтобы обсудить возможные варианты передачи участка на государственный уровень и постановки передаваемых объектов на государственную учет.",1156
Генеральный директор,"ПАО [ORGANIZATION] требует компенсации исторических затрат в размере $300 млн на компенсацию исторических затрат, направленных ПАО «ORГANIIZAТИON» в связи с нарушением Договора No «DOCUMENT_NUMBER] на компенсационные издержки на добычу Углеводородов Чаяндинского нефтегазоконденсатного месторождения (ДРОД).",1157
Блок директора по мощностям,"«ORGANIZATION] предлагает включить «OBJECT] в условия мотивации за сокращение сроков вышкомонтажных работ (ДПМ, передвижка БУ) с учетом включения шкалы оценки качества (OBSJECT) в условиях мотивации при выполнении ВМР с учетым включения оценки оценок качества в размере [FINANCIAL_DATA] за каждые сутки отставания при ДПМ и передвижке буровой установки.",1158
Проект «Обустройство объектов Новой нефти»,«ORGANIZATION] выражает свое согласие на выполнение электромонтажных работ Установки подготовки нефти «OBJECT» на выполнении электромонтажних работ Установки подготовке нефти [OBSJECT] на выполнения электромонтажные работ Установка подготовкей нефти. «PERSON» выразила свое согласия на заключение Наряд-Заказа No[NUMBER] к Договору No[DOCUMENT_NUMБER] на оказание электромонтажной работ,1159
Блок технического директора,"Российские нефтяные корпорации (PERSON) проведут совещание, которое пройдет в ближайшее воскресенье в аппарате управления «ORGANIZATION». Для участия в совещании просят предоставить представленные материалы, а также подготовить представленную информацию за организацию более качественного и своевременного планирования объемов сдачи нефти в МН ВСТО.",1160
Управление по проектным работам,"Проектно-изыскательское ведомство «ORGANIZATION» направит на согласование документацию, согласно накладной, согласной накладной и согласованной накладной. Эксперты считают, что документация должна быть согласованной.",1161
Блок директора по мощностям,Компания «ORGANIZATION» заявила о намерении привлечь поставщика систем снижения трения при проведении опытно-промышленных испытаний при бурении секции горизонтального ствола в рамках Договора No[DOCUMENT_NUMBER] при проведению ОПИ в рамки Договора.,1162
Блок заместителя генерального директора по закупкам,Генеральному директору [ORGANIZATION] Генеральному  директору «PERSON» Генерального директора [OРGАNIЗATIОN] «PerSОN» «PERSOН» заключен договор поставки МТР МТР на сумму [FINANCIAL_DATA] руб. с НДС.,1163
Генеральный директор,Председатель Правления «ORGANIZATION] поручил заключить дополнительное соглашение на разработку нефтяных оторочек «OBJECT] и «OБJЕCT» с учетом наделения функцией единой эксплуатирующей организацией для нефтяной и газовых объектов.,1164
Блок директора по персоналу,"Руководителям предприятий ТЭК Пуровского РАЙОНА просят помочь в прохождении Всероссийского опроса работодателей, который стартовал 1 апреля текущего года и завершится 15 июня этого года. В связи с этим Минтруд разрабатывает прогноз потребности экономики в кадрах в отраслевом, региональном и профессионально-квалификационном разрезах.",1165
Блок технического директора,"Техническому директору [ORGANIZATION] «PERSON» сообщаем о невозможности предоставления калькуляции на работы по корректировке программного обеспечения, обновлению контроллерных модулей объектов, обновлении программного продукта контроллерные модули объектов.",1166
Блок директора по портфелю,Добыча Углеводородов Песчаного Ен-Яхинского и Уренгойского НГКМ на [YEAR] Общество с ограниченной ответственностью «ORGANIZATION» (ORGION) добыча «LOCATIОN] добычи «PERSON] на «YEBSITE] ООО с ограниченными ответственностью (OCUMENT_NUMBER] (OРGANCUMENET_NUMБER) «PERSON,1167
Управление по проектным работам,"Российское АКЦИОНЕРНОЕ ОБЩЕСТВО «ORGANIZATION» может быть заключено по проекту «OBJECT» на условиях согласно приложению, к настоящему письму, в котором указывается, что объект «OБJЕCT» должен быть заключен по проектно-изыскательским работам.",1168
Блок директора по мощностям,"Генеральный директор [ORGANIZATION] подпишет дополнительное соглашение к Договору, предусматривающему приведение объемов работ к фактическим, частичный перевод неосвоенного гарантированного объема работ в негарантированный объем работ и частичный перераспределение объемов работы по годам.",1169
Блок директора по газовым проектам,После завершения электромонтажных работ в рамках реализации проекта «DOCUMENT_NUMBER] по производству траверсы на опоре No[NUMБER] ЛЭП завершены электромонтажными работами в рамок реализации проектной КТП для подсоединения ЛЭБ до позиции проектной кТП терминала «ORGANIZATION» и ЛЭТИ.,1170
Блок деректора по газу,Директору по газу «ORGANIZATION» сообщается о возможном увеличении температуры рабочей среды с плюс 230 C до плюс 260 C. Агрегаты НЦСГ-Е-280-120-К-Ш-Т1-УХЛ1 скомплектованы кранами шаровыми с температурой эксплуатации рабочой среды до минус 230 C.,1171
Блок технического директора,"Исполнительный секретарь [ORGANIZATION] Сергей Лавров считает, что техническим директору «PERSON» не удастся расшифровать статей затрат.",1172
"Проект ""Северная деревня""","Подрядчик ООО «ORGANIZATION] должен заплатить штраф в размере [FINANCIAL_DATA] в течение 30-ти календарных дней. Заказчик получил претензию исх. рег. No [DOCUMENT_NUMBER] на оказание услуг по проведению гидродинамических, газодинамических и газоконденсатных исследований и исследования состава свойств пластовых флюидов на [OBJECT».",1173
Блок технического директора,"Иркутский филиал «ORGANIZATION» сообщает, что по результату проверки выполнения технических условий технологического присоединения систем электроснабжения «OBJECT]-[NUMBER] выявлены следующие замечания: кабельный вывод 10 кВ не посажен в ячейку и имеет повреждение изоляции в связи с этим требует замены соединительной муфты с последующим испытанием.",1174
Блок директора по мощностям,"«ORGANIZATION] предоставляет информацию о размере мотивационных выплат за «DATE_TIME». Компания «OРGАNIЗATIОN] производит супервайзерские услуги при строительстве и реконструкции поисковоразведочных скважин, зарезке боковых стволов и углублении бокового ствола.",1175
Управление по проектным работам,"Проектно-изыскательная станция на Усть-Омсбесском (СТОУММОСТб), сроки выполнения работ согласно приложению к данному письму, а также согласие на заключение изменений No2 к нерад-заказу на выполнение проектно-Изыскательских работ по объекту «OBJECT».",1176
Блок директора по мощностям,"Генеральному директору [ORGANIZATION] «PERSON» согласован прием выполненных работ по текущему, капитальному ремонту и освоению скважин на [OBJECT] в связи со сложной номенклатурой вспомогательного оборудования на момент начала производственных процессов.",1177
Блок заместителя генерального директора по безопасности,Заместитель генерального директора по производственной безопасности «ORGANIZATION» обратился к руководителю по производственно-технической безопасности в связи со сроками выполнения работ в соответствии с пунктом 1 раздела 8 Результаты услуг «ATTACHMENTS] в соответствие со пунктом 2 раздела 7 Результатов услуг «АТTACHCHMENGTS».,1178
Проект сервиса скважин,Компания «PERSON» требует частичного возмещения ущерба в связи с частичным возмещением стоимости ТЗР на сумму [FINANCIAL_DATA] на расчетный счет «ORGANIZATION] в связь с частичным возмещением ущерб по договору генерального подряда.,1179
Управление по проектным работам,"Источник бесперебойного питания (ИБП), локальных щитков распределительных и рабочего освещения (далее – ЩР, ЩО и ЩАО соответственно) для согласования форм опросных листов на электротехническое оборудование по ТЮ-УПНГ02 направляем Вам форму опросного листа на электротехническое оборудование по КТ-517 Реестр типовой документации «ORGANIZATION» для заказа источников бесперебойного питания.",1180
Блок директора по проектированию,«ORGANIZATION] НЕФТЬ ОБЩЕСТВО С ОГРАНИЧЕННОЙ ОТВЕТСТВЕННОСТЬЮ ИНЖЕНЕРНО-ТЕХНОЛОГИЧЕСКИЙ СЕРВИС ([LOCATIION) АО С АО «ИНЖЕНERНО-ТЭХНОЛОGIЧЕский СЕРвис) Директор по введению новых мощностей «PERSON» на [DATE_TIME] производственной программе «OBJECT] на [ДATTACH,1181
Управление землеустроительных работ,Российская Федерация обратилась с просьбой предоставить Вам информацию об осуществлении публичного сервитута в рамках строительства стабилизации конденсата ачимовских залежей Надым-Пур-Тазовского региона и его неотъемлемых технологических частей Надим-Pур- Тазовского регионального значения «Установка стабилизации ачемовских зависимостей Надем-ПУР-Тазововского региона».,1182
Генеральный директор,"ПАО [ORGANIZATION] требует подтверждения возможности применения налога на дополнительный доход от добычи углеводородного сырья (НДД) на участке, содержащем трудноизвлекаемые запасы нефти ачимовских отложений, для разработки технологий геологического изучения, разведки и добычей трудноизвлекемых полезных ископаемых.",1183
Блок технического директора,Генеральному директору [ORGANIZATION] предложили организовать осветление нефтесодержащей жидкости непосредственно на месте ее накопления либо организовать на предоставленном вам земельном участке место по осветлению и утилизации подобных отходов.,1184
Блок директора по персоналу,"Увольнение работника в порядке перевода для дальнейшей работы в «AO] [ORGANIZATION] уволить в порядок перевода сотрудника «PERSON». Согласие работника имеется. Документ подписан, документ подписан. Соглашение на перевод имеется, соглашение имеется Действителен: с [DATE_TIME] по [DAATE.TIME».",1185
Блок директора по строительству,"ПАО «ORGANIZATION» (ORGIZAТИON) официально подтвердило свою готовность к выполнению объемов работ, предусмотренных наряд-заказом No[DOCUMENT_NUMBER] по строительству газовых и нефтяных кустов, площадочных объектов и месторождений.",1186
Управление по проектным работам,"Филиал АО Россети Тюмень Северные электрические сети Российская Федерация сообщил, что предоставление технических условий, согласование проектной документации, является нетарифной услугой и оплачивается за счет инициатора потребности.",1187
Блок директора по проектированию,Московский центр исследований пластовых флюидов (ORGANIZATION) может быть передано керновым материалом и керновым материалым по скважинам «NUMBER» в исследовательский центр «LOCATIОN» (г. LOCАТИON).,1188
Блок заместителя генерального директора по безопасности,"В соответствии с Протоколом заседания Комиссии по пожарной безопасности муниципального округа [ORGANIZATION] первый заместитель главы округа информирует о необходимости уборки мусора и покоса травы на используемых земельных участках (в том числе, прилегающих к лесам, прилежащим к лесу) после схода снежного покрова на территории «REGION».",1189
Блок технического директора,"Директор ООО «ORGANIZATION» обратился с просьбой предоставить программное обеспечение «OBJECT» (проект, в формате разработки), для существующих серверов кустовой ТМ, расположенных в операторной ЦПС [OBSJECT] по договору о интеграции кустовых площадок No[NUMBER] в систему телеmekаники.",1190
Блок директора по строительству,Смена реквизитов «PERSON] Смена счета на новый реквизиты Организация «PersON» меняет реквизитные данные. Наименование счета: [DATE_TIME] ИНН банка: [ORGANIZATION_LOCATIION/CONTACT_NUMBER] Генеральный директор /[PERСОN]/ Генерального директора просит производить оплату за услугу счета новым реквизитам: Расчетный,1191
Блок технического директора,"В рамках капитального строительства электроустановок планируется построить ЭМР по прокладке оптического кабеля в шкаф «ORGANIZATION» для выполнения ЭМР на рабочем месте электротехнического персонала строительной-монтажной организации. Работы прошли медицинский осмотр, проверку знаний норм и правил по охране труда, промышленной и пожарной безопасности.",1192
Блок директора по мощностям,"Начальник Управления внутрискважинных работ Блока директора по вводу новых мощностей [PERSON] требует предоставить график капитального ремонта скважин на второе полугодие для оперативного формирования бюджета, экономического обоснования и своевременного планирования закупок необходимого оборудования, ТМЦ и ЗИП.",1193
Блок технического директора,"Техническому директору [ORGANIZATION] требует не применять условия банковского сопровождения в связи с тем, что работы выполняются собственными силами (без привлечения субподрядных организаций и без авансирования).",1194
Блок технического директора,Директор [ORGANIZATION] признал свою претензию подлежащей удовлетворению на сумму [FINANCIAL_DATA] в размере Сто пятьдесят тысяч рублей 00 копеек на сумме «Сто пятьдесяти тысяч руб 00 Копеек» (Сто птьдесят  тыс. руб. 00 капеек) на сумма «FINАNCIАL_ДATA».,1195
Блок технического директора,И.о. технического директора [ORGANIZATION] «PERSON» рекомендует проводить контроль технической состояния клапанов-отсекателей не чаще одного раза в полгода и проводить проверку техническому состоянию клапана-оттекателя не реже одного раз в полугодие.,1196
Управление по проектным работам,«ORGANIZATION] АКЦИОНЕРНОЕ ОБЩЕСТВО «NUMBER_NUMБER] Акционерное ОБЩество «PERSON» наравляет проектную документацию по проекту «FINANCIAL_DATA] «OCUMENT_NUMBER] в проектном процессе. «ATTACHMENТS] «AТTACHCHMENGTS] - О направлении НД Участок [NUMBer] «NUM,1197
Блок заместителя генерального директора по безопасности,"Филиал [OBJECT] [ORGANIZATION] согласовывает ПМЛА по ликвидации последствий аварий на опасном производственном объекте. После согласования ПМЛа и утверждения всеми сторонами ПМЛ, прошу Вас обратиться в филиал.",1198
Блок заместителя генерального директора по защите,"Генеральный директор нефтепровода внешнего транспорта ГС – ПСП сообщил, что несанкционированные переезды в необорудованных местах категорически запрещены через действующий действующий нефтепровод, в том числе через «OBJECT».",1199
Блок директора по мощностям,Начальник управления супервайзинга бурения «ORGANIZATION» сообщил об увеличении заработной платы буровым супервайзерам в рамках соглашения No [DOCUMENT_NUMBER] от [DATE_TIME] для увеличения заработной стоимости работ по услуге «SERVICE_CODE». Экспертный совет по управлению взаимоотношениями с контрагентами принято решение об индексации единичных расчетов для вычета НДФЛ.,1200
Проект «Обустройство объектов Новой нефти»,"Наряд-заказ к Договору No[NUMBER] от [DATE_TIME] на выполнение комплекса работ по строительству площадочных объектов Восточной Сибири, обустройству кустовых площадок и строительству трубопроводного транспорта объектов Северной сибирской Сибирии (ORGANIZATION) выражает свое согласие на заключение наряд-заказа.",1201
Блок директора по персоналу,"В связи со 50-летием со дня образования города [LOCATION] запланировано проведение VI Арктической совместной научно-практической конференции, посвященной 50-летию со дневного рождения города.",1202
Блок технического директора,"Объявление о наличии аварийного инструмента на кустовых площадках и на производственных базах подрядных организаций (по списку) Руководителям подрядной организаций о необходимости обеспечения каждой кустовой площадки перечнем аварийных инструментов, в том числе мобильными установками для бурения эксплуатационных скважин по суточной ставке или фиксированной ставке.",1203
Блок директора по проектированию,Технология Способ разработки низкопроницаемых коллекторов заводнением и закачкой газа на нефтегазовых месторождениях позволяет повысить эффективность разработки залежи нефти и увеличить нефтеотдачу продуктивного пласта на нефтедобывающей отрасли.,1204
Блок заместителя генерального директора по безопасности,«PERSON» Варнашов готова осуществить натурный выезд на участки лесовосстановления для определения приживаемости лесных культур для инвентаризации и определения процента приживаемость лесных растений.,1205
Блок технического директора,"Объемы поставок работ по капитальному ремонту и модернизации автономных источников электроснабжения, в том числе ДВС, могут быть завышены в рамках коммерческого проекта. Стоимость работ в рамок проекта может быть увеличена в два раза.",1206
"Проект ""Новая нефть""",«PERSON» корректирует КД СГДУ с комментариями к замечаниям. В ответ на письмо «DOCUMENT_NUMBER] направляем откорректированную документацию по СГДу с комментарием к замечениям.,1207
Блок директора по строительству,"Директор по капитальному строительству [ORGANIZATION] попросил согласовать вычет стоимости потребленной электроэнергии из суммы актов выполненных работ, непредъявленных к оплате.",1208
Блок заместителя генерального директора по закупкам,"Производство фланцев диаметром аждыу1000 был согласованным поставщиком из реестра МТР «ORGANIZATION». Производитель фланцев был запрошенным поставщикам из одного реестра MТР, таким образом, не подаст заявку на длительный срок изготовления (см. [ATTACHMENTS] на продолжительный сроком изготовление.",1209
Управление по проектным работам,ТЗ отправляется на согласование ТЗ на выполнение проектно-изыскательских работ и взаимодействию с надзорными органами ТЗ. ТЗ направляет на согласования ТЗ ИИ на выполнения ИИ и согласовывает ТЗ согласовать ТЗ за выполнение ИИ. «PERSON] «CONTACT] Начальник управления по проектно–изыскательствским работам и взаимодействию со надзорным органами «ORGANIZATION».,1210
Блок директора по мощностям,"Управляющей компанией «ORGANIZATION» (PERSON) уволили управляющую компанию в связи с неудовлетворительной организацией работ на объектах «LOCATIОN» и приняты соответствующие кадровые решения по руководящему составу Общества, в рамках которых произошла смена управляющего директора.",1211
Управление по проектным работам,"Общество с ограниченной ответственностью «ORGANIZATION» (PERSON) опубликовало очередное письмо, в котором сообщалось о нарушении законодательства в связи со строительством объектов капитального строительства. Ответ на письмо «PERСON] может быть отправлено еще в ближайшее воскресенье.",1212
Блок заместителя генерального директора по безопасности,"Московское отделение по экономическим делам (ОКПО) «WEBSITE» опубликовало очередную информацию о своей работе на территории российской столицы, которая, по мнению местных железнодорожников, имеет месторождение, принадлежащий одной из крупнейших предприятий страны.",1213
Блок операционного директора,Российская сторона обратилась с письмом в связи со своими письмами с целью информирования и планирования предупреждающих мероприятий в период весеннего половодья на опасных производственных объектах в период наесеннего весенного половодия на опасные производственные объекты.,1214
Управление по проектным работам,"АО Гипровостокнефть «Газпромнефть-Заполярье» рассматривает рабочую документацию ЧНФ1-УПН.ТП-УПН-000-НК01 по объекту Техническое перевооружение УПН (БМУПН) ЧНГКМ (УПН, ПТ) ш. ЧНФ2-УПN.ТП (УПN-099-НК00) (ATTACHCHMENTS) получены замечания по результатам рассмотрения рабочей документации ЧНФ 1-УПН (УПНТ)-УПНТ-УП",1215
Блок технического директора,Техническому директору [ORGANIZATION] «PERSON» сообщили о готовности направления специалистов для работ в период планового останова КС с УПГ [OBJECT] для работы в период остановки установки стабилизации конденсата.,1216
Блок директора по строительству,"Обустройство кустовых площадок в Московской областной столичной области может произойти в ближайшее воскресенье. Заказчикам предлагается согласовать стоимость материалов на основе рыночной стоимости, ведомость потребности потребности материалов и оборудования на основной рыночном уровне.",1217
Блок деректора по газу,"Видеоэндоскоп промышленный 10 HD, дисплей 10,1, зонд LASERTECH готов к отгрузке от «DATE_TIME] «ORGANIZATION] «PERSON» готов к транспортировке от производителя.",1218
Блок финансового директора,"«ORGANIZATION] принял решение об утверждении Положений по непрофильным активам, порядке отчуждения непрофильных активов в новой редакции. Утвердить Положение о Комиссии по не профильным активам и порядке дочуждения активов.",1219
Блок директора по мощностям,"Директор по введению новых мощностей «ORGANIZATION» сообщил об отклонении от плановых дат мобилизации флота «OBJECT». Заказчик и Подрядчик заключили соглашение на проведение ремонта скважин с применением ГНКТ, объем работ выполняется собственными силами. По состоянию на [LOCATIION] оборудование, включая вспомогательную СПТ было мобилизовано на «ЛOCАTIOН».",1220
Блок технического директора,Исполнительным директором «PERSON] на должность директора по сервисным и прокатным проектам «ORGANIZATION/ADDRESS] назначен Исполнительный директор [DATE_TIME] (PERСON).,1221
Блок технического директора,"Московское буровое общество с ограниченной ответственностью «ORGANIZATION» просит направить график отсыпки скважин и готовность вывезенной КП No[NUMBER] по датам поэтапной сдачи (минимум НДС, площадки ВЖП, амбаров, площадок парка ГСМ, площадков ВЖP, амбараров).",1222
Блок директора по строительству,"Подрядчик - истец заключил Договор на выполнение комплекса работ по разработке карьера, в рамках которого были выполнены 90 выполненных работ в общей сумме [FINANCIAL_DATA] рублей, что подтверждается Справками о стоимости выполненных работы и затрат, подписанными Сторонами.",1223
Блок директора по мощностям,Директору по введению новых мощностей «ORGANIZATION» (PERSON) не удалось обеспечить целостность «OBJECT] в надлежащем состоянии. Это приведет к проседанию скважины.,1224
Блок директора по строительству,"Наряд-заказ No25 к Договору «DOCUMENT_NUMBER] от [DATE_TIME] на выполнение комплекса работ по строительству площадочных объектов Восточной Сибири, обустройству кустовых площадок и строительству трубопроводного транспорта объекта Восточная Сибирь (ORGANIZATION) в редакции, приложенной к настоящему письму.",1225
Блок деректора по газу,«PERSON] подтвердил необходимость применения системы автоматического управления ГПА-16 Волга для ГПА 16 Волга в качестве поставщика САУ АВГМ на единой элементной базе с САУ ГПА-15 Волга. В соответствии с п.2 МЕМО совещания от [DATE_TIME] касаемо системы автоматическое управление (САУ) ГПА-19 Волга прошу подтвердить о необходимости применения исключительно системы автоматической управления (САС) агрегата воздухонагревательного газового модульного (АВ,1226
Блок технического директора,"Командир бригады по охране труда, электробезопасности, пожарнойбезопасности и пожарной безопасности в электроустановках может быть допущен к работам в действующих электроустановках, а также для проведения строительных монтажных работ на следующих объектах строительства: Реконструкция Установки Поготовки нефти.",1227
Блок технического директора,"Исковая давность признана не подлежащей удовлетворению по следующим основаниям. Ответчиком является истекший срок исковой давности, который истекает в течение трехлетнего срока для защиты своего права по иску о защите этого права. При этом исковая давностью признается срок, установленный в соответствии со статьей 195 Гражданского кодекса.",1228
"Проект ""Нефтяные краюшки""",«ORGANIZATION] предоставил блок «OBJECT» по ш. [OBSJECT] на рассмотрение и согласование технические требования на блок [OJECT] на основании графика предоставления приоритетных опросных листов по объекту «OCUMENT_NUMBER] на блок «NUMBER».,1229
Блок технического директора,"Генеральный директор [ORGANIZATION] сообщил, что не готов предоставить дополнительную технику МКДУ по причине объема работы является не постоянным и не готов предоставлять дополнительную единицу ППУ для мероприятий по смыванию грязи с шасси автомобилей непосредственно выезжающих с кустовых площадок на твердое дорожное покрытие.",1230
Блок директора по портфелю,"«PERSON] подтвердил актуальность данных по плану добычи Углеводородов на трехлетний период, доведенных нисьмом от [DATE_TIME] на трехлетней период, либо подтвердить актуальность плана добыча Углеводов на трилетний срок.",1231
Блок заместителя генерального директора по безопасности,"На территории лесничества [OBJECT] состоится экологическая акция «EVENT», которая пройдет в рамках согласованного с ответственным представителем учреждения.",1232
Блок заместителя генерального директора по имуществу,Управление по эксплуатации бахтовых поселков «LOCATION» просит подписать письмо о передаче бахтового поселка в фактическое пользование с «DOCUMENT_TYPE] в фактическом пользование.,1233
Блок технического директора,"Московская постоянно действующую комиссию по замене штрафных санкций проактивными мероприятиями (ПАМ) в области НЭБ, ОТ и ГЗ согласовала замену штрафов на проактивные мероприятия (ПАM) в областях НЭB, ОТ, ГЗ и НЭП.",1234
Блок директора по портфелю,"«PERSON] согласовывает предложения по объемам добычи УВС на III-IV кварталы в рамках ДРОД в рамок ДРОД, согласовывая предложение «ORGANIZATION» по добыче УВС в рамки ДРОД. Директор по перспективному развитию и управлению портфелем «PerSOН» согласовывается предложением по объему добыча УВС, при условии проекта на разработку технологий и подписанных договорных документов.",1235
Блок директора по персоналу,Энергетики предлагают сотрудничать в сфере электроэнергетики и энергетической отрасли в области энергетики. В связи с этим мы предлагаем Вам рассмотреть возможность создания системы безопасности (ЕНСОТ) в связи со сроками проверки захвата объекта труда.,1236
Блок заместителя генерального директора по организационным вопросам,"Заказчик и Исполнитель договорились об увеличении срока пребывания сотрудников Исполнителя на объекте социального-бытового назначения «OBJECT» с 30 до 45 дней в период с 1 по 3 месяца. Заказчиком является ООО «ORGANIZATION» (Далее – Инициатор), которое ранее выполняло обязательственные обязательства по Договору.",1237
Блок директора по портфелю,"ПАО [ORGANIZATION] направляет для руководства План деятельности Стратегического (Временного оперативного) штаба по решению вопросов, связанных с реализацией поставок природного газа из [COUNTRY] в [ROUTE] маршруту, на [DATE_TIME] в соответствии с приказом ПАО «ORГANIIZAТИON», утвержденным заместителем Председателя Правления.",1238
Блок заместителя генерального директора по организационным вопросам,В рамках реализации крупнейшего газового проекта «PROJECT» газ выполняются работы по строительству газопровода внешнего транспорта силами [ORGANIZATION] силами «ORGIZAТИON». Организацию проживания в общежитии просит заместитель генерального директора по организационным вопросам.,1239
Блок технического директора,"«ORGANIZATION] требует уменьшить сумму штрафа в добровольном порядке на сумму в размере [FINANCIAL_DATA] и заменить проактивные мероприятия по приобретению каркасно-тентового ангара, для организации зимнего ремонта транспортных средств.",1240
"Проект ""Северная деревня""","Генеральному директору нефтегазового комплекса «PERSON» Сергею Собянину предстоит заседание Экспертного совета по природопользованию по вопросам добычи и использования углеводородного сырья на территории «ORGANIZATION», которое пройдет в ближайшее воскресенье.",1241
Управление землеустроительных работ,"Руководителю (законному представителю) [ORGANIZATION] уведомляет о дате рассмотрения Планов развития горных работ на «YEAR] по участку недр «OBJECT] по участку «YЕAR» по участкам недр: [OBSJECT». Эксперты полагают, что рассмотрение ПРГР состоится по месту нахождения «ORГАNIЗATIОN] по местю нахождения [LOCAТИON».",1242
Блок технического директора,"Российское электроэнергетическое объединение (СРЕДНЕ-НОВОЛКСКОЕ УПРАВЛЕНИЕ) проходит аттестацию по вопросам технической документации, безопасности в сфере электроэнергетики и техническую документацию в отрасли электроэнергии.",1243
Блок директора по газовым проектам,"«ORGANIZATION_NUMBER] сообщает о согласовании проезда следующих транспортных средств подрядной организацией. В ответ на письмо от [DATE_TIME] No [DOCUMENT_NUMБER] О согласовании прохождения следующих автомобилей подрядная организация не удаляет [CONTACT] из-за того, что «PERSON] не удалял «COНTACT».",1244
Генеральный директор,"Фонд Иллюстрированные книги ДЛЯ МАЛЕНЬКИХ СЛЕПЫХ ДЕТЕЙ создал благотворительный Фонд «ИЛЛЮСТРИРОВАННЫЕ КНИЖКИ ДЛЯ маленьких слепых детей», который выпускает специальные тактильные и эстетически привлекательные книги.",1245
Управление по проектным работам,"Научно Исследовательский Проектный Институт нефтяной отрасли нефти и газа требует согласования субподрядных организаций, которые должны выполнить работы по разработке обосновывающего отчета проекта. Эксперты считают, что субподродная организация должна быть привлечена в рамках выполнения работ по разработку обосновываемого отчета.",1246
Генеральный директор,Компания «ORGANIZATION» представила свою продукцию по производству энергонасыщенных материалов для газодинамического разрыва пластов (ГДРП) с использованием энергонасыщных материалов для вторичного вскрытия добычи нефтяных и газовых скважин.,1247
Генеральный директор,"Генеральному директору [ORGANIZATION] требуется обратить внимание на происходящую инсинуацию со стороны поставщика термоусаживаемых материалов для дочерних предприятий, а также дочерных предприятий.",1248
Блок деректора по газу,Общество с ограниченной ответственностью «ORGANIZATION» перенесло пожарный извещатель пожарный взрывозащищенный «FINANCIAL_DATA] на пути эвакуации обжигового персонала в соответствии с требованиями [NUMBER] п. [NUMБER] в сторону [LOCATIОN] для эвакуационной эвакуацией обжигающего персонала.,1249
Блок технического директора,"Техническому директору [ORGANIZATION] «PERSON» необходимо подписать два экземпляра проекта договора технологического присоединения к электрическим сетям посредством перераспределения максимальной мощности с приложением технических условий, а также направить мотивированный отказ от подписания проекта.",1250
Блок технического директора,Техническому директору [ORGANIZATION] сообщил о готовности пересмотра тарифных ставок на условиях действующего Договора No [DOCUMENT_NUMBER] с индексацией в размере [FINANCIAL_DATA] в соответствии с СК «DATE_TIME».,1251
"Проект ""Новая нефть""",В связи с загруженностью производства «ORGANIZATION] значительное сокращение сроков изготовления днищ по [ATTACHMENTS] в связи со сокращением срока изготовление днищ «PERSON» (PERСON) (PERSOН) сообщает о сокращении сроков производства днищ.,1252
Блок заместителя генерального директора по безопасности,О выпуске осетра 2025 в Красную книгу Российской Федерации прошло совещательное совещание в рамках реализуемой стратегии консолидированного подхода выполнения компенсационных мероприятий по возмещению ущерба водным биологическим ресурсам под председательством [PERSON] под председательствательством (PERСON).,1253
Блок технического директора,"Руководителю по энергоснабжению - главному энергетику [ORGANIZATION] требуется выдача технических условий на присоединение к электрическим сетям 0,4 кВт для выполнения работ по капитальному ремонту скважин на КП 1 КП 1.",1254
Блок директора по строительству,"«ORGANIZATION] отказался заключать дополнительное соглашение к Договору подряда, в связи с ухудшением условий относительно первоначального Договора, в частности, изменений «ATTACHMENTS] в части изменений относительности первоначальных условий, в том числе изменений в «AТTACHLMENТS».",1255
Блок деректора по газу,Генеральный директор майнингового оператора «ORGANIZATION] рассматривает возможность использования попутного нефтяного газа (ПНГ) в целях добычи цифровых финансовых активов (ЦФА) для добыча цифровых денежных активов.,1256
Блок технического директора,"При испытательном переключении автоматических вводов резерва (АВР), расположенных на 14 этаже АВР, было выявлено отсутствие переключения на одной из АВР на 14 этих помещениях. Для устранения данной неисправности необходимо согласовать выполнение ремонтных действий.",1257
Управление по проектным работам,"«ORGANIZATION] предоставляет отчет в области ПЭБ, ОТ и ГЗ за [DATE_TIME] в рамках договоров от [ORGIZAATIOН] о предоставлении отчета в областях ПЭB, ОТ, ГЗ в рамки договоров о выдаче отчета.",1258
Проект сервиса скважин,"Объемы арматурной смазки на газовых скважинах «OBJECT НГКМ» исчерпаны. Эксперты отмечают, что в ближайшее будущее на скважине будут выполнены очередные ремонтные мероприятия, связанные с восстановлением продуктивности газовой скважи.",1259
Управление по проектным работам,"Научно Исследовательский Проектный Институт нефтяной отрасли нефти и газа «ORGANIZATION» (LOCATIОN) опубликовал проектно-изыскательскую программу по объекту Техническое перевооружение «OBJECT] и направил сводную смету и проект календарного плана выполнения работ к изменению No 2 задания на выполнение ТКП проекта. Эксперты полагают, что проект может быть выполнен в рамках договора о выполн",1260
Блок деректора по газу,Новые технологии энергомашиностроения от [DATE_TIME] на [DOCUMENT_NUMBER] входят в список самых важных технологий энергомашинoстроения. В дополнение к исх. [DAATE-TIME» направляем НЦСГЕ.Г.02.000 Руководство по эксплуатации (редакция [YEAR] (редкция [YЕAR).,1261
Блок директора по строительству,"Начальник капитального строительства [ORGANIZATION] попросил увеличить расценку УЕР 01-008-32 в сторону увеличения стоимости УЕР. В связи с тем, что фактическая стоимость дробления древесно-кустарниковой растительности на гусеничном ходу выше, чем сметная, прошу Вас пересмотреть расценки УЕР в стороны увеличения.",1262
Блок директора по мощностям,Директор по введению новейших мощностей «ORGANIZATION] ООО «PERSON» опубликовал письмо с просьбой согласовать проактивные мероприятия за нарушение условий соглашения по бурению эксплуатационных скважин по суточной или фиксированной ставке No[DOCUMENT_NUMBER] взамен ранее направленного Иск.,1263
Блок директора по мощностям,"Работник «ORGANIZATION] помощник бурильщика был вынужден покинуть территорию Российской Федерации в связи с нарушениями пропускного и внутриобъектового режимов на территории объектов «OCATIОN». Работодатель просит провести претензионную деятельность по данному факту, о результатах которой и принятых мерах сообщить в СКЗ «OРGAANIЗAТИON».",1264
Управление по проектным работам,«PERSON] [ORGANIZATIONG] [LOCATIION_ORGIZACION/ORGLGANGIZTIOON» [CONTACT] [DOCUMENT_NUMBER_TIME_TIMBER] [ATTACHMENTION ] [PERRSONET_NUMMBER] и «ATTACHMENETTS] «OBJECT_PER,1265
Управление по проектным работам,Начальник управления по проектномуанию объектов капитального строительства «ORGANIZATION» согласовал привлечение субподрядной организации для разработки разделов ПД и РД по наряд-заказам: «Обустройство месторождения. КП [NUMBER] и разработка ГТМ.,1266
Блок заместителя генерального директора по безопасности,Экспертное управление производственной безопасности о внедрении барьеров Каркаса безопасности ОБЯЗЫВАЮ направить в дочерние общества вновь утвержденные барьеры Каркасу безопасности. Начальник управления производственной безопасности «PERSON] направил в дочерние общества барьеры КаркасА безопасности.,1267
Блок директора по мощностям,"Исполнительный директор «PERSON» И.о. директора по введению новых мощностей сообщает о возможности привлечения дополнительной мобильной буровой установки грузоподъемностью 200 тонн в рамках заключенных Договоров на бурение эксплуатационных скважин по суточной ставке и индексацию расценок на уровень, указанный в письме No[DOCUMENT_NUMBER] от «DATE_TIME».",1268
"Проект ""Нефтяные краюшки""",Зам. управляющего директора по управлению проектами Касаемо [CONTACT] касаемо Касаема [ORGANIZATION] Касаимо [OBJECT] Копия: Исполнительному директору по управлении проектами «Нефтяные оторочки» Касаем Касаемым [PERSON» Касаемо «CONТАCT] Касаеемо «OBSJECT».,1269
Блок технического директора,В рамках выполнения обустройства объекта Обустройство «OBJECT» планируется выполнить строительно-монтажную бригаду в составе [NUMBER] людей с [DOCUMENT_NUMБER] в качестве электротехнического персонала.,1270
Блок деректора по газу,В связи с реализацией проекта по приему газа деэтилизации от [ORGANIZATION] существует ограничение приема продукции скважин Фазы No3 «OBJECT» для высвобождения мощностей [OBSJECT». Директору по газу требуется разработка проектной документации на переподключение линий газа выветривания.,1271
Блок заместителя генерального директора по закупкам,"Компании, входящие в группу компаний «ORGANIZATION», должны согласовывать пропускные документы на производственные объекты в рамках заключенных договоров по внедрению СУОД и ПБ (БРД), а также оформлять документы для прохождения необходимого обучения и аттестации в сфере ПБ, медицинских осмотров и других запрашиваемых документов.",1272
Блок директора по проектированию,Публичное акционерное общество [ORGANIZATION] ведет совещание по вопросам освоения нефтяных запасов в [OBJECT] в рамках долгосрочных рисковых операторских договоров от [DATE_TIME] No [DOCUMENT_NUMBER] силами [OРGAНIZАTIOН] в ходе долгосрочного совещания по освоению нефтяного запаса в «OBSJECT».,1273
Блок директора по строительству,"Объединение капитального строительного комплекса «ORGANIZATION» может быть продлено сроком приемки выполненных затраченных работ и затрат до [DATE_TIME] в рамках договоров подряда для обеспечения целевых показателей освоения, в том числе списания давальческих материалов и оборудования.",1274
Управление по проектным работам,«ORGANIZATION] заключит изменения No1 к наклад-наказу на объекты внешнего электроснабжения «OBJECT» и внешнее электроснабжение «OБJЕCT». Проектно-изыскательские работы по объектам внутреннего электроснабжения «OJECT] и системы обнаружения утечек (СОУ) нефтяного нефтепродукта. «PERSON_CONTACT] «CONТАCT],1275
Блок директора по мощностям,"Генеральный директор «PERSON] выражает свое согласие на начало выполнения работ по входному контролю ХОС и ЧАС с оплатой выполненных работ по утвержденной форме. Генеральным директором «ORGANIZATION» является генеральный директор «OBJECT», который, в свою очередь, выступает с предложением заключение дополнительного соглашения к действующему Договору «DOCUMENT_NUMBER] от [DATE_TIME] г.",1276
Генеральный директор,ПАО «ORGANIZATION» (PERSON) проводит консолидацию предынвестиционных исследований в рамках Департамента по консолидации предпроектных разработок для предприятий Группы [ORГAНIZАTIОN] для нужд Группы «OРGANGIZTATIOН».,1277
Блок директора по мощностям,"Общество с ограниченной ответственностью «ORGANIZATION» сообщает о намерении принять участие в селекторном совещании по гидравлическому разрыву пласта, предлагаемое время [DATE_TIME] для обсуждения вопросов реализации гидравлического разрыва пласта.",1278
Блок директора по мощностям,"Объявление о возможности применения концепции Кемп может быть направлено на рассмотрение «ORGANIZATION] о согласовании расценок ВМР. Эксперты считают, что такая концепция позволит привлечь инвесторов в строительство комплексов.",1279
Блок директора по мощностям,"Организация технологической сессии по повышению эффективности процессов строительства и ремонта скважин в области цементных растворов пройдет в Санкт-петербурге в рамках технической сессии, посвященной повышением эффективности строительства объектов.",1280
Блок технического директора,Руководитель МИНИСТЕРСТВО ТРАНСПОРТА Российской ФЕДЕРАЦИИ (ORGANIZATION) потребовал провести натурное обследование предъявляемых железнодорожных путей необщего пользования для определения технической готовности железнодорожного пути необшего пользования в период их строительства.,1281
"Проект ""Трубопроводный транспорт Главного НГКМ""","Подрядчику не требуется согласовывать с Подрядчиком стоимость МТР закупаемых через платформы Айсорс в случае покупки непосредственно у [ORGANIZATION] через Айсорсе. При этом Подрядчика не требует согласовываться с Заказчиком с стоимостью МТР, отсутствующих в Приложении Прейскурант цен МТР и Оборудования.",1282
Блок директора по мощностям,Общество с ограниченной ответственностью «ORGANIZATION» предлагает провести ОПР при выполнении работ по цементированию эксплуатационных колонн на «OBJECT» в качестве альтернативы самовосстанавливающимся (СВЦ) самовосстановленящимся цементом (СВC) вместо заколонных металлокордовых пакеров.,1283
"Проект ""Новая нефть""",Корректировка ТЗ на УКЦ и ГПА КС в формате ЛКП может быть рассмотрена и согласована в ближайшее воскресенье.,1284
Блок технического директора,"РегионСпецТранс выдает техническое задание на технологическое присоединение электроустановок Исполнителя к электрическим сетям Исполнителя, а также предоставит технические условия на технологичное присоединения электроустановки Заказчика к электрическими сетям.",1285
Блок директора по мощностям,"Московский филиал «ORGANIZATION» завершил строительство трех поглощающих скважин в рамках Договора подряда на бурение эксплуатационных скважников по суточной ставке или фиксированной ставке (DOCUMENT_NUMBER) в рамки Договора о демобилизации МБУ, БО и БХ по суточным ставкам или фиксирированной ставкой.",1286
Блок заместителя генерального директора по закупкам,"«ORGANIZATION] готов пригласить представителей «OРGАNIЗATIОN] в ближайшее время, а таким образом, принять участие во встрече с представителями «OrГANCIZAТИON» в период с [DATE_TIME] по [LOCATIION».",1287
Управление по проектным работам,"«ORGANIZATION] согласовал компоновочное решение нефти и газа в формате ЛКП. Компоновочных решений «OBJECT» не было. Эксперты говорят, что компоновочные решения не имеют никакого значения.",1288
Блок директора по мощностям,"«ORGANIZATION] осуществляет завоз дизельного топлива для подрядных организаций на кустовые площадки, в том числе на кустовых площадках. В связи с невозможностью обеспечения бесперебойной доставки топлива по зимним автодорогам просим согласовать проезд бензовозов в соответствии с Приложением No 1 по насыпной дороге (технологический проезд от узла налива до МУПН [OBJECT] не позднее позднее [DATE_TIME).",1289
Блок бизнес-директора,"В Цифергаузе состоится Демо-день цифровых НИОКР-проектов третьей волны (DATE_TIME), на котором эксперты по технологиям обсудят возможности масштабирования решений для различных подразделений и дочерних организаций.",1290
Блок директора по мощностям,Начальник отдела ГРП «ORGANIZATION] требует выплаты убытков в добровольном порядке за нарушение условий соглашения с Центральным Банком. Ответственность за нарушение условий договора является обоснованным.,1291
Блок технического директора,«ORGANIZATION] готов предоставить на рассмотрение коммерческое предложение по поставке лицензий [PRODUCT] техническому директору компании «PERSON». Стоимость вознаграждения за продление программного обеспечения составит [FINANCIAL_DATA] (руб.).,1292
"Блок исполнительного директора по реализации проекта ""Большое месторождение""",«ORGANIZATION] согласовывает размещение объекта в границах горного отвода «OBJECT] в границе горного привода в границы горного довода «ОBJЕCT» в границам горного озера.,1293
Блок заместителя генерального директора по организационным вопросам,"Общество с ограниченной ответственностью просит продлить срок вахты на «OBJECT» для следующих сотрудников: No Должность [PERSON] No Должностный руководитель «PERСON» Генеральный директор просит согласовать продление срока пребывания на «FINANCIAL_DATA] дней для таких сотрудников, которые не имеют медицинских противопоказаний и не имеет медицинского противопоказания.",1294
Блок директора по мощностям,«PERSON_DIRECTOR_DOCUMENT_NUMBER] направил Вам отчет об использовании авансовых денежных средств на бурение эксплуатационных скважин по сухой технологии ставке и/или фиксированной ставке в соответствии с договором подряда на бурление эксплуатационной скважи по сухей технологии.,1295
"Проект ""Нефтяные краюшки""","Общество с ограниченной ответственностью [ORGANIZATION] требует предоставить актуальные регистрационные (учредительные) документы и карточку предприятий. Для заключения соглашения о перемене сторон по договору на выполнение проектно-изыскательских работ по объекту [OBJECT] и месторождениям, просим Вас предоставить документы предприятия.",1296
Блок заместителя генерального директора по закупкам,Исковое заявление общества с ограниченной ответственностью «ORGANIZATION» о взыскании задолженности по товарно-транспортной накладной в размере [FINANCIAL_DATA] было подано арбитражным судом в порядке упрощенного процесса и рассмотрено в порядок упрощенной практики.,1297
"Проект ""Нефтяные краюшки""","Исполнительному директору [ORGANIZATION] «PERSON» (PERСON) удалось договориться о создании доэкимной насосной станции «OBJECT» в рамках договоренностей по проектированию, изготовлению и поставке доекимного насосного станции оборудования «OБJЕCT».",1298
Блок технического директора,"Московские электромонтажные работы по монтажу временной ВЛ-10 кВ на территории жилого поселка «ORGANIZATION» завершены. Персонал выведен, инструктажи проведены, о подаче напряжения предупреждены о готовности подачи напряжения.",1299
Блок заместителя генерального директора по закупкам,"Российское акционерное объединение «PERSON» опубликовало очередную информацию о сальдировании не урегулированных допретензионных требований. Это означает, что «PЕРSOН» может быть оштрафован за выполненные работы по Договорам и Соглашениям о расчетах по встречным обязательствам за выполненных работы по договорам согласно прилагаемому Акту о Сальдировании.",1300
Блок директора по строительству,"«OBJECT] «PERSON» заключил Договор на выполнение шеф-монтажных и пусконаладочных работ на ШМР, ПНР. Ответственным лицом за выполнение данных работ назначен руководитель отдела пускoналадочных работы. Для проведения испытаний электрооборудования планируется привлечь субподрядную организацию.",1301
"Проект ""Нефтяные краюшки""","Ответ за замечания по БПГ на блок подготовки газа для обустройства объекта [OBJECT] Ответ на замечания специалистов по БPГ для объекта «OBSJECT», наложенные на блоке подготовке газа (БПГ) для строительства объекта. Эксперты настаивают на согласовании комплекта технической документации, откорректированной в соответствии с замечаниями.",1302
Блок директора по мощностям,"«ORGANIZATION» будет выполнять выполнение работ по договору No[DOCUMENT_NUMBER] в течение трех кварталов, а таким образом предоставить себестоимость собственного производства на безвозмездной основе на 3-х кварталах.",1303
Блок технического директора,«ORGANIZATION] может быть вынуждена провести аварийно-восстановительный и капитальный ремонт электродвигателей для нужд «OРGАNIЗATIОN». Техническому директору «PERSON» сообщили о согласованном составе работ.,1304
Блок директора по мощностям,ПАО [ORGANIZATION] ИНВЕСТ требует заключить соглашения о перемене стороны к действующим договорам по реализации газовой части месторождений «OBJECT» и месторождения «OБJEFT». Экспертное совещание Экспертного совета ПАО «ORГАNIЗATIОN] будет состояться в понедельник.,1305
Блок технического директора,"«PERSON] сообщил о поставке газового стабильного конденсата газовой стабильного (нефти) на «MONTH] [YEAR] в адрес «ORGANIZATION» тонн конденсата газа в «МONТH] «YEАR», а также сообщил, что на «МОНTH» «YeAR» распределено «FINANCIAL_DATA] тонн газовогостабильного газового стабилизьного.",1306
Блок операционного директора,"«PERSON] просит согласовать проведение безопасного выполнения работ, работ повышенной опасности на КП No[NUMBER] [OBJECT] в Майские праздничные дни в период праздничных дней.",1307
Блок деректора по газу,«ORGANIZATION] согласовало авансирование за комплексную поставку оборудования для проекта [OBJECT] с учетом предусмотренного финансирования на «DATE_TIME». Директору по газу «PERSON» согласован аванс.,1308
Блок директора по мощностям,Надеемся на дальнейшее взаимовыгодное сотрудничество и дальнейшую нормализацию договора и нормализацию его нормализации и приведения к фактическим данным гарантированного объема [DATE_TIME] за счет перераспределения затрат на внутрикабинную аналитику за счет перевода остатка средств и позиций в гарантированный объем [DAATE-TIME».,1309
Блок заместителя генерального директора по закупкам,"Компания «ORGANIZATION» просит снизить сумму пен/недостойки до максимально возможного согласно Гражданскому кодексу (ГК РФ) до максимального максимально возможного согласно законодательству РФ (Гражданский кодекс (ГКК) РФ. Это позволит уменьшить сумму недостойки за каждый день просрочки, исходя из «FINANCIAL_DATA».",1310
Блок директора по проектированию,"Главному геологу [ORGANIZATION] (PERSON) о заключении дополнительного соглашения No 1 к договору от [DATE_TIME] No [FINANCIAL_DATA] «DOCUMENT_NUMBER] «PERСON» (ПERSОN) «DAТE_CIAЛ_DAATA] Директору по геологии, разработке, концептуальному проектированию, разработку, концептаальному проектировании",1311
Блок директора по мощностям,Генеральному директору [ORGANIZATION] требуется углубление водозаборных скважин на УПН «OBJECT». Финансовому директору требуется приобрести обсадную колонну в объеме 245 мм в объемом [FINANCIAL_DATA] и обсадной колонну ьме 178 мм в размере «FINNCIАL_ДATA».,1312
Блок директора по газовым проектам,"Государственный контроль и муниципальное контроле в Российской Федерации проводит внеплановую выездную проверку объекта капитального строительства «OBJECT». Эксперты отмечают, что контрольные (надзорные) мероприятия должны быть внесены в единый реестр ЕРКНМ.",1313
Блок операционного директора,"«ORGANIZATION] требует представления документов от крупнейших налогоплательщиков в рамках камеральной налоговой проверки налоговой декларации по добывчу полезных ископаемых (ндпи) за март 2013 года, а также представление документов (пояснений) по пунктам 1.2, 1.3, 1.4 требование по «OBJECT] по налогу на добывчу полезных исскопаемых.",1314
"Проект ""Нефтяные краюшки""","Московское правительство потребовало изменить типовую схему обвязки аппарата 610КА емкости-регулятора насыщенного метанола 50Е-3, с установкой дроссельной шайбы.",1315
Блок директора по строительству,"Обустроенные скважины No7, 8, 9. Кусты скважников No7 – к. 8. Куста скважи No8 т.вр. к. 8 – к к. 9. Куста «OBJECT» (договор подряда: ГНЗ-23/11000/00955/P от [DATE_TIME]г.). Взамен направляем на согласование стоимости материалов для строительства объекта: Обустройство «OБJЕCT» и строительство «ORGANIZATION",1316
Блок заместителя генерального директора по закупкам,В связи с переводом открытых ОБС на Единный ОБС изменяются банковские реквизиты «ORGANIZATION» по договорам порядка: р/с [FINANCIAL_DATA] в [OBJECT] и к/с «CONTACT] (АО) [LOCATIОN) в [DATE_TIOН) и т/с (FINАNCIАL_ДATA).,1317
Блок директора по строительству,"«ORGANIZATION] — строительно-монтажное предприятие в рамках исполнения контрактов No[DOCUMENT_NUMBER] на выполнение строительномонтажных проектов, в частности на выполнения строительно монтажных работ в рамки исполнения соглашений о согласовании стоимости строительного проекта.",1318
Блок директора по мощностям,«ORGANIZATION] вводит новые мощности «OBJECT» на территории «ОRGAANIЗATIОN». Компания «PERSON» договорится о заключении соглашения по заключению соглашения о введении новейших мощностей «OРGAНIZАTIOН» на No от [DATE_TIME] на No «DOCUMENT_NUMBER] по вводу новых мощных мощностями.,1319
Блок заместителя генерального директора по безопасности,"Руководителям предприятий топливно-энергетического комплекса и компаний лесопользователей проводится оценка готовности к лесокультурному сезону [YEAR] в рамках оценки готовности населенных пунктов к зимнему сезону. Эксперты говорят, что в ближайшее будущее будет зависеть от состояния лесных насаждений на территории автономного округа.",1320
Генеральный директор,«ORGANIZATION] просит предоставить водоотводные каналы вдоль дорог на территории «LOCATIION» для выравнивания поверхности дорог и разработки водоотводовных каналов вдоль трассы.,1321
Блок операционного директора,"Руководителям дочерних организаций ПАО [ORGANIZATION] просят обеспечить безопасность производственных объектов в период с 1 по 11 [DATE_TIME] 2025 года, а также предотвращения несчастных случаев, пожаров, аварий и инцидентов в эти выходные.",1322
Блок финансового директора,"Группа [ORGANIZATION] утвердила критерии существенности неисполнения ключевых показателей деятельности, а также нарушений финансово-экономической дисциплины в отношении 6 КПД уровня Группы. Изменить лимиты существенность неисполненных КПД для оценки производственно-хозяйственной активности организаций.",1323
Генеральный директор,Комитет по согласованию ключевых условий долгосрочных рисковых операторских договоров (ДРОД) направил ключевые условия для заключения дополнительного соглашения к долгосрочным рисковым операторским соглашениям (DOCUMENT_NUMBER) на разработку [OBJECT] от [DATE_TIME] на разработка «OBSJECT» от [ORGANIZATION] для разработки [OBLJЕCT] в рамках ДРОД.,1324
Блок заместителя генерального директора по безопасности,"Московское лесное хозяйство выполняет работы по разработке, регистрации и реализации климатического проекта, направленного на увеличение поглощения парниковых газов с получением углеродных единиц, выпущенных в обращение в результате реализации проекта.",1325
Проект сервиса скважин,"Компания Петро Инжиниринг (ORGANIZATION) предоставила отчет по проведенному аудиту производственной базы, в результате которого отмечены замечания, интерпретируемые нарушением.",1326
Управление по проектным работам,Начальник по управлению НИР и взаимодействию с надзорными органами требует согласования переезда места распределения УКК для дальнейшего рассмотрения запроса на устанавливаемые узлы контроля коррозии.,1327
Блок директора по строительству,ПАО [ORGANIZATION] «OBJECT» построит Куст газовых скважин No [ID] для выполнения комплекса работ по строительству газового скваженного комплекса «ОBJЕCT». Для выполнения этой задачи требуется предоставить давальческие материалы по договору подряда No [DOCUMENT_NUMBER] с [OРGAANIЗATIОN].,1328
Блок директора по мощностям,Проект на строительство многозабойных горизонтальных горизонтальных скважин на Юрские отложения Песчаного НГКМ не рассматривался филиалом «ORGANIZATION] филиалом филиала «LOCATIОN» филиалом [OBJECT] «PERSON». Проект не рассмотрен.,1329
Блок операционного директора,Операционному директору [ORGANIZATION] требуется согласовать включение ответственных лиц: Начальник установки КП-5 «PERSON» Мастер по ПНГ КП-5 [PERRSOН] «Мастер по ПНД КП-5» Мастер «ATTACHMENTS] «AТTACHCHMENETS] Мастер по КНГ КП-5.,1330
"Проект ""Северная деревня""",В рамках исполнения договора No [DOCUMENT_NUMBER] выполнены шеф-монтажные и пусконаладочные работы по объекту Установка стабилизации конденсата УСК «CITY] месторождения «CitY». Заказчиком яуаплылыгы сиклпломнгбременн «OBJECT] 450065 считает выполненные работы в полном объеме выполненными в полноценном объеме.,1331
Блок заместителя генерального директора по безопасности,"«DATE_TIME] опубликовала новые данные о том, что «DOCUMENT_NUMBER_NUMБER] не является «DAATE-TIME» и не может быть связано с «DUMENET_NUMbER] и «DCITY_NUMBLER_NMMBER] в ближайшее будущее.",1332
Блок технического директора,"Объявлен план мероприятий по улучшению качества оказываемых услуг в ближайшее десятилетие. Эксперты называют эти мероприятия эффективными и надеются, что в будущем будут проводиться масштабные мероприятия по ухудшению качественных услуг.",1333
Блок технического директора,"В рамках строительства НГКМ, в рамках которого планируется построить отпайку ЛЭП до коммерческого узла учета газа ГВТ, может быть допущен электротехнический персонал. Для этого требуется допуск бригады в составе «NUMBER] человек с «DATE_TIME] по «DOCUMENT_NUMБER] в качестве командированного персонала, согласно ПОТ при ЭЭ с предоставлением разрешительной документации.",1334
Блок директора по строительству,Начальнику капитального строительства «ORGANIZATION] О согласовании заключения Дополнительного соглашения No2 к договору No[DOCUMENT_NUMBER/[DATE_TIME] Дополнительное соглашение No2 О согласование заключения дополнительного соглашения о согласовании заключения Дополнительных соглашений No2 Начальник управления капитального строительного строительства [PERSON» О согласии заключения соглашения к договора No[ATTACHMENТS],1335
Блок заместителя генерального директора по организационным вопросам,"Генеральному директору «PERSON» просим предоставить график на перевозку авиа/бортами. Генеральный директор по организационным вопросам просит предоставить граф на передачу продуктов питания на объекты переходящие в автономный режим работы, для своевременного исполнения обязательств по заключенным договорам по заключенных договорам.",1336
Блок финансового директора,"«ORGANIZATION] Финансовому директору [PERSON» Финансовый директор [ORГАNIЗATIОN] «PERСON», который ранее был назначен финансовым директором, направил отчеты об использовании авансовых средств, полученных в [DATE_TIME] в соответствии с Договором подряда на бурение эксплуатационных скважин по сухой ставке или фиксированной ставке (ВТЧ. мобильными установками) в соответствие с ",1337
Блок директора по проектированию,"«PROJECT, выполненный в пределах двух участков шельфовых участков, выдана лицензия «LICENSE] от [ORGANIZATION] на рассмотрение «PROCUMENT_NUMBER] для рассмотрения «PROSJECT] «ОRGAANIЗATIОN] «PROSSON» на рассматривании [PROJЕCT] - лицензия выдана [DATE_TIME] сроком до [OBJECT",1338
Блок директора по строительству,"Общество с ограниченной ответственностью «ORGANIZATION» обратилось к руководителю проекта «PERSON», который рассматривает вопрос о ремонте производственных помещений, а также обратился к владельцу проекта.",1339
Блок директора по мощностям,"В связи с острым дефицитом КРС на Уренгойской группе месторождений, «PERSON» просит рассмотреть возможность предоставления следующих единиц специализированной технической техники. Эксперты считают, что такая техническая мощность позволит «PerSOН» удержать итоговую сумму с наработанных объемов работ по прямому Договору No[DOCUMENT_NUMBER».",1340
"Проект ""Восточный""",«ORGANIZATION] требует технических условий организации связи на территории [OBJECT] для обеспечения полноценного функционирования проектируемой сети на территорию [OБJЕCT] в рамках разработки проекта организации связей на территорие [OBLJECT». Для обеспечения полного функционирования сетей необходимо осуществить подвес оптического кабеля по опорам ГЛОНАСС на участке описанном в Приложении 1. «ATTACHCHMENTS],1341
Блок заместителя генерального директора по закупкам,"Организация «ORGANIZATION», которая занимается бухгалтерским учетом, должна представлять первичные учетные документы, подтверждающие факт отгрузки (передачи) продукции покупателю или перевозчику для доставки его покупателю, а таким образом определить налоговую базу по НДС.",1342
Блок заместителя генерального директора по безопасности,"«ORGANIZATION] сообщил о снятии с контроля пунктов предписаний, в том числе пунктов 1, 2 предписания, вх. от [DATE_TIME] No [DOCUMENT_NUMBER] на No б/н от [PERSON». Это свидетельствует об устранении ранее выявленных пунктов.",1343
Управление по проектным работам,Энергоснабжение объектов Тас- Юряхского НГКМ в формате ЛКП с ответами на замечания в форматах ЛКП направляем ответы к предварительной СО (ш. ТЮ-ЭС) в формат ЛКП в формату ЛКП.,1344
Генеральный директор,Объявлено строительство и освоение газовых скважин на кустовых площадках No 1 и No 5. Завершено бурение пяти скваженных площадок на этапе опытно-промышленных работ на кустовой площадке No 5 и наклонно-направленная скважина No 5.,1345
Блок директора по строительству,"Материалы для строительства площадных объектов в Ленинградской области могут быть согласованы на согласование стоимости Материала для объекта: Куст скважин No 7, Трубопровод нефтегазосборный к. 7 - трубопровод нефтегазовосборного к.7 (договор подряда: [DOCUMENT_NUMBER] от [DATE_TIME] г.).",1346
"Проект ""Нефтяные краюшки""","Генеральному директору [ORGANIZATION] переданы исходные данные на блоки емкостей «OBJECT», предназначенные для объекта строительства «OБJЕCT». На сегодняшний день информация, о дальнейшей процедуре исполнения обязательств по заключенным спецификациям, не получена. Генеральный секретарь по материально-техническим ресурсам «PERSON» просит разъяснить порядок дальнейших действий.",1347
Блок директора по мощностям,«ORGANIZATION] приступило к подготовительным работам с целью возобновления строительства скважин на кустовой площадке «OBJECT». Возвращение персонала из отпусков запланировано до [DATE_TIME].,1348
Блок заместителя генерального директора по безопасности,"Российский ДИРЕКТОР «ORGANIZATION» допущен к прохождению аттестации по вопросам безопасности, по вопросу радиационной безопасности сооружений, безопасности в сфере электроэнергетики. Это свидетельство о серттификате от Ростехнического надзорного агентства.",1349
Управление по проектным работам,"«ORGANIZATION] повторно просит рассмотреть и согласовать перечень антенно-фидерных устройств, планируемых к размещению на проектируемой антенной опоре [OBJECT] на проектируемые антенные опоры.",1350
Блок технического директора,Энергетический рынок нефтяной отрасли (ТЭК) в ближайшее десятилетие станет крупнейшим энергетическим концерном в мире по производству нефтяных активов до РиД.,1351
Блок технического директора,"Руководителю по транспортному обеспечению «ORGANIZATION] требуется перенос срока устранения повреждений при проведении работ по чистке снега в связи с объективной невозможностью проведения работ в настоящее время, а также план проактивных мероприятий, направленных на недопущение подобных недостатков впредь впредь. «ATTACHMENTS]",1352
Генеральный директор,"Председатель Правления «ORGANIZATION] потребовал от Председателя Правления информацию об исполнении пунктов Протокола заседания Экспертного совета, касающихся передачи проектов обустройства Тас-Юряхского и Верхневилучанского месторождений из [ORГAНIZАTIОN] в «OРGАNIЗAТИON» газовых месторождениях.",1353
"Проект ""Трубопроводный транспорт Главного НГКМ""","Компания «ORGANIZATION» приобрела два трансформатора типа ТМГ(Х2К2), Д/Ун-11 ACDC24/AC230 УХЛ4 с датчиком ФД-З-1 в рамках выполнения гарантийных обязательств и замены оборудования. Компанию «PERSON] интересует вопрос замены трансформатора.",1354
"Проект ""Трубопроводный транспорт Главного НГКМ""","Трубопроводный транспорт Чаяндинского НГКМ Першину «ORGANIZATION] Першине Проект трубопроводного транспорта ЧаяНДинского NGКМ. Материалы для строительства объектов: Куст газовых скважин No2, Куст газа на УППГ-4 ЧаЯндинский НГкм, Транспорт газа на уППG-4 Чаянденского НГКМ, газовый трубопровод на УСПГ-4 и газовые скважены No2.",1355
Блок технического директора,"В рамках выполнения обустроенных объектов электротехнического персонала в рамках строительства трубопровода внешнего транспорта, планируется выполнение работ по монтажу электрохимической защиты в охранной зоне действующей ВЛ 10 кВ в охранную зону действующих ЛЭП 10 ЛЭТ. Работники электротехнической отрасли прошли медицинский осмотр, проверку знаний норм и правил по охране труда в объеме занимаемой должности.",1356
Управление по проектным работам,"«ORGANIZATION] согласует заключение хард-заказа No[DOCUMENT_NUMBER] к договору No[ДOCУMENТ_NUMБER] на строительство куста поглощающих скважин (КПС) «OBJECT] Строительство кусту поглощающего скважина ( КПС) в «OБJECT] «OBLJEFT». Эксперт считает, что «OBRGANCIZTATIOН» является ",1357
Управление землеустроительных работ,"«PERSON» получил сопроводительное письмо сопроводительным писем для рассмотрения, подписания и осуществления государственной регистрации Договора субарендной стоимости аренды в московском городском округе «LOCATION». До настоящего времени подписанный со стороны [ORGANIZATIION] Договор не был подписан.",1358
Блок директора по газовым проектам,"«Газпромнефть-Заполярье» провела внеплановую выездную проверку объекта капитального строительства в Заполярье в рамках Федерального закона No 248-ФЗ о государственном контроле и муниципальном контроле в Российской Федерации. В соответствии со статьей 21 Федерального законодательства, контрольные (надзорные) мероприятия осуществляются при присутствии контролируемого лица либо его представителя.",1359
Блок технического директора,"Генеральный директор [ORGANIZATION] объявил о прекращении своей деятельности по Договору на оказание услуг по транспортировке, приему, хранению и сдаче нефтяной продукции. В случае заинтересованности [PERSON» в коммерческой деятельности с привлечением ресурсов [OBJECT] предлагаем рассмотреть вопрос о прямом взаимодействии с компанией.",1360
Блок директора по портфелю,ПАО [ORGANIZATION] (ПАО [ОRGАNIЗATIION) приглашает на второй модуль дополнительного профессионального образования HSE Менеджмент на базе Политехнической школы Тюменского государственного государственного университета Тюменский государственный государственный университет.,1361
Блок деректора по газу,"«PERSON», управляющего директора-директора по сервисному сервису, сообщает, что ориентировочный срок поставки ТМЦ согласно перечню технического решения «DOCUMENT_NUMBER] первая половина [DATE_TIME] первой половины [DAATION] составляет первую половину.",1362
Генеральный директор,Департамент «ORGANIZATION] должен провести совещание по вопросу перспективного применения трубной продукции группы прочности X80 тип 13Cr в режиме видео-конференц-связи (ВКС) на объектах [OBJECT] в режимах видео-конференции.,1363
Блок технического директора,"«PERSON» согласился заключить дополнительное соглашение к Договору No [DOCUMENT_NUMBER] в связи с внесением изменений в производственную программу, а также приведение к фактически выполненному объему техники в негарантированный объем и перераспределение между видами техники с уменьшением общей стоимости договора на [FINANCIAL_DATA] маш/час.",1364
Блок технического директора,В рамках выполнения обустройства электротехнического персонала «OBJECT» планируется выполнение работ по монтажу кабельной продукции ВОЛС в охранной зоне Ф Ц21 в районе опор No5-12 и ВЛ-10кВ Ф Ц22 в охранном зоне ВОЛS в охранную зону ФЦ21 в рамках обустройства «ОBJЕCT» в рамок выполнения работ по установке кабельной эстакаде от АБК ЦПС до КПС.,1365
"Проект ""Восточный""","Московская железнодорожная магистраль «OBJECT» планируется расширить в ближайшее десятилетие по новой железнодорожной линии «ORGANIZATION» с участием [PERSON] в связи с поручением Председателя Правления «PERСON», который планирует увеличить объемы перевозок вахтового персонала в [YEAR]-[YEАR] гг.",1366
"Проект ""Нефтяные краюшки""",В рамках проектирования системы бесперебойного питания (СБП) направляем перечень потенциальных производителей систем беспереборного питание (СБP) в качестве поставщиков системы беспребойной передачи (СБПП). Компании могут быть представлены на основании конкурсных процедур.,1367
Генеральный директор,"Публичное акционерное общество [ORGANIZATION] приглашает участие в выездной сессии Супервайзинг БиВСР на тему Супервайдинг бурения и внутрискважинных работ, которая пройдет в Санкт-петербурге в рамках выездного заседания.",1368
"Проект ""Обустройство площадных объектов НГКМ Поменбше""","Техническическое перевооружение. Техническое переvооружение, технологическое перевооружение. Технологическое перевовооружение «OBJECT] — техническое перевооруженное помещение. «ATTACHCHMENTS] Техническое превооружения.",1369
Блок технического директора,"Техническому директору [ORGANIZATION] направляем информацию об остатке нефти в марте 2025 года, сданном в систему транспортирующего предприятия в мартеме 2025 года и подлежащего к поставке в ближайшие отчетные месяцы.",1370
"Проект ""Нефтяные краюшки""","Исполнительному директору Проекта [ORGANIZATION] (PERSON) (PERSOН) будет передана электронная и бумажная версии рабочей документации по объектам Обустройство [OBJECT», Обустройство «OBSJECT] (ATTACHCHMENTS) (AТTACHLMENТS) ТЮ ВВ ([DOCUMENт_NUMBER] (DATE_TIME) (DO",1371
Блок директора по мощностям,«ORGANIZATION» в рамках Договора No «DOCUMENT_NUMBER] выполняет текущие и капитальные ремонты скважин в рамки договора No [DATE_TIME] и выполняет работы по капитальному ремонту скваженных скважей.,1372
Блок технического директора,"Техническому директору [ORGANIZATION] предложили рассматривать схему доставки персонала для «OBJECT», которая должна быть осуществлена за счет Исполнителя, а также обеспечить «NUMBER» и резервировать остальные «NUMБER] мест за сотрудниками «ORГAНIZАTIOН».",1373
Блок технического директора,"Руководитель «ORGANIZATION] Сергей Мозгов заявил, что не собирается отказываться от использования в рамках реализации «ATTACHMENTS] в рамки реализации проекта «AТTACHCHLMENТS» в рамок реализации [ATТACHCHMENGTS».",1374
Управление по проектным работам,Компрессорная станция попутного нефтяного газа (БФС) КС ПНГ аннулировала технические требования на блоки газовых сепараторов КС и КСПГ. Ранее откорректированные ТТ на основное технологическое оборудование на КС PНГ считать аннулиированными.,1375
Блок деректора по газу,"Видеоэндоскоп промышленного 10 HD, дисплей 10,1, зонд LASERTECH LASTERTECECH, LASerTЕCH «CONTACT» может быть устранен из-за неполадок видеоэндоскопа промышленного 10.1 и «ОRGANIZATION] «ОРГАNIЗATIОN» и потребовал организовать транспортировку видеоэндоскопа промышленной 10 HD по адресу [LOCATIION».",1376
Блок директора по строительству,Начальник капитального строительства [ORGANIZATION] О согласовании заключения Дополнительного соглашения No15 на выполнение работ по инженерной подготовке объектов кластера [OBJECT] Дополнительное соглашение No15 к договору No[DOCUMENT_NUMBER] на выполнения работ по строительству кластера.,1377
"Проект ""Новая нефть""","В рамках поставки САУ АВГМ в рамках конкурсных тендеров на поставку шкафа управления и электропитания агрегата воздухонагревательного газового модульного и газоперекачивающих агрегатов компрессорной станции направляем перечень потенциальных производителей САУ, изготовителей САУ на базе ПТК «ORGANIZATION».",1378
Блок заместителя генерального директора по безопасности,Начальник отдела операционной деятельность по экологической безопасности НИИ ЭКОЛОГИИ просит согласовать эксплуатацию и допуск следующих транспортных автомобилей до «DATE_TIME] в рамках исполнения обязательств по договору от [ORGANIZATION] в соответствии со своим заявлением.,1379
Управление по проектным работам,"Общество с ограниченной ответственностью «ORGANIZATION» направил схему технологическую принципиальную МКУ, ЧНФ1-УПН.Р1 по объекту Реконструкция установки подготовки нефти «OBJECT», откорректировав по итогам совещания с ответственными специалистами.",1380
Блок операционного директора,"Работодатели просят разрешить газоопасные, огневые и огневые работы в выходные и праздничные дни на территории объекта «OBJECT» при неукоснительном соблюдении требуемых мероприятий и правил охраны труда, промышленной и пожарной безопасности при неудоснительномсоблюдении обязательных открытых наряд-допусков на проведение газоопасных, огневых, пожарных и работ повышенной опасности с применением грузоподъемных механизмов в период предпраздничных, праздничных и выход",1381
Блок заместителя генерального директора по безопасности,"Добыча добычи добыча «ORGANIZATION] добычая добычу «LOCATIОN», добычей «PERSON» добыче «ОРГАNIЗAТИON», «OРGANCHMENTS] о загрязнении окружающей среды в результате производственно-хозяйственной деятельности, нарушениях в области обращения с отходами бурения вследствие производствено-хозяйственную деятельность «ОRGAANI ZA",1382
Блок директора по строительству,"Начальник отдела по строительству площадочных объектов сообщает о готовности к заключению договора на ШМР, ПНР в рамках стоимости, определенной по итогам проведения конкурентных процедур по отбору поставщика оборудования.",1383
Блок финансового директора,"После подписания и возврата письма об отказе от досрочной оплаты НДС мы предлагаем согласовать более ранний срок досрочных платежей и выигнанное Вам соответствующее вознаграждение на следующих условиях, приведенных ранее.",1384
Блок директора по газовым проектам,"Генеральному директору [ORGANIZATION] требуется подробная информация о карьерах по добыче щебня в вахтовом поселке «OBJECT», принадлежащих Вашей фирме. Для корректного обоснования затрат в составе сметной документации просим Вас направить информацию о добычи песка и щебню.",1385
Блок технического директора,"Руководителям организаций (по списку рассылки) удалось получить информацию о введении частичных ограничений на отдельном участке автодороги «ORGANIZATION] на отдельный участок автодороге пос. [OBJECT] газонефтяное месторождение. В частности, в связи с проведением ремонтных работ через реку через газнефтяном месторождении вводятся отдельные скоростные и весовые ограничения для проезда.",1386
"Проект ""Восточный""",Российская подрядная корпорация «ORGANIZATION] сообщает о согласовании проезда транспортных средств для перевозки автомобилей с КМУ «FINANCIAL_DATA] и «Прицепа». Автомобиль с КМ «FИНAНCIAЛ_DАTA] «ФINAНЦИАL_ДATA».,1387
Блок технического директора,"Работники электроустановок в России могут быть допущены в качестве командированных сотрудников для выполнения следующих строительных монтажных работ в действующих электроустановках, а также принимать участие в строительных работах на следующих объектах строительства: Реконструкция Установки подготовки нефти.",1388
Блок деректора по газу,Управляющий директор по газу [ORGANIZATION] требует заключить договор аренды земельного участка на «OBJECT». Заказчик требует оплаты услуг по подготовке газа и газового конденсата с применением мобильных установок подготовки газовых конденсатов для регистрации в государственном реестре опасного производственного объекта.,1389
Генеральный директор,Руководителям дочерних предприятий «ORGANIZATION» просят в срок до 30 рабочих дней направить в Департамент «Роснедр» следующие табличные формы отчетов и проектной документации на разработку месторождений углеводородного сырья (ПТД) для проведения государственной экспертизы запасов углеводородное сырье для согласования ЦКР Роснедр по УВС.,1390
Блок директора по строительству,Научно-производственная корпорация [ORGANIZATION] объявлена победителем по лоту NO[DOCUMENT_NUMBER] КО. Поставка установок дозирования реагентов (FINANCIAL_DATA] для [OBJECT] была произведена совместно с НПФ.,1391
Блок директора по строительству,Саморегулируемая саморегулируемая организация «ORGANIZATION» сообщает о возможности проверки сведений в отношении привлекаемых либо привлеченных к осуществлению трудовой деятельности иностранных граждан в целях недопущения нарушений требований миграционного законодательства и принятия необходимых мер для принятия соответствующих мер.,1392
Блок финансового директора,Реестр учетных требований No19 от [DATE_TIME] останется без изменений. Финансовый директор «PERSON] просит принять соответствующие корректировки в отражении данных бухгалтерского учета во избежание пасховых.,1393
Проект сервиса скважин,Филиал [LOCATION-REGION] готов к демонтированию БУ на КП No [NUMBER] «ORGANIZATIОN] «PERSON» (PERСON) в связи с этим заключен Договор подряда на бурение эксплуатационных скважин по суточной ставке или фиксированной ставке.,1394
Блок технического директора,"Общество с ограниченной ответственностью «ORGANIZATION» вывозило оставшиеся РГС с площадки «OBJECT» РГS с площадке «OБJECT». В связи с неудовлетворительным состоянием дорожного покрытия, препятствующем проезду крановой техники для выполнения погрузочных работ, просим осуществить отсыпку проезда.",1395
"Блок исполнительного директора по реализации проекта ""Большое месторождение""","В субаренду могут претендовать четыре объекта, в том числе «ОBJECT» (инв. No [OBJЕCT] (инv. No «PERSON) и «ORGANIZATION] (ИНВ. NO [PERSA) (инн. No (ID)).",1396
Блок директора по персоналу,"Генеральному директору [ORGANIZATION] «PERSON» предлагается уволить в порядке перевода для дальнейшей работы в «ORГAНIZАTIОN», согласно пункту 5 части первой статьи 77 Трудового кодекса Российской Федерации.",1397
Блок заместителя генерального директора по организационным вопросам,"Офисно-общественное присоединение объектов социально-бытового назначения на группе месторождений «PROJECT» может быть построено совместно с компанией «PERSON». Заказчик просит предоставить следующую документационную информацию по объекту: технические условия на технологическое присоединительное соединение - акт разграничения балансовой принадлежности и эксплуатационной ответственности сторон, протоколы разграничительной принадлежности, акт разграничнения балансовых принадлежностей и эксплуатационной ответственность сторон.",1398
Блок заместителя генерального директора по организационным вопросам,Генеральному директору [ORGANIZATION] просят организовать деловую переписку в режиме одного окна и все обращения в связи со своими письмами направлять на мое имя.,1399
Подразделение по информационным технологиям,"Компания «ORGANIZATION» представит свою новейшую продукцию в области газоаналитического отрасли. В рамках Семинара-совещания главных метрологов и ведущих специалистов «LOCATIION», который пройдет в рамках семинар-совещиния главного метролога.",1400
Имущественные вопросы,ПАО [ORGANIZATION] НЕФТЬ в формате юридического дизайна утвердило следующие договорные условия и типовые формы договоров (мастер-формы) в форматах ю юридичного дизайна. Основные условия подряда и возмездного оказания услуг ПАО «ORГAN IZАTIOН] НЕFТЬ.,1401
Блок заместителя генерального директора по строительству,Генеральному директору «ORGANIZATION] «PERSON» поручено подписать дополнительное соглашение к договору аренды земельных участков No [DOCUMENT_NUMBER] от [DATE_TIME] No «DOcUMEНТ_NUMБER] в приложенной редакции.,1402
Проект «Трубопроводный транспорт Ещё одного НГКМ»,ООО «НАЗВАНИЕ_КОМПАНИИ» не разрешает проезжать по трубопроводной трассе через Точку-3 (107 км) к трубопроводным трассам из-за весеннего паводка в [ЛОКАЦИЯ] из--за паводков в «ЛОКАЦИИ».,1403
